fid,start_BusName,end_BusName,start_lat,start_lon,end_lat,end_lon,voltage,polarity,start_option,end_option,rid
1,6ALPHA GA_361502,6BATTLFLD GA_361530,34.813027,-84.853226,34.9555953,-85.26465286,230,ac,default,default,6ALPHA_GA_361502-6BATTLFLD_GA_361530
2,6ALPHA GA_361502,6CENTER PNT_360533,34.813027,-84.853226,34.6665318,-84.97089121,230,ac,default,default,6ALPHA_GA_361502-6CENTER_PNT_360533
3,6ALPHA GA_361502,6CLOUDLANDGA_361633,34.813027,-84.853226,34.81849122,-85.5353055,230,ac,default,default,6ALPHA_GA_361502-6CLOUDLANDGA_361633
4,6ALPHA GA_361502,6CONCORD TN_361509,34.813027,-84.853226,34.99679719,-85.1610968,230,ac,default,default,6ALPHA_GA_361502-6CONCORD_TN_361509
5,6ALPHA GA_361502,6COUNTY LINE_360013,34.813027,-84.853226,34.74311084,-85.00751569,230,ac,default,default,6ALPHA_GA_361502-6COUNTY_LINE_360013
6,6ALPHA GA_361502,6KENSNGTN GA_361503,34.813027,-84.853226,34.81265905,-85.32344844,230,ac,default,default,6ALPHA_GA_361502-6KENSNGTN_GA_361503
7,6ALPHA GA_361502,6LOOPERS FRM_360602,34.813027,-84.853226,34.708916,-84.922795,230,ac,default,default,6ALPHA_GA_361502-6LOOPERS_FRM_360602
8,6ALPHA GA_361502,6ROCK SPG GA_361500,34.813027,-84.853226,34.83897801,-85.28020801,230,ac,default,default,6ALPHA_GA_361502-6ROCK_SPG_GA_361500
9,6ALPHA GA_361502,6S HAVEN CC_360594,34.813027,-84.853226,34.99627529,-90.0485284,230,ac,default,default,6ALPHA_GA_361502-6S_HAVEN_CC_360594
10,6ALPHA GA_361502,6WID CRK FP_360068,34.813027,-84.853226,34.88515896,-85.75604163,230,ac,default,default,6ALPHA_GA_361502-6WID_CRK_FP_360068
11,6ALPHA GA_361502,6WRINGOLD GA_361504,34.813027,-84.853226,34.89324284,-85.13750475,230,ac,default,default,6ALPHA_GA_361502-6WRINGOLD_GA_361504
12,6ALPHA GA_361502,6YOUNG GA_361454,34.813027,-84.853226,34.75072952,-85.27349349,230,ac,default,default,6ALPHA_GA_361502-6YOUNG_GA_361454
13,6ALPHA GA_361502,7SHAWNEE FP_360002,34.813027,-84.853226,37.150267,-88.778122,345,ac,default,default,6ALPHA_GA_361502-7SHAWNEE_FP_360002
14,6ALPHA GA_361502,8ACKERMAN CC_360627,34.813027,-84.853226,33.38593855,-89.20997726,500,ac,default,default,6ALPHA_GA_361502-8ACKERMAN_CC_360627
15,6ALPHA GA_361502,8ANDERSON TN_360120,34.813027,-84.853226,35.94503289,-84.38856432,500,ac,default,default,6ALPHA_GA_361502-8ANDERSON_TN_360120
16,6ALPHA GA_361502,8BENTON MS_360612,34.813027,-84.853226,35.17466126,-89.74553609,500,ac,default,default,6ALPHA_GA_361502-8BENTON_MS_360612
17,6ALPHA GA_361502,8BHAM STEEL_360075,34.813027,-84.853226,34.99627529,-90.0485284,500,ac,default,default,6ALPHA_GA_361502-8BHAM_STEEL_360075
18,6ALPHA GA_361502,8BR FERRY NP_360052,34.813027,-84.853226,34.70520875,-87.11705751,500,ac,default,default,6ALPHA_GA_361502-8BR_FERRY_NP_360052
19,6ALPHA GA_361502,8BRADLEY TN_360662,34.813027,-84.853226,35.0367008,-84.963798,500,ac,default,default,6ALPHA_GA_361502-8BRADLEY_TN_360662
20,6ALPHA GA_361502,8BULL RUN FP_360093,34.813027,-84.853226,36.01895969,-84.15785445,500,ac,default,default,6ALPHA_GA_361502-8BULL_RUN_FP_360093
21,6ALPHA GA_361502,8CHOCTAW MS_360654,34.813027,-84.853226,33.2984397,-89.4127739,500,ac,default,default,6ALPHA_GA_361502-8CHOCTAW_MS_360654
22,6ALPHA GA_361502,8CLAY_360688,34.813027,-84.853226,33.47863869,-88.74043971,500,ac,default,default,6ALPHA_GA_361502-8CLAY_360688
23,6ALPHA GA_361502,8COGEN CALED_360606,34.813027,-84.853226,33.64779158,-88.31593565,500,ac,default,default,6ALPHA_GA_361502-8COGEN_CALED_360606
24,6ALPHA GA_361502,8CUMBERLAND_360040,34.813027,-84.853226,36.3921331,-87.65747953,500,ac,default,default,6ALPHA_GA_361502-8CUMBERLAND_360040
25,6ALPHA GA_361502,8DAVIDSON TN_360048,34.813027,-84.853226,36.06703747,-86.9841046,500,ac,default,default,6ALPHA_GA_361502-8DAVIDSON_TN_360048
26,6ALPHA GA_361502,8E POINT AL_360058,34.813027,-84.853226,34.19181783,-86.74805975,500,ac,default,default,6ALPHA_GA_361502-8E_POINT_AL_360058
27,6ALPHA GA_361502,8FRANKLIN TN_360069,34.813027,-84.853226,35.33506701,-86.11727644,500,ac,default,default,6ALPHA_GA_361502-8FRANKLIN_TN_360069
28,6ALPHA GA_361502,8GLEASON CT_360582,34.813027,-84.853226,36.24522988,-88.6114255,500,ac,default,default,6ALPHA_GA_361502-8GLEASON_CT_360582
29,6ALPHA GA_361502,8HAYWOOD TN_360542,34.813027,-84.853226,35.54308246,-89.19654872,500,ac,default,default,6ALPHA_GA_361502-8HAYWOOD_TN_360542
30,6ALPHA GA_361502,8HIWASSEE TN_360110,34.813027,-84.853226,35.60032498,-84.78911434,500,ac,default,default,6ALPHA_GA_361502-8HIWASSEE_TN_360110
31,6ALPHA GA_361502,8JACKSON TN_360019,34.813027,-84.853226,35.70901203,-88.79407261,500,ac,default,default,6ALPHA_GA_361502-8JACKSON_TN_360019
32,6ALPHA GA_361502,8JVILLE FP_360037,34.813027,-84.853226,36.02382902,-87.98154082,500,ac,default,default,6ALPHA_GA_361502-8JVILLE_FP_360037
33,6ALPHA GA_361502,8LAG CRK CC_360615,34.813027,-84.853226,35.65702785,-89.39460044,500,ac,default,default,6ALPHA_GA_361502-8LAG_CRK_CC_360615
34,6ALPHA GA_361502,8LAG CRK CT_360568,34.813027,-84.853226,36.27534882,-88.83423675,500,ac,default,default,6ALPHA_GA_361502-8LAG_CRK_CT_360568
35,6ALPHA GA_361502,8LIMESTONE_360088,34.813027,-84.853226,34.71890958,-86.84630969,500,ac,default,default,6ALPHA_GA_361502-8LIMESTONE_360088
36,6ALPHA GA_361502,8MADISON AL_360060,34.813027,-84.853226,34.79577878,-86.52158584,500,ac,default,default,6ALPHA_GA_361502-8MADISON_AL_360060
37,6ALPHA GA_361502,8MAGNOL CC1_360613,34.813027,-84.853226,34.8287922,-89.20041124,500,ac,default,default,6ALPHA_GA_361502-8MAGNOL_CC1_360613
38,6ALPHA GA_361502,8MARSHALL KY_360015,34.813027,-84.853226,37.02455006,-88.39384277,500,ac,default,default,6ALPHA_GA_361502-8MARSHALL_KY_360015
39,6ALPHA GA_361502,8MAURY TN_360050,34.813027,-84.853226,35.672863,-87.01861625,500,ac,default,default,6ALPHA_GA_361502-8MAURY_TN_360050
40,6ALPHA GA_361502,8MONTGOMERY_360044,34.813027,-84.853226,36.59438524,-87.25325857,500,ac,default,default,6ALPHA_GA_361502-8MONTGOMERY_360044
41,6ALPHA GA_361502,8PARADIS CC5_360185,34.813027,-84.853226,37.25966758,-86.97670194,500,ac,default,default,6ALPHA_GA_361502-8PARADIS_CC5_360185
42,6ALPHA GA_361502,8PARADISE CC_360117,34.813027,-84.853226,37.259697,-86.976991,500,ac,default,default,6ALPHA_GA_361502-8PARADISE_CC_360117
43,6ALPHA GA_361502,8PHIPPS B NP_360102,34.813027,-84.853226,36.46070569,-82.80788409,500,ac,default,default,6ALPHA_GA_361502-8PHIPPS_B_NP_360102
44,6ALPHA GA_361502,8PIN HOOK TN_360581,34.813027,-84.853226,36.04646628,-86.60595108,500,ac,default,default,6ALPHA_GA_361502-8PIN_HOOK_TN_360581
45,6ALPHA GA_361502,8PLATEAU TN_360077,34.813027,-84.853226,36.05858036,-85.14194112,500,ac,default,default,6ALPHA_GA_361502-8PLATEAU_TN_360077
46,6ALPHA GA_361502,8RACCOON MTN_360079,34.813027,-84.853226,35.05681146,-85.38724619,500,ac,default,default,6ALPHA_GA_361502-8RACCOON_MTN_360079
47,6ALPHA GA_361502,8RUTHERFORD_360010,34.813027,-84.853226,35.82791498,-86.59841524,500,ac,default,default,6ALPHA_GA_361502-8RUTHERFORD_360010
48,6ALPHA GA_361502,8SEQUOYAH NP_360081,34.813027,-84.853226,35.22706031,-85.09419774,500,ac,default,default,6ALPHA_GA_361502-8SEQUOYAH_NP_360081
49,6ALPHA GA_361502,8SHAWNEE FP_360001,34.813027,-84.853226,37.150267,-88.778122,500,ac,default,default,6ALPHA_GA_361502-8SHAWNEE_FP_360001
50,6ALPHA GA_361502,8SHELBY TN_360021,34.813027,-84.853226,35.38606284,-89.80340294,500,ac,default,default,6ALPHA_GA_361502-8SHELBY_TN_360021
51,6ALPHA GA_361502,8TRICO STEEL_360014,34.813027,-84.853226,34.60872576,-87.05506218,500,ac,default,default,6ALPHA_GA_361502-8TRICO_STEEL_360014
52,6ALPHA GA_361502,8UNION MS_360033,34.813027,-84.853226,34.37783096,-88.85850114,500,ac,default,default,6ALPHA_GA_361502-8UNION_MS_360033
53,6ALPHA GA_361502,8VOLUNTEER_360097,34.813027,-84.853226,36.1219789,-83.81482256,500,ac,default,default,6ALPHA_GA_361502-8VOLUNTEER_360097
54,6ALPHA GA_361502,8WEST POINT_360035,34.813027,-84.853226,33.63551392,-88.65363834,500,ac,default,default,6ALPHA_GA_361502-8WEST_POINT_360035
55,6ALPHA GA_361502,8WID CRK FP_360065,34.813027,-84.853226,34.88726197,-85.75423778,500,ac,default,default,6ALPHA_GA_361502-8WID_CRK_FP_360065
56,6ALPHA GA_361502,8WILSON TN_360071,34.813027,-84.853226,36.2052377,-86.46506033,500,ac,default,default,6ALPHA_GA_361502-8WILSON_TN_360071
57,6BATTLFLD GA_361530,6CENTER PNT_360533,34.9555953,-85.26465286,34.6665318,-84.97089121,230,ac,default,default,6BATTLFLD_GA_361530-6CENTER_PNT_360533
58,6BATTLFLD GA_361530,6CLOUDLANDGA_361633,34.9555953,-85.26465286,34.81849122,-85.5353055,230,ac,default,default,6BATTLFLD_GA_361530-6CLOUDLANDGA_361633
59,6BATTLFLD GA_361530,6CONCORD TN_361509,34.9555953,-85.26465286,34.99679719,-85.1610968,230,ac,default,default,6BATTLFLD_GA_361530-6CONCORD_TN_361509
60,6BATTLFLD GA_361530,6COUNTY LINE_360013,34.9555953,-85.26465286,34.74311084,-85.00751569,230,ac,default,default,6BATTLFLD_GA_361530-6COUNTY_LINE_360013
61,6BATTLFLD GA_361530,6KENSNGTN GA_361503,34.9555953,-85.26465286,34.81265905,-85.32344844,230,ac,default,default,6BATTLFLD_GA_361530-6KENSNGTN_GA_361503
62,6BATTLFLD GA_361530,6LOOPERS FRM_360602,34.9555953,-85.26465286,34.708916,-84.922795,230,ac,default,default,6BATTLFLD_GA_361530-6LOOPERS_FRM_360602
63,6BATTLFLD GA_361530,6ROCK SPG GA_361500,34.9555953,-85.26465286,34.83897801,-85.28020801,230,ac,default,default,6BATTLFLD_GA_361530-6ROCK_SPG_GA_361500
64,6BATTLFLD GA_361530,6S HAVEN CC_360594,34.9555953,-85.26465286,34.99627529,-90.0485284,230,ac,default,default,6BATTLFLD_GA_361530-6S_HAVEN_CC_360594
65,6BATTLFLD GA_361530,6WID CRK FP_360068,34.9555953,-85.26465286,34.88515896,-85.75604163,230,ac,default,default,6BATTLFLD_GA_361530-6WID_CRK_FP_360068
66,6BATTLFLD GA_361530,6WRINGOLD GA_361504,34.9555953,-85.26465286,34.89324284,-85.13750475,230,ac,default,default,6BATTLFLD_GA_361530-6WRINGOLD_GA_361504
67,6BATTLFLD GA_361530,6YOUNG GA_361454,34.9555953,-85.26465286,34.75072952,-85.27349349,230,ac,default,default,6BATTLFLD_GA_361530-6YOUNG_GA_361454
68,6BATTLFLD GA_361530,7SHAWNEE FP_360002,34.9555953,-85.26465286,37.150267,-88.778122,345,ac,default,default,6BATTLFLD_GA_361530-7SHAWNEE_FP_360002
69,6BATTLFLD GA_361530,8ACKERMAN CC_360627,34.9555953,-85.26465286,33.38593855,-89.20997726,500,ac,default,default,6BATTLFLD_GA_361530-8ACKERMAN_CC_360627
70,6BATTLFLD GA_361530,8ANDERSON TN_360120,34.9555953,-85.26465286,35.94503289,-84.38856432,500,ac,default,default,6BATTLFLD_GA_361530-8ANDERSON_TN_360120
71,6BATTLFLD GA_361530,8BENTON MS_360612,34.9555953,-85.26465286,35.17466126,-89.74553609,500,ac,default,default,6BATTLFLD_GA_361530-8BENTON_MS_360612
72,6BATTLFLD GA_361530,8BHAM STEEL_360075,34.9555953,-85.26465286,34.99627529,-90.0485284,500,ac,default,default,6BATTLFLD_GA_361530-8BHAM_STEEL_360075
73,6BATTLFLD GA_361530,8BR FERRY NP_360052,34.9555953,-85.26465286,34.70520875,-87.11705751,500,ac,default,default,6BATTLFLD_GA_361530-8BR_FERRY_NP_360052
74,6BATTLFLD GA_361530,8BRADLEY TN_360662,34.9555953,-85.26465286,35.0367008,-84.963798,500,ac,default,default,6BATTLFLD_GA_361530-8BRADLEY_TN_360662
75,6BATTLFLD GA_361530,8BULL RUN FP_360093,34.9555953,-85.26465286,36.01895969,-84.15785445,500,ac,default,default,6BATTLFLD_GA_361530-8BULL_RUN_FP_360093
76,6BATTLFLD GA_361530,8CHOCTAW MS_360654,34.9555953,-85.26465286,33.2984397,-89.4127739,500,ac,default,default,6BATTLFLD_GA_361530-8CHOCTAW_MS_360654
77,6BATTLFLD GA_361530,8CLAY_360688,34.9555953,-85.26465286,33.47863869,-88.74043971,500,ac,default,default,6BATTLFLD_GA_361530-8CLAY_360688
78,6BATTLFLD GA_361530,8COGEN CALED_360606,34.9555953,-85.26465286,33.64779158,-88.31593565,500,ac,default,default,6BATTLFLD_GA_361530-8COGEN_CALED_360606
79,6BATTLFLD GA_361530,8CUMBERLAND_360040,34.9555953,-85.26465286,36.3921331,-87.65747953,500,ac,default,default,6BATTLFLD_GA_361530-8CUMBERLAND_360040
80,6BATTLFLD GA_361530,8DAVIDSON TN_360048,34.9555953,-85.26465286,36.06703747,-86.9841046,500,ac,default,default,6BATTLFLD_GA_361530-8DAVIDSON_TN_360048
81,6BATTLFLD GA_361530,8E POINT AL_360058,34.9555953,-85.26465286,34.19181783,-86.74805975,500,ac,default,default,6BATTLFLD_GA_361530-8E_POINT_AL_360058
82,6BATTLFLD GA_361530,8FRANKLIN TN_360069,34.9555953,-85.26465286,35.33506701,-86.11727644,500,ac,default,default,6BATTLFLD_GA_361530-8FRANKLIN_TN_360069
83,6BATTLFLD GA_361530,8GLEASON CT_360582,34.9555953,-85.26465286,36.24522988,-88.6114255,500,ac,default,default,6BATTLFLD_GA_361530-8GLEASON_CT_360582
84,6BATTLFLD GA_361530,8HAYWOOD TN_360542,34.9555953,-85.26465286,35.54308246,-89.19654872,500,ac,default,default,6BATTLFLD_GA_361530-8HAYWOOD_TN_360542
85,6BATTLFLD GA_361530,8HIWASSEE TN_360110,34.9555953,-85.26465286,35.60032498,-84.78911434,500,ac,default,default,6BATTLFLD_GA_361530-8HIWASSEE_TN_360110
86,6BATTLFLD GA_361530,8JACKSON TN_360019,34.9555953,-85.26465286,35.70901203,-88.79407261,500,ac,default,default,6BATTLFLD_GA_361530-8JACKSON_TN_360019
87,6BATTLFLD GA_361530,8JVILLE FP_360037,34.9555953,-85.26465286,36.02382902,-87.98154082,500,ac,default,default,6BATTLFLD_GA_361530-8JVILLE_FP_360037
88,6BATTLFLD GA_361530,8LAG CRK CC_360615,34.9555953,-85.26465286,35.65702785,-89.39460044,500,ac,default,default,6BATTLFLD_GA_361530-8LAG_CRK_CC_360615
89,6BATTLFLD GA_361530,8LAG CRK CT_360568,34.9555953,-85.26465286,36.27534882,-88.83423675,500,ac,default,default,6BATTLFLD_GA_361530-8LAG_CRK_CT_360568
90,6BATTLFLD GA_361530,8LIMESTONE_360088,34.9555953,-85.26465286,34.71890958,-86.84630969,500,ac,default,default,6BATTLFLD_GA_361530-8LIMESTONE_360088
91,6BATTLFLD GA_361530,8MADISON AL_360060,34.9555953,-85.26465286,34.79577878,-86.52158584,500,ac,default,default,6BATTLFLD_GA_361530-8MADISON_AL_360060
92,6BATTLFLD GA_361530,8MAGNOL CC1_360613,34.9555953,-85.26465286,34.8287922,-89.20041124,500,ac,default,default,6BATTLFLD_GA_361530-8MAGNOL_CC1_360613
93,6BATTLFLD GA_361530,8MARSHALL KY_360015,34.9555953,-85.26465286,37.02455006,-88.39384277,500,ac,default,default,6BATTLFLD_GA_361530-8MARSHALL_KY_360015
94,6BATTLFLD GA_361530,8MAURY TN_360050,34.9555953,-85.26465286,35.672863,-87.01861625,500,ac,default,default,6BATTLFLD_GA_361530-8MAURY_TN_360050
95,6BATTLFLD GA_361530,8MONTGOMERY_360044,34.9555953,-85.26465286,36.59438524,-87.25325857,500,ac,default,default,6BATTLFLD_GA_361530-8MONTGOMERY_360044
96,6BATTLFLD GA_361530,8PARADIS CC5_360185,34.9555953,-85.26465286,37.25966758,-86.97670194,500,ac,default,default,6BATTLFLD_GA_361530-8PARADIS_CC5_360185
97,6BATTLFLD GA_361530,8PARADISE CC_360117,34.9555953,-85.26465286,37.259697,-86.976991,500,ac,default,default,6BATTLFLD_GA_361530-8PARADISE_CC_360117
98,6BATTLFLD GA_361530,8PHIPPS B NP_360102,34.9555953,-85.26465286,36.46070569,-82.80788409,500,ac,default,default,6BATTLFLD_GA_361530-8PHIPPS_B_NP_360102
99,6BATTLFLD GA_361530,8PIN HOOK TN_360581,34.9555953,-85.26465286,36.04646628,-86.60595108,500,ac,default,default,6BATTLFLD_GA_361530-8PIN_HOOK_TN_360581
100,6BATTLFLD GA_361530,8PLATEAU TN_360077,34.9555953,-85.26465286,36.05858036,-85.14194112,500,ac,default,default,6BATTLFLD_GA_361530-8PLATEAU_TN_360077
101,6BATTLFLD GA_361530,8RACCOON MTN_360079,34.9555953,-85.26465286,35.05681146,-85.38724619,500,ac,default,default,6BATTLFLD_GA_361530-8RACCOON_MTN_360079
102,6BATTLFLD GA_361530,8RUTHERFORD_360010,34.9555953,-85.26465286,35.82791498,-86.59841524,500,ac,default,default,6BATTLFLD_GA_361530-8RUTHERFORD_360010
103,6BATTLFLD GA_361530,8SEQUOYAH NP_360081,34.9555953,-85.26465286,35.22706031,-85.09419774,500,ac,default,default,6BATTLFLD_GA_361530-8SEQUOYAH_NP_360081
104,6BATTLFLD GA_361530,8SHAWNEE FP_360001,34.9555953,-85.26465286,37.150267,-88.778122,500,ac,default,default,6BATTLFLD_GA_361530-8SHAWNEE_FP_360001
105,6BATTLFLD GA_361530,8SHELBY TN_360021,34.9555953,-85.26465286,35.38606284,-89.80340294,500,ac,default,default,6BATTLFLD_GA_361530-8SHELBY_TN_360021
106,6BATTLFLD GA_361530,8TRICO STEEL_360014,34.9555953,-85.26465286,34.60872576,-87.05506218,500,ac,default,default,6BATTLFLD_GA_361530-8TRICO_STEEL_360014
107,6BATTLFLD GA_361530,8UNION MS_360033,34.9555953,-85.26465286,34.37783096,-88.85850114,500,ac,default,default,6BATTLFLD_GA_361530-8UNION_MS_360033
108,6BATTLFLD GA_361530,8VOLUNTEER_360097,34.9555953,-85.26465286,36.1219789,-83.81482256,500,ac,default,default,6BATTLFLD_GA_361530-8VOLUNTEER_360097
109,6BATTLFLD GA_361530,8WEST POINT_360035,34.9555953,-85.26465286,33.63551392,-88.65363834,500,ac,default,default,6BATTLFLD_GA_361530-8WEST_POINT_360035
110,6BATTLFLD GA_361530,8WID CRK FP_360065,34.9555953,-85.26465286,34.88726197,-85.75423778,500,ac,default,default,6BATTLFLD_GA_361530-8WID_CRK_FP_360065
111,6BATTLFLD GA_361530,8WILSON TN_360071,34.9555953,-85.26465286,36.2052377,-86.46506033,500,ac,default,default,6BATTLFLD_GA_361530-8WILSON_TN_360071
112,6CENTER PNT_360533,6CLOUDLANDGA_361633,34.6665318,-84.97089121,34.81849122,-85.5353055,230,ac,default,default,6CENTER_PNT_360533-6CLOUDLANDGA_361633
113,6CENTER PNT_360533,6CONCORD TN_361509,34.6665318,-84.97089121,34.99679719,-85.1610968,230,ac,default,default,6CENTER_PNT_360533-6CONCORD_TN_361509
114,6CENTER PNT_360533,6COUNTY LINE_360013,34.6665318,-84.97089121,34.74311084,-85.00751569,230,ac,default,default,6CENTER_PNT_360533-6COUNTY_LINE_360013
115,6CENTER PNT_360533,6KENSNGTN GA_361503,34.6665318,-84.97089121,34.81265905,-85.32344844,230,ac,default,default,6CENTER_PNT_360533-6KENSNGTN_GA_361503
116,6CENTER PNT_360533,6LOOPERS FRM_360602,34.6665318,-84.97089121,34.708916,-84.922795,230,ac,default,default,6CENTER_PNT_360533-6LOOPERS_FRM_360602
117,6CENTER PNT_360533,6ROCK SPG GA_361500,34.6665318,-84.97089121,34.83897801,-85.28020801,230,ac,default,default,6CENTER_PNT_360533-6ROCK_SPG_GA_361500
118,6CENTER PNT_360533,6S HAVEN CC_360594,34.6665318,-84.97089121,34.99627529,-90.0485284,230,ac,default,default,6CENTER_PNT_360533-6S_HAVEN_CC_360594
119,6CENTER PNT_360533,6WID CRK FP_360068,34.6665318,-84.97089121,34.88515896,-85.75604163,230,ac,default,default,6CENTER_PNT_360533-6WID_CRK_FP_360068
120,6CENTER PNT_360533,6WRINGOLD GA_361504,34.6665318,-84.97089121,34.89324284,-85.13750475,230,ac,default,default,6CENTER_PNT_360533-6WRINGOLD_GA_361504
121,6CENTER PNT_360533,6YOUNG GA_361454,34.6665318,-84.97089121,34.75072952,-85.27349349,230,ac,default,default,6CENTER_PNT_360533-6YOUNG_GA_361454
122,6CENTER PNT_360533,7SHAWNEE FP_360002,34.6665318,-84.97089121,37.150267,-88.778122,345,ac,default,default,6CENTER_PNT_360533-7SHAWNEE_FP_360002
123,6CENTER PNT_360533,8ACKERMAN CC_360627,34.6665318,-84.97089121,33.38593855,-89.20997726,500,ac,default,default,6CENTER_PNT_360533-8ACKERMAN_CC_360627
124,6CENTER PNT_360533,8ANDERSON TN_360120,34.6665318,-84.97089121,35.94503289,-84.38856432,500,ac,default,default,6CENTER_PNT_360533-8ANDERSON_TN_360120
125,6CENTER PNT_360533,8BENTON MS_360612,34.6665318,-84.97089121,35.17466126,-89.74553609,500,ac,default,default,6CENTER_PNT_360533-8BENTON_MS_360612
126,6CENTER PNT_360533,8BHAM STEEL_360075,34.6665318,-84.97089121,34.99627529,-90.0485284,500,ac,default,default,6CENTER_PNT_360533-8BHAM_STEEL_360075
127,6CENTER PNT_360533,8BR FERRY NP_360052,34.6665318,-84.97089121,34.70520875,-87.11705751,500,ac,default,default,6CENTER_PNT_360533-8BR_FERRY_NP_360052
128,6CENTER PNT_360533,8BRADLEY TN_360662,34.6665318,-84.97089121,35.0367008,-84.963798,500,ac,default,default,6CENTER_PNT_360533-8BRADLEY_TN_360662
129,6CENTER PNT_360533,8BULL RUN FP_360093,34.6665318,-84.97089121,36.01895969,-84.15785445,500,ac,default,default,6CENTER_PNT_360533-8BULL_RUN_FP_360093
130,6CENTER PNT_360533,8CHOCTAW MS_360654,34.6665318,-84.97089121,33.2984397,-89.4127739,500,ac,default,default,6CENTER_PNT_360533-8CHOCTAW_MS_360654
131,6CENTER PNT_360533,8CLAY_360688,34.6665318,-84.97089121,33.47863869,-88.74043971,500,ac,default,default,6CENTER_PNT_360533-8CLAY_360688
132,6CENTER PNT_360533,8COGEN CALED_360606,34.6665318,-84.97089121,33.64779158,-88.31593565,500,ac,default,default,6CENTER_PNT_360533-8COGEN_CALED_360606
133,6CENTER PNT_360533,8CUMBERLAND_360040,34.6665318,-84.97089121,36.3921331,-87.65747953,500,ac,default,default,6CENTER_PNT_360533-8CUMBERLAND_360040
134,6CENTER PNT_360533,8DAVIDSON TN_360048,34.6665318,-84.97089121,36.06703747,-86.9841046,500,ac,default,default,6CENTER_PNT_360533-8DAVIDSON_TN_360048
135,6CENTER PNT_360533,8E POINT AL_360058,34.6665318,-84.97089121,34.19181783,-86.74805975,500,ac,default,default,6CENTER_PNT_360533-8E_POINT_AL_360058
136,6CENTER PNT_360533,8FRANKLIN TN_360069,34.6665318,-84.97089121,35.33506701,-86.11727644,500,ac,default,default,6CENTER_PNT_360533-8FRANKLIN_TN_360069
137,6CENTER PNT_360533,8GLEASON CT_360582,34.6665318,-84.97089121,36.24522988,-88.6114255,500,ac,default,default,6CENTER_PNT_360533-8GLEASON_CT_360582
138,6CENTER PNT_360533,8HAYWOOD TN_360542,34.6665318,-84.97089121,35.54308246,-89.19654872,500,ac,default,default,6CENTER_PNT_360533-8HAYWOOD_TN_360542
139,6CENTER PNT_360533,8HIWASSEE TN_360110,34.6665318,-84.97089121,35.60032498,-84.78911434,500,ac,default,default,6CENTER_PNT_360533-8HIWASSEE_TN_360110
140,6CENTER PNT_360533,8JACKSON TN_360019,34.6665318,-84.97089121,35.70901203,-88.79407261,500,ac,default,default,6CENTER_PNT_360533-8JACKSON_TN_360019
141,6CENTER PNT_360533,8JVILLE FP_360037,34.6665318,-84.97089121,36.02382902,-87.98154082,500,ac,default,default,6CENTER_PNT_360533-8JVILLE_FP_360037
142,6CENTER PNT_360533,8LAG CRK CC_360615,34.6665318,-84.97089121,35.65702785,-89.39460044,500,ac,default,default,6CENTER_PNT_360533-8LAG_CRK_CC_360615
143,6CENTER PNT_360533,8LAG CRK CT_360568,34.6665318,-84.97089121,36.27534882,-88.83423675,500,ac,default,default,6CENTER_PNT_360533-8LAG_CRK_CT_360568
144,6CENTER PNT_360533,8LIMESTONE_360088,34.6665318,-84.97089121,34.71890958,-86.84630969,500,ac,default,default,6CENTER_PNT_360533-8LIMESTONE_360088
145,6CENTER PNT_360533,8MADISON AL_360060,34.6665318,-84.97089121,34.79577878,-86.52158584,500,ac,default,default,6CENTER_PNT_360533-8MADISON_AL_360060
146,6CENTER PNT_360533,8MAGNOL CC1_360613,34.6665318,-84.97089121,34.8287922,-89.20041124,500,ac,default,default,6CENTER_PNT_360533-8MAGNOL_CC1_360613
147,6CENTER PNT_360533,8MARSHALL KY_360015,34.6665318,-84.97089121,37.02455006,-88.39384277,500,ac,default,default,6CENTER_PNT_360533-8MARSHALL_KY_360015
148,6CENTER PNT_360533,8MAURY TN_360050,34.6665318,-84.97089121,35.672863,-87.01861625,500,ac,default,default,6CENTER_PNT_360533-8MAURY_TN_360050
149,6CENTER PNT_360533,8MONTGOMERY_360044,34.6665318,-84.97089121,36.59438524,-87.25325857,500,ac,default,default,6CENTER_PNT_360533-8MONTGOMERY_360044
150,6CENTER PNT_360533,8PARADIS CC5_360185,34.6665318,-84.97089121,37.25966758,-86.97670194,500,ac,default,default,6CENTER_PNT_360533-8PARADIS_CC5_360185
151,6CENTER PNT_360533,8PARADISE CC_360117,34.6665318,-84.97089121,37.259697,-86.976991,500,ac,default,default,6CENTER_PNT_360533-8PARADISE_CC_360117
152,6CENTER PNT_360533,8PHIPPS B NP_360102,34.6665318,-84.97089121,36.46070569,-82.80788409,500,ac,default,default,6CENTER_PNT_360533-8PHIPPS_B_NP_360102
153,6CENTER PNT_360533,8PIN HOOK TN_360581,34.6665318,-84.97089121,36.04646628,-86.60595108,500,ac,default,default,6CENTER_PNT_360533-8PIN_HOOK_TN_360581
154,6CENTER PNT_360533,8PLATEAU TN_360077,34.6665318,-84.97089121,36.05858036,-85.14194112,500,ac,default,default,6CENTER_PNT_360533-8PLATEAU_TN_360077
155,6CENTER PNT_360533,8RACCOON MTN_360079,34.6665318,-84.97089121,35.05681146,-85.38724619,500,ac,default,default,6CENTER_PNT_360533-8RACCOON_MTN_360079
156,6CENTER PNT_360533,8RUTHERFORD_360010,34.6665318,-84.97089121,35.82791498,-86.59841524,500,ac,default,default,6CENTER_PNT_360533-8RUTHERFORD_360010
157,6CENTER PNT_360533,8SEQUOYAH NP_360081,34.6665318,-84.97089121,35.22706031,-85.09419774,500,ac,default,default,6CENTER_PNT_360533-8SEQUOYAH_NP_360081
158,6CENTER PNT_360533,8SHAWNEE FP_360001,34.6665318,-84.97089121,37.150267,-88.778122,500,ac,default,default,6CENTER_PNT_360533-8SHAWNEE_FP_360001
159,6CENTER PNT_360533,8SHELBY TN_360021,34.6665318,-84.97089121,35.38606284,-89.80340294,500,ac,default,default,6CENTER_PNT_360533-8SHELBY_TN_360021
160,6CENTER PNT_360533,8TRICO STEEL_360014,34.6665318,-84.97089121,34.60872576,-87.05506218,500,ac,default,default,6CENTER_PNT_360533-8TRICO_STEEL_360014
161,6CENTER PNT_360533,8UNION MS_360033,34.6665318,-84.97089121,34.37783096,-88.85850114,500,ac,default,default,6CENTER_PNT_360533-8UNION_MS_360033
162,6CENTER PNT_360533,8VOLUNTEER_360097,34.6665318,-84.97089121,36.1219789,-83.81482256,500,ac,default,default,6CENTER_PNT_360533-8VOLUNTEER_360097
163,6CENTER PNT_360533,8WEST POINT_360035,34.6665318,-84.97089121,33.63551392,-88.65363834,500,ac,default,default,6CENTER_PNT_360533-8WEST_POINT_360035
164,6CENTER PNT_360533,8WID CRK FP_360065,34.6665318,-84.97089121,34.88726197,-85.75423778,500,ac,default,default,6CENTER_PNT_360533-8WID_CRK_FP_360065
165,6CENTER PNT_360533,8WILSON TN_360071,34.6665318,-84.97089121,36.2052377,-86.46506033,500,ac,default,default,6CENTER_PNT_360533-8WILSON_TN_360071
166,6CLOUDLANDGA_361633,6CONCORD TN_361509,34.81849122,-85.5353055,34.99679719,-85.1610968,230,ac,default,default,6CLOUDLANDGA_361633-6CONCORD_TN_361509
167,6CLOUDLANDGA_361633,6COUNTY LINE_360013,34.81849122,-85.5353055,34.74311084,-85.00751569,230,ac,default,default,6CLOUDLANDGA_361633-6COUNTY_LINE_360013
168,6CLOUDLANDGA_361633,6KENSNGTN GA_361503,34.81849122,-85.5353055,34.81265905,-85.32344844,230,ac,default,default,6CLOUDLANDGA_361633-6KENSNGTN_GA_361503
169,6CLOUDLANDGA_361633,6LOOPERS FRM_360602,34.81849122,-85.5353055,34.708916,-84.922795,230,ac,default,default,6CLOUDLANDGA_361633-6LOOPERS_FRM_360602
170,6CLOUDLANDGA_361633,6ROCK SPG GA_361500,34.81849122,-85.5353055,34.83897801,-85.28020801,230,ac,default,default,6CLOUDLANDGA_361633-6ROCK_SPG_GA_361500
171,6CLOUDLANDGA_361633,6S HAVEN CC_360594,34.81849122,-85.5353055,34.99627529,-90.0485284,230,ac,default,default,6CLOUDLANDGA_361633-6S_HAVEN_CC_360594
172,6CLOUDLANDGA_361633,6WID CRK FP_360068,34.81849122,-85.5353055,34.88515896,-85.75604163,230,ac,default,default,6CLOUDLANDGA_361633-6WID_CRK_FP_360068
173,6CLOUDLANDGA_361633,6WRINGOLD GA_361504,34.81849122,-85.5353055,34.89324284,-85.13750475,230,ac,default,default,6CLOUDLANDGA_361633-6WRINGOLD_GA_361504
174,6CLOUDLANDGA_361633,6YOUNG GA_361454,34.81849122,-85.5353055,34.75072952,-85.27349349,230,ac,default,default,6CLOUDLANDGA_361633-6YOUNG_GA_361454
175,6CLOUDLANDGA_361633,7SHAWNEE FP_360002,34.81849122,-85.5353055,37.150267,-88.778122,345,ac,default,default,6CLOUDLANDGA_361633-7SHAWNEE_FP_360002
176,6CLOUDLANDGA_361633,8ACKERMAN CC_360627,34.81849122,-85.5353055,33.38593855,-89.20997726,500,ac,default,default,6CLOUDLANDGA_361633-8ACKERMAN_CC_360627
177,6CLOUDLANDGA_361633,8ANDERSON TN_360120,34.81849122,-85.5353055,35.94503289,-84.38856432,500,ac,default,default,6CLOUDLANDGA_361633-8ANDERSON_TN_360120
178,6CLOUDLANDGA_361633,8BENTON MS_360612,34.81849122,-85.5353055,35.17466126,-89.74553609,500,ac,default,default,6CLOUDLANDGA_361633-8BENTON_MS_360612
179,6CLOUDLANDGA_361633,8BHAM STEEL_360075,34.81849122,-85.5353055,34.99627529,-90.0485284,500,ac,default,default,6CLOUDLANDGA_361633-8BHAM_STEEL_360075
180,6CLOUDLANDGA_361633,8BR FERRY NP_360052,34.81849122,-85.5353055,34.70520875,-87.11705751,500,ac,default,default,6CLOUDLANDGA_361633-8BR_FERRY_NP_360052
181,6CLOUDLANDGA_361633,8BRADLEY TN_360662,34.81849122,-85.5353055,35.0367008,-84.963798,500,ac,default,default,6CLOUDLANDGA_361633-8BRADLEY_TN_360662
182,6CLOUDLANDGA_361633,8BULL RUN FP_360093,34.81849122,-85.5353055,36.01895969,-84.15785445,500,ac,default,default,6CLOUDLANDGA_361633-8BULL_RUN_FP_360093
183,6CLOUDLANDGA_361633,8CHOCTAW MS_360654,34.81849122,-85.5353055,33.2984397,-89.4127739,500,ac,default,default,6CLOUDLANDGA_361633-8CHOCTAW_MS_360654
184,6CLOUDLANDGA_361633,8CLAY_360688,34.81849122,-85.5353055,33.47863869,-88.74043971,500,ac,default,default,6CLOUDLANDGA_361633-8CLAY_360688
185,6CLOUDLANDGA_361633,8COGEN CALED_360606,34.81849122,-85.5353055,33.64779158,-88.31593565,500,ac,default,default,6CLOUDLANDGA_361633-8COGEN_CALED_360606
186,6CLOUDLANDGA_361633,8CUMBERLAND_360040,34.81849122,-85.5353055,36.3921331,-87.65747953,500,ac,default,default,6CLOUDLANDGA_361633-8CUMBERLAND_360040
187,6CLOUDLANDGA_361633,8DAVIDSON TN_360048,34.81849122,-85.5353055,36.06703747,-86.9841046,500,ac,default,default,6CLOUDLANDGA_361633-8DAVIDSON_TN_360048
188,6CLOUDLANDGA_361633,8E POINT AL_360058,34.81849122,-85.5353055,34.19181783,-86.74805975,500,ac,default,default,6CLOUDLANDGA_361633-8E_POINT_AL_360058
189,6CLOUDLANDGA_361633,8FRANKLIN TN_360069,34.81849122,-85.5353055,35.33506701,-86.11727644,500,ac,default,default,6CLOUDLANDGA_361633-8FRANKLIN_TN_360069
190,6CLOUDLANDGA_361633,8GLEASON CT_360582,34.81849122,-85.5353055,36.24522988,-88.6114255,500,ac,default,default,6CLOUDLANDGA_361633-8GLEASON_CT_360582
191,6CLOUDLANDGA_361633,8HAYWOOD TN_360542,34.81849122,-85.5353055,35.54308246,-89.19654872,500,ac,default,default,6CLOUDLANDGA_361633-8HAYWOOD_TN_360542
192,6CLOUDLANDGA_361633,8HIWASSEE TN_360110,34.81849122,-85.5353055,35.60032498,-84.78911434,500,ac,default,default,6CLOUDLANDGA_361633-8HIWASSEE_TN_360110
193,6CLOUDLANDGA_361633,8JACKSON TN_360019,34.81849122,-85.5353055,35.70901203,-88.79407261,500,ac,default,default,6CLOUDLANDGA_361633-8JACKSON_TN_360019
194,6CLOUDLANDGA_361633,8JVILLE FP_360037,34.81849122,-85.5353055,36.02382902,-87.98154082,500,ac,default,default,6CLOUDLANDGA_361633-8JVILLE_FP_360037
195,6CLOUDLANDGA_361633,8LAG CRK CC_360615,34.81849122,-85.5353055,35.65702785,-89.39460044,500,ac,default,default,6CLOUDLANDGA_361633-8LAG_CRK_CC_360615
196,6CLOUDLANDGA_361633,8LAG CRK CT_360568,34.81849122,-85.5353055,36.27534882,-88.83423675,500,ac,default,default,6CLOUDLANDGA_361633-8LAG_CRK_CT_360568
197,6CLOUDLANDGA_361633,8LIMESTONE_360088,34.81849122,-85.5353055,34.71890958,-86.84630969,500,ac,default,default,6CLOUDLANDGA_361633-8LIMESTONE_360088
198,6CLOUDLANDGA_361633,8MADISON AL_360060,34.81849122,-85.5353055,34.79577878,-86.52158584,500,ac,default,default,6CLOUDLANDGA_361633-8MADISON_AL_360060
199,6CLOUDLANDGA_361633,8MAGNOL CC1_360613,34.81849122,-85.5353055,34.8287922,-89.20041124,500,ac,default,default,6CLOUDLANDGA_361633-8MAGNOL_CC1_360613
200,6CLOUDLANDGA_361633,8MARSHALL KY_360015,34.81849122,-85.5353055,37.02455006,-88.39384277,500,ac,default,default,6CLOUDLANDGA_361633-8MARSHALL_KY_360015
201,6CLOUDLANDGA_361633,8MAURY TN_360050,34.81849122,-85.5353055,35.672863,-87.01861625,500,ac,default,default,6CLOUDLANDGA_361633-8MAURY_TN_360050
202,6CLOUDLANDGA_361633,8MONTGOMERY_360044,34.81849122,-85.5353055,36.59438524,-87.25325857,500,ac,default,default,6CLOUDLANDGA_361633-8MONTGOMERY_360044
203,6CLOUDLANDGA_361633,8PARADIS CC5_360185,34.81849122,-85.5353055,37.25966758,-86.97670194,500,ac,default,default,6CLOUDLANDGA_361633-8PARADIS_CC5_360185
204,6CLOUDLANDGA_361633,8PARADISE CC_360117,34.81849122,-85.5353055,37.259697,-86.976991,500,ac,default,default,6CLOUDLANDGA_361633-8PARADISE_CC_360117
205,6CLOUDLANDGA_361633,8PHIPPS B NP_360102,34.81849122,-85.5353055,36.46070569,-82.80788409,500,ac,default,default,6CLOUDLANDGA_361633-8PHIPPS_B_NP_360102
206,6CLOUDLANDGA_361633,8PIN HOOK TN_360581,34.81849122,-85.5353055,36.04646628,-86.60595108,500,ac,default,default,6CLOUDLANDGA_361633-8PIN_HOOK_TN_360581
207,6CLOUDLANDGA_361633,8PLATEAU TN_360077,34.81849122,-85.5353055,36.05858036,-85.14194112,500,ac,default,default,6CLOUDLANDGA_361633-8PLATEAU_TN_360077
208,6CLOUDLANDGA_361633,8RACCOON MTN_360079,34.81849122,-85.5353055,35.05681146,-85.38724619,500,ac,default,default,6CLOUDLANDGA_361633-8RACCOON_MTN_360079
209,6CLOUDLANDGA_361633,8RUTHERFORD_360010,34.81849122,-85.5353055,35.82791498,-86.59841524,500,ac,default,default,6CLOUDLANDGA_361633-8RUTHERFORD_360010
210,6CLOUDLANDGA_361633,8SEQUOYAH NP_360081,34.81849122,-85.5353055,35.22706031,-85.09419774,500,ac,default,default,6CLOUDLANDGA_361633-8SEQUOYAH_NP_360081
211,6CLOUDLANDGA_361633,8SHAWNEE FP_360001,34.81849122,-85.5353055,37.150267,-88.778122,500,ac,default,default,6CLOUDLANDGA_361633-8SHAWNEE_FP_360001
212,6CLOUDLANDGA_361633,8SHELBY TN_360021,34.81849122,-85.5353055,35.38606284,-89.80340294,500,ac,default,default,6CLOUDLANDGA_361633-8SHELBY_TN_360021
213,6CLOUDLANDGA_361633,8TRICO STEEL_360014,34.81849122,-85.5353055,34.60872576,-87.05506218,500,ac,default,default,6CLOUDLANDGA_361633-8TRICO_STEEL_360014
214,6CLOUDLANDGA_361633,8UNION MS_360033,34.81849122,-85.5353055,34.37783096,-88.85850114,500,ac,default,default,6CLOUDLANDGA_361633-8UNION_MS_360033
215,6CLOUDLANDGA_361633,8VOLUNTEER_360097,34.81849122,-85.5353055,36.1219789,-83.81482256,500,ac,default,default,6CLOUDLANDGA_361633-8VOLUNTEER_360097
216,6CLOUDLANDGA_361633,8WEST POINT_360035,34.81849122,-85.5353055,33.63551392,-88.65363834,500,ac,default,default,6CLOUDLANDGA_361633-8WEST_POINT_360035
217,6CLOUDLANDGA_361633,8WID CRK FP_360065,34.81849122,-85.5353055,34.88726197,-85.75423778,500,ac,default,default,6CLOUDLANDGA_361633-8WID_CRK_FP_360065
218,6CLOUDLANDGA_361633,8WILSON TN_360071,34.81849122,-85.5353055,36.2052377,-86.46506033,500,ac,default,default,6CLOUDLANDGA_361633-8WILSON_TN_360071
219,6CONCORD TN_361509,6COUNTY LINE_360013,34.99679719,-85.1610968,34.74311084,-85.00751569,230,ac,default,default,6CONCORD_TN_361509-6COUNTY_LINE_360013
220,6CONCORD TN_361509,6KENSNGTN GA_361503,34.99679719,-85.1610968,34.81265905,-85.32344844,230,ac,default,default,6CONCORD_TN_361509-6KENSNGTN_GA_361503
221,6CONCORD TN_361509,6LOOPERS FRM_360602,34.99679719,-85.1610968,34.708916,-84.922795,230,ac,default,default,6CONCORD_TN_361509-6LOOPERS_FRM_360602
222,6CONCORD TN_361509,6ROCK SPG GA_361500,34.99679719,-85.1610968,34.83897801,-85.28020801,230,ac,default,default,6CONCORD_TN_361509-6ROCK_SPG_GA_361500
223,6CONCORD TN_361509,6S HAVEN CC_360594,34.99679719,-85.1610968,34.99627529,-90.0485284,230,ac,default,default,6CONCORD_TN_361509-6S_HAVEN_CC_360594
224,6CONCORD TN_361509,6WID CRK FP_360068,34.99679719,-85.1610968,34.88515896,-85.75604163,230,ac,default,default,6CONCORD_TN_361509-6WID_CRK_FP_360068
225,6CONCORD TN_361509,6WRINGOLD GA_361504,34.99679719,-85.1610968,34.89324284,-85.13750475,230,ac,default,default,6CONCORD_TN_361509-6WRINGOLD_GA_361504
226,6CONCORD TN_361509,6YOUNG GA_361454,34.99679719,-85.1610968,34.75072952,-85.27349349,230,ac,default,default,6CONCORD_TN_361509-6YOUNG_GA_361454
227,6CONCORD TN_361509,7SHAWNEE FP_360002,34.99679719,-85.1610968,37.150267,-88.778122,345,ac,default,default,6CONCORD_TN_361509-7SHAWNEE_FP_360002
228,6CONCORD TN_361509,8ACKERMAN CC_360627,34.99679719,-85.1610968,33.38593855,-89.20997726,500,ac,default,default,6CONCORD_TN_361509-8ACKERMAN_CC_360627
229,6CONCORD TN_361509,8ANDERSON TN_360120,34.99679719,-85.1610968,35.94503289,-84.38856432,500,ac,default,default,6CONCORD_TN_361509-8ANDERSON_TN_360120
230,6CONCORD TN_361509,8BENTON MS_360612,34.99679719,-85.1610968,35.17466126,-89.74553609,500,ac,default,default,6CONCORD_TN_361509-8BENTON_MS_360612
231,6CONCORD TN_361509,8BHAM STEEL_360075,34.99679719,-85.1610968,34.99627529,-90.0485284,500,ac,default,default,6CONCORD_TN_361509-8BHAM_STEEL_360075
232,6CONCORD TN_361509,8BR FERRY NP_360052,34.99679719,-85.1610968,34.70520875,-87.11705751,500,ac,default,default,6CONCORD_TN_361509-8BR_FERRY_NP_360052
233,6CONCORD TN_361509,8BRADLEY TN_360662,34.99679719,-85.1610968,35.0367008,-84.963798,500,ac,default,default,6CONCORD_TN_361509-8BRADLEY_TN_360662
234,6CONCORD TN_361509,8BULL RUN FP_360093,34.99679719,-85.1610968,36.01895969,-84.15785445,500,ac,default,default,6CONCORD_TN_361509-8BULL_RUN_FP_360093
235,6CONCORD TN_361509,8CHOCTAW MS_360654,34.99679719,-85.1610968,33.2984397,-89.4127739,500,ac,default,default,6CONCORD_TN_361509-8CHOCTAW_MS_360654
236,6CONCORD TN_361509,8CLAY_360688,34.99679719,-85.1610968,33.47863869,-88.74043971,500,ac,default,default,6CONCORD_TN_361509-8CLAY_360688
237,6CONCORD TN_361509,8COGEN CALED_360606,34.99679719,-85.1610968,33.64779158,-88.31593565,500,ac,default,default,6CONCORD_TN_361509-8COGEN_CALED_360606
238,6CONCORD TN_361509,8CUMBERLAND_360040,34.99679719,-85.1610968,36.3921331,-87.65747953,500,ac,default,default,6CONCORD_TN_361509-8CUMBERLAND_360040
239,6CONCORD TN_361509,8DAVIDSON TN_360048,34.99679719,-85.1610968,36.06703747,-86.9841046,500,ac,default,default,6CONCORD_TN_361509-8DAVIDSON_TN_360048
240,6CONCORD TN_361509,8E POINT AL_360058,34.99679719,-85.1610968,34.19181783,-86.74805975,500,ac,default,default,6CONCORD_TN_361509-8E_POINT_AL_360058
241,6CONCORD TN_361509,8FRANKLIN TN_360069,34.99679719,-85.1610968,35.33506701,-86.11727644,500,ac,default,default,6CONCORD_TN_361509-8FRANKLIN_TN_360069
242,6CONCORD TN_361509,8GLEASON CT_360582,34.99679719,-85.1610968,36.24522988,-88.6114255,500,ac,default,default,6CONCORD_TN_361509-8GLEASON_CT_360582
243,6CONCORD TN_361509,8HAYWOOD TN_360542,34.99679719,-85.1610968,35.54308246,-89.19654872,500,ac,default,default,6CONCORD_TN_361509-8HAYWOOD_TN_360542
244,6CONCORD TN_361509,8HIWASSEE TN_360110,34.99679719,-85.1610968,35.60032498,-84.78911434,500,ac,default,default,6CONCORD_TN_361509-8HIWASSEE_TN_360110
245,6CONCORD TN_361509,8JACKSON TN_360019,34.99679719,-85.1610968,35.70901203,-88.79407261,500,ac,default,default,6CONCORD_TN_361509-8JACKSON_TN_360019
246,6CONCORD TN_361509,8JVILLE FP_360037,34.99679719,-85.1610968,36.02382902,-87.98154082,500,ac,default,default,6CONCORD_TN_361509-8JVILLE_FP_360037
247,6CONCORD TN_361509,8LAG CRK CC_360615,34.99679719,-85.1610968,35.65702785,-89.39460044,500,ac,default,default,6CONCORD_TN_361509-8LAG_CRK_CC_360615
248,6CONCORD TN_361509,8LAG CRK CT_360568,34.99679719,-85.1610968,36.27534882,-88.83423675,500,ac,default,default,6CONCORD_TN_361509-8LAG_CRK_CT_360568
249,6CONCORD TN_361509,8LIMESTONE_360088,34.99679719,-85.1610968,34.71890958,-86.84630969,500,ac,default,default,6CONCORD_TN_361509-8LIMESTONE_360088
250,6CONCORD TN_361509,8MADISON AL_360060,34.99679719,-85.1610968,34.79577878,-86.52158584,500,ac,default,default,6CONCORD_TN_361509-8MADISON_AL_360060
251,6CONCORD TN_361509,8MAGNOL CC1_360613,34.99679719,-85.1610968,34.8287922,-89.20041124,500,ac,default,default,6CONCORD_TN_361509-8MAGNOL_CC1_360613
252,6CONCORD TN_361509,8MARSHALL KY_360015,34.99679719,-85.1610968,37.02455006,-88.39384277,500,ac,default,default,6CONCORD_TN_361509-8MARSHALL_KY_360015
253,6CONCORD TN_361509,8MAURY TN_360050,34.99679719,-85.1610968,35.672863,-87.01861625,500,ac,default,default,6CONCORD_TN_361509-8MAURY_TN_360050
254,6CONCORD TN_361509,8MONTGOMERY_360044,34.99679719,-85.1610968,36.59438524,-87.25325857,500,ac,default,default,6CONCORD_TN_361509-8MONTGOMERY_360044
255,6CONCORD TN_361509,8PARADIS CC5_360185,34.99679719,-85.1610968,37.25966758,-86.97670194,500,ac,default,default,6CONCORD_TN_361509-8PARADIS_CC5_360185
256,6CONCORD TN_361509,8PARADISE CC_360117,34.99679719,-85.1610968,37.259697,-86.976991,500,ac,default,default,6CONCORD_TN_361509-8PARADISE_CC_360117
257,6CONCORD TN_361509,8PHIPPS B NP_360102,34.99679719,-85.1610968,36.46070569,-82.80788409,500,ac,default,default,6CONCORD_TN_361509-8PHIPPS_B_NP_360102
258,6CONCORD TN_361509,8PIN HOOK TN_360581,34.99679719,-85.1610968,36.04646628,-86.60595108,500,ac,default,default,6CONCORD_TN_361509-8PIN_HOOK_TN_360581
259,6CONCORD TN_361509,8PLATEAU TN_360077,34.99679719,-85.1610968,36.05858036,-85.14194112,500,ac,default,default,6CONCORD_TN_361509-8PLATEAU_TN_360077
260,6CONCORD TN_361509,8RACCOON MTN_360079,34.99679719,-85.1610968,35.05681146,-85.38724619,500,ac,default,default,6CONCORD_TN_361509-8RACCOON_MTN_360079
261,6CONCORD TN_361509,8RUTHERFORD_360010,34.99679719,-85.1610968,35.82791498,-86.59841524,500,ac,default,default,6CONCORD_TN_361509-8RUTHERFORD_360010
262,6CONCORD TN_361509,8SEQUOYAH NP_360081,34.99679719,-85.1610968,35.22706031,-85.09419774,500,ac,default,default,6CONCORD_TN_361509-8SEQUOYAH_NP_360081
263,6CONCORD TN_361509,8SHAWNEE FP_360001,34.99679719,-85.1610968,37.150267,-88.778122,500,ac,default,default,6CONCORD_TN_361509-8SHAWNEE_FP_360001
264,6CONCORD TN_361509,8SHELBY TN_360021,34.99679719,-85.1610968,35.38606284,-89.80340294,500,ac,default,default,6CONCORD_TN_361509-8SHELBY_TN_360021
265,6CONCORD TN_361509,8TRICO STEEL_360014,34.99679719,-85.1610968,34.60872576,-87.05506218,500,ac,default,default,6CONCORD_TN_361509-8TRICO_STEEL_360014
266,6CONCORD TN_361509,8UNION MS_360033,34.99679719,-85.1610968,34.37783096,-88.85850114,500,ac,default,default,6CONCORD_TN_361509-8UNION_MS_360033
267,6CONCORD TN_361509,8VOLUNTEER_360097,34.99679719,-85.1610968,36.1219789,-83.81482256,500,ac,default,default,6CONCORD_TN_361509-8VOLUNTEER_360097
268,6CONCORD TN_361509,8WEST POINT_360035,34.99679719,-85.1610968,33.63551392,-88.65363834,500,ac,default,default,6CONCORD_TN_361509-8WEST_POINT_360035
269,6CONCORD TN_361509,8WID CRK FP_360065,34.99679719,-85.1610968,34.88726197,-85.75423778,500,ac,default,default,6CONCORD_TN_361509-8WID_CRK_FP_360065
270,6CONCORD TN_361509,8WILSON TN_360071,34.99679719,-85.1610968,36.2052377,-86.46506033,500,ac,default,default,6CONCORD_TN_361509-8WILSON_TN_360071
271,6COUNTY LINE_360013,6KENSNGTN GA_361503,34.74311084,-85.00751569,34.81265905,-85.32344844,230,ac,default,default,6COUNTY_LINE_360013-6KENSNGTN_GA_361503
272,6COUNTY LINE_360013,6LOOPERS FRM_360602,34.74311084,-85.00751569,34.708916,-84.922795,230,ac,default,default,6COUNTY_LINE_360013-6LOOPERS_FRM_360602
273,6COUNTY LINE_360013,6ROCK SPG GA_361500,34.74311084,-85.00751569,34.83897801,-85.28020801,230,ac,default,default,6COUNTY_LINE_360013-6ROCK_SPG_GA_361500
274,6COUNTY LINE_360013,6S HAVEN CC_360594,34.74311084,-85.00751569,34.99627529,-90.0485284,230,ac,default,default,6COUNTY_LINE_360013-6S_HAVEN_CC_360594
275,6COUNTY LINE_360013,6WID CRK FP_360068,34.74311084,-85.00751569,34.88515896,-85.75604163,230,ac,default,default,6COUNTY_LINE_360013-6WID_CRK_FP_360068
276,6COUNTY LINE_360013,6WRINGOLD GA_361504,34.74311084,-85.00751569,34.89324284,-85.13750475,230,ac,default,default,6COUNTY_LINE_360013-6WRINGOLD_GA_361504
277,6COUNTY LINE_360013,6YOUNG GA_361454,34.74311084,-85.00751569,34.75072952,-85.27349349,230,ac,default,default,6COUNTY_LINE_360013-6YOUNG_GA_361454
278,6COUNTY LINE_360013,7SHAWNEE FP_360002,34.74311084,-85.00751569,37.150267,-88.778122,345,ac,default,default,6COUNTY_LINE_360013-7SHAWNEE_FP_360002
279,6COUNTY LINE_360013,8ACKERMAN CC_360627,34.74311084,-85.00751569,33.38593855,-89.20997726,500,ac,default,default,6COUNTY_LINE_360013-8ACKERMAN_CC_360627
280,6COUNTY LINE_360013,8ANDERSON TN_360120,34.74311084,-85.00751569,35.94503289,-84.38856432,500,ac,default,default,6COUNTY_LINE_360013-8ANDERSON_TN_360120
281,6COUNTY LINE_360013,8BENTON MS_360612,34.74311084,-85.00751569,35.17466126,-89.74553609,500,ac,default,default,6COUNTY_LINE_360013-8BENTON_MS_360612
282,6COUNTY LINE_360013,8BHAM STEEL_360075,34.74311084,-85.00751569,34.99627529,-90.0485284,500,ac,default,default,6COUNTY_LINE_360013-8BHAM_STEEL_360075
283,6COUNTY LINE_360013,8BR FERRY NP_360052,34.74311084,-85.00751569,34.70520875,-87.11705751,500,ac,default,default,6COUNTY_LINE_360013-8BR_FERRY_NP_360052
284,6COUNTY LINE_360013,8BRADLEY TN_360662,34.74311084,-85.00751569,35.0367008,-84.963798,500,ac,default,default,6COUNTY_LINE_360013-8BRADLEY_TN_360662
285,6COUNTY LINE_360013,8BULL RUN FP_360093,34.74311084,-85.00751569,36.01895969,-84.15785445,500,ac,default,default,6COUNTY_LINE_360013-8BULL_RUN_FP_360093
286,6COUNTY LINE_360013,8CHOCTAW MS_360654,34.74311084,-85.00751569,33.2984397,-89.4127739,500,ac,default,default,6COUNTY_LINE_360013-8CHOCTAW_MS_360654
287,6COUNTY LINE_360013,8CLAY_360688,34.74311084,-85.00751569,33.47863869,-88.74043971,500,ac,default,default,6COUNTY_LINE_360013-8CLAY_360688
288,6COUNTY LINE_360013,8COGEN CALED_360606,34.74311084,-85.00751569,33.64779158,-88.31593565,500,ac,default,default,6COUNTY_LINE_360013-8COGEN_CALED_360606
289,6COUNTY LINE_360013,8CUMBERLAND_360040,34.74311084,-85.00751569,36.3921331,-87.65747953,500,ac,default,default,6COUNTY_LINE_360013-8CUMBERLAND_360040
290,6COUNTY LINE_360013,8DAVIDSON TN_360048,34.74311084,-85.00751569,36.06703747,-86.9841046,500,ac,default,default,6COUNTY_LINE_360013-8DAVIDSON_TN_360048
291,6COUNTY LINE_360013,8E POINT AL_360058,34.74311084,-85.00751569,34.19181783,-86.74805975,500,ac,default,default,6COUNTY_LINE_360013-8E_POINT_AL_360058
292,6COUNTY LINE_360013,8FRANKLIN TN_360069,34.74311084,-85.00751569,35.33506701,-86.11727644,500,ac,default,default,6COUNTY_LINE_360013-8FRANKLIN_TN_360069
293,6COUNTY LINE_360013,8GLEASON CT_360582,34.74311084,-85.00751569,36.24522988,-88.6114255,500,ac,default,default,6COUNTY_LINE_360013-8GLEASON_CT_360582
294,6COUNTY LINE_360013,8HAYWOOD TN_360542,34.74311084,-85.00751569,35.54308246,-89.19654872,500,ac,default,default,6COUNTY_LINE_360013-8HAYWOOD_TN_360542
295,6COUNTY LINE_360013,8HIWASSEE TN_360110,34.74311084,-85.00751569,35.60032498,-84.78911434,500,ac,default,default,6COUNTY_LINE_360013-8HIWASSEE_TN_360110
296,6COUNTY LINE_360013,8JACKSON TN_360019,34.74311084,-85.00751569,35.70901203,-88.79407261,500,ac,default,default,6COUNTY_LINE_360013-8JACKSON_TN_360019
297,6COUNTY LINE_360013,8JVILLE FP_360037,34.74311084,-85.00751569,36.02382902,-87.98154082,500,ac,default,default,6COUNTY_LINE_360013-8JVILLE_FP_360037
298,6COUNTY LINE_360013,8LAG CRK CC_360615,34.74311084,-85.00751569,35.65702785,-89.39460044,500,ac,default,default,6COUNTY_LINE_360013-8LAG_CRK_CC_360615
299,6COUNTY LINE_360013,8LAG CRK CT_360568,34.74311084,-85.00751569,36.27534882,-88.83423675,500,ac,default,default,6COUNTY_LINE_360013-8LAG_CRK_CT_360568
300,6COUNTY LINE_360013,8LIMESTONE_360088,34.74311084,-85.00751569,34.71890958,-86.84630969,500,ac,default,default,6COUNTY_LINE_360013-8LIMESTONE_360088
301,6COUNTY LINE_360013,8MADISON AL_360060,34.74311084,-85.00751569,34.79577878,-86.52158584,500,ac,default,default,6COUNTY_LINE_360013-8MADISON_AL_360060
302,6COUNTY LINE_360013,8MAGNOL CC1_360613,34.74311084,-85.00751569,34.8287922,-89.20041124,500,ac,default,default,6COUNTY_LINE_360013-8MAGNOL_CC1_360613
303,6COUNTY LINE_360013,8MARSHALL KY_360015,34.74311084,-85.00751569,37.02455006,-88.39384277,500,ac,default,default,6COUNTY_LINE_360013-8MARSHALL_KY_360015
304,6COUNTY LINE_360013,8MAURY TN_360050,34.74311084,-85.00751569,35.672863,-87.01861625,500,ac,default,default,6COUNTY_LINE_360013-8MAURY_TN_360050
305,6COUNTY LINE_360013,8MONTGOMERY_360044,34.74311084,-85.00751569,36.59438524,-87.25325857,500,ac,default,default,6COUNTY_LINE_360013-8MONTGOMERY_360044
306,6COUNTY LINE_360013,8PARADIS CC5_360185,34.74311084,-85.00751569,37.25966758,-86.97670194,500,ac,default,default,6COUNTY_LINE_360013-8PARADIS_CC5_360185
307,6COUNTY LINE_360013,8PARADISE CC_360117,34.74311084,-85.00751569,37.259697,-86.976991,500,ac,default,default,6COUNTY_LINE_360013-8PARADISE_CC_360117
308,6COUNTY LINE_360013,8PHIPPS B NP_360102,34.74311084,-85.00751569,36.46070569,-82.80788409,500,ac,default,default,6COUNTY_LINE_360013-8PHIPPS_B_NP_360102
309,6COUNTY LINE_360013,8PIN HOOK TN_360581,34.74311084,-85.00751569,36.04646628,-86.60595108,500,ac,default,default,6COUNTY_LINE_360013-8PIN_HOOK_TN_360581
310,6COUNTY LINE_360013,8PLATEAU TN_360077,34.74311084,-85.00751569,36.05858036,-85.14194112,500,ac,default,default,6COUNTY_LINE_360013-8PLATEAU_TN_360077
311,6COUNTY LINE_360013,8RACCOON MTN_360079,34.74311084,-85.00751569,35.05681146,-85.38724619,500,ac,default,default,6COUNTY_LINE_360013-8RACCOON_MTN_360079
312,6COUNTY LINE_360013,8RUTHERFORD_360010,34.74311084,-85.00751569,35.82791498,-86.59841524,500,ac,default,default,6COUNTY_LINE_360013-8RUTHERFORD_360010
313,6COUNTY LINE_360013,8SEQUOYAH NP_360081,34.74311084,-85.00751569,35.22706031,-85.09419774,500,ac,default,default,6COUNTY_LINE_360013-8SEQUOYAH_NP_360081
314,6COUNTY LINE_360013,8SHAWNEE FP_360001,34.74311084,-85.00751569,37.150267,-88.778122,500,ac,default,default,6COUNTY_LINE_360013-8SHAWNEE_FP_360001
315,6COUNTY LINE_360013,8SHELBY TN_360021,34.74311084,-85.00751569,35.38606284,-89.80340294,500,ac,default,default,6COUNTY_LINE_360013-8SHELBY_TN_360021
316,6COUNTY LINE_360013,8TRICO STEEL_360014,34.74311084,-85.00751569,34.60872576,-87.05506218,500,ac,default,default,6COUNTY_LINE_360013-8TRICO_STEEL_360014
317,6COUNTY LINE_360013,8UNION MS_360033,34.74311084,-85.00751569,34.37783096,-88.85850114,500,ac,default,default,6COUNTY_LINE_360013-8UNION_MS_360033
318,6COUNTY LINE_360013,8VOLUNTEER_360097,34.74311084,-85.00751569,36.1219789,-83.81482256,500,ac,default,default,6COUNTY_LINE_360013-8VOLUNTEER_360097
319,6COUNTY LINE_360013,8WEST POINT_360035,34.74311084,-85.00751569,33.63551392,-88.65363834,500,ac,default,default,6COUNTY_LINE_360013-8WEST_POINT_360035
320,6COUNTY LINE_360013,8WID CRK FP_360065,34.74311084,-85.00751569,34.88726197,-85.75423778,500,ac,default,default,6COUNTY_LINE_360013-8WID_CRK_FP_360065
321,6COUNTY LINE_360013,8WILSON TN_360071,34.74311084,-85.00751569,36.2052377,-86.46506033,500,ac,default,default,6COUNTY_LINE_360013-8WILSON_TN_360071
322,6KENSNGTN GA_361503,6LOOPERS FRM_360602,34.81265905,-85.32344844,34.708916,-84.922795,230,ac,default,default,6KENSNGTN_GA_361503-6LOOPERS_FRM_360602
323,6KENSNGTN GA_361503,6ROCK SPG GA_361500,34.81265905,-85.32344844,34.83897801,-85.28020801,230,ac,default,default,6KENSNGTN_GA_361503-6ROCK_SPG_GA_361500
324,6KENSNGTN GA_361503,6S HAVEN CC_360594,34.81265905,-85.32344844,34.99627529,-90.0485284,230,ac,default,default,6KENSNGTN_GA_361503-6S_HAVEN_CC_360594
325,6KENSNGTN GA_361503,6WID CRK FP_360068,34.81265905,-85.32344844,34.88515896,-85.75604163,230,ac,default,default,6KENSNGTN_GA_361503-6WID_CRK_FP_360068
326,6KENSNGTN GA_361503,6WRINGOLD GA_361504,34.81265905,-85.32344844,34.89324284,-85.13750475,230,ac,default,default,6KENSNGTN_GA_361503-6WRINGOLD_GA_361504
327,6KENSNGTN GA_361503,6YOUNG GA_361454,34.81265905,-85.32344844,34.75072952,-85.27349349,230,ac,default,default,6KENSNGTN_GA_361503-6YOUNG_GA_361454
328,6KENSNGTN GA_361503,7SHAWNEE FP_360002,34.81265905,-85.32344844,37.150267,-88.778122,345,ac,default,default,6KENSNGTN_GA_361503-7SHAWNEE_FP_360002
329,6KENSNGTN GA_361503,8ACKERMAN CC_360627,34.81265905,-85.32344844,33.38593855,-89.20997726,500,ac,default,default,6KENSNGTN_GA_361503-8ACKERMAN_CC_360627
330,6KENSNGTN GA_361503,8ANDERSON TN_360120,34.81265905,-85.32344844,35.94503289,-84.38856432,500,ac,default,default,6KENSNGTN_GA_361503-8ANDERSON_TN_360120
331,6KENSNGTN GA_361503,8BENTON MS_360612,34.81265905,-85.32344844,35.17466126,-89.74553609,500,ac,default,default,6KENSNGTN_GA_361503-8BENTON_MS_360612
332,6KENSNGTN GA_361503,8BHAM STEEL_360075,34.81265905,-85.32344844,34.99627529,-90.0485284,500,ac,default,default,6KENSNGTN_GA_361503-8BHAM_STEEL_360075
333,6KENSNGTN GA_361503,8BR FERRY NP_360052,34.81265905,-85.32344844,34.70520875,-87.11705751,500,ac,default,default,6KENSNGTN_GA_361503-8BR_FERRY_NP_360052
334,6KENSNGTN GA_361503,8BRADLEY TN_360662,34.81265905,-85.32344844,35.0367008,-84.963798,500,ac,default,default,6KENSNGTN_GA_361503-8BRADLEY_TN_360662
335,6KENSNGTN GA_361503,8BULL RUN FP_360093,34.81265905,-85.32344844,36.01895969,-84.15785445,500,ac,default,default,6KENSNGTN_GA_361503-8BULL_RUN_FP_360093
336,6KENSNGTN GA_361503,8CHOCTAW MS_360654,34.81265905,-85.32344844,33.2984397,-89.4127739,500,ac,default,default,6KENSNGTN_GA_361503-8CHOCTAW_MS_360654
337,6KENSNGTN GA_361503,8CLAY_360688,34.81265905,-85.32344844,33.47863869,-88.74043971,500,ac,default,default,6KENSNGTN_GA_361503-8CLAY_360688
338,6KENSNGTN GA_361503,8COGEN CALED_360606,34.81265905,-85.32344844,33.64779158,-88.31593565,500,ac,default,default,6KENSNGTN_GA_361503-8COGEN_CALED_360606
339,6KENSNGTN GA_361503,8CUMBERLAND_360040,34.81265905,-85.32344844,36.3921331,-87.65747953,500,ac,default,default,6KENSNGTN_GA_361503-8CUMBERLAND_360040
340,6KENSNGTN GA_361503,8DAVIDSON TN_360048,34.81265905,-85.32344844,36.06703747,-86.9841046,500,ac,default,default,6KENSNGTN_GA_361503-8DAVIDSON_TN_360048
341,6KENSNGTN GA_361503,8E POINT AL_360058,34.81265905,-85.32344844,34.19181783,-86.74805975,500,ac,default,default,6KENSNGTN_GA_361503-8E_POINT_AL_360058
342,6KENSNGTN GA_361503,8FRANKLIN TN_360069,34.81265905,-85.32344844,35.33506701,-86.11727644,500,ac,default,default,6KENSNGTN_GA_361503-8FRANKLIN_TN_360069
343,6KENSNGTN GA_361503,8GLEASON CT_360582,34.81265905,-85.32344844,36.24522988,-88.6114255,500,ac,default,default,6KENSNGTN_GA_361503-8GLEASON_CT_360582
344,6KENSNGTN GA_361503,8HAYWOOD TN_360542,34.81265905,-85.32344844,35.54308246,-89.19654872,500,ac,default,default,6KENSNGTN_GA_361503-8HAYWOOD_TN_360542
345,6KENSNGTN GA_361503,8HIWASSEE TN_360110,34.81265905,-85.32344844,35.60032498,-84.78911434,500,ac,default,default,6KENSNGTN_GA_361503-8HIWASSEE_TN_360110
346,6KENSNGTN GA_361503,8JACKSON TN_360019,34.81265905,-85.32344844,35.70901203,-88.79407261,500,ac,default,default,6KENSNGTN_GA_361503-8JACKSON_TN_360019
347,6KENSNGTN GA_361503,8JVILLE FP_360037,34.81265905,-85.32344844,36.02382902,-87.98154082,500,ac,default,default,6KENSNGTN_GA_361503-8JVILLE_FP_360037
348,6KENSNGTN GA_361503,8LAG CRK CC_360615,34.81265905,-85.32344844,35.65702785,-89.39460044,500,ac,default,default,6KENSNGTN_GA_361503-8LAG_CRK_CC_360615
349,6KENSNGTN GA_361503,8LAG CRK CT_360568,34.81265905,-85.32344844,36.27534882,-88.83423675,500,ac,default,default,6KENSNGTN_GA_361503-8LAG_CRK_CT_360568
350,6KENSNGTN GA_361503,8LIMESTONE_360088,34.81265905,-85.32344844,34.71890958,-86.84630969,500,ac,default,default,6KENSNGTN_GA_361503-8LIMESTONE_360088
351,6KENSNGTN GA_361503,8MADISON AL_360060,34.81265905,-85.32344844,34.79577878,-86.52158584,500,ac,default,default,6KENSNGTN_GA_361503-8MADISON_AL_360060
352,6KENSNGTN GA_361503,8MAGNOL CC1_360613,34.81265905,-85.32344844,34.8287922,-89.20041124,500,ac,default,default,6KENSNGTN_GA_361503-8MAGNOL_CC1_360613
353,6KENSNGTN GA_361503,8MARSHALL KY_360015,34.81265905,-85.32344844,37.02455006,-88.39384277,500,ac,default,default,6KENSNGTN_GA_361503-8MARSHALL_KY_360015
354,6KENSNGTN GA_361503,8MAURY TN_360050,34.81265905,-85.32344844,35.672863,-87.01861625,500,ac,default,default,6KENSNGTN_GA_361503-8MAURY_TN_360050
355,6KENSNGTN GA_361503,8MONTGOMERY_360044,34.81265905,-85.32344844,36.59438524,-87.25325857,500,ac,default,default,6KENSNGTN_GA_361503-8MONTGOMERY_360044
356,6KENSNGTN GA_361503,8PARADIS CC5_360185,34.81265905,-85.32344844,37.25966758,-86.97670194,500,ac,default,default,6KENSNGTN_GA_361503-8PARADIS_CC5_360185
357,6KENSNGTN GA_361503,8PARADISE CC_360117,34.81265905,-85.32344844,37.259697,-86.976991,500,ac,default,default,6KENSNGTN_GA_361503-8PARADISE_CC_360117
358,6KENSNGTN GA_361503,8PHIPPS B NP_360102,34.81265905,-85.32344844,36.46070569,-82.80788409,500,ac,default,default,6KENSNGTN_GA_361503-8PHIPPS_B_NP_360102
359,6KENSNGTN GA_361503,8PIN HOOK TN_360581,34.81265905,-85.32344844,36.04646628,-86.60595108,500,ac,default,default,6KENSNGTN_GA_361503-8PIN_HOOK_TN_360581
360,6KENSNGTN GA_361503,8PLATEAU TN_360077,34.81265905,-85.32344844,36.05858036,-85.14194112,500,ac,default,default,6KENSNGTN_GA_361503-8PLATEAU_TN_360077
361,6KENSNGTN GA_361503,8RACCOON MTN_360079,34.81265905,-85.32344844,35.05681146,-85.38724619,500,ac,default,default,6KENSNGTN_GA_361503-8RACCOON_MTN_360079
362,6KENSNGTN GA_361503,8RUTHERFORD_360010,34.81265905,-85.32344844,35.82791498,-86.59841524,500,ac,default,default,6KENSNGTN_GA_361503-8RUTHERFORD_360010
363,6KENSNGTN GA_361503,8SEQUOYAH NP_360081,34.81265905,-85.32344844,35.22706031,-85.09419774,500,ac,default,default,6KENSNGTN_GA_361503-8SEQUOYAH_NP_360081
364,6KENSNGTN GA_361503,8SHAWNEE FP_360001,34.81265905,-85.32344844,37.150267,-88.778122,500,ac,default,default,6KENSNGTN_GA_361503-8SHAWNEE_FP_360001
365,6KENSNGTN GA_361503,8SHELBY TN_360021,34.81265905,-85.32344844,35.38606284,-89.80340294,500,ac,default,default,6KENSNGTN_GA_361503-8SHELBY_TN_360021
366,6KENSNGTN GA_361503,8TRICO STEEL_360014,34.81265905,-85.32344844,34.60872576,-87.05506218,500,ac,default,default,6KENSNGTN_GA_361503-8TRICO_STEEL_360014
367,6KENSNGTN GA_361503,8UNION MS_360033,34.81265905,-85.32344844,34.37783096,-88.85850114,500,ac,default,default,6KENSNGTN_GA_361503-8UNION_MS_360033
368,6KENSNGTN GA_361503,8VOLUNTEER_360097,34.81265905,-85.32344844,36.1219789,-83.81482256,500,ac,default,default,6KENSNGTN_GA_361503-8VOLUNTEER_360097
369,6KENSNGTN GA_361503,8WEST POINT_360035,34.81265905,-85.32344844,33.63551392,-88.65363834,500,ac,default,default,6KENSNGTN_GA_361503-8WEST_POINT_360035
370,6KENSNGTN GA_361503,8WID CRK FP_360065,34.81265905,-85.32344844,34.88726197,-85.75423778,500,ac,default,default,6KENSNGTN_GA_361503-8WID_CRK_FP_360065
371,6KENSNGTN GA_361503,8WILSON TN_360071,34.81265905,-85.32344844,36.2052377,-86.46506033,500,ac,default,default,6KENSNGTN_GA_361503-8WILSON_TN_360071
372,6LOOPERS FRM_360602,6ROCK SPG GA_361500,34.708916,-84.922795,34.83897801,-85.28020801,230,ac,default,default,6LOOPERS_FRM_360602-6ROCK_SPG_GA_361500
373,6LOOPERS FRM_360602,6S HAVEN CC_360594,34.708916,-84.922795,34.99627529,-90.0485284,230,ac,default,default,6LOOPERS_FRM_360602-6S_HAVEN_CC_360594
374,6LOOPERS FRM_360602,6WID CRK FP_360068,34.708916,-84.922795,34.88515896,-85.75604163,230,ac,default,default,6LOOPERS_FRM_360602-6WID_CRK_FP_360068
375,6LOOPERS FRM_360602,6WRINGOLD GA_361504,34.708916,-84.922795,34.89324284,-85.13750475,230,ac,default,default,6LOOPERS_FRM_360602-6WRINGOLD_GA_361504
376,6LOOPERS FRM_360602,6YOUNG GA_361454,34.708916,-84.922795,34.75072952,-85.27349349,230,ac,default,default,6LOOPERS_FRM_360602-6YOUNG_GA_361454
377,6LOOPERS FRM_360602,7SHAWNEE FP_360002,34.708916,-84.922795,37.150267,-88.778122,345,ac,default,default,6LOOPERS_FRM_360602-7SHAWNEE_FP_360002
378,6LOOPERS FRM_360602,8ACKERMAN CC_360627,34.708916,-84.922795,33.38593855,-89.20997726,500,ac,default,default,6LOOPERS_FRM_360602-8ACKERMAN_CC_360627
379,6LOOPERS FRM_360602,8ANDERSON TN_360120,34.708916,-84.922795,35.94503289,-84.38856432,500,ac,default,default,6LOOPERS_FRM_360602-8ANDERSON_TN_360120
380,6LOOPERS FRM_360602,8BENTON MS_360612,34.708916,-84.922795,35.17466126,-89.74553609,500,ac,default,default,6LOOPERS_FRM_360602-8BENTON_MS_360612
381,6LOOPERS FRM_360602,8BHAM STEEL_360075,34.708916,-84.922795,34.99627529,-90.0485284,500,ac,default,default,6LOOPERS_FRM_360602-8BHAM_STEEL_360075
382,6LOOPERS FRM_360602,8BR FERRY NP_360052,34.708916,-84.922795,34.70520875,-87.11705751,500,ac,default,default,6LOOPERS_FRM_360602-8BR_FERRY_NP_360052
383,6LOOPERS FRM_360602,8BRADLEY TN_360662,34.708916,-84.922795,35.0367008,-84.963798,500,ac,default,default,6LOOPERS_FRM_360602-8BRADLEY_TN_360662
384,6LOOPERS FRM_360602,8BULL RUN FP_360093,34.708916,-84.922795,36.01895969,-84.15785445,500,ac,default,default,6LOOPERS_FRM_360602-8BULL_RUN_FP_360093
385,6LOOPERS FRM_360602,8CHOCTAW MS_360654,34.708916,-84.922795,33.2984397,-89.4127739,500,ac,default,default,6LOOPERS_FRM_360602-8CHOCTAW_MS_360654
386,6LOOPERS FRM_360602,8CLAY_360688,34.708916,-84.922795,33.47863869,-88.74043971,500,ac,default,default,6LOOPERS_FRM_360602-8CLAY_360688
387,6LOOPERS FRM_360602,8COGEN CALED_360606,34.708916,-84.922795,33.64779158,-88.31593565,500,ac,default,default,6LOOPERS_FRM_360602-8COGEN_CALED_360606
388,6LOOPERS FRM_360602,8CUMBERLAND_360040,34.708916,-84.922795,36.3921331,-87.65747953,500,ac,default,default,6LOOPERS_FRM_360602-8CUMBERLAND_360040
389,6LOOPERS FRM_360602,8DAVIDSON TN_360048,34.708916,-84.922795,36.06703747,-86.9841046,500,ac,default,default,6LOOPERS_FRM_360602-8DAVIDSON_TN_360048
390,6LOOPERS FRM_360602,8E POINT AL_360058,34.708916,-84.922795,34.19181783,-86.74805975,500,ac,default,default,6LOOPERS_FRM_360602-8E_POINT_AL_360058
391,6LOOPERS FRM_360602,8FRANKLIN TN_360069,34.708916,-84.922795,35.33506701,-86.11727644,500,ac,default,default,6LOOPERS_FRM_360602-8FRANKLIN_TN_360069
392,6LOOPERS FRM_360602,8GLEASON CT_360582,34.708916,-84.922795,36.24522988,-88.6114255,500,ac,default,default,6LOOPERS_FRM_360602-8GLEASON_CT_360582
393,6LOOPERS FRM_360602,8HAYWOOD TN_360542,34.708916,-84.922795,35.54308246,-89.19654872,500,ac,default,default,6LOOPERS_FRM_360602-8HAYWOOD_TN_360542
394,6LOOPERS FRM_360602,8HIWASSEE TN_360110,34.708916,-84.922795,35.60032498,-84.78911434,500,ac,default,default,6LOOPERS_FRM_360602-8HIWASSEE_TN_360110
395,6LOOPERS FRM_360602,8JACKSON TN_360019,34.708916,-84.922795,35.70901203,-88.79407261,500,ac,default,default,6LOOPERS_FRM_360602-8JACKSON_TN_360019
396,6LOOPERS FRM_360602,8JVILLE FP_360037,34.708916,-84.922795,36.02382902,-87.98154082,500,ac,default,default,6LOOPERS_FRM_360602-8JVILLE_FP_360037
397,6LOOPERS FRM_360602,8LAG CRK CC_360615,34.708916,-84.922795,35.65702785,-89.39460044,500,ac,default,default,6LOOPERS_FRM_360602-8LAG_CRK_CC_360615
398,6LOOPERS FRM_360602,8LAG CRK CT_360568,34.708916,-84.922795,36.27534882,-88.83423675,500,ac,default,default,6LOOPERS_FRM_360602-8LAG_CRK_CT_360568
399,6LOOPERS FRM_360602,8LIMESTONE_360088,34.708916,-84.922795,34.71890958,-86.84630969,500,ac,default,default,6LOOPERS_FRM_360602-8LIMESTONE_360088
400,6LOOPERS FRM_360602,8MADISON AL_360060,34.708916,-84.922795,34.79577878,-86.52158584,500,ac,default,default,6LOOPERS_FRM_360602-8MADISON_AL_360060
401,6LOOPERS FRM_360602,8MAGNOL CC1_360613,34.708916,-84.922795,34.8287922,-89.20041124,500,ac,default,default,6LOOPERS_FRM_360602-8MAGNOL_CC1_360613
402,6LOOPERS FRM_360602,8MARSHALL KY_360015,34.708916,-84.922795,37.02455006,-88.39384277,500,ac,default,default,6LOOPERS_FRM_360602-8MARSHALL_KY_360015
403,6LOOPERS FRM_360602,8MAURY TN_360050,34.708916,-84.922795,35.672863,-87.01861625,500,ac,default,default,6LOOPERS_FRM_360602-8MAURY_TN_360050
404,6LOOPERS FRM_360602,8MONTGOMERY_360044,34.708916,-84.922795,36.59438524,-87.25325857,500,ac,default,default,6LOOPERS_FRM_360602-8MONTGOMERY_360044
405,6LOOPERS FRM_360602,8PARADIS CC5_360185,34.708916,-84.922795,37.25966758,-86.97670194,500,ac,default,default,6LOOPERS_FRM_360602-8PARADIS_CC5_360185
406,6LOOPERS FRM_360602,8PARADISE CC_360117,34.708916,-84.922795,37.259697,-86.976991,500,ac,default,default,6LOOPERS_FRM_360602-8PARADISE_CC_360117
407,6LOOPERS FRM_360602,8PHIPPS B NP_360102,34.708916,-84.922795,36.46070569,-82.80788409,500,ac,default,default,6LOOPERS_FRM_360602-8PHIPPS_B_NP_360102
408,6LOOPERS FRM_360602,8PIN HOOK TN_360581,34.708916,-84.922795,36.04646628,-86.60595108,500,ac,default,default,6LOOPERS_FRM_360602-8PIN_HOOK_TN_360581
409,6LOOPERS FRM_360602,8PLATEAU TN_360077,34.708916,-84.922795,36.05858036,-85.14194112,500,ac,default,default,6LOOPERS_FRM_360602-8PLATEAU_TN_360077
410,6LOOPERS FRM_360602,8RACCOON MTN_360079,34.708916,-84.922795,35.05681146,-85.38724619,500,ac,default,default,6LOOPERS_FRM_360602-8RACCOON_MTN_360079
411,6LOOPERS FRM_360602,8RUTHERFORD_360010,34.708916,-84.922795,35.82791498,-86.59841524,500,ac,default,default,6LOOPERS_FRM_360602-8RUTHERFORD_360010
412,6LOOPERS FRM_360602,8SEQUOYAH NP_360081,34.708916,-84.922795,35.22706031,-85.09419774,500,ac,default,default,6LOOPERS_FRM_360602-8SEQUOYAH_NP_360081
413,6LOOPERS FRM_360602,8SHAWNEE FP_360001,34.708916,-84.922795,37.150267,-88.778122,500,ac,default,default,6LOOPERS_FRM_360602-8SHAWNEE_FP_360001
414,6LOOPERS FRM_360602,8SHELBY TN_360021,34.708916,-84.922795,35.38606284,-89.80340294,500,ac,default,default,6LOOPERS_FRM_360602-8SHELBY_TN_360021
415,6LOOPERS FRM_360602,8TRICO STEEL_360014,34.708916,-84.922795,34.60872576,-87.05506218,500,ac,default,default,6LOOPERS_FRM_360602-8TRICO_STEEL_360014
416,6LOOPERS FRM_360602,8UNION MS_360033,34.708916,-84.922795,34.37783096,-88.85850114,500,ac,default,default,6LOOPERS_FRM_360602-8UNION_MS_360033
417,6LOOPERS FRM_360602,8VOLUNTEER_360097,34.708916,-84.922795,36.1219789,-83.81482256,500,ac,default,default,6LOOPERS_FRM_360602-8VOLUNTEER_360097
418,6LOOPERS FRM_360602,8WEST POINT_360035,34.708916,-84.922795,33.63551392,-88.65363834,500,ac,default,default,6LOOPERS_FRM_360602-8WEST_POINT_360035
419,6LOOPERS FRM_360602,8WID CRK FP_360065,34.708916,-84.922795,34.88726197,-85.75423778,500,ac,default,default,6LOOPERS_FRM_360602-8WID_CRK_FP_360065
420,6LOOPERS FRM_360602,8WILSON TN_360071,34.708916,-84.922795,36.2052377,-86.46506033,500,ac,default,default,6LOOPERS_FRM_360602-8WILSON_TN_360071
421,6ROCK SPG GA_361500,6S HAVEN CC_360594,34.83897801,-85.28020801,34.99627529,-90.0485284,230,ac,default,default,6ROCK_SPG_GA_361500-6S_HAVEN_CC_360594
422,6ROCK SPG GA_361500,6WID CRK FP_360068,34.83897801,-85.28020801,34.88515896,-85.75604163,230,ac,default,default,6ROCK_SPG_GA_361500-6WID_CRK_FP_360068
423,6ROCK SPG GA_361500,6WRINGOLD GA_361504,34.83897801,-85.28020801,34.89324284,-85.13750475,230,ac,default,default,6ROCK_SPG_GA_361500-6WRINGOLD_GA_361504
424,6ROCK SPG GA_361500,6YOUNG GA_361454,34.83897801,-85.28020801,34.75072952,-85.27349349,230,ac,default,default,6ROCK_SPG_GA_361500-6YOUNG_GA_361454
425,6ROCK SPG GA_361500,7SHAWNEE FP_360002,34.83897801,-85.28020801,37.150267,-88.778122,345,ac,default,default,6ROCK_SPG_GA_361500-7SHAWNEE_FP_360002
426,6ROCK SPG GA_361500,8ACKERMAN CC_360627,34.83897801,-85.28020801,33.38593855,-89.20997726,500,ac,default,default,6ROCK_SPG_GA_361500-8ACKERMAN_CC_360627
427,6ROCK SPG GA_361500,8ANDERSON TN_360120,34.83897801,-85.28020801,35.94503289,-84.38856432,500,ac,default,default,6ROCK_SPG_GA_361500-8ANDERSON_TN_360120
428,6ROCK SPG GA_361500,8BENTON MS_360612,34.83897801,-85.28020801,35.17466126,-89.74553609,500,ac,default,default,6ROCK_SPG_GA_361500-8BENTON_MS_360612
429,6ROCK SPG GA_361500,8BHAM STEEL_360075,34.83897801,-85.28020801,34.99627529,-90.0485284,500,ac,default,default,6ROCK_SPG_GA_361500-8BHAM_STEEL_360075
430,6ROCK SPG GA_361500,8BR FERRY NP_360052,34.83897801,-85.28020801,34.70520875,-87.11705751,500,ac,default,default,6ROCK_SPG_GA_361500-8BR_FERRY_NP_360052
431,6ROCK SPG GA_361500,8BRADLEY TN_360662,34.83897801,-85.28020801,35.0367008,-84.963798,500,ac,default,default,6ROCK_SPG_GA_361500-8BRADLEY_TN_360662
432,6ROCK SPG GA_361500,8BULL RUN FP_360093,34.83897801,-85.28020801,36.01895969,-84.15785445,500,ac,default,default,6ROCK_SPG_GA_361500-8BULL_RUN_FP_360093
433,6ROCK SPG GA_361500,8CHOCTAW MS_360654,34.83897801,-85.28020801,33.2984397,-89.4127739,500,ac,default,default,6ROCK_SPG_GA_361500-8CHOCTAW_MS_360654
434,6ROCK SPG GA_361500,8CLAY_360688,34.83897801,-85.28020801,33.47863869,-88.74043971,500,ac,default,default,6ROCK_SPG_GA_361500-8CLAY_360688
435,6ROCK SPG GA_361500,8COGEN CALED_360606,34.83897801,-85.28020801,33.64779158,-88.31593565,500,ac,default,default,6ROCK_SPG_GA_361500-8COGEN_CALED_360606
436,6ROCK SPG GA_361500,8CUMBERLAND_360040,34.83897801,-85.28020801,36.3921331,-87.65747953,500,ac,default,default,6ROCK_SPG_GA_361500-8CUMBERLAND_360040
437,6ROCK SPG GA_361500,8DAVIDSON TN_360048,34.83897801,-85.28020801,36.06703747,-86.9841046,500,ac,default,default,6ROCK_SPG_GA_361500-8DAVIDSON_TN_360048
438,6ROCK SPG GA_361500,8E POINT AL_360058,34.83897801,-85.28020801,34.19181783,-86.74805975,500,ac,default,default,6ROCK_SPG_GA_361500-8E_POINT_AL_360058
439,6ROCK SPG GA_361500,8FRANKLIN TN_360069,34.83897801,-85.28020801,35.33506701,-86.11727644,500,ac,default,default,6ROCK_SPG_GA_361500-8FRANKLIN_TN_360069
440,6ROCK SPG GA_361500,8GLEASON CT_360582,34.83897801,-85.28020801,36.24522988,-88.6114255,500,ac,default,default,6ROCK_SPG_GA_361500-8GLEASON_CT_360582
441,6ROCK SPG GA_361500,8HAYWOOD TN_360542,34.83897801,-85.28020801,35.54308246,-89.19654872,500,ac,default,default,6ROCK_SPG_GA_361500-8HAYWOOD_TN_360542
442,6ROCK SPG GA_361500,8HIWASSEE TN_360110,34.83897801,-85.28020801,35.60032498,-84.78911434,500,ac,default,default,6ROCK_SPG_GA_361500-8HIWASSEE_TN_360110
443,6ROCK SPG GA_361500,8JACKSON TN_360019,34.83897801,-85.28020801,35.70901203,-88.79407261,500,ac,default,default,6ROCK_SPG_GA_361500-8JACKSON_TN_360019
444,6ROCK SPG GA_361500,8JVILLE FP_360037,34.83897801,-85.28020801,36.02382902,-87.98154082,500,ac,default,default,6ROCK_SPG_GA_361500-8JVILLE_FP_360037
445,6ROCK SPG GA_361500,8LAG CRK CC_360615,34.83897801,-85.28020801,35.65702785,-89.39460044,500,ac,default,default,6ROCK_SPG_GA_361500-8LAG_CRK_CC_360615
446,6ROCK SPG GA_361500,8LAG CRK CT_360568,34.83897801,-85.28020801,36.27534882,-88.83423675,500,ac,default,default,6ROCK_SPG_GA_361500-8LAG_CRK_CT_360568
447,6ROCK SPG GA_361500,8LIMESTONE_360088,34.83897801,-85.28020801,34.71890958,-86.84630969,500,ac,default,default,6ROCK_SPG_GA_361500-8LIMESTONE_360088
448,6ROCK SPG GA_361500,8MADISON AL_360060,34.83897801,-85.28020801,34.79577878,-86.52158584,500,ac,default,default,6ROCK_SPG_GA_361500-8MADISON_AL_360060
449,6ROCK SPG GA_361500,8MAGNOL CC1_360613,34.83897801,-85.28020801,34.8287922,-89.20041124,500,ac,default,default,6ROCK_SPG_GA_361500-8MAGNOL_CC1_360613
450,6ROCK SPG GA_361500,8MARSHALL KY_360015,34.83897801,-85.28020801,37.02455006,-88.39384277,500,ac,default,default,6ROCK_SPG_GA_361500-8MARSHALL_KY_360015
451,6ROCK SPG GA_361500,8MAURY TN_360050,34.83897801,-85.28020801,35.672863,-87.01861625,500,ac,default,default,6ROCK_SPG_GA_361500-8MAURY_TN_360050
452,6ROCK SPG GA_361500,8MONTGOMERY_360044,34.83897801,-85.28020801,36.59438524,-87.25325857,500,ac,default,default,6ROCK_SPG_GA_361500-8MONTGOMERY_360044
453,6ROCK SPG GA_361500,8PARADIS CC5_360185,34.83897801,-85.28020801,37.25966758,-86.97670194,500,ac,default,default,6ROCK_SPG_GA_361500-8PARADIS_CC5_360185
454,6ROCK SPG GA_361500,8PARADISE CC_360117,34.83897801,-85.28020801,37.259697,-86.976991,500,ac,default,default,6ROCK_SPG_GA_361500-8PARADISE_CC_360117
455,6ROCK SPG GA_361500,8PHIPPS B NP_360102,34.83897801,-85.28020801,36.46070569,-82.80788409,500,ac,default,default,6ROCK_SPG_GA_361500-8PHIPPS_B_NP_360102
456,6ROCK SPG GA_361500,8PIN HOOK TN_360581,34.83897801,-85.28020801,36.04646628,-86.60595108,500,ac,default,default,6ROCK_SPG_GA_361500-8PIN_HOOK_TN_360581
457,6ROCK SPG GA_361500,8PLATEAU TN_360077,34.83897801,-85.28020801,36.05858036,-85.14194112,500,ac,default,default,6ROCK_SPG_GA_361500-8PLATEAU_TN_360077
458,6ROCK SPG GA_361500,8RACCOON MTN_360079,34.83897801,-85.28020801,35.05681146,-85.38724619,500,ac,default,default,6ROCK_SPG_GA_361500-8RACCOON_MTN_360079
459,6ROCK SPG GA_361500,8RUTHERFORD_360010,34.83897801,-85.28020801,35.82791498,-86.59841524,500,ac,default,default,6ROCK_SPG_GA_361500-8RUTHERFORD_360010
460,6ROCK SPG GA_361500,8SEQUOYAH NP_360081,34.83897801,-85.28020801,35.22706031,-85.09419774,500,ac,default,default,6ROCK_SPG_GA_361500-8SEQUOYAH_NP_360081
461,6ROCK SPG GA_361500,8SHAWNEE FP_360001,34.83897801,-85.28020801,37.150267,-88.778122,500,ac,default,default,6ROCK_SPG_GA_361500-8SHAWNEE_FP_360001
462,6ROCK SPG GA_361500,8SHELBY TN_360021,34.83897801,-85.28020801,35.38606284,-89.80340294,500,ac,default,default,6ROCK_SPG_GA_361500-8SHELBY_TN_360021
463,6ROCK SPG GA_361500,8TRICO STEEL_360014,34.83897801,-85.28020801,34.60872576,-87.05506218,500,ac,default,default,6ROCK_SPG_GA_361500-8TRICO_STEEL_360014
464,6ROCK SPG GA_361500,8UNION MS_360033,34.83897801,-85.28020801,34.37783096,-88.85850114,500,ac,default,default,6ROCK_SPG_GA_361500-8UNION_MS_360033
465,6ROCK SPG GA_361500,8VOLUNTEER_360097,34.83897801,-85.28020801,36.1219789,-83.81482256,500,ac,default,default,6ROCK_SPG_GA_361500-8VOLUNTEER_360097
466,6ROCK SPG GA_361500,8WEST POINT_360035,34.83897801,-85.28020801,33.63551392,-88.65363834,500,ac,default,default,6ROCK_SPG_GA_361500-8WEST_POINT_360035
467,6ROCK SPG GA_361500,8WID CRK FP_360065,34.83897801,-85.28020801,34.88726197,-85.75423778,500,ac,default,default,6ROCK_SPG_GA_361500-8WID_CRK_FP_360065
468,6ROCK SPG GA_361500,8WILSON TN_360071,34.83897801,-85.28020801,36.2052377,-86.46506033,500,ac,default,default,6ROCK_SPG_GA_361500-8WILSON_TN_360071
469,6S HAVEN CC_360594,6WID CRK FP_360068,34.99627529,-90.0485284,34.88515896,-85.75604163,230,ac,default,default,6S_HAVEN_CC_360594-6WID_CRK_FP_360068
470,6S HAVEN CC_360594,6WRINGOLD GA_361504,34.99627529,-90.0485284,34.89324284,-85.13750475,230,ac,default,default,6S_HAVEN_CC_360594-6WRINGOLD_GA_361504
471,6S HAVEN CC_360594,6YOUNG GA_361454,34.99627529,-90.0485284,34.75072952,-85.27349349,230,ac,default,default,6S_HAVEN_CC_360594-6YOUNG_GA_361454
472,6S HAVEN CC_360594,7SHAWNEE FP_360002,34.99627529,-90.0485284,37.150267,-88.778122,345,ac,default,default,6S_HAVEN_CC_360594-7SHAWNEE_FP_360002
473,6S HAVEN CC_360594,8ACKERMAN CC_360627,34.99627529,-90.0485284,33.38593855,-89.20997726,500,ac,default,default,6S_HAVEN_CC_360594-8ACKERMAN_CC_360627
474,6S HAVEN CC_360594,8ANDERSON TN_360120,34.99627529,-90.0485284,35.94503289,-84.38856432,500,ac,default,default,6S_HAVEN_CC_360594-8ANDERSON_TN_360120
475,6S HAVEN CC_360594,8BENTON MS_360612,34.99627529,-90.0485284,35.17466126,-89.74553609,500,ac,default,default,6S_HAVEN_CC_360594-8BENTON_MS_360612
476,6S HAVEN CC_360594,8BHAM STEEL_360075,34.99627529,-90.0485284,34.99627529,-90.0485284,500,ac,default,default,6S_HAVEN_CC_360594-8BHAM_STEEL_360075
477,6S HAVEN CC_360594,8BR FERRY NP_360052,34.99627529,-90.0485284,34.70520875,-87.11705751,500,ac,default,default,6S_HAVEN_CC_360594-8BR_FERRY_NP_360052
478,6S HAVEN CC_360594,8BRADLEY TN_360662,34.99627529,-90.0485284,35.0367008,-84.963798,500,ac,default,default,6S_HAVEN_CC_360594-8BRADLEY_TN_360662
479,6S HAVEN CC_360594,8BULL RUN FP_360093,34.99627529,-90.0485284,36.01895969,-84.15785445,500,ac,default,default,6S_HAVEN_CC_360594-8BULL_RUN_FP_360093
480,6S HAVEN CC_360594,8CHOCTAW MS_360654,34.99627529,-90.0485284,33.2984397,-89.4127739,500,ac,default,default,6S_HAVEN_CC_360594-8CHOCTAW_MS_360654
481,6S HAVEN CC_360594,8CLAY_360688,34.99627529,-90.0485284,33.47863869,-88.74043971,500,ac,default,default,6S_HAVEN_CC_360594-8CLAY_360688
482,6S HAVEN CC_360594,8COGEN CALED_360606,34.99627529,-90.0485284,33.64779158,-88.31593565,500,ac,default,default,6S_HAVEN_CC_360594-8COGEN_CALED_360606
483,6S HAVEN CC_360594,8CUMBERLAND_360040,34.99627529,-90.0485284,36.3921331,-87.65747953,500,ac,default,default,6S_HAVEN_CC_360594-8CUMBERLAND_360040
484,6S HAVEN CC_360594,8DAVIDSON TN_360048,34.99627529,-90.0485284,36.06703747,-86.9841046,500,ac,default,default,6S_HAVEN_CC_360594-8DAVIDSON_TN_360048
485,6S HAVEN CC_360594,8E POINT AL_360058,34.99627529,-90.0485284,34.19181783,-86.74805975,500,ac,default,default,6S_HAVEN_CC_360594-8E_POINT_AL_360058
486,6S HAVEN CC_360594,8FRANKLIN TN_360069,34.99627529,-90.0485284,35.33506701,-86.11727644,500,ac,default,default,6S_HAVEN_CC_360594-8FRANKLIN_TN_360069
487,6S HAVEN CC_360594,8GLEASON CT_360582,34.99627529,-90.0485284,36.24522988,-88.6114255,500,ac,default,default,6S_HAVEN_CC_360594-8GLEASON_CT_360582
488,6S HAVEN CC_360594,8HAYWOOD TN_360542,34.99627529,-90.0485284,35.54308246,-89.19654872,500,ac,default,default,6S_HAVEN_CC_360594-8HAYWOOD_TN_360542
489,6S HAVEN CC_360594,8HIWASSEE TN_360110,34.99627529,-90.0485284,35.60032498,-84.78911434,500,ac,default,default,6S_HAVEN_CC_360594-8HIWASSEE_TN_360110
490,6S HAVEN CC_360594,8JACKSON TN_360019,34.99627529,-90.0485284,35.70901203,-88.79407261,500,ac,default,default,6S_HAVEN_CC_360594-8JACKSON_TN_360019
491,6S HAVEN CC_360594,8JVILLE FP_360037,34.99627529,-90.0485284,36.02382902,-87.98154082,500,ac,default,default,6S_HAVEN_CC_360594-8JVILLE_FP_360037
492,6S HAVEN CC_360594,8LAG CRK CC_360615,34.99627529,-90.0485284,35.65702785,-89.39460044,500,ac,default,default,6S_HAVEN_CC_360594-8LAG_CRK_CC_360615
493,6S HAVEN CC_360594,8LAG CRK CT_360568,34.99627529,-90.0485284,36.27534882,-88.83423675,500,ac,default,default,6S_HAVEN_CC_360594-8LAG_CRK_CT_360568
494,6S HAVEN CC_360594,8LIMESTONE_360088,34.99627529,-90.0485284,34.71890958,-86.84630969,500,ac,default,default,6S_HAVEN_CC_360594-8LIMESTONE_360088
495,6S HAVEN CC_360594,8MADISON AL_360060,34.99627529,-90.0485284,34.79577878,-86.52158584,500,ac,default,default,6S_HAVEN_CC_360594-8MADISON_AL_360060
496,6S HAVEN CC_360594,8MAGNOL CC1_360613,34.99627529,-90.0485284,34.8287922,-89.20041124,500,ac,default,default,6S_HAVEN_CC_360594-8MAGNOL_CC1_360613
497,6S HAVEN CC_360594,8MARSHALL KY_360015,34.99627529,-90.0485284,37.02455006,-88.39384277,500,ac,default,default,6S_HAVEN_CC_360594-8MARSHALL_KY_360015
498,6S HAVEN CC_360594,8MAURY TN_360050,34.99627529,-90.0485284,35.672863,-87.01861625,500,ac,default,default,6S_HAVEN_CC_360594-8MAURY_TN_360050
499,6S HAVEN CC_360594,8MONTGOMERY_360044,34.99627529,-90.0485284,36.59438524,-87.25325857,500,ac,default,default,6S_HAVEN_CC_360594-8MONTGOMERY_360044
500,6S HAVEN CC_360594,8PARADIS CC5_360185,34.99627529,-90.0485284,37.25966758,-86.97670194,500,ac,default,default,6S_HAVEN_CC_360594-8PARADIS_CC5_360185
501,6S HAVEN CC_360594,8PARADISE CC_360117,34.99627529,-90.0485284,37.259697,-86.976991,500,ac,default,default,6S_HAVEN_CC_360594-8PARADISE_CC_360117
502,6S HAVEN CC_360594,8PHIPPS B NP_360102,34.99627529,-90.0485284,36.46070569,-82.80788409,500,ac,default,default,6S_HAVEN_CC_360594-8PHIPPS_B_NP_360102
503,6S HAVEN CC_360594,8PIN HOOK TN_360581,34.99627529,-90.0485284,36.04646628,-86.60595108,500,ac,default,default,6S_HAVEN_CC_360594-8PIN_HOOK_TN_360581
504,6S HAVEN CC_360594,8PLATEAU TN_360077,34.99627529,-90.0485284,36.05858036,-85.14194112,500,ac,default,default,6S_HAVEN_CC_360594-8PLATEAU_TN_360077
505,6S HAVEN CC_360594,8RACCOON MTN_360079,34.99627529,-90.0485284,35.05681146,-85.38724619,500,ac,default,default,6S_HAVEN_CC_360594-8RACCOON_MTN_360079
506,6S HAVEN CC_360594,8RUTHERFORD_360010,34.99627529,-90.0485284,35.82791498,-86.59841524,500,ac,default,default,6S_HAVEN_CC_360594-8RUTHERFORD_360010
507,6S HAVEN CC_360594,8SEQUOYAH NP_360081,34.99627529,-90.0485284,35.22706031,-85.09419774,500,ac,default,default,6S_HAVEN_CC_360594-8SEQUOYAH_NP_360081
508,6S HAVEN CC_360594,8SHAWNEE FP_360001,34.99627529,-90.0485284,37.150267,-88.778122,500,ac,default,default,6S_HAVEN_CC_360594-8SHAWNEE_FP_360001
509,6S HAVEN CC_360594,8SHELBY TN_360021,34.99627529,-90.0485284,35.38606284,-89.80340294,500,ac,default,default,6S_HAVEN_CC_360594-8SHELBY_TN_360021
510,6S HAVEN CC_360594,8TRICO STEEL_360014,34.99627529,-90.0485284,34.60872576,-87.05506218,500,ac,default,default,6S_HAVEN_CC_360594-8TRICO_STEEL_360014
511,6S HAVEN CC_360594,8UNION MS_360033,34.99627529,-90.0485284,34.37783096,-88.85850114,500,ac,default,default,6S_HAVEN_CC_360594-8UNION_MS_360033
512,6S HAVEN CC_360594,8VOLUNTEER_360097,34.99627529,-90.0485284,36.1219789,-83.81482256,500,ac,default,default,6S_HAVEN_CC_360594-8VOLUNTEER_360097
513,6S HAVEN CC_360594,8WEST POINT_360035,34.99627529,-90.0485284,33.63551392,-88.65363834,500,ac,default,default,6S_HAVEN_CC_360594-8WEST_POINT_360035
514,6S HAVEN CC_360594,8WID CRK FP_360065,34.99627529,-90.0485284,34.88726197,-85.75423778,500,ac,default,default,6S_HAVEN_CC_360594-8WID_CRK_FP_360065
515,6S HAVEN CC_360594,8WILSON TN_360071,34.99627529,-90.0485284,36.2052377,-86.46506033,500,ac,default,default,6S_HAVEN_CC_360594-8WILSON_TN_360071
516,6WID CRK FP_360068,6WRINGOLD GA_361504,34.88515896,-85.75604163,34.89324284,-85.13750475,230,ac,default,default,6WID_CRK_FP_360068-6WRINGOLD_GA_361504
517,6WID CRK FP_360068,6YOUNG GA_361454,34.88515896,-85.75604163,34.75072952,-85.27349349,230,ac,default,default,6WID_CRK_FP_360068-6YOUNG_GA_361454
518,6WID CRK FP_360068,7SHAWNEE FP_360002,34.88515896,-85.75604163,37.150267,-88.778122,345,ac,default,default,6WID_CRK_FP_360068-7SHAWNEE_FP_360002
519,6WID CRK FP_360068,8ACKERMAN CC_360627,34.88515896,-85.75604163,33.38593855,-89.20997726,500,ac,default,default,6WID_CRK_FP_360068-8ACKERMAN_CC_360627
520,6WID CRK FP_360068,8ANDERSON TN_360120,34.88515896,-85.75604163,35.94503289,-84.38856432,500,ac,default,default,6WID_CRK_FP_360068-8ANDERSON_TN_360120
521,6WID CRK FP_360068,8BENTON MS_360612,34.88515896,-85.75604163,35.17466126,-89.74553609,500,ac,default,default,6WID_CRK_FP_360068-8BENTON_MS_360612
522,6WID CRK FP_360068,8BHAM STEEL_360075,34.88515896,-85.75604163,34.99627529,-90.0485284,500,ac,default,default,6WID_CRK_FP_360068-8BHAM_STEEL_360075
523,6WID CRK FP_360068,8BR FERRY NP_360052,34.88515896,-85.75604163,34.70520875,-87.11705751,500,ac,default,default,6WID_CRK_FP_360068-8BR_FERRY_NP_360052
524,6WID CRK FP_360068,8BRADLEY TN_360662,34.88515896,-85.75604163,35.0367008,-84.963798,500,ac,default,default,6WID_CRK_FP_360068-8BRADLEY_TN_360662
525,6WID CRK FP_360068,8BULL RUN FP_360093,34.88515896,-85.75604163,36.01895969,-84.15785445,500,ac,default,default,6WID_CRK_FP_360068-8BULL_RUN_FP_360093
526,6WID CRK FP_360068,8CHOCTAW MS_360654,34.88515896,-85.75604163,33.2984397,-89.4127739,500,ac,default,default,6WID_CRK_FP_360068-8CHOCTAW_MS_360654
527,6WID CRK FP_360068,8CLAY_360688,34.88515896,-85.75604163,33.47863869,-88.74043971,500,ac,default,default,6WID_CRK_FP_360068-8CLAY_360688
528,6WID CRK FP_360068,8COGEN CALED_360606,34.88515896,-85.75604163,33.64779158,-88.31593565,500,ac,default,default,6WID_CRK_FP_360068-8COGEN_CALED_360606
529,6WID CRK FP_360068,8CUMBERLAND_360040,34.88515896,-85.75604163,36.3921331,-87.65747953,500,ac,default,default,6WID_CRK_FP_360068-8CUMBERLAND_360040
530,6WID CRK FP_360068,8DAVIDSON TN_360048,34.88515896,-85.75604163,36.06703747,-86.9841046,500,ac,default,default,6WID_CRK_FP_360068-8DAVIDSON_TN_360048
531,6WID CRK FP_360068,8E POINT AL_360058,34.88515896,-85.75604163,34.19181783,-86.74805975,500,ac,default,default,6WID_CRK_FP_360068-8E_POINT_AL_360058
532,6WID CRK FP_360068,8FRANKLIN TN_360069,34.88515896,-85.75604163,35.33506701,-86.11727644,500,ac,default,default,6WID_CRK_FP_360068-8FRANKLIN_TN_360069
533,6WID CRK FP_360068,8GLEASON CT_360582,34.88515896,-85.75604163,36.24522988,-88.6114255,500,ac,default,default,6WID_CRK_FP_360068-8GLEASON_CT_360582
534,6WID CRK FP_360068,8HAYWOOD TN_360542,34.88515896,-85.75604163,35.54308246,-89.19654872,500,ac,default,default,6WID_CRK_FP_360068-8HAYWOOD_TN_360542
535,6WID CRK FP_360068,8HIWASSEE TN_360110,34.88515896,-85.75604163,35.60032498,-84.78911434,500,ac,default,default,6WID_CRK_FP_360068-8HIWASSEE_TN_360110
536,6WID CRK FP_360068,8JACKSON TN_360019,34.88515896,-85.75604163,35.70901203,-88.79407261,500,ac,default,default,6WID_CRK_FP_360068-8JACKSON_TN_360019
537,6WID CRK FP_360068,8JVILLE FP_360037,34.88515896,-85.75604163,36.02382902,-87.98154082,500,ac,default,default,6WID_CRK_FP_360068-8JVILLE_FP_360037
538,6WID CRK FP_360068,8LAG CRK CC_360615,34.88515896,-85.75604163,35.65702785,-89.39460044,500,ac,default,default,6WID_CRK_FP_360068-8LAG_CRK_CC_360615
539,6WID CRK FP_360068,8LAG CRK CT_360568,34.88515896,-85.75604163,36.27534882,-88.83423675,500,ac,default,default,6WID_CRK_FP_360068-8LAG_CRK_CT_360568
540,6WID CRK FP_360068,8LIMESTONE_360088,34.88515896,-85.75604163,34.71890958,-86.84630969,500,ac,default,default,6WID_CRK_FP_360068-8LIMESTONE_360088
541,6WID CRK FP_360068,8MADISON AL_360060,34.88515896,-85.75604163,34.79577878,-86.52158584,500,ac,default,default,6WID_CRK_FP_360068-8MADISON_AL_360060
542,6WID CRK FP_360068,8MAGNOL CC1_360613,34.88515896,-85.75604163,34.8287922,-89.20041124,500,ac,default,default,6WID_CRK_FP_360068-8MAGNOL_CC1_360613
543,6WID CRK FP_360068,8MARSHALL KY_360015,34.88515896,-85.75604163,37.02455006,-88.39384277,500,ac,default,default,6WID_CRK_FP_360068-8MARSHALL_KY_360015
544,6WID CRK FP_360068,8MAURY TN_360050,34.88515896,-85.75604163,35.672863,-87.01861625,500,ac,default,default,6WID_CRK_FP_360068-8MAURY_TN_360050
545,6WID CRK FP_360068,8MONTGOMERY_360044,34.88515896,-85.75604163,36.59438524,-87.25325857,500,ac,default,default,6WID_CRK_FP_360068-8MONTGOMERY_360044
546,6WID CRK FP_360068,8PARADIS CC5_360185,34.88515896,-85.75604163,37.25966758,-86.97670194,500,ac,default,default,6WID_CRK_FP_360068-8PARADIS_CC5_360185
547,6WID CRK FP_360068,8PARADISE CC_360117,34.88515896,-85.75604163,37.259697,-86.976991,500,ac,default,default,6WID_CRK_FP_360068-8PARADISE_CC_360117
548,6WID CRK FP_360068,8PHIPPS B NP_360102,34.88515896,-85.75604163,36.46070569,-82.80788409,500,ac,default,default,6WID_CRK_FP_360068-8PHIPPS_B_NP_360102
549,6WID CRK FP_360068,8PIN HOOK TN_360581,34.88515896,-85.75604163,36.04646628,-86.60595108,500,ac,default,default,6WID_CRK_FP_360068-8PIN_HOOK_TN_360581
550,6WID CRK FP_360068,8PLATEAU TN_360077,34.88515896,-85.75604163,36.05858036,-85.14194112,500,ac,default,default,6WID_CRK_FP_360068-8PLATEAU_TN_360077
551,6WID CRK FP_360068,8RACCOON MTN_360079,34.88515896,-85.75604163,35.05681146,-85.38724619,500,ac,default,default,6WID_CRK_FP_360068-8RACCOON_MTN_360079
552,6WID CRK FP_360068,8RUTHERFORD_360010,34.88515896,-85.75604163,35.82791498,-86.59841524,500,ac,default,default,6WID_CRK_FP_360068-8RUTHERFORD_360010
553,6WID CRK FP_360068,8SEQUOYAH NP_360081,34.88515896,-85.75604163,35.22706031,-85.09419774,500,ac,default,default,6WID_CRK_FP_360068-8SEQUOYAH_NP_360081
554,6WID CRK FP_360068,8SHAWNEE FP_360001,34.88515896,-85.75604163,37.150267,-88.778122,500,ac,default,default,6WID_CRK_FP_360068-8SHAWNEE_FP_360001
555,6WID CRK FP_360068,8SHELBY TN_360021,34.88515896,-85.75604163,35.38606284,-89.80340294,500,ac,default,default,6WID_CRK_FP_360068-8SHELBY_TN_360021
556,6WID CRK FP_360068,8TRICO STEEL_360014,34.88515896,-85.75604163,34.60872576,-87.05506218,500,ac,default,default,6WID_CRK_FP_360068-8TRICO_STEEL_360014
557,6WID CRK FP_360068,8UNION MS_360033,34.88515896,-85.75604163,34.37783096,-88.85850114,500,ac,default,default,6WID_CRK_FP_360068-8UNION_MS_360033
558,6WID CRK FP_360068,8VOLUNTEER_360097,34.88515896,-85.75604163,36.1219789,-83.81482256,500,ac,default,default,6WID_CRK_FP_360068-8VOLUNTEER_360097
559,6WID CRK FP_360068,8WEST POINT_360035,34.88515896,-85.75604163,33.63551392,-88.65363834,500,ac,default,default,6WID_CRK_FP_360068-8WEST_POINT_360035
560,6WID CRK FP_360068,8WID CRK FP_360065,34.88515896,-85.75604163,34.88726197,-85.75423778,500,ac,default,default,6WID_CRK_FP_360068-8WID_CRK_FP_360065
561,6WID CRK FP_360068,8WILSON TN_360071,34.88515896,-85.75604163,36.2052377,-86.46506033,500,ac,default,default,6WID_CRK_FP_360068-8WILSON_TN_360071
562,6WRINGOLD GA_361504,6YOUNG GA_361454,34.89324284,-85.13750475,34.75072952,-85.27349349,230,ac,default,default,6WRINGOLD_GA_361504-6YOUNG_GA_361454
563,6WRINGOLD GA_361504,7SHAWNEE FP_360002,34.89324284,-85.13750475,37.150267,-88.778122,345,ac,default,default,6WRINGOLD_GA_361504-7SHAWNEE_FP_360002
564,6WRINGOLD GA_361504,8ACKERMAN CC_360627,34.89324284,-85.13750475,33.38593855,-89.20997726,500,ac,default,default,6WRINGOLD_GA_361504-8ACKERMAN_CC_360627
565,6WRINGOLD GA_361504,8ANDERSON TN_360120,34.89324284,-85.13750475,35.94503289,-84.38856432,500,ac,default,default,6WRINGOLD_GA_361504-8ANDERSON_TN_360120
566,6WRINGOLD GA_361504,8BENTON MS_360612,34.89324284,-85.13750475,35.17466126,-89.74553609,500,ac,default,default,6WRINGOLD_GA_361504-8BENTON_MS_360612
567,6WRINGOLD GA_361504,8BHAM STEEL_360075,34.89324284,-85.13750475,34.99627529,-90.0485284,500,ac,default,default,6WRINGOLD_GA_361504-8BHAM_STEEL_360075
568,6WRINGOLD GA_361504,8BR FERRY NP_360052,34.89324284,-85.13750475,34.70520875,-87.11705751,500,ac,default,default,6WRINGOLD_GA_361504-8BR_FERRY_NP_360052
569,6WRINGOLD GA_361504,8BRADLEY TN_360662,34.89324284,-85.13750475,35.0367008,-84.963798,500,ac,default,default,6WRINGOLD_GA_361504-8BRADLEY_TN_360662
570,6WRINGOLD GA_361504,8BULL RUN FP_360093,34.89324284,-85.13750475,36.01895969,-84.15785445,500,ac,default,default,6WRINGOLD_GA_361504-8BULL_RUN_FP_360093
571,6WRINGOLD GA_361504,8CHOCTAW MS_360654,34.89324284,-85.13750475,33.2984397,-89.4127739,500,ac,default,default,6WRINGOLD_GA_361504-8CHOCTAW_MS_360654
572,6WRINGOLD GA_361504,8CLAY_360688,34.89324284,-85.13750475,33.47863869,-88.74043971,500,ac,default,default,6WRINGOLD_GA_361504-8CLAY_360688
573,6WRINGOLD GA_361504,8COGEN CALED_360606,34.89324284,-85.13750475,33.64779158,-88.31593565,500,ac,default,default,6WRINGOLD_GA_361504-8COGEN_CALED_360606
574,6WRINGOLD GA_361504,8CUMBERLAND_360040,34.89324284,-85.13750475,36.3921331,-87.65747953,500,ac,default,default,6WRINGOLD_GA_361504-8CUMBERLAND_360040
575,6WRINGOLD GA_361504,8DAVIDSON TN_360048,34.89324284,-85.13750475,36.06703747,-86.9841046,500,ac,default,default,6WRINGOLD_GA_361504-8DAVIDSON_TN_360048
576,6WRINGOLD GA_361504,8E POINT AL_360058,34.89324284,-85.13750475,34.19181783,-86.74805975,500,ac,default,default,6WRINGOLD_GA_361504-8E_POINT_AL_360058
577,6WRINGOLD GA_361504,8FRANKLIN TN_360069,34.89324284,-85.13750475,35.33506701,-86.11727644,500,ac,default,default,6WRINGOLD_GA_361504-8FRANKLIN_TN_360069
578,6WRINGOLD GA_361504,8GLEASON CT_360582,34.89324284,-85.13750475,36.24522988,-88.6114255,500,ac,default,default,6WRINGOLD_GA_361504-8GLEASON_CT_360582
579,6WRINGOLD GA_361504,8HAYWOOD TN_360542,34.89324284,-85.13750475,35.54308246,-89.19654872,500,ac,default,default,6WRINGOLD_GA_361504-8HAYWOOD_TN_360542
580,6WRINGOLD GA_361504,8HIWASSEE TN_360110,34.89324284,-85.13750475,35.60032498,-84.78911434,500,ac,default,default,6WRINGOLD_GA_361504-8HIWASSEE_TN_360110
581,6WRINGOLD GA_361504,8JACKSON TN_360019,34.89324284,-85.13750475,35.70901203,-88.79407261,500,ac,default,default,6WRINGOLD_GA_361504-8JACKSON_TN_360019
582,6WRINGOLD GA_361504,8JVILLE FP_360037,34.89324284,-85.13750475,36.02382902,-87.98154082,500,ac,default,default,6WRINGOLD_GA_361504-8JVILLE_FP_360037
583,6WRINGOLD GA_361504,8LAG CRK CC_360615,34.89324284,-85.13750475,35.65702785,-89.39460044,500,ac,default,default,6WRINGOLD_GA_361504-8LAG_CRK_CC_360615
584,6WRINGOLD GA_361504,8LAG CRK CT_360568,34.89324284,-85.13750475,36.27534882,-88.83423675,500,ac,default,default,6WRINGOLD_GA_361504-8LAG_CRK_CT_360568
585,6WRINGOLD GA_361504,8LIMESTONE_360088,34.89324284,-85.13750475,34.71890958,-86.84630969,500,ac,default,default,6WRINGOLD_GA_361504-8LIMESTONE_360088
586,6WRINGOLD GA_361504,8MADISON AL_360060,34.89324284,-85.13750475,34.79577878,-86.52158584,500,ac,default,default,6WRINGOLD_GA_361504-8MADISON_AL_360060
587,6WRINGOLD GA_361504,8MAGNOL CC1_360613,34.89324284,-85.13750475,34.8287922,-89.20041124,500,ac,default,default,6WRINGOLD_GA_361504-8MAGNOL_CC1_360613
588,6WRINGOLD GA_361504,8MARSHALL KY_360015,34.89324284,-85.13750475,37.02455006,-88.39384277,500,ac,default,default,6WRINGOLD_GA_361504-8MARSHALL_KY_360015
589,6WRINGOLD GA_361504,8MAURY TN_360050,34.89324284,-85.13750475,35.672863,-87.01861625,500,ac,default,default,6WRINGOLD_GA_361504-8MAURY_TN_360050
590,6WRINGOLD GA_361504,8MONTGOMERY_360044,34.89324284,-85.13750475,36.59438524,-87.25325857,500,ac,default,default,6WRINGOLD_GA_361504-8MONTGOMERY_360044
591,6WRINGOLD GA_361504,8PARADIS CC5_360185,34.89324284,-85.13750475,37.25966758,-86.97670194,500,ac,default,default,6WRINGOLD_GA_361504-8PARADIS_CC5_360185
592,6WRINGOLD GA_361504,8PARADISE CC_360117,34.89324284,-85.13750475,37.259697,-86.976991,500,ac,default,default,6WRINGOLD_GA_361504-8PARADISE_CC_360117
593,6WRINGOLD GA_361504,8PHIPPS B NP_360102,34.89324284,-85.13750475,36.46070569,-82.80788409,500,ac,default,default,6WRINGOLD_GA_361504-8PHIPPS_B_NP_360102
594,6WRINGOLD GA_361504,8PIN HOOK TN_360581,34.89324284,-85.13750475,36.04646628,-86.60595108,500,ac,default,default,6WRINGOLD_GA_361504-8PIN_HOOK_TN_360581
595,6WRINGOLD GA_361504,8PLATEAU TN_360077,34.89324284,-85.13750475,36.05858036,-85.14194112,500,ac,default,default,6WRINGOLD_GA_361504-8PLATEAU_TN_360077
596,6WRINGOLD GA_361504,8RACCOON MTN_360079,34.89324284,-85.13750475,35.05681146,-85.38724619,500,ac,default,default,6WRINGOLD_GA_361504-8RACCOON_MTN_360079
597,6WRINGOLD GA_361504,8RUTHERFORD_360010,34.89324284,-85.13750475,35.82791498,-86.59841524,500,ac,default,default,6WRINGOLD_GA_361504-8RUTHERFORD_360010
598,6WRINGOLD GA_361504,8SEQUOYAH NP_360081,34.89324284,-85.13750475,35.22706031,-85.09419774,500,ac,default,default,6WRINGOLD_GA_361504-8SEQUOYAH_NP_360081
599,6WRINGOLD GA_361504,8SHAWNEE FP_360001,34.89324284,-85.13750475,37.150267,-88.778122,500,ac,default,default,6WRINGOLD_GA_361504-8SHAWNEE_FP_360001
600,6WRINGOLD GA_361504,8SHELBY TN_360021,34.89324284,-85.13750475,35.38606284,-89.80340294,500,ac,default,default,6WRINGOLD_GA_361504-8SHELBY_TN_360021
601,6WRINGOLD GA_361504,8TRICO STEEL_360014,34.89324284,-85.13750475,34.60872576,-87.05506218,500,ac,default,default,6WRINGOLD_GA_361504-8TRICO_STEEL_360014
602,6WRINGOLD GA_361504,8UNION MS_360033,34.89324284,-85.13750475,34.37783096,-88.85850114,500,ac,default,default,6WRINGOLD_GA_361504-8UNION_MS_360033
603,6WRINGOLD GA_361504,8VOLUNTEER_360097,34.89324284,-85.13750475,36.1219789,-83.81482256,500,ac,default,default,6WRINGOLD_GA_361504-8VOLUNTEER_360097
604,6WRINGOLD GA_361504,8WEST POINT_360035,34.89324284,-85.13750475,33.63551392,-88.65363834,500,ac,default,default,6WRINGOLD_GA_361504-8WEST_POINT_360035
605,6WRINGOLD GA_361504,8WID CRK FP_360065,34.89324284,-85.13750475,34.88726197,-85.75423778,500,ac,default,default,6WRINGOLD_GA_361504-8WID_CRK_FP_360065
606,6WRINGOLD GA_361504,8WILSON TN_360071,34.89324284,-85.13750475,36.2052377,-86.46506033,500,ac,default,default,6WRINGOLD_GA_361504-8WILSON_TN_360071
607,6YOUNG GA_361454,7SHAWNEE FP_360002,34.75072952,-85.27349349,37.150267,-88.778122,345,ac,default,default,6YOUNG_GA_361454-7SHAWNEE_FP_360002
608,6YOUNG GA_361454,8ACKERMAN CC_360627,34.75072952,-85.27349349,33.38593855,-89.20997726,500,ac,default,default,6YOUNG_GA_361454-8ACKERMAN_CC_360627
609,6YOUNG GA_361454,8ANDERSON TN_360120,34.75072952,-85.27349349,35.94503289,-84.38856432,500,ac,default,default,6YOUNG_GA_361454-8ANDERSON_TN_360120
610,6YOUNG GA_361454,8BENTON MS_360612,34.75072952,-85.27349349,35.17466126,-89.74553609,500,ac,default,default,6YOUNG_GA_361454-8BENTON_MS_360612
611,6YOUNG GA_361454,8BHAM STEEL_360075,34.75072952,-85.27349349,34.99627529,-90.0485284,500,ac,default,default,6YOUNG_GA_361454-8BHAM_STEEL_360075
612,6YOUNG GA_361454,8BR FERRY NP_360052,34.75072952,-85.27349349,34.70520875,-87.11705751,500,ac,default,default,6YOUNG_GA_361454-8BR_FERRY_NP_360052
613,6YOUNG GA_361454,8BRADLEY TN_360662,34.75072952,-85.27349349,35.0367008,-84.963798,500,ac,default,default,6YOUNG_GA_361454-8BRADLEY_TN_360662
614,6YOUNG GA_361454,8BULL RUN FP_360093,34.75072952,-85.27349349,36.01895969,-84.15785445,500,ac,default,default,6YOUNG_GA_361454-8BULL_RUN_FP_360093
615,6YOUNG GA_361454,8CHOCTAW MS_360654,34.75072952,-85.27349349,33.2984397,-89.4127739,500,ac,default,default,6YOUNG_GA_361454-8CHOCTAW_MS_360654
616,6YOUNG GA_361454,8CLAY_360688,34.75072952,-85.27349349,33.47863869,-88.74043971,500,ac,default,default,6YOUNG_GA_361454-8CLAY_360688
617,6YOUNG GA_361454,8COGEN CALED_360606,34.75072952,-85.27349349,33.64779158,-88.31593565,500,ac,default,default,6YOUNG_GA_361454-8COGEN_CALED_360606
618,6YOUNG GA_361454,8CUMBERLAND_360040,34.75072952,-85.27349349,36.3921331,-87.65747953,500,ac,default,default,6YOUNG_GA_361454-8CUMBERLAND_360040
619,6YOUNG GA_361454,8DAVIDSON TN_360048,34.75072952,-85.27349349,36.06703747,-86.9841046,500,ac,default,default,6YOUNG_GA_361454-8DAVIDSON_TN_360048
620,6YOUNG GA_361454,8E POINT AL_360058,34.75072952,-85.27349349,34.19181783,-86.74805975,500,ac,default,default,6YOUNG_GA_361454-8E_POINT_AL_360058
621,6YOUNG GA_361454,8FRANKLIN TN_360069,34.75072952,-85.27349349,35.33506701,-86.11727644,500,ac,default,default,6YOUNG_GA_361454-8FRANKLIN_TN_360069
622,6YOUNG GA_361454,8GLEASON CT_360582,34.75072952,-85.27349349,36.24522988,-88.6114255,500,ac,default,default,6YOUNG_GA_361454-8GLEASON_CT_360582
623,6YOUNG GA_361454,8HAYWOOD TN_360542,34.75072952,-85.27349349,35.54308246,-89.19654872,500,ac,default,default,6YOUNG_GA_361454-8HAYWOOD_TN_360542
624,6YOUNG GA_361454,8HIWASSEE TN_360110,34.75072952,-85.27349349,35.60032498,-84.78911434,500,ac,default,default,6YOUNG_GA_361454-8HIWASSEE_TN_360110
625,6YOUNG GA_361454,8JACKSON TN_360019,34.75072952,-85.27349349,35.70901203,-88.79407261,500,ac,default,default,6YOUNG_GA_361454-8JACKSON_TN_360019
626,6YOUNG GA_361454,8JVILLE FP_360037,34.75072952,-85.27349349,36.02382902,-87.98154082,500,ac,default,default,6YOUNG_GA_361454-8JVILLE_FP_360037
627,6YOUNG GA_361454,8LAG CRK CC_360615,34.75072952,-85.27349349,35.65702785,-89.39460044,500,ac,default,default,6YOUNG_GA_361454-8LAG_CRK_CC_360615
628,6YOUNG GA_361454,8LAG CRK CT_360568,34.75072952,-85.27349349,36.27534882,-88.83423675,500,ac,default,default,6YOUNG_GA_361454-8LAG_CRK_CT_360568
629,6YOUNG GA_361454,8LIMESTONE_360088,34.75072952,-85.27349349,34.71890958,-86.84630969,500,ac,default,default,6YOUNG_GA_361454-8LIMESTONE_360088
630,6YOUNG GA_361454,8MADISON AL_360060,34.75072952,-85.27349349,34.79577878,-86.52158584,500,ac,default,default,6YOUNG_GA_361454-8MADISON_AL_360060
631,6YOUNG GA_361454,8MAGNOL CC1_360613,34.75072952,-85.27349349,34.8287922,-89.20041124,500,ac,default,default,6YOUNG_GA_361454-8MAGNOL_CC1_360613
632,6YOUNG GA_361454,8MARSHALL KY_360015,34.75072952,-85.27349349,37.02455006,-88.39384277,500,ac,default,default,6YOUNG_GA_361454-8MARSHALL_KY_360015
633,6YOUNG GA_361454,8MAURY TN_360050,34.75072952,-85.27349349,35.672863,-87.01861625,500,ac,default,default,6YOUNG_GA_361454-8MAURY_TN_360050
634,6YOUNG GA_361454,8MONTGOMERY_360044,34.75072952,-85.27349349,36.59438524,-87.25325857,500,ac,default,default,6YOUNG_GA_361454-8MONTGOMERY_360044
635,6YOUNG GA_361454,8PARADIS CC5_360185,34.75072952,-85.27349349,37.25966758,-86.97670194,500,ac,default,default,6YOUNG_GA_361454-8PARADIS_CC5_360185
636,6YOUNG GA_361454,8PARADISE CC_360117,34.75072952,-85.27349349,37.259697,-86.976991,500,ac,default,default,6YOUNG_GA_361454-8PARADISE_CC_360117
637,6YOUNG GA_361454,8PHIPPS B NP_360102,34.75072952,-85.27349349,36.46070569,-82.80788409,500,ac,default,default,6YOUNG_GA_361454-8PHIPPS_B_NP_360102
638,6YOUNG GA_361454,8PIN HOOK TN_360581,34.75072952,-85.27349349,36.04646628,-86.60595108,500,ac,default,default,6YOUNG_GA_361454-8PIN_HOOK_TN_360581
639,6YOUNG GA_361454,8PLATEAU TN_360077,34.75072952,-85.27349349,36.05858036,-85.14194112,500,ac,default,default,6YOUNG_GA_361454-8PLATEAU_TN_360077
640,6YOUNG GA_361454,8RACCOON MTN_360079,34.75072952,-85.27349349,35.05681146,-85.38724619,500,ac,default,default,6YOUNG_GA_361454-8RACCOON_MTN_360079
641,6YOUNG GA_361454,8RUTHERFORD_360010,34.75072952,-85.27349349,35.82791498,-86.59841524,500,ac,default,default,6YOUNG_GA_361454-8RUTHERFORD_360010
642,6YOUNG GA_361454,8SEQUOYAH NP_360081,34.75072952,-85.27349349,35.22706031,-85.09419774,500,ac,default,default,6YOUNG_GA_361454-8SEQUOYAH_NP_360081
643,6YOUNG GA_361454,8SHAWNEE FP_360001,34.75072952,-85.27349349,37.150267,-88.778122,500,ac,default,default,6YOUNG_GA_361454-8SHAWNEE_FP_360001
644,6YOUNG GA_361454,8SHELBY TN_360021,34.75072952,-85.27349349,35.38606284,-89.80340294,500,ac,default,default,6YOUNG_GA_361454-8SHELBY_TN_360021
645,6YOUNG GA_361454,8TRICO STEEL_360014,34.75072952,-85.27349349,34.60872576,-87.05506218,500,ac,default,default,6YOUNG_GA_361454-8TRICO_STEEL_360014
646,6YOUNG GA_361454,8UNION MS_360033,34.75072952,-85.27349349,34.37783096,-88.85850114,500,ac,default,default,6YOUNG_GA_361454-8UNION_MS_360033
647,6YOUNG GA_361454,8VOLUNTEER_360097,34.75072952,-85.27349349,36.1219789,-83.81482256,500,ac,default,default,6YOUNG_GA_361454-8VOLUNTEER_360097
648,6YOUNG GA_361454,8WEST POINT_360035,34.75072952,-85.27349349,33.63551392,-88.65363834,500,ac,default,default,6YOUNG_GA_361454-8WEST_POINT_360035
649,6YOUNG GA_361454,8WID CRK FP_360065,34.75072952,-85.27349349,34.88726197,-85.75423778,500,ac,default,default,6YOUNG_GA_361454-8WID_CRK_FP_360065
650,6YOUNG GA_361454,8WILSON TN_360071,34.75072952,-85.27349349,36.2052377,-86.46506033,500,ac,default,default,6YOUNG_GA_361454-8WILSON_TN_360071
651,7SHAWNEE FP_360002,8ACKERMAN CC_360627,37.150267,-88.778122,33.38593855,-89.20997726,500,ac,default,default,7SHAWNEE_FP_360002-8ACKERMAN_CC_360627
652,7SHAWNEE FP_360002,8ANDERSON TN_360120,37.150267,-88.778122,35.94503289,-84.38856432,500,ac,default,default,7SHAWNEE_FP_360002-8ANDERSON_TN_360120
653,7SHAWNEE FP_360002,8BENTON MS_360612,37.150267,-88.778122,35.17466126,-89.74553609,500,ac,default,default,7SHAWNEE_FP_360002-8BENTON_MS_360612
654,7SHAWNEE FP_360002,8BR FERRY NP_360052,37.150267,-88.778122,34.70520875,-87.11705751,500,ac,default,default,7SHAWNEE_FP_360002-8BR_FERRY_NP_360052
655,7SHAWNEE FP_360002,8BRADLEY TN_360662,37.150267,-88.778122,35.0367008,-84.963798,500,ac,default,default,7SHAWNEE_FP_360002-8BRADLEY_TN_360662
656,7SHAWNEE FP_360002,8BULL RUN FP_360093,37.150267,-88.778122,36.01895969,-84.15785445,500,ac,default,default,7SHAWNEE_FP_360002-8BULL_RUN_FP_360093
657,7SHAWNEE FP_360002,8CHOCTAW MS_360654,37.150267,-88.778122,33.2984397,-89.4127739,500,ac,default,default,7SHAWNEE_FP_360002-8CHOCTAW_MS_360654
658,7SHAWNEE FP_360002,8CLAY_360688,37.150267,-88.778122,33.47863869,-88.74043971,500,ac,default,default,7SHAWNEE_FP_360002-8CLAY_360688
659,7SHAWNEE FP_360002,8COGEN CALED_360606,37.150267,-88.778122,33.64779158,-88.31593565,500,ac,default,default,7SHAWNEE_FP_360002-8COGEN_CALED_360606
660,7SHAWNEE FP_360002,8CUMBERLAND_360040,37.150267,-88.778122,36.3921331,-87.65747953,500,ac,default,default,7SHAWNEE_FP_360002-8CUMBERLAND_360040
661,7SHAWNEE FP_360002,8DAVIDSON TN_360048,37.150267,-88.778122,36.06703747,-86.9841046,500,ac,default,default,7SHAWNEE_FP_360002-8DAVIDSON_TN_360048
662,7SHAWNEE FP_360002,8E POINT AL_360058,37.150267,-88.778122,34.19181783,-86.74805975,500,ac,default,default,7SHAWNEE_FP_360002-8E_POINT_AL_360058
663,7SHAWNEE FP_360002,8FRANKLIN TN_360069,37.150267,-88.778122,35.33506701,-86.11727644,500,ac,default,default,7SHAWNEE_FP_360002-8FRANKLIN_TN_360069
664,7SHAWNEE FP_360002,8GLEASON CT_360582,37.150267,-88.778122,36.24522988,-88.6114255,500,ac,default,default,7SHAWNEE_FP_360002-8GLEASON_CT_360582
665,7SHAWNEE FP_360002,8HAYWOOD TN_360542,37.150267,-88.778122,35.54308246,-89.19654872,500,ac,default,default,7SHAWNEE_FP_360002-8HAYWOOD_TN_360542
666,7SHAWNEE FP_360002,8HIWASSEE TN_360110,37.150267,-88.778122,35.60032498,-84.78911434,500,ac,default,default,7SHAWNEE_FP_360002-8HIWASSEE_TN_360110
667,7SHAWNEE FP_360002,8JACKSON TN_360019,37.150267,-88.778122,35.70901203,-88.79407261,500,ac,default,default,7SHAWNEE_FP_360002-8JACKSON_TN_360019
668,7SHAWNEE FP_360002,8JVILLE FP_360037,37.150267,-88.778122,36.02382902,-87.98154082,500,ac,default,default,7SHAWNEE_FP_360002-8JVILLE_FP_360037
669,7SHAWNEE FP_360002,8LAG CRK CC_360615,37.150267,-88.778122,35.65702785,-89.39460044,500,ac,default,default,7SHAWNEE_FP_360002-8LAG_CRK_CC_360615
670,7SHAWNEE FP_360002,8LAG CRK CT_360568,37.150267,-88.778122,36.27534882,-88.83423675,500,ac,default,default,7SHAWNEE_FP_360002-8LAG_CRK_CT_360568
671,7SHAWNEE FP_360002,8LIMESTONE_360088,37.150267,-88.778122,34.71890958,-86.84630969,500,ac,default,default,7SHAWNEE_FP_360002-8LIMESTONE_360088
672,7SHAWNEE FP_360002,8MADISON AL_360060,37.150267,-88.778122,34.79577878,-86.52158584,500,ac,default,default,7SHAWNEE_FP_360002-8MADISON_AL_360060
673,7SHAWNEE FP_360002,8MAGNOL CC1_360613,37.150267,-88.778122,34.8287922,-89.20041124,500,ac,default,default,7SHAWNEE_FP_360002-8MAGNOL_CC1_360613
674,7SHAWNEE FP_360002,8MARSHALL KY_360015,37.150267,-88.778122,37.02455006,-88.39384277,500,ac,default,default,7SHAWNEE_FP_360002-8MARSHALL_KY_360015
675,7SHAWNEE FP_360002,8MAURY TN_360050,37.150267,-88.778122,35.672863,-87.01861625,500,ac,default,default,7SHAWNEE_FP_360002-8MAURY_TN_360050
676,7SHAWNEE FP_360002,8MONTGOMERY_360044,37.150267,-88.778122,36.59438524,-87.25325857,500,ac,default,default,7SHAWNEE_FP_360002-8MONTGOMERY_360044
677,7SHAWNEE FP_360002,8PARADIS CC5_360185,37.150267,-88.778122,37.25966758,-86.97670194,500,ac,default,default,7SHAWNEE_FP_360002-8PARADIS_CC5_360185
678,7SHAWNEE FP_360002,8PARADISE CC_360117,37.150267,-88.778122,37.259697,-86.976991,500,ac,default,default,7SHAWNEE_FP_360002-8PARADISE_CC_360117
679,7SHAWNEE FP_360002,8PHIPPS B NP_360102,37.150267,-88.778122,36.46070569,-82.80788409,500,ac,default,default,7SHAWNEE_FP_360002-8PHIPPS_B_NP_360102
680,7SHAWNEE FP_360002,8PIN HOOK TN_360581,37.150267,-88.778122,36.04646628,-86.60595108,500,ac,default,default,7SHAWNEE_FP_360002-8PIN_HOOK_TN_360581
681,7SHAWNEE FP_360002,8PLATEAU TN_360077,37.150267,-88.778122,36.05858036,-85.14194112,500,ac,default,default,7SHAWNEE_FP_360002-8PLATEAU_TN_360077
682,7SHAWNEE FP_360002,8RACCOON MTN_360079,37.150267,-88.778122,35.05681146,-85.38724619,500,ac,default,default,7SHAWNEE_FP_360002-8RACCOON_MTN_360079
683,7SHAWNEE FP_360002,8RUTHERFORD_360010,37.150267,-88.778122,35.82791498,-86.59841524,500,ac,default,default,7SHAWNEE_FP_360002-8RUTHERFORD_360010
684,7SHAWNEE FP_360002,8SEQUOYAH NP_360081,37.150267,-88.778122,35.22706031,-85.09419774,500,ac,default,default,7SHAWNEE_FP_360002-8SEQUOYAH_NP_360081
685,7SHAWNEE FP_360002,8SHAWNEE FP_360001,37.150267,-88.778122,37.150267,-88.778122,500,ac,default,default,7SHAWNEE_FP_360002-8SHAWNEE_FP_360001
686,7SHAWNEE FP_360002,8SHELBY TN_360021,37.150267,-88.778122,35.38606284,-89.80340294,500,ac,default,default,7SHAWNEE_FP_360002-8SHELBY_TN_360021
687,7SHAWNEE FP_360002,8TRICO STEEL_360014,37.150267,-88.778122,34.60872576,-87.05506218,500,ac,default,default,7SHAWNEE_FP_360002-8TRICO_STEEL_360014
688,7SHAWNEE FP_360002,8UNION MS_360033,37.150267,-88.778122,34.37783096,-88.85850114,500,ac,default,default,7SHAWNEE_FP_360002-8UNION_MS_360033
689,7SHAWNEE FP_360002,8VOLUNTEER_360097,37.150267,-88.778122,36.1219789,-83.81482256,500,ac,default,default,7SHAWNEE_FP_360002-8VOLUNTEER_360097
690,7SHAWNEE FP_360002,8WEST POINT_360035,37.150267,-88.778122,33.63551392,-88.65363834,500,ac,default,default,7SHAWNEE_FP_360002-8WEST_POINT_360035
691,7SHAWNEE FP_360002,8WID CRK FP_360065,37.150267,-88.778122,34.88726197,-85.75423778,500,ac,default,default,7SHAWNEE_FP_360002-8WID_CRK_FP_360065
692,7SHAWNEE FP_360002,8WILSON TN_360071,37.150267,-88.778122,36.2052377,-86.46506033,500,ac,default,default,7SHAWNEE_FP_360002-8WILSON_TN_360071
693,8ACKERMAN CC_360627,8ANDERSON TN_360120,33.38593855,-89.20997726,35.94503289,-84.38856432,500,ac,default,default,8ACKERMAN_CC_360627-8ANDERSON_TN_360120
694,8ACKERMAN CC_360627,8BENTON MS_360612,33.38593855,-89.20997726,35.17466126,-89.74553609,500,ac,default,default,8ACKERMAN_CC_360627-8BENTON_MS_360612
695,8ACKERMAN CC_360627,8BR FERRY NP_360052,33.38593855,-89.20997726,34.70520875,-87.11705751,500,ac,default,default,8ACKERMAN_CC_360627-8BR_FERRY_NP_360052
696,8ACKERMAN CC_360627,8BRADLEY TN_360662,33.38593855,-89.20997726,35.0367008,-84.963798,500,ac,default,default,8ACKERMAN_CC_360627-8BRADLEY_TN_360662
697,8ACKERMAN CC_360627,8BULL RUN FP_360093,33.38593855,-89.20997726,36.01895969,-84.15785445,500,ac,default,default,8ACKERMAN_CC_360627-8BULL_RUN_FP_360093
698,8ACKERMAN CC_360627,8CHOCTAW MS_360654,33.38593855,-89.20997726,33.2984397,-89.4127739,500,ac,default,default,8ACKERMAN_CC_360627-8CHOCTAW_MS_360654
699,8ACKERMAN CC_360627,8CLAY_360688,33.38593855,-89.20997726,33.47863869,-88.74043971,500,ac,default,default,8ACKERMAN_CC_360627-8CLAY_360688
700,8ACKERMAN CC_360627,8COGEN CALED_360606,33.38593855,-89.20997726,33.64779158,-88.31593565,500,ac,default,default,8ACKERMAN_CC_360627-8COGEN_CALED_360606
701,8ACKERMAN CC_360627,8CUMBERLAND_360040,33.38593855,-89.20997726,36.3921331,-87.65747953,500,ac,default,default,8ACKERMAN_CC_360627-8CUMBERLAND_360040
702,8ACKERMAN CC_360627,8DAVIDSON TN_360048,33.38593855,-89.20997726,36.06703747,-86.9841046,500,ac,default,default,8ACKERMAN_CC_360627-8DAVIDSON_TN_360048
703,8ACKERMAN CC_360627,8E POINT AL_360058,33.38593855,-89.20997726,34.19181783,-86.74805975,500,ac,default,default,8ACKERMAN_CC_360627-8E_POINT_AL_360058
704,8ACKERMAN CC_360627,8FRANKLIN TN_360069,33.38593855,-89.20997726,35.33506701,-86.11727644,500,ac,default,default,8ACKERMAN_CC_360627-8FRANKLIN_TN_360069
705,8ACKERMAN CC_360627,8GLEASON CT_360582,33.38593855,-89.20997726,36.24522988,-88.6114255,500,ac,default,default,8ACKERMAN_CC_360627-8GLEASON_CT_360582
706,8ACKERMAN CC_360627,8HAYWOOD TN_360542,33.38593855,-89.20997726,35.54308246,-89.19654872,500,ac,default,default,8ACKERMAN_CC_360627-8HAYWOOD_TN_360542
707,8ACKERMAN CC_360627,8HIWASSEE TN_360110,33.38593855,-89.20997726,35.60032498,-84.78911434,500,ac,default,default,8ACKERMAN_CC_360627-8HIWASSEE_TN_360110
708,8ACKERMAN CC_360627,8JACKSON TN_360019,33.38593855,-89.20997726,35.70901203,-88.79407261,500,ac,default,default,8ACKERMAN_CC_360627-8JACKSON_TN_360019
709,8ACKERMAN CC_360627,8JVILLE FP_360037,33.38593855,-89.20997726,36.02382902,-87.98154082,500,ac,default,default,8ACKERMAN_CC_360627-8JVILLE_FP_360037
710,8ACKERMAN CC_360627,8LAG CRK CC_360615,33.38593855,-89.20997726,35.65702785,-89.39460044,500,ac,default,default,8ACKERMAN_CC_360627-8LAG_CRK_CC_360615
711,8ACKERMAN CC_360627,8LAG CRK CT_360568,33.38593855,-89.20997726,36.27534882,-88.83423675,500,ac,default,default,8ACKERMAN_CC_360627-8LAG_CRK_CT_360568
712,8ACKERMAN CC_360627,8LIMESTONE_360088,33.38593855,-89.20997726,34.71890958,-86.84630969,500,ac,default,default,8ACKERMAN_CC_360627-8LIMESTONE_360088
713,8ACKERMAN CC_360627,8MADISON AL_360060,33.38593855,-89.20997726,34.79577878,-86.52158584,500,ac,default,default,8ACKERMAN_CC_360627-8MADISON_AL_360060
714,8ACKERMAN CC_360627,8MAGNOL CC1_360613,33.38593855,-89.20997726,34.8287922,-89.20041124,500,ac,default,default,8ACKERMAN_CC_360627-8MAGNOL_CC1_360613
715,8ACKERMAN CC_360627,8MARSHALL KY_360015,33.38593855,-89.20997726,37.02455006,-88.39384277,500,ac,default,default,8ACKERMAN_CC_360627-8MARSHALL_KY_360015
716,8ACKERMAN CC_360627,8MAURY TN_360050,33.38593855,-89.20997726,35.672863,-87.01861625,500,ac,default,default,8ACKERMAN_CC_360627-8MAURY_TN_360050
717,8ACKERMAN CC_360627,8MONTGOMERY_360044,33.38593855,-89.20997726,36.59438524,-87.25325857,500,ac,default,default,8ACKERMAN_CC_360627-8MONTGOMERY_360044
718,8ACKERMAN CC_360627,8PARADIS CC5_360185,33.38593855,-89.20997726,37.25966758,-86.97670194,500,ac,default,default,8ACKERMAN_CC_360627-8PARADIS_CC5_360185
719,8ACKERMAN CC_360627,8PARADISE CC_360117,33.38593855,-89.20997726,37.259697,-86.976991,500,ac,default,default,8ACKERMAN_CC_360627-8PARADISE_CC_360117
720,8ACKERMAN CC_360627,8PHIPPS B NP_360102,33.38593855,-89.20997726,36.46070569,-82.80788409,500,ac,default,default,8ACKERMAN_CC_360627-8PHIPPS_B_NP_360102
721,8ACKERMAN CC_360627,8PIN HOOK TN_360581,33.38593855,-89.20997726,36.04646628,-86.60595108,500,ac,default,default,8ACKERMAN_CC_360627-8PIN_HOOK_TN_360581
722,8ACKERMAN CC_360627,8PLATEAU TN_360077,33.38593855,-89.20997726,36.05858036,-85.14194112,500,ac,default,default,8ACKERMAN_CC_360627-8PLATEAU_TN_360077
723,8ACKERMAN CC_360627,8RACCOON MTN_360079,33.38593855,-89.20997726,35.05681146,-85.38724619,500,ac,default,default,8ACKERMAN_CC_360627-8RACCOON_MTN_360079
724,8ACKERMAN CC_360627,8RUTHERFORD_360010,33.38593855,-89.20997726,35.82791498,-86.59841524,500,ac,default,default,8ACKERMAN_CC_360627-8RUTHERFORD_360010
725,8ACKERMAN CC_360627,8SEQUOYAH NP_360081,33.38593855,-89.20997726,35.22706031,-85.09419774,500,ac,default,default,8ACKERMAN_CC_360627-8SEQUOYAH_NP_360081
726,8ACKERMAN CC_360627,8SHELBY TN_360021,33.38593855,-89.20997726,35.38606284,-89.80340294,500,ac,default,default,8ACKERMAN_CC_360627-8SHELBY_TN_360021
727,8ACKERMAN CC_360627,8TRICO STEEL_360014,33.38593855,-89.20997726,34.60872576,-87.05506218,500,ac,default,default,8ACKERMAN_CC_360627-8TRICO_STEEL_360014
728,8ACKERMAN CC_360627,8UNION MS_360033,33.38593855,-89.20997726,34.37783096,-88.85850114,500,ac,default,default,8ACKERMAN_CC_360627-8UNION_MS_360033
729,8ACKERMAN CC_360627,8VOLUNTEER_360097,33.38593855,-89.20997726,36.1219789,-83.81482256,500,ac,default,default,8ACKERMAN_CC_360627-8VOLUNTEER_360097
730,8ACKERMAN CC_360627,8WEST POINT_360035,33.38593855,-89.20997726,33.63551392,-88.65363834,500,ac,default,default,8ACKERMAN_CC_360627-8WEST_POINT_360035
731,8ACKERMAN CC_360627,8WID CRK FP_360065,33.38593855,-89.20997726,34.88726197,-85.75423778,500,ac,default,default,8ACKERMAN_CC_360627-8WID_CRK_FP_360065
732,8ACKERMAN CC_360627,8WILSON TN_360071,33.38593855,-89.20997726,36.2052377,-86.46506033,500,ac,default,default,8ACKERMAN_CC_360627-8WILSON_TN_360071
733,8ANDERSON TN_360120,8BENTON MS_360612,35.94503289,-84.38856432,35.17466126,-89.74553609,500,ac,default,default,8ANDERSON_TN_360120-8BENTON_MS_360612
734,8ANDERSON TN_360120,8BR FERRY NP_360052,35.94503289,-84.38856432,34.70520875,-87.11705751,500,ac,default,default,8ANDERSON_TN_360120-8BR_FERRY_NP_360052
735,8ANDERSON TN_360120,8BRADLEY TN_360662,35.94503289,-84.38856432,35.0367008,-84.963798,500,ac,default,default,8ANDERSON_TN_360120-8BRADLEY_TN_360662
736,8ANDERSON TN_360120,8BULL RUN FP_360093,35.94503289,-84.38856432,36.01895969,-84.15785445,500,ac,default,default,8ANDERSON_TN_360120-8BULL_RUN_FP_360093
737,8ANDERSON TN_360120,8CHOCTAW MS_360654,35.94503289,-84.38856432,33.2984397,-89.4127739,500,ac,default,default,8ANDERSON_TN_360120-8CHOCTAW_MS_360654
738,8ANDERSON TN_360120,8CLAY_360688,35.94503289,-84.38856432,33.47863869,-88.74043971,500,ac,default,default,8ANDERSON_TN_360120-8CLAY_360688
739,8ANDERSON TN_360120,8COGEN CALED_360606,35.94503289,-84.38856432,33.64779158,-88.31593565,500,ac,default,default,8ANDERSON_TN_360120-8COGEN_CALED_360606
740,8ANDERSON TN_360120,8CUMBERLAND_360040,35.94503289,-84.38856432,36.3921331,-87.65747953,500,ac,default,default,8ANDERSON_TN_360120-8CUMBERLAND_360040
741,8ANDERSON TN_360120,8DAVIDSON TN_360048,35.94503289,-84.38856432,36.06703747,-86.9841046,500,ac,default,default,8ANDERSON_TN_360120-8DAVIDSON_TN_360048
742,8ANDERSON TN_360120,8E POINT AL_360058,35.94503289,-84.38856432,34.19181783,-86.74805975,500,ac,default,default,8ANDERSON_TN_360120-8E_POINT_AL_360058
743,8ANDERSON TN_360120,8FRANKLIN TN_360069,35.94503289,-84.38856432,35.33506701,-86.11727644,500,ac,default,default,8ANDERSON_TN_360120-8FRANKLIN_TN_360069
744,8ANDERSON TN_360120,8GLEASON CT_360582,35.94503289,-84.38856432,36.24522988,-88.6114255,500,ac,default,default,8ANDERSON_TN_360120-8GLEASON_CT_360582
745,8ANDERSON TN_360120,8HAYWOOD TN_360542,35.94503289,-84.38856432,35.54308246,-89.19654872,500,ac,default,default,8ANDERSON_TN_360120-8HAYWOOD_TN_360542
746,8ANDERSON TN_360120,8HIWASSEE TN_360110,35.94503289,-84.38856432,35.60032498,-84.78911434,500,ac,default,default,8ANDERSON_TN_360120-8HIWASSEE_TN_360110
747,8ANDERSON TN_360120,8JACKSON TN_360019,35.94503289,-84.38856432,35.70901203,-88.79407261,500,ac,default,default,8ANDERSON_TN_360120-8JACKSON_TN_360019
748,8ANDERSON TN_360120,8JVILLE FP_360037,35.94503289,-84.38856432,36.02382902,-87.98154082,500,ac,default,default,8ANDERSON_TN_360120-8JVILLE_FP_360037
749,8ANDERSON TN_360120,8LAG CRK CC_360615,35.94503289,-84.38856432,35.65702785,-89.39460044,500,ac,default,default,8ANDERSON_TN_360120-8LAG_CRK_CC_360615
750,8ANDERSON TN_360120,8LAG CRK CT_360568,35.94503289,-84.38856432,36.27534882,-88.83423675,500,ac,default,default,8ANDERSON_TN_360120-8LAG_CRK_CT_360568
751,8ANDERSON TN_360120,8LIMESTONE_360088,35.94503289,-84.38856432,34.71890958,-86.84630969,500,ac,default,default,8ANDERSON_TN_360120-8LIMESTONE_360088
752,8ANDERSON TN_360120,8MADISON AL_360060,35.94503289,-84.38856432,34.79577878,-86.52158584,500,ac,default,default,8ANDERSON_TN_360120-8MADISON_AL_360060
753,8ANDERSON TN_360120,8MAGNOL CC1_360613,35.94503289,-84.38856432,34.8287922,-89.20041124,500,ac,default,default,8ANDERSON_TN_360120-8MAGNOL_CC1_360613
754,8ANDERSON TN_360120,8MARSHALL KY_360015,35.94503289,-84.38856432,37.02455006,-88.39384277,500,ac,default,default,8ANDERSON_TN_360120-8MARSHALL_KY_360015
755,8ANDERSON TN_360120,8MAURY TN_360050,35.94503289,-84.38856432,35.672863,-87.01861625,500,ac,default,default,8ANDERSON_TN_360120-8MAURY_TN_360050
756,8ANDERSON TN_360120,8MONTGOMERY_360044,35.94503289,-84.38856432,36.59438524,-87.25325857,500,ac,default,default,8ANDERSON_TN_360120-8MONTGOMERY_360044
757,8ANDERSON TN_360120,8PARADIS CC5_360185,35.94503289,-84.38856432,37.25966758,-86.97670194,500,ac,default,default,8ANDERSON_TN_360120-8PARADIS_CC5_360185
758,8ANDERSON TN_360120,8PARADISE CC_360117,35.94503289,-84.38856432,37.259697,-86.976991,500,ac,default,default,8ANDERSON_TN_360120-8PARADISE_CC_360117
759,8ANDERSON TN_360120,8PHIPPS B NP_360102,35.94503289,-84.38856432,36.46070569,-82.80788409,500,ac,default,default,8ANDERSON_TN_360120-8PHIPPS_B_NP_360102
760,8ANDERSON TN_360120,8PIN HOOK TN_360581,35.94503289,-84.38856432,36.04646628,-86.60595108,500,ac,default,default,8ANDERSON_TN_360120-8PIN_HOOK_TN_360581
761,8ANDERSON TN_360120,8PLATEAU TN_360077,35.94503289,-84.38856432,36.05858036,-85.14194112,500,ac,default,default,8ANDERSON_TN_360120-8PLATEAU_TN_360077
762,8ANDERSON TN_360120,8RACCOON MTN_360079,35.94503289,-84.38856432,35.05681146,-85.38724619,500,ac,default,default,8ANDERSON_TN_360120-8RACCOON_MTN_360079
763,8ANDERSON TN_360120,8RUTHERFORD_360010,35.94503289,-84.38856432,35.82791498,-86.59841524,500,ac,default,default,8ANDERSON_TN_360120-8RUTHERFORD_360010
764,8ANDERSON TN_360120,8SEQUOYAH NP_360081,35.94503289,-84.38856432,35.22706031,-85.09419774,500,ac,default,default,8ANDERSON_TN_360120-8SEQUOYAH_NP_360081
765,8ANDERSON TN_360120,8SHELBY TN_360021,35.94503289,-84.38856432,35.38606284,-89.80340294,500,ac,default,default,8ANDERSON_TN_360120-8SHELBY_TN_360021
766,8ANDERSON TN_360120,8TRICO STEEL_360014,35.94503289,-84.38856432,34.60872576,-87.05506218,500,ac,default,default,8ANDERSON_TN_360120-8TRICO_STEEL_360014
767,8ANDERSON TN_360120,8UNION MS_360033,35.94503289,-84.38856432,34.37783096,-88.85850114,500,ac,default,default,8ANDERSON_TN_360120-8UNION_MS_360033
768,8ANDERSON TN_360120,8VOLUNTEER_360097,35.94503289,-84.38856432,36.1219789,-83.81482256,500,ac,default,default,8ANDERSON_TN_360120-8VOLUNTEER_360097
769,8ANDERSON TN_360120,8WEST POINT_360035,35.94503289,-84.38856432,33.63551392,-88.65363834,500,ac,default,default,8ANDERSON_TN_360120-8WEST_POINT_360035
770,8ANDERSON TN_360120,8WID CRK FP_360065,35.94503289,-84.38856432,34.88726197,-85.75423778,500,ac,default,default,8ANDERSON_TN_360120-8WID_CRK_FP_360065
771,8ANDERSON TN_360120,8WILSON TN_360071,35.94503289,-84.38856432,36.2052377,-86.46506033,500,ac,default,default,8ANDERSON_TN_360120-8WILSON_TN_360071
772,8BENTON MS_360612,8BR FERRY NP_360052,35.17466126,-89.74553609,34.70520875,-87.11705751,500,ac,default,default,8BENTON_MS_360612-8BR_FERRY_NP_360052
773,8BENTON MS_360612,8BRADLEY TN_360662,35.17466126,-89.74553609,35.0367008,-84.963798,500,ac,default,default,8BENTON_MS_360612-8BRADLEY_TN_360662
774,8BENTON MS_360612,8BULL RUN FP_360093,35.17466126,-89.74553609,36.01895969,-84.15785445,500,ac,default,default,8BENTON_MS_360612-8BULL_RUN_FP_360093
775,8BENTON MS_360612,8CHOCTAW MS_360654,35.17466126,-89.74553609,33.2984397,-89.4127739,500,ac,default,default,8BENTON_MS_360612-8CHOCTAW_MS_360654
776,8BENTON MS_360612,8CLAY_360688,35.17466126,-89.74553609,33.47863869,-88.74043971,500,ac,default,default,8BENTON_MS_360612-8CLAY_360688
777,8BENTON MS_360612,8COGEN CALED_360606,35.17466126,-89.74553609,33.64779158,-88.31593565,500,ac,default,default,8BENTON_MS_360612-8COGEN_CALED_360606
778,8BENTON MS_360612,8CUMBERLAND_360040,35.17466126,-89.74553609,36.3921331,-87.65747953,500,ac,default,default,8BENTON_MS_360612-8CUMBERLAND_360040
779,8BENTON MS_360612,8DAVIDSON TN_360048,35.17466126,-89.74553609,36.06703747,-86.9841046,500,ac,default,default,8BENTON_MS_360612-8DAVIDSON_TN_360048
780,8BENTON MS_360612,8E POINT AL_360058,35.17466126,-89.74553609,34.19181783,-86.74805975,500,ac,default,default,8BENTON_MS_360612-8E_POINT_AL_360058
781,8BENTON MS_360612,8FRANKLIN TN_360069,35.17466126,-89.74553609,35.33506701,-86.11727644,500,ac,default,default,8BENTON_MS_360612-8FRANKLIN_TN_360069
782,8BENTON MS_360612,8GLEASON CT_360582,35.17466126,-89.74553609,36.24522988,-88.6114255,500,ac,default,default,8BENTON_MS_360612-8GLEASON_CT_360582
783,8BENTON MS_360612,8HAYWOOD TN_360542,35.17466126,-89.74553609,35.54308246,-89.19654872,500,ac,default,default,8BENTON_MS_360612-8HAYWOOD_TN_360542
784,8BENTON MS_360612,8HIWASSEE TN_360110,35.17466126,-89.74553609,35.60032498,-84.78911434,500,ac,default,default,8BENTON_MS_360612-8HIWASSEE_TN_360110
785,8BENTON MS_360612,8JACKSON TN_360019,35.17466126,-89.74553609,35.70901203,-88.79407261,500,ac,default,default,8BENTON_MS_360612-8JACKSON_TN_360019
786,8BENTON MS_360612,8JVILLE FP_360037,35.17466126,-89.74553609,36.02382902,-87.98154082,500,ac,default,default,8BENTON_MS_360612-8JVILLE_FP_360037
787,8BENTON MS_360612,8LAG CRK CC_360615,35.17466126,-89.74553609,35.65702785,-89.39460044,500,ac,default,default,8BENTON_MS_360612-8LAG_CRK_CC_360615
788,8BENTON MS_360612,8LAG CRK CT_360568,35.17466126,-89.74553609,36.27534882,-88.83423675,500,ac,default,default,8BENTON_MS_360612-8LAG_CRK_CT_360568
789,8BENTON MS_360612,8LIMESTONE_360088,35.17466126,-89.74553609,34.71890958,-86.84630969,500,ac,default,default,8BENTON_MS_360612-8LIMESTONE_360088
790,8BENTON MS_360612,8MADISON AL_360060,35.17466126,-89.74553609,34.79577878,-86.52158584,500,ac,default,default,8BENTON_MS_360612-8MADISON_AL_360060
791,8BENTON MS_360612,8MAGNOL CC1_360613,35.17466126,-89.74553609,34.8287922,-89.20041124,500,ac,default,default,8BENTON_MS_360612-8MAGNOL_CC1_360613
792,8BENTON MS_360612,8MARSHALL KY_360015,35.17466126,-89.74553609,37.02455006,-88.39384277,500,ac,default,default,8BENTON_MS_360612-8MARSHALL_KY_360015
793,8BENTON MS_360612,8MAURY TN_360050,35.17466126,-89.74553609,35.672863,-87.01861625,500,ac,default,default,8BENTON_MS_360612-8MAURY_TN_360050
794,8BENTON MS_360612,8MONTGOMERY_360044,35.17466126,-89.74553609,36.59438524,-87.25325857,500,ac,default,default,8BENTON_MS_360612-8MONTGOMERY_360044
795,8BENTON MS_360612,8PARADIS CC5_360185,35.17466126,-89.74553609,37.25966758,-86.97670194,500,ac,default,default,8BENTON_MS_360612-8PARADIS_CC5_360185
796,8BENTON MS_360612,8PARADISE CC_360117,35.17466126,-89.74553609,37.259697,-86.976991,500,ac,default,default,8BENTON_MS_360612-8PARADISE_CC_360117
797,8BENTON MS_360612,8PHIPPS B NP_360102,35.17466126,-89.74553609,36.46070569,-82.80788409,500,ac,default,default,8BENTON_MS_360612-8PHIPPS_B_NP_360102
798,8BENTON MS_360612,8PIN HOOK TN_360581,35.17466126,-89.74553609,36.04646628,-86.60595108,500,ac,default,default,8BENTON_MS_360612-8PIN_HOOK_TN_360581
799,8BENTON MS_360612,8PLATEAU TN_360077,35.17466126,-89.74553609,36.05858036,-85.14194112,500,ac,default,default,8BENTON_MS_360612-8PLATEAU_TN_360077
800,8BENTON MS_360612,8RACCOON MTN_360079,35.17466126,-89.74553609,35.05681146,-85.38724619,500,ac,default,default,8BENTON_MS_360612-8RACCOON_MTN_360079
801,8BENTON MS_360612,8RUTHERFORD_360010,35.17466126,-89.74553609,35.82791498,-86.59841524,500,ac,default,default,8BENTON_MS_360612-8RUTHERFORD_360010
802,8BENTON MS_360612,8SEQUOYAH NP_360081,35.17466126,-89.74553609,35.22706031,-85.09419774,500,ac,default,default,8BENTON_MS_360612-8SEQUOYAH_NP_360081
803,8BENTON MS_360612,8SHELBY TN_360021,35.17466126,-89.74553609,35.38606284,-89.80340294,500,ac,default,default,8BENTON_MS_360612-8SHELBY_TN_360021
804,8BENTON MS_360612,8TRICO STEEL_360014,35.17466126,-89.74553609,34.60872576,-87.05506218,500,ac,default,default,8BENTON_MS_360612-8TRICO_STEEL_360014
805,8BENTON MS_360612,8UNION MS_360033,35.17466126,-89.74553609,34.37783096,-88.85850114,500,ac,default,default,8BENTON_MS_360612-8UNION_MS_360033
806,8BENTON MS_360612,8VOLUNTEER_360097,35.17466126,-89.74553609,36.1219789,-83.81482256,500,ac,default,default,8BENTON_MS_360612-8VOLUNTEER_360097
807,8BENTON MS_360612,8WEST POINT_360035,35.17466126,-89.74553609,33.63551392,-88.65363834,500,ac,default,default,8BENTON_MS_360612-8WEST_POINT_360035
808,8BENTON MS_360612,8WID CRK FP_360065,35.17466126,-89.74553609,34.88726197,-85.75423778,500,ac,default,default,8BENTON_MS_360612-8WID_CRK_FP_360065
809,8BENTON MS_360612,8WILSON TN_360071,35.17466126,-89.74553609,36.2052377,-86.46506033,500,ac,default,default,8BENTON_MS_360612-8WILSON_TN_360071
810,8BR FERRY NP_360052,8BRADLEY TN_360662,34.70520875,-87.11705751,35.0367008,-84.963798,500,ac,default,default,8BR_FERRY_NP_360052-8BRADLEY_TN_360662
811,8BR FERRY NP_360052,8BULL RUN FP_360093,34.70520875,-87.11705751,36.01895969,-84.15785445,500,ac,default,default,8BR_FERRY_NP_360052-8BULL_RUN_FP_360093
812,8BR FERRY NP_360052,8CHOCTAW MS_360654,34.70520875,-87.11705751,33.2984397,-89.4127739,500,ac,default,default,8BR_FERRY_NP_360052-8CHOCTAW_MS_360654
813,8BR FERRY NP_360052,8CLAY_360688,34.70520875,-87.11705751,33.47863869,-88.74043971,500,ac,default,default,8BR_FERRY_NP_360052-8CLAY_360688
814,8BR FERRY NP_360052,8COGEN CALED_360606,34.70520875,-87.11705751,33.64779158,-88.31593565,500,ac,default,default,8BR_FERRY_NP_360052-8COGEN_CALED_360606
815,8BR FERRY NP_360052,8CUMBERLAND_360040,34.70520875,-87.11705751,36.3921331,-87.65747953,500,ac,default,default,8BR_FERRY_NP_360052-8CUMBERLAND_360040
816,8BR FERRY NP_360052,8DAVIDSON TN_360048,34.70520875,-87.11705751,36.06703747,-86.9841046,500,ac,default,default,8BR_FERRY_NP_360052-8DAVIDSON_TN_360048
817,8BR FERRY NP_360052,8E POINT AL_360058,34.70520875,-87.11705751,34.19181783,-86.74805975,500,ac,default,default,8BR_FERRY_NP_360052-8E_POINT_AL_360058
818,8BR FERRY NP_360052,8FRANKLIN TN_360069,34.70520875,-87.11705751,35.33506701,-86.11727644,500,ac,default,default,8BR_FERRY_NP_360052-8FRANKLIN_TN_360069
819,8BR FERRY NP_360052,8GLEASON CT_360582,34.70520875,-87.11705751,36.24522988,-88.6114255,500,ac,default,default,8BR_FERRY_NP_360052-8GLEASON_CT_360582
820,8BR FERRY NP_360052,8HAYWOOD TN_360542,34.70520875,-87.11705751,35.54308246,-89.19654872,500,ac,default,default,8BR_FERRY_NP_360052-8HAYWOOD_TN_360542
821,8BR FERRY NP_360052,8HIWASSEE TN_360110,34.70520875,-87.11705751,35.60032498,-84.78911434,500,ac,default,default,8BR_FERRY_NP_360052-8HIWASSEE_TN_360110
822,8BR FERRY NP_360052,8JACKSON TN_360019,34.70520875,-87.11705751,35.70901203,-88.79407261,500,ac,default,default,8BR_FERRY_NP_360052-8JACKSON_TN_360019
823,8BR FERRY NP_360052,8JVILLE FP_360037,34.70520875,-87.11705751,36.02382902,-87.98154082,500,ac,default,default,8BR_FERRY_NP_360052-8JVILLE_FP_360037
824,8BR FERRY NP_360052,8LAG CRK CC_360615,34.70520875,-87.11705751,35.65702785,-89.39460044,500,ac,default,default,8BR_FERRY_NP_360052-8LAG_CRK_CC_360615
825,8BR FERRY NP_360052,8LAG CRK CT_360568,34.70520875,-87.11705751,36.27534882,-88.83423675,500,ac,default,default,8BR_FERRY_NP_360052-8LAG_CRK_CT_360568
826,8BR FERRY NP_360052,8LIMESTONE_360088,34.70520875,-87.11705751,34.71890958,-86.84630969,500,ac,default,default,8BR_FERRY_NP_360052-8LIMESTONE_360088
827,8BR FERRY NP_360052,8MADISON AL_360060,34.70520875,-87.11705751,34.79577878,-86.52158584,500,ac,default,default,8BR_FERRY_NP_360052-8MADISON_AL_360060
828,8BR FERRY NP_360052,8MAGNOL CC1_360613,34.70520875,-87.11705751,34.8287922,-89.20041124,500,ac,default,default,8BR_FERRY_NP_360052-8MAGNOL_CC1_360613
829,8BR FERRY NP_360052,8MARSHALL KY_360015,34.70520875,-87.11705751,37.02455006,-88.39384277,500,ac,default,default,8BR_FERRY_NP_360052-8MARSHALL_KY_360015
830,8BR FERRY NP_360052,8MAURY TN_360050,34.70520875,-87.11705751,35.672863,-87.01861625,500,ac,default,default,8BR_FERRY_NP_360052-8MAURY_TN_360050
831,8BR FERRY NP_360052,8MONTGOMERY_360044,34.70520875,-87.11705751,36.59438524,-87.25325857,500,ac,default,default,8BR_FERRY_NP_360052-8MONTGOMERY_360044
832,8BR FERRY NP_360052,8PARADIS CC5_360185,34.70520875,-87.11705751,37.25966758,-86.97670194,500,ac,default,default,8BR_FERRY_NP_360052-8PARADIS_CC5_360185
833,8BR FERRY NP_360052,8PARADISE CC_360117,34.70520875,-87.11705751,37.259697,-86.976991,500,ac,default,default,8BR_FERRY_NP_360052-8PARADISE_CC_360117
834,8BR FERRY NP_360052,8PHIPPS B NP_360102,34.70520875,-87.11705751,36.46070569,-82.80788409,500,ac,default,default,8BR_FERRY_NP_360052-8PHIPPS_B_NP_360102
835,8BR FERRY NP_360052,8PIN HOOK TN_360581,34.70520875,-87.11705751,36.04646628,-86.60595108,500,ac,default,default,8BR_FERRY_NP_360052-8PIN_HOOK_TN_360581
836,8BR FERRY NP_360052,8PLATEAU TN_360077,34.70520875,-87.11705751,36.05858036,-85.14194112,500,ac,default,default,8BR_FERRY_NP_360052-8PLATEAU_TN_360077
837,8BR FERRY NP_360052,8RACCOON MTN_360079,34.70520875,-87.11705751,35.05681146,-85.38724619,500,ac,default,default,8BR_FERRY_NP_360052-8RACCOON_MTN_360079
838,8BR FERRY NP_360052,8RUTHERFORD_360010,34.70520875,-87.11705751,35.82791498,-86.59841524,500,ac,default,default,8BR_FERRY_NP_360052-8RUTHERFORD_360010
839,8BR FERRY NP_360052,8SEQUOYAH NP_360081,34.70520875,-87.11705751,35.22706031,-85.09419774,500,ac,default,default,8BR_FERRY_NP_360052-8SEQUOYAH_NP_360081
840,8BR FERRY NP_360052,8SHELBY TN_360021,34.70520875,-87.11705751,35.38606284,-89.80340294,500,ac,default,default,8BR_FERRY_NP_360052-8SHELBY_TN_360021
841,8BR FERRY NP_360052,8TRICO STEEL_360014,34.70520875,-87.11705751,34.60872576,-87.05506218,500,ac,default,default,8BR_FERRY_NP_360052-8TRICO_STEEL_360014
842,8BR FERRY NP_360052,8UNION MS_360033,34.70520875,-87.11705751,34.37783096,-88.85850114,500,ac,default,default,8BR_FERRY_NP_360052-8UNION_MS_360033
843,8BR FERRY NP_360052,8VOLUNTEER_360097,34.70520875,-87.11705751,36.1219789,-83.81482256,500,ac,default,default,8BR_FERRY_NP_360052-8VOLUNTEER_360097
844,8BR FERRY NP_360052,8WEST POINT_360035,34.70520875,-87.11705751,33.63551392,-88.65363834,500,ac,default,default,8BR_FERRY_NP_360052-8WEST_POINT_360035
845,8BR FERRY NP_360052,8WID CRK FP_360065,34.70520875,-87.11705751,34.88726197,-85.75423778,500,ac,default,default,8BR_FERRY_NP_360052-8WID_CRK_FP_360065
846,8BR FERRY NP_360052,8WILSON TN_360071,34.70520875,-87.11705751,36.2052377,-86.46506033,500,ac,default,default,8BR_FERRY_NP_360052-8WILSON_TN_360071
847,8BRADLEY TN_360662,8BULL RUN FP_360093,35.0367008,-84.963798,36.01895969,-84.15785445,500,ac,default,default,8BRADLEY_TN_360662-8BULL_RUN_FP_360093
848,8BRADLEY TN_360662,8CHOCTAW MS_360654,35.0367008,-84.963798,33.2984397,-89.4127739,500,ac,default,default,8BRADLEY_TN_360662-8CHOCTAW_MS_360654
849,8BRADLEY TN_360662,8CLAY_360688,35.0367008,-84.963798,33.47863869,-88.74043971,500,ac,default,default,8BRADLEY_TN_360662-8CLAY_360688
850,8BRADLEY TN_360662,8COGEN CALED_360606,35.0367008,-84.963798,33.64779158,-88.31593565,500,ac,default,default,8BRADLEY_TN_360662-8COGEN_CALED_360606
851,8BRADLEY TN_360662,8CUMBERLAND_360040,35.0367008,-84.963798,36.3921331,-87.65747953,500,ac,default,default,8BRADLEY_TN_360662-8CUMBERLAND_360040
852,8BRADLEY TN_360662,8DAVIDSON TN_360048,35.0367008,-84.963798,36.06703747,-86.9841046,500,ac,default,default,8BRADLEY_TN_360662-8DAVIDSON_TN_360048
853,8BRADLEY TN_360662,8E POINT AL_360058,35.0367008,-84.963798,34.19181783,-86.74805975,500,ac,default,default,8BRADLEY_TN_360662-8E_POINT_AL_360058
854,8BRADLEY TN_360662,8FRANKLIN TN_360069,35.0367008,-84.963798,35.33506701,-86.11727644,500,ac,default,default,8BRADLEY_TN_360662-8FRANKLIN_TN_360069
855,8BRADLEY TN_360662,8GLEASON CT_360582,35.0367008,-84.963798,36.24522988,-88.6114255,500,ac,default,default,8BRADLEY_TN_360662-8GLEASON_CT_360582
856,8BRADLEY TN_360662,8HAYWOOD TN_360542,35.0367008,-84.963798,35.54308246,-89.19654872,500,ac,default,default,8BRADLEY_TN_360662-8HAYWOOD_TN_360542
857,8BRADLEY TN_360662,8HIWASSEE TN_360110,35.0367008,-84.963798,35.60032498,-84.78911434,500,ac,default,default,8BRADLEY_TN_360662-8HIWASSEE_TN_360110
858,8BRADLEY TN_360662,8JACKSON TN_360019,35.0367008,-84.963798,35.70901203,-88.79407261,500,ac,default,default,8BRADLEY_TN_360662-8JACKSON_TN_360019
859,8BRADLEY TN_360662,8JVILLE FP_360037,35.0367008,-84.963798,36.02382902,-87.98154082,500,ac,default,default,8BRADLEY_TN_360662-8JVILLE_FP_360037
860,8BRADLEY TN_360662,8LAG CRK CC_360615,35.0367008,-84.963798,35.65702785,-89.39460044,500,ac,default,default,8BRADLEY_TN_360662-8LAG_CRK_CC_360615
861,8BRADLEY TN_360662,8LAG CRK CT_360568,35.0367008,-84.963798,36.27534882,-88.83423675,500,ac,default,default,8BRADLEY_TN_360662-8LAG_CRK_CT_360568
862,8BRADLEY TN_360662,8LIMESTONE_360088,35.0367008,-84.963798,34.71890958,-86.84630969,500,ac,default,default,8BRADLEY_TN_360662-8LIMESTONE_360088
863,8BRADLEY TN_360662,8MADISON AL_360060,35.0367008,-84.963798,34.79577878,-86.52158584,500,ac,default,default,8BRADLEY_TN_360662-8MADISON_AL_360060
864,8BRADLEY TN_360662,8MAGNOL CC1_360613,35.0367008,-84.963798,34.8287922,-89.20041124,500,ac,default,default,8BRADLEY_TN_360662-8MAGNOL_CC1_360613
865,8BRADLEY TN_360662,8MARSHALL KY_360015,35.0367008,-84.963798,37.02455006,-88.39384277,500,ac,default,default,8BRADLEY_TN_360662-8MARSHALL_KY_360015
866,8BRADLEY TN_360662,8MAURY TN_360050,35.0367008,-84.963798,35.672863,-87.01861625,500,ac,default,default,8BRADLEY_TN_360662-8MAURY_TN_360050
867,8BRADLEY TN_360662,8MONTGOMERY_360044,35.0367008,-84.963798,36.59438524,-87.25325857,500,ac,default,default,8BRADLEY_TN_360662-8MONTGOMERY_360044
868,8BRADLEY TN_360662,8PARADIS CC5_360185,35.0367008,-84.963798,37.25966758,-86.97670194,500,ac,default,default,8BRADLEY_TN_360662-8PARADIS_CC5_360185
869,8BRADLEY TN_360662,8PARADISE CC_360117,35.0367008,-84.963798,37.259697,-86.976991,500,ac,default,default,8BRADLEY_TN_360662-8PARADISE_CC_360117
870,8BRADLEY TN_360662,8PHIPPS B NP_360102,35.0367008,-84.963798,36.46070569,-82.80788409,500,ac,default,default,8BRADLEY_TN_360662-8PHIPPS_B_NP_360102
871,8BRADLEY TN_360662,8PIN HOOK TN_360581,35.0367008,-84.963798,36.04646628,-86.60595108,500,ac,default,default,8BRADLEY_TN_360662-8PIN_HOOK_TN_360581
872,8BRADLEY TN_360662,8PLATEAU TN_360077,35.0367008,-84.963798,36.05858036,-85.14194112,500,ac,default,default,8BRADLEY_TN_360662-8PLATEAU_TN_360077
873,8BRADLEY TN_360662,8RACCOON MTN_360079,35.0367008,-84.963798,35.05681146,-85.38724619,500,ac,default,default,8BRADLEY_TN_360662-8RACCOON_MTN_360079
874,8BRADLEY TN_360662,8RUTHERFORD_360010,35.0367008,-84.963798,35.82791498,-86.59841524,500,ac,default,default,8BRADLEY_TN_360662-8RUTHERFORD_360010
875,8BRADLEY TN_360662,8SEQUOYAH NP_360081,35.0367008,-84.963798,35.22706031,-85.09419774,500,ac,default,default,8BRADLEY_TN_360662-8SEQUOYAH_NP_360081
876,8BRADLEY TN_360662,8SHELBY TN_360021,35.0367008,-84.963798,35.38606284,-89.80340294,500,ac,default,default,8BRADLEY_TN_360662-8SHELBY_TN_360021
877,8BRADLEY TN_360662,8TRICO STEEL_360014,35.0367008,-84.963798,34.60872576,-87.05506218,500,ac,default,default,8BRADLEY_TN_360662-8TRICO_STEEL_360014
878,8BRADLEY TN_360662,8UNION MS_360033,35.0367008,-84.963798,34.37783096,-88.85850114,500,ac,default,default,8BRADLEY_TN_360662-8UNION_MS_360033
879,8BRADLEY TN_360662,8VOLUNTEER_360097,35.0367008,-84.963798,36.1219789,-83.81482256,500,ac,default,default,8BRADLEY_TN_360662-8VOLUNTEER_360097
880,8BRADLEY TN_360662,8WEST POINT_360035,35.0367008,-84.963798,33.63551392,-88.65363834,500,ac,default,default,8BRADLEY_TN_360662-8WEST_POINT_360035
881,8BRADLEY TN_360662,8WID CRK FP_360065,35.0367008,-84.963798,34.88726197,-85.75423778,500,ac,default,default,8BRADLEY_TN_360662-8WID_CRK_FP_360065
882,8BRADLEY TN_360662,8WILSON TN_360071,35.0367008,-84.963798,36.2052377,-86.46506033,500,ac,default,default,8BRADLEY_TN_360662-8WILSON_TN_360071
883,8BULL RUN FP_360093,8CHOCTAW MS_360654,36.01895969,-84.15785445,33.2984397,-89.4127739,500,ac,default,default,8BULL_RUN_FP_360093-8CHOCTAW_MS_360654
884,8BULL RUN FP_360093,8CLAY_360688,36.01895969,-84.15785445,33.47863869,-88.74043971,500,ac,default,default,8BULL_RUN_FP_360093-8CLAY_360688
885,8BULL RUN FP_360093,8COGEN CALED_360606,36.01895969,-84.15785445,33.64779158,-88.31593565,500,ac,default,default,8BULL_RUN_FP_360093-8COGEN_CALED_360606
886,8BULL RUN FP_360093,8CUMBERLAND_360040,36.01895969,-84.15785445,36.3921331,-87.65747953,500,ac,default,default,8BULL_RUN_FP_360093-8CUMBERLAND_360040
887,8BULL RUN FP_360093,8DAVIDSON TN_360048,36.01895969,-84.15785445,36.06703747,-86.9841046,500,ac,default,default,8BULL_RUN_FP_360093-8DAVIDSON_TN_360048
888,8BULL RUN FP_360093,8E POINT AL_360058,36.01895969,-84.15785445,34.19181783,-86.74805975,500,ac,default,default,8BULL_RUN_FP_360093-8E_POINT_AL_360058
889,8BULL RUN FP_360093,8FRANKLIN TN_360069,36.01895969,-84.15785445,35.33506701,-86.11727644,500,ac,default,default,8BULL_RUN_FP_360093-8FRANKLIN_TN_360069
890,8BULL RUN FP_360093,8GLEASON CT_360582,36.01895969,-84.15785445,36.24522988,-88.6114255,500,ac,default,default,8BULL_RUN_FP_360093-8GLEASON_CT_360582
891,8BULL RUN FP_360093,8HAYWOOD TN_360542,36.01895969,-84.15785445,35.54308246,-89.19654872,500,ac,default,default,8BULL_RUN_FP_360093-8HAYWOOD_TN_360542
892,8BULL RUN FP_360093,8HIWASSEE TN_360110,36.01895969,-84.15785445,35.60032498,-84.78911434,500,ac,default,default,8BULL_RUN_FP_360093-8HIWASSEE_TN_360110
893,8BULL RUN FP_360093,8JACKSON TN_360019,36.01895969,-84.15785445,35.70901203,-88.79407261,500,ac,default,default,8BULL_RUN_FP_360093-8JACKSON_TN_360019
894,8BULL RUN FP_360093,8JVILLE FP_360037,36.01895969,-84.15785445,36.02382902,-87.98154082,500,ac,default,default,8BULL_RUN_FP_360093-8JVILLE_FP_360037
895,8BULL RUN FP_360093,8LAG CRK CC_360615,36.01895969,-84.15785445,35.65702785,-89.39460044,500,ac,default,default,8BULL_RUN_FP_360093-8LAG_CRK_CC_360615
896,8BULL RUN FP_360093,8LAG CRK CT_360568,36.01895969,-84.15785445,36.27534882,-88.83423675,500,ac,default,default,8BULL_RUN_FP_360093-8LAG_CRK_CT_360568
897,8BULL RUN FP_360093,8LIMESTONE_360088,36.01895969,-84.15785445,34.71890958,-86.84630969,500,ac,default,default,8BULL_RUN_FP_360093-8LIMESTONE_360088
898,8BULL RUN FP_360093,8MADISON AL_360060,36.01895969,-84.15785445,34.79577878,-86.52158584,500,ac,default,default,8BULL_RUN_FP_360093-8MADISON_AL_360060
899,8BULL RUN FP_360093,8MAGNOL CC1_360613,36.01895969,-84.15785445,34.8287922,-89.20041124,500,ac,default,default,8BULL_RUN_FP_360093-8MAGNOL_CC1_360613
900,8BULL RUN FP_360093,8MARSHALL KY_360015,36.01895969,-84.15785445,37.02455006,-88.39384277,500,ac,default,default,8BULL_RUN_FP_360093-8MARSHALL_KY_360015
901,8BULL RUN FP_360093,8MAURY TN_360050,36.01895969,-84.15785445,35.672863,-87.01861625,500,ac,default,default,8BULL_RUN_FP_360093-8MAURY_TN_360050
902,8BULL RUN FP_360093,8MONTGOMERY_360044,36.01895969,-84.15785445,36.59438524,-87.25325857,500,ac,default,default,8BULL_RUN_FP_360093-8MONTGOMERY_360044
903,8BULL RUN FP_360093,8PARADIS CC5_360185,36.01895969,-84.15785445,37.25966758,-86.97670194,500,ac,default,default,8BULL_RUN_FP_360093-8PARADIS_CC5_360185
904,8BULL RUN FP_360093,8PARADISE CC_360117,36.01895969,-84.15785445,37.259697,-86.976991,500,ac,default,default,8BULL_RUN_FP_360093-8PARADISE_CC_360117
905,8BULL RUN FP_360093,8PHIPPS B NP_360102,36.01895969,-84.15785445,36.46070569,-82.80788409,500,ac,default,default,8BULL_RUN_FP_360093-8PHIPPS_B_NP_360102
906,8BULL RUN FP_360093,8PIN HOOK TN_360581,36.01895969,-84.15785445,36.04646628,-86.60595108,500,ac,default,default,8BULL_RUN_FP_360093-8PIN_HOOK_TN_360581
907,8BULL RUN FP_360093,8PLATEAU TN_360077,36.01895969,-84.15785445,36.05858036,-85.14194112,500,ac,default,default,8BULL_RUN_FP_360093-8PLATEAU_TN_360077
908,8BULL RUN FP_360093,8RACCOON MTN_360079,36.01895969,-84.15785445,35.05681146,-85.38724619,500,ac,default,default,8BULL_RUN_FP_360093-8RACCOON_MTN_360079
909,8BULL RUN FP_360093,8RUTHERFORD_360010,36.01895969,-84.15785445,35.82791498,-86.59841524,500,ac,default,default,8BULL_RUN_FP_360093-8RUTHERFORD_360010
910,8BULL RUN FP_360093,8SEQUOYAH NP_360081,36.01895969,-84.15785445,35.22706031,-85.09419774,500,ac,default,default,8BULL_RUN_FP_360093-8SEQUOYAH_NP_360081
911,8BULL RUN FP_360093,8SHELBY TN_360021,36.01895969,-84.15785445,35.38606284,-89.80340294,500,ac,default,default,8BULL_RUN_FP_360093-8SHELBY_TN_360021
912,8BULL RUN FP_360093,8TRICO STEEL_360014,36.01895969,-84.15785445,34.60872576,-87.05506218,500,ac,default,default,8BULL_RUN_FP_360093-8TRICO_STEEL_360014
913,8BULL RUN FP_360093,8UNION MS_360033,36.01895969,-84.15785445,34.37783096,-88.85850114,500,ac,default,default,8BULL_RUN_FP_360093-8UNION_MS_360033
914,8BULL RUN FP_360093,8VOLUNTEER_360097,36.01895969,-84.15785445,36.1219789,-83.81482256,500,ac,default,default,8BULL_RUN_FP_360093-8VOLUNTEER_360097
915,8BULL RUN FP_360093,8WEST POINT_360035,36.01895969,-84.15785445,33.63551392,-88.65363834,500,ac,default,default,8BULL_RUN_FP_360093-8WEST_POINT_360035
916,8BULL RUN FP_360093,8WID CRK FP_360065,36.01895969,-84.15785445,34.88726197,-85.75423778,500,ac,default,default,8BULL_RUN_FP_360093-8WID_CRK_FP_360065
917,8BULL RUN FP_360093,8WILSON TN_360071,36.01895969,-84.15785445,36.2052377,-86.46506033,500,ac,default,default,8BULL_RUN_FP_360093-8WILSON_TN_360071
918,8CHOCTAW MS_360654,8CLAY_360688,33.2984397,-89.4127739,33.47863869,-88.74043971,500,ac,default,default,8CHOCTAW_MS_360654-8CLAY_360688
919,8CHOCTAW MS_360654,8COGEN CALED_360606,33.2984397,-89.4127739,33.64779158,-88.31593565,500,ac,default,default,8CHOCTAW_MS_360654-8COGEN_CALED_360606
920,8CHOCTAW MS_360654,8CUMBERLAND_360040,33.2984397,-89.4127739,36.3921331,-87.65747953,500,ac,default,default,8CHOCTAW_MS_360654-8CUMBERLAND_360040
921,8CHOCTAW MS_360654,8DAVIDSON TN_360048,33.2984397,-89.4127739,36.06703747,-86.9841046,500,ac,default,default,8CHOCTAW_MS_360654-8DAVIDSON_TN_360048
922,8CHOCTAW MS_360654,8E POINT AL_360058,33.2984397,-89.4127739,34.19181783,-86.74805975,500,ac,default,default,8CHOCTAW_MS_360654-8E_POINT_AL_360058
923,8CHOCTAW MS_360654,8FRANKLIN TN_360069,33.2984397,-89.4127739,35.33506701,-86.11727644,500,ac,default,default,8CHOCTAW_MS_360654-8FRANKLIN_TN_360069
924,8CHOCTAW MS_360654,8GLEASON CT_360582,33.2984397,-89.4127739,36.24522988,-88.6114255,500,ac,default,default,8CHOCTAW_MS_360654-8GLEASON_CT_360582
925,8CHOCTAW MS_360654,8HAYWOOD TN_360542,33.2984397,-89.4127739,35.54308246,-89.19654872,500,ac,default,default,8CHOCTAW_MS_360654-8HAYWOOD_TN_360542
926,8CHOCTAW MS_360654,8HIWASSEE TN_360110,33.2984397,-89.4127739,35.60032498,-84.78911434,500,ac,default,default,8CHOCTAW_MS_360654-8HIWASSEE_TN_360110
927,8CHOCTAW MS_360654,8JACKSON TN_360019,33.2984397,-89.4127739,35.70901203,-88.79407261,500,ac,default,default,8CHOCTAW_MS_360654-8JACKSON_TN_360019
928,8CHOCTAW MS_360654,8JVILLE FP_360037,33.2984397,-89.4127739,36.02382902,-87.98154082,500,ac,default,default,8CHOCTAW_MS_360654-8JVILLE_FP_360037
929,8CHOCTAW MS_360654,8LAG CRK CC_360615,33.2984397,-89.4127739,35.65702785,-89.39460044,500,ac,default,default,8CHOCTAW_MS_360654-8LAG_CRK_CC_360615
930,8CHOCTAW MS_360654,8LAG CRK CT_360568,33.2984397,-89.4127739,36.27534882,-88.83423675,500,ac,default,default,8CHOCTAW_MS_360654-8LAG_CRK_CT_360568
931,8CHOCTAW MS_360654,8LIMESTONE_360088,33.2984397,-89.4127739,34.71890958,-86.84630969,500,ac,default,default,8CHOCTAW_MS_360654-8LIMESTONE_360088
932,8CHOCTAW MS_360654,8MADISON AL_360060,33.2984397,-89.4127739,34.79577878,-86.52158584,500,ac,default,default,8CHOCTAW_MS_360654-8MADISON_AL_360060
933,8CHOCTAW MS_360654,8MAGNOL CC1_360613,33.2984397,-89.4127739,34.8287922,-89.20041124,500,ac,default,default,8CHOCTAW_MS_360654-8MAGNOL_CC1_360613
934,8CHOCTAW MS_360654,8MARSHALL KY_360015,33.2984397,-89.4127739,37.02455006,-88.39384277,500,ac,default,default,8CHOCTAW_MS_360654-8MARSHALL_KY_360015
935,8CHOCTAW MS_360654,8MAURY TN_360050,33.2984397,-89.4127739,35.672863,-87.01861625,500,ac,default,default,8CHOCTAW_MS_360654-8MAURY_TN_360050
936,8CHOCTAW MS_360654,8MONTGOMERY_360044,33.2984397,-89.4127739,36.59438524,-87.25325857,500,ac,default,default,8CHOCTAW_MS_360654-8MONTGOMERY_360044
937,8CHOCTAW MS_360654,8PARADIS CC5_360185,33.2984397,-89.4127739,37.25966758,-86.97670194,500,ac,default,default,8CHOCTAW_MS_360654-8PARADIS_CC5_360185
938,8CHOCTAW MS_360654,8PARADISE CC_360117,33.2984397,-89.4127739,37.259697,-86.976991,500,ac,default,default,8CHOCTAW_MS_360654-8PARADISE_CC_360117
939,8CHOCTAW MS_360654,8PHIPPS B NP_360102,33.2984397,-89.4127739,36.46070569,-82.80788409,500,ac,default,default,8CHOCTAW_MS_360654-8PHIPPS_B_NP_360102
940,8CHOCTAW MS_360654,8PIN HOOK TN_360581,33.2984397,-89.4127739,36.04646628,-86.60595108,500,ac,default,default,8CHOCTAW_MS_360654-8PIN_HOOK_TN_360581
941,8CHOCTAW MS_360654,8PLATEAU TN_360077,33.2984397,-89.4127739,36.05858036,-85.14194112,500,ac,default,default,8CHOCTAW_MS_360654-8PLATEAU_TN_360077
942,8CHOCTAW MS_360654,8RACCOON MTN_360079,33.2984397,-89.4127739,35.05681146,-85.38724619,500,ac,default,default,8CHOCTAW_MS_360654-8RACCOON_MTN_360079
943,8CHOCTAW MS_360654,8RUTHERFORD_360010,33.2984397,-89.4127739,35.82791498,-86.59841524,500,ac,default,default,8CHOCTAW_MS_360654-8RUTHERFORD_360010
944,8CHOCTAW MS_360654,8SEQUOYAH NP_360081,33.2984397,-89.4127739,35.22706031,-85.09419774,500,ac,default,default,8CHOCTAW_MS_360654-8SEQUOYAH_NP_360081
945,8CHOCTAW MS_360654,8SHELBY TN_360021,33.2984397,-89.4127739,35.38606284,-89.80340294,500,ac,default,default,8CHOCTAW_MS_360654-8SHELBY_TN_360021
946,8CHOCTAW MS_360654,8TRICO STEEL_360014,33.2984397,-89.4127739,34.60872576,-87.05506218,500,ac,default,default,8CHOCTAW_MS_360654-8TRICO_STEEL_360014
947,8CHOCTAW MS_360654,8UNION MS_360033,33.2984397,-89.4127739,34.37783096,-88.85850114,500,ac,default,default,8CHOCTAW_MS_360654-8UNION_MS_360033
948,8CHOCTAW MS_360654,8VOLUNTEER_360097,33.2984397,-89.4127739,36.1219789,-83.81482256,500,ac,default,default,8CHOCTAW_MS_360654-8VOLUNTEER_360097
949,8CHOCTAW MS_360654,8WEST POINT_360035,33.2984397,-89.4127739,33.63551392,-88.65363834,500,ac,default,default,8CHOCTAW_MS_360654-8WEST_POINT_360035
950,8CHOCTAW MS_360654,8WID CRK FP_360065,33.2984397,-89.4127739,34.88726197,-85.75423778,500,ac,default,default,8CHOCTAW_MS_360654-8WID_CRK_FP_360065
951,8CHOCTAW MS_360654,8WILSON TN_360071,33.2984397,-89.4127739,36.2052377,-86.46506033,500,ac,default,default,8CHOCTAW_MS_360654-8WILSON_TN_360071
952,8CLAY_360688,8COGEN CALED_360606,33.47863869,-88.74043971,33.64779158,-88.31593565,500,ac,default,default,8CLAY_360688-8COGEN_CALED_360606
953,8CLAY_360688,8CUMBERLAND_360040,33.47863869,-88.74043971,36.3921331,-87.65747953,500,ac,default,default,8CLAY_360688-8CUMBERLAND_360040
954,8CLAY_360688,8DAVIDSON TN_360048,33.47863869,-88.74043971,36.06703747,-86.9841046,500,ac,default,default,8CLAY_360688-8DAVIDSON_TN_360048
955,8CLAY_360688,8E POINT AL_360058,33.47863869,-88.74043971,34.19181783,-86.74805975,500,ac,default,default,8CLAY_360688-8E_POINT_AL_360058
956,8CLAY_360688,8FRANKLIN TN_360069,33.47863869,-88.74043971,35.33506701,-86.11727644,500,ac,default,default,8CLAY_360688-8FRANKLIN_TN_360069
957,8CLAY_360688,8GLEASON CT_360582,33.47863869,-88.74043971,36.24522988,-88.6114255,500,ac,default,default,8CLAY_360688-8GLEASON_CT_360582
958,8CLAY_360688,8HAYWOOD TN_360542,33.47863869,-88.74043971,35.54308246,-89.19654872,500,ac,default,default,8CLAY_360688-8HAYWOOD_TN_360542
959,8CLAY_360688,8HIWASSEE TN_360110,33.47863869,-88.74043971,35.60032498,-84.78911434,500,ac,default,default,8CLAY_360688-8HIWASSEE_TN_360110
960,8CLAY_360688,8JACKSON TN_360019,33.47863869,-88.74043971,35.70901203,-88.79407261,500,ac,default,default,8CLAY_360688-8JACKSON_TN_360019
961,8CLAY_360688,8JVILLE FP_360037,33.47863869,-88.74043971,36.02382902,-87.98154082,500,ac,default,default,8CLAY_360688-8JVILLE_FP_360037
962,8CLAY_360688,8LAG CRK CC_360615,33.47863869,-88.74043971,35.65702785,-89.39460044,500,ac,default,default,8CLAY_360688-8LAG_CRK_CC_360615
963,8CLAY_360688,8LAG CRK CT_360568,33.47863869,-88.74043971,36.27534882,-88.83423675,500,ac,default,default,8CLAY_360688-8LAG_CRK_CT_360568
964,8CLAY_360688,8LIMESTONE_360088,33.47863869,-88.74043971,34.71890958,-86.84630969,500,ac,default,default,8CLAY_360688-8LIMESTONE_360088
965,8CLAY_360688,8MADISON AL_360060,33.47863869,-88.74043971,34.79577878,-86.52158584,500,ac,default,default,8CLAY_360688-8MADISON_AL_360060
966,8CLAY_360688,8MAGNOL CC1_360613,33.47863869,-88.74043971,34.8287922,-89.20041124,500,ac,default,default,8CLAY_360688-8MAGNOL_CC1_360613
967,8CLAY_360688,8MARSHALL KY_360015,33.47863869,-88.74043971,37.02455006,-88.39384277,500,ac,default,default,8CLAY_360688-8MARSHALL_KY_360015
968,8CLAY_360688,8MAURY TN_360050,33.47863869,-88.74043971,35.672863,-87.01861625,500,ac,default,default,8CLAY_360688-8MAURY_TN_360050
969,8CLAY_360688,8MONTGOMERY_360044,33.47863869,-88.74043971,36.59438524,-87.25325857,500,ac,default,default,8CLAY_360688-8MONTGOMERY_360044
970,8CLAY_360688,8PARADIS CC5_360185,33.47863869,-88.74043971,37.25966758,-86.97670194,500,ac,default,default,8CLAY_360688-8PARADIS_CC5_360185
971,8CLAY_360688,8PARADISE CC_360117,33.47863869,-88.74043971,37.259697,-86.976991,500,ac,default,default,8CLAY_360688-8PARADISE_CC_360117
972,8CLAY_360688,8PHIPPS B NP_360102,33.47863869,-88.74043971,36.46070569,-82.80788409,500,ac,default,default,8CLAY_360688-8PHIPPS_B_NP_360102
973,8CLAY_360688,8PIN HOOK TN_360581,33.47863869,-88.74043971,36.04646628,-86.60595108,500,ac,default,default,8CLAY_360688-8PIN_HOOK_TN_360581
974,8CLAY_360688,8PLATEAU TN_360077,33.47863869,-88.74043971,36.05858036,-85.14194112,500,ac,default,default,8CLAY_360688-8PLATEAU_TN_360077
975,8CLAY_360688,8RACCOON MTN_360079,33.47863869,-88.74043971,35.05681146,-85.38724619,500,ac,default,default,8CLAY_360688-8RACCOON_MTN_360079
976,8CLAY_360688,8RUTHERFORD_360010,33.47863869,-88.74043971,35.82791498,-86.59841524,500,ac,default,default,8CLAY_360688-8RUTHERFORD_360010
977,8CLAY_360688,8SEQUOYAH NP_360081,33.47863869,-88.74043971,35.22706031,-85.09419774,500,ac,default,default,8CLAY_360688-8SEQUOYAH_NP_360081
978,8CLAY_360688,8SHELBY TN_360021,33.47863869,-88.74043971,35.38606284,-89.80340294,500,ac,default,default,8CLAY_360688-8SHELBY_TN_360021
979,8CLAY_360688,8TRICO STEEL_360014,33.47863869,-88.74043971,34.60872576,-87.05506218,500,ac,default,default,8CLAY_360688-8TRICO_STEEL_360014
980,8CLAY_360688,8UNION MS_360033,33.47863869,-88.74043971,34.37783096,-88.85850114,500,ac,default,default,8CLAY_360688-8UNION_MS_360033
981,8CLAY_360688,8VOLUNTEER_360097,33.47863869,-88.74043971,36.1219789,-83.81482256,500,ac,default,default,8CLAY_360688-8VOLUNTEER_360097
982,8CLAY_360688,8WEST POINT_360035,33.47863869,-88.74043971,33.63551392,-88.65363834,500,ac,default,default,8CLAY_360688-8WEST_POINT_360035
983,8CLAY_360688,8WID CRK FP_360065,33.47863869,-88.74043971,34.88726197,-85.75423778,500,ac,default,default,8CLAY_360688-8WID_CRK_FP_360065
984,8CLAY_360688,8WILSON TN_360071,33.47863869,-88.74043971,36.2052377,-86.46506033,500,ac,default,default,8CLAY_360688-8WILSON_TN_360071
985,8COGEN CALED_360606,8CUMBERLAND_360040,33.64779158,-88.31593565,36.3921331,-87.65747953,500,ac,default,default,8COGEN_CALED_360606-8CUMBERLAND_360040
986,8COGEN CALED_360606,8DAVIDSON TN_360048,33.64779158,-88.31593565,36.06703747,-86.9841046,500,ac,default,default,8COGEN_CALED_360606-8DAVIDSON_TN_360048
987,8COGEN CALED_360606,8E POINT AL_360058,33.64779158,-88.31593565,34.19181783,-86.74805975,500,ac,default,default,8COGEN_CALED_360606-8E_POINT_AL_360058
988,8COGEN CALED_360606,8FRANKLIN TN_360069,33.64779158,-88.31593565,35.33506701,-86.11727644,500,ac,default,default,8COGEN_CALED_360606-8FRANKLIN_TN_360069
989,8COGEN CALED_360606,8GLEASON CT_360582,33.64779158,-88.31593565,36.24522988,-88.6114255,500,ac,default,default,8COGEN_CALED_360606-8GLEASON_CT_360582
990,8COGEN CALED_360606,8HAYWOOD TN_360542,33.64779158,-88.31593565,35.54308246,-89.19654872,500,ac,default,default,8COGEN_CALED_360606-8HAYWOOD_TN_360542
991,8COGEN CALED_360606,8HIWASSEE TN_360110,33.64779158,-88.31593565,35.60032498,-84.78911434,500,ac,default,default,8COGEN_CALED_360606-8HIWASSEE_TN_360110
992,8COGEN CALED_360606,8JACKSON TN_360019,33.64779158,-88.31593565,35.70901203,-88.79407261,500,ac,default,default,8COGEN_CALED_360606-8JACKSON_TN_360019
993,8COGEN CALED_360606,8JVILLE FP_360037,33.64779158,-88.31593565,36.02382902,-87.98154082,500,ac,default,default,8COGEN_CALED_360606-8JVILLE_FP_360037
994,8COGEN CALED_360606,8LAG CRK CC_360615,33.64779158,-88.31593565,35.65702785,-89.39460044,500,ac,default,default,8COGEN_CALED_360606-8LAG_CRK_CC_360615
995,8COGEN CALED_360606,8LAG CRK CT_360568,33.64779158,-88.31593565,36.27534882,-88.83423675,500,ac,default,default,8COGEN_CALED_360606-8LAG_CRK_CT_360568
996,8COGEN CALED_360606,8LIMESTONE_360088,33.64779158,-88.31593565,34.71890958,-86.84630969,500,ac,default,default,8COGEN_CALED_360606-8LIMESTONE_360088
997,8COGEN CALED_360606,8MADISON AL_360060,33.64779158,-88.31593565,34.79577878,-86.52158584,500,ac,default,default,8COGEN_CALED_360606-8MADISON_AL_360060
998,8COGEN CALED_360606,8MAGNOL CC1_360613,33.64779158,-88.31593565,34.8287922,-89.20041124,500,ac,default,default,8COGEN_CALED_360606-8MAGNOL_CC1_360613
999,8COGEN CALED_360606,8MARSHALL KY_360015,33.64779158,-88.31593565,37.02455006,-88.39384277,500,ac,default,default,8COGEN_CALED_360606-8MARSHALL_KY_360015
1000,8COGEN CALED_360606,8MAURY TN_360050,33.64779158,-88.31593565,35.672863,-87.01861625,500,ac,default,default,8COGEN_CALED_360606-8MAURY_TN_360050
1001,8COGEN CALED_360606,8MONTGOMERY_360044,33.64779158,-88.31593565,36.59438524,-87.25325857,500,ac,default,default,8COGEN_CALED_360606-8MONTGOMERY_360044
1002,8COGEN CALED_360606,8PARADIS CC5_360185,33.64779158,-88.31593565,37.25966758,-86.97670194,500,ac,default,default,8COGEN_CALED_360606-8PARADIS_CC5_360185
1003,8COGEN CALED_360606,8PARADISE CC_360117,33.64779158,-88.31593565,37.259697,-86.976991,500,ac,default,default,8COGEN_CALED_360606-8PARADISE_CC_360117
1004,8COGEN CALED_360606,8PHIPPS B NP_360102,33.64779158,-88.31593565,36.46070569,-82.80788409,500,ac,default,default,8COGEN_CALED_360606-8PHIPPS_B_NP_360102
1005,8COGEN CALED_360606,8PIN HOOK TN_360581,33.64779158,-88.31593565,36.04646628,-86.60595108,500,ac,default,default,8COGEN_CALED_360606-8PIN_HOOK_TN_360581
1006,8COGEN CALED_360606,8PLATEAU TN_360077,33.64779158,-88.31593565,36.05858036,-85.14194112,500,ac,default,default,8COGEN_CALED_360606-8PLATEAU_TN_360077
1007,8COGEN CALED_360606,8RACCOON MTN_360079,33.64779158,-88.31593565,35.05681146,-85.38724619,500,ac,default,default,8COGEN_CALED_360606-8RACCOON_MTN_360079
1008,8COGEN CALED_360606,8RUTHERFORD_360010,33.64779158,-88.31593565,35.82791498,-86.59841524,500,ac,default,default,8COGEN_CALED_360606-8RUTHERFORD_360010
1009,8COGEN CALED_360606,8SEQUOYAH NP_360081,33.64779158,-88.31593565,35.22706031,-85.09419774,500,ac,default,default,8COGEN_CALED_360606-8SEQUOYAH_NP_360081
1010,8COGEN CALED_360606,8SHELBY TN_360021,33.64779158,-88.31593565,35.38606284,-89.80340294,500,ac,default,default,8COGEN_CALED_360606-8SHELBY_TN_360021
1011,8COGEN CALED_360606,8TRICO STEEL_360014,33.64779158,-88.31593565,34.60872576,-87.05506218,500,ac,default,default,8COGEN_CALED_360606-8TRICO_STEEL_360014
1012,8COGEN CALED_360606,8UNION MS_360033,33.64779158,-88.31593565,34.37783096,-88.85850114,500,ac,default,default,8COGEN_CALED_360606-8UNION_MS_360033
1013,8COGEN CALED_360606,8VOLUNTEER_360097,33.64779158,-88.31593565,36.1219789,-83.81482256,500,ac,default,default,8COGEN_CALED_360606-8VOLUNTEER_360097
1014,8COGEN CALED_360606,8WEST POINT_360035,33.64779158,-88.31593565,33.63551392,-88.65363834,500,ac,default,default,8COGEN_CALED_360606-8WEST_POINT_360035
1015,8COGEN CALED_360606,8WID CRK FP_360065,33.64779158,-88.31593565,34.88726197,-85.75423778,500,ac,default,default,8COGEN_CALED_360606-8WID_CRK_FP_360065
1016,8COGEN CALED_360606,8WILSON TN_360071,33.64779158,-88.31593565,36.2052377,-86.46506033,500,ac,default,default,8COGEN_CALED_360606-8WILSON_TN_360071
1017,8CUMBERLAND_360040,8DAVIDSON TN_360048,36.3921331,-87.65747953,36.06703747,-86.9841046,500,ac,default,default,8CUMBERLAND_360040-8DAVIDSON_TN_360048
1018,8CUMBERLAND_360040,8E POINT AL_360058,36.3921331,-87.65747953,34.19181783,-86.74805975,500,ac,default,default,8CUMBERLAND_360040-8E_POINT_AL_360058
1019,8CUMBERLAND_360040,8FRANKLIN TN_360069,36.3921331,-87.65747953,35.33506701,-86.11727644,500,ac,default,default,8CUMBERLAND_360040-8FRANKLIN_TN_360069
1020,8CUMBERLAND_360040,8GLEASON CT_360582,36.3921331,-87.65747953,36.24522988,-88.6114255,500,ac,default,default,8CUMBERLAND_360040-8GLEASON_CT_360582
1021,8CUMBERLAND_360040,8HAYWOOD TN_360542,36.3921331,-87.65747953,35.54308246,-89.19654872,500,ac,default,default,8CUMBERLAND_360040-8HAYWOOD_TN_360542
1022,8CUMBERLAND_360040,8HIWASSEE TN_360110,36.3921331,-87.65747953,35.60032498,-84.78911434,500,ac,default,default,8CUMBERLAND_360040-8HIWASSEE_TN_360110
1023,8CUMBERLAND_360040,8JACKSON TN_360019,36.3921331,-87.65747953,35.70901203,-88.79407261,500,ac,default,default,8CUMBERLAND_360040-8JACKSON_TN_360019
1024,8CUMBERLAND_360040,8JVILLE FP_360037,36.3921331,-87.65747953,36.02382902,-87.98154082,500,ac,default,default,8CUMBERLAND_360040-8JVILLE_FP_360037
1025,8CUMBERLAND_360040,8LAG CRK CC_360615,36.3921331,-87.65747953,35.65702785,-89.39460044,500,ac,default,default,8CUMBERLAND_360040-8LAG_CRK_CC_360615
1026,8CUMBERLAND_360040,8LAG CRK CT_360568,36.3921331,-87.65747953,36.27534882,-88.83423675,500,ac,default,default,8CUMBERLAND_360040-8LAG_CRK_CT_360568
1027,8CUMBERLAND_360040,8LIMESTONE_360088,36.3921331,-87.65747953,34.71890958,-86.84630969,500,ac,default,default,8CUMBERLAND_360040-8LIMESTONE_360088
1028,8CUMBERLAND_360040,8MADISON AL_360060,36.3921331,-87.65747953,34.79577878,-86.52158584,500,ac,default,default,8CUMBERLAND_360040-8MADISON_AL_360060
1029,8CUMBERLAND_360040,8MAGNOL CC1_360613,36.3921331,-87.65747953,34.8287922,-89.20041124,500,ac,default,default,8CUMBERLAND_360040-8MAGNOL_CC1_360613
1030,8CUMBERLAND_360040,8MARSHALL KY_360015,36.3921331,-87.65747953,37.02455006,-88.39384277,500,ac,default,default,8CUMBERLAND_360040-8MARSHALL_KY_360015
1031,8CUMBERLAND_360040,8MAURY TN_360050,36.3921331,-87.65747953,35.672863,-87.01861625,500,ac,default,default,8CUMBERLAND_360040-8MAURY_TN_360050
1032,8CUMBERLAND_360040,8MONTGOMERY_360044,36.3921331,-87.65747953,36.59438524,-87.25325857,500,ac,default,default,8CUMBERLAND_360040-8MONTGOMERY_360044
1033,8CUMBERLAND_360040,8PARADIS CC5_360185,36.3921331,-87.65747953,37.25966758,-86.97670194,500,ac,default,default,8CUMBERLAND_360040-8PARADIS_CC5_360185
1034,8CUMBERLAND_360040,8PARADISE CC_360117,36.3921331,-87.65747953,37.259697,-86.976991,500,ac,default,default,8CUMBERLAND_360040-8PARADISE_CC_360117
1035,8CUMBERLAND_360040,8PHIPPS B NP_360102,36.3921331,-87.65747953,36.46070569,-82.80788409,500,ac,default,default,8CUMBERLAND_360040-8PHIPPS_B_NP_360102
1036,8CUMBERLAND_360040,8PIN HOOK TN_360581,36.3921331,-87.65747953,36.04646628,-86.60595108,500,ac,default,default,8CUMBERLAND_360040-8PIN_HOOK_TN_360581
1037,8CUMBERLAND_360040,8PLATEAU TN_360077,36.3921331,-87.65747953,36.05858036,-85.14194112,500,ac,default,default,8CUMBERLAND_360040-8PLATEAU_TN_360077
1038,8CUMBERLAND_360040,8RACCOON MTN_360079,36.3921331,-87.65747953,35.05681146,-85.38724619,500,ac,default,default,8CUMBERLAND_360040-8RACCOON_MTN_360079
1039,8CUMBERLAND_360040,8RUTHERFORD_360010,36.3921331,-87.65747953,35.82791498,-86.59841524,500,ac,default,default,8CUMBERLAND_360040-8RUTHERFORD_360010
1040,8CUMBERLAND_360040,8SEQUOYAH NP_360081,36.3921331,-87.65747953,35.22706031,-85.09419774,500,ac,default,default,8CUMBERLAND_360040-8SEQUOYAH_NP_360081
1041,8CUMBERLAND_360040,8SHELBY TN_360021,36.3921331,-87.65747953,35.38606284,-89.80340294,500,ac,default,default,8CUMBERLAND_360040-8SHELBY_TN_360021
1042,8CUMBERLAND_360040,8TRICO STEEL_360014,36.3921331,-87.65747953,34.60872576,-87.05506218,500,ac,default,default,8CUMBERLAND_360040-8TRICO_STEEL_360014
1043,8CUMBERLAND_360040,8UNION MS_360033,36.3921331,-87.65747953,34.37783096,-88.85850114,500,ac,default,default,8CUMBERLAND_360040-8UNION_MS_360033
1044,8CUMBERLAND_360040,8VOLUNTEER_360097,36.3921331,-87.65747953,36.1219789,-83.81482256,500,ac,default,default,8CUMBERLAND_360040-8VOLUNTEER_360097
1045,8CUMBERLAND_360040,8WEST POINT_360035,36.3921331,-87.65747953,33.63551392,-88.65363834,500,ac,default,default,8CUMBERLAND_360040-8WEST_POINT_360035
1046,8CUMBERLAND_360040,8WID CRK FP_360065,36.3921331,-87.65747953,34.88726197,-85.75423778,500,ac,default,default,8CUMBERLAND_360040-8WID_CRK_FP_360065
1047,8CUMBERLAND_360040,8WILSON TN_360071,36.3921331,-87.65747953,36.2052377,-86.46506033,500,ac,default,default,8CUMBERLAND_360040-8WILSON_TN_360071
1048,8DAVIDSON TN_360048,8E POINT AL_360058,36.06703747,-86.9841046,34.19181783,-86.74805975,500,ac,default,default,8DAVIDSON_TN_360048-8E_POINT_AL_360058
1049,8DAVIDSON TN_360048,8FRANKLIN TN_360069,36.06703747,-86.9841046,35.33506701,-86.11727644,500,ac,default,default,8DAVIDSON_TN_360048-8FRANKLIN_TN_360069
1050,8DAVIDSON TN_360048,8GLEASON CT_360582,36.06703747,-86.9841046,36.24522988,-88.6114255,500,ac,default,default,8DAVIDSON_TN_360048-8GLEASON_CT_360582
1051,8DAVIDSON TN_360048,8HAYWOOD TN_360542,36.06703747,-86.9841046,35.54308246,-89.19654872,500,ac,default,default,8DAVIDSON_TN_360048-8HAYWOOD_TN_360542
1052,8DAVIDSON TN_360048,8HIWASSEE TN_360110,36.06703747,-86.9841046,35.60032498,-84.78911434,500,ac,default,default,8DAVIDSON_TN_360048-8HIWASSEE_TN_360110
1053,8DAVIDSON TN_360048,8JACKSON TN_360019,36.06703747,-86.9841046,35.70901203,-88.79407261,500,ac,default,default,8DAVIDSON_TN_360048-8JACKSON_TN_360019
1054,8DAVIDSON TN_360048,8JVILLE FP_360037,36.06703747,-86.9841046,36.02382902,-87.98154082,500,ac,default,default,8DAVIDSON_TN_360048-8JVILLE_FP_360037
1055,8DAVIDSON TN_360048,8LAG CRK CC_360615,36.06703747,-86.9841046,35.65702785,-89.39460044,500,ac,default,default,8DAVIDSON_TN_360048-8LAG_CRK_CC_360615
1056,8DAVIDSON TN_360048,8LAG CRK CT_360568,36.06703747,-86.9841046,36.27534882,-88.83423675,500,ac,default,default,8DAVIDSON_TN_360048-8LAG_CRK_CT_360568
1057,8DAVIDSON TN_360048,8LIMESTONE_360088,36.06703747,-86.9841046,34.71890958,-86.84630969,500,ac,default,default,8DAVIDSON_TN_360048-8LIMESTONE_360088
1058,8DAVIDSON TN_360048,8MADISON AL_360060,36.06703747,-86.9841046,34.79577878,-86.52158584,500,ac,default,default,8DAVIDSON_TN_360048-8MADISON_AL_360060
1059,8DAVIDSON TN_360048,8MAGNOL CC1_360613,36.06703747,-86.9841046,34.8287922,-89.20041124,500,ac,default,default,8DAVIDSON_TN_360048-8MAGNOL_CC1_360613
1060,8DAVIDSON TN_360048,8MARSHALL KY_360015,36.06703747,-86.9841046,37.02455006,-88.39384277,500,ac,default,default,8DAVIDSON_TN_360048-8MARSHALL_KY_360015
1061,8DAVIDSON TN_360048,8MAURY TN_360050,36.06703747,-86.9841046,35.672863,-87.01861625,500,ac,default,default,8DAVIDSON_TN_360048-8MAURY_TN_360050
1062,8DAVIDSON TN_360048,8MONTGOMERY_360044,36.06703747,-86.9841046,36.59438524,-87.25325857,500,ac,default,default,8DAVIDSON_TN_360048-8MONTGOMERY_360044
1063,8DAVIDSON TN_360048,8PARADIS CC5_360185,36.06703747,-86.9841046,37.25966758,-86.97670194,500,ac,default,default,8DAVIDSON_TN_360048-8PARADIS_CC5_360185
1064,8DAVIDSON TN_360048,8PARADISE CC_360117,36.06703747,-86.9841046,37.259697,-86.976991,500,ac,default,default,8DAVIDSON_TN_360048-8PARADISE_CC_360117
1065,8DAVIDSON TN_360048,8PHIPPS B NP_360102,36.06703747,-86.9841046,36.46070569,-82.80788409,500,ac,default,default,8DAVIDSON_TN_360048-8PHIPPS_B_NP_360102
1066,8DAVIDSON TN_360048,8PIN HOOK TN_360581,36.06703747,-86.9841046,36.04646628,-86.60595108,500,ac,default,default,8DAVIDSON_TN_360048-8PIN_HOOK_TN_360581
1067,8DAVIDSON TN_360048,8PLATEAU TN_360077,36.06703747,-86.9841046,36.05858036,-85.14194112,500,ac,default,default,8DAVIDSON_TN_360048-8PLATEAU_TN_360077
1068,8DAVIDSON TN_360048,8RACCOON MTN_360079,36.06703747,-86.9841046,35.05681146,-85.38724619,500,ac,default,default,8DAVIDSON_TN_360048-8RACCOON_MTN_360079
1069,8DAVIDSON TN_360048,8RUTHERFORD_360010,36.06703747,-86.9841046,35.82791498,-86.59841524,500,ac,default,default,8DAVIDSON_TN_360048-8RUTHERFORD_360010
1070,8DAVIDSON TN_360048,8SEQUOYAH NP_360081,36.06703747,-86.9841046,35.22706031,-85.09419774,500,ac,default,default,8DAVIDSON_TN_360048-8SEQUOYAH_NP_360081
1071,8DAVIDSON TN_360048,8SHELBY TN_360021,36.06703747,-86.9841046,35.38606284,-89.80340294,500,ac,default,default,8DAVIDSON_TN_360048-8SHELBY_TN_360021
1072,8DAVIDSON TN_360048,8TRICO STEEL_360014,36.06703747,-86.9841046,34.60872576,-87.05506218,500,ac,default,default,8DAVIDSON_TN_360048-8TRICO_STEEL_360014
1073,8DAVIDSON TN_360048,8UNION MS_360033,36.06703747,-86.9841046,34.37783096,-88.85850114,500,ac,default,default,8DAVIDSON_TN_360048-8UNION_MS_360033
1074,8DAVIDSON TN_360048,8VOLUNTEER_360097,36.06703747,-86.9841046,36.1219789,-83.81482256,500,ac,default,default,8DAVIDSON_TN_360048-8VOLUNTEER_360097
1075,8DAVIDSON TN_360048,8WEST POINT_360035,36.06703747,-86.9841046,33.63551392,-88.65363834,500,ac,default,default,8DAVIDSON_TN_360048-8WEST_POINT_360035
1076,8DAVIDSON TN_360048,8WID CRK FP_360065,36.06703747,-86.9841046,34.88726197,-85.75423778,500,ac,default,default,8DAVIDSON_TN_360048-8WID_CRK_FP_360065
1077,8DAVIDSON TN_360048,8WILSON TN_360071,36.06703747,-86.9841046,36.2052377,-86.46506033,500,ac,default,default,8DAVIDSON_TN_360048-8WILSON_TN_360071
1078,8E POINT AL_360058,8FRANKLIN TN_360069,34.19181783,-86.74805975,35.33506701,-86.11727644,500,ac,default,default,8E_POINT_AL_360058-8FRANKLIN_TN_360069
1079,8E POINT AL_360058,8GLEASON CT_360582,34.19181783,-86.74805975,36.24522988,-88.6114255,500,ac,default,default,8E_POINT_AL_360058-8GLEASON_CT_360582
1080,8E POINT AL_360058,8HAYWOOD TN_360542,34.19181783,-86.74805975,35.54308246,-89.19654872,500,ac,default,default,8E_POINT_AL_360058-8HAYWOOD_TN_360542
1081,8E POINT AL_360058,8HIWASSEE TN_360110,34.19181783,-86.74805975,35.60032498,-84.78911434,500,ac,default,default,8E_POINT_AL_360058-8HIWASSEE_TN_360110
1082,8E POINT AL_360058,8JACKSON TN_360019,34.19181783,-86.74805975,35.70901203,-88.79407261,500,ac,default,default,8E_POINT_AL_360058-8JACKSON_TN_360019
1083,8E POINT AL_360058,8JVILLE FP_360037,34.19181783,-86.74805975,36.02382902,-87.98154082,500,ac,default,default,8E_POINT_AL_360058-8JVILLE_FP_360037
1084,8E POINT AL_360058,8LAG CRK CC_360615,34.19181783,-86.74805975,35.65702785,-89.39460044,500,ac,default,default,8E_POINT_AL_360058-8LAG_CRK_CC_360615
1085,8E POINT AL_360058,8LAG CRK CT_360568,34.19181783,-86.74805975,36.27534882,-88.83423675,500,ac,default,default,8E_POINT_AL_360058-8LAG_CRK_CT_360568
1086,8E POINT AL_360058,8LIMESTONE_360088,34.19181783,-86.74805975,34.71890958,-86.84630969,500,ac,default,default,8E_POINT_AL_360058-8LIMESTONE_360088
1087,8E POINT AL_360058,8MADISON AL_360060,34.19181783,-86.74805975,34.79577878,-86.52158584,500,ac,default,default,8E_POINT_AL_360058-8MADISON_AL_360060
1088,8E POINT AL_360058,8MAGNOL CC1_360613,34.19181783,-86.74805975,34.8287922,-89.20041124,500,ac,default,default,8E_POINT_AL_360058-8MAGNOL_CC1_360613
1089,8E POINT AL_360058,8MARSHALL KY_360015,34.19181783,-86.74805975,37.02455006,-88.39384277,500,ac,default,default,8E_POINT_AL_360058-8MARSHALL_KY_360015
1090,8E POINT AL_360058,8MAURY TN_360050,34.19181783,-86.74805975,35.672863,-87.01861625,500,ac,default,default,8E_POINT_AL_360058-8MAURY_TN_360050
1091,8E POINT AL_360058,8MONTGOMERY_360044,34.19181783,-86.74805975,36.59438524,-87.25325857,500,ac,default,default,8E_POINT_AL_360058-8MONTGOMERY_360044
1092,8E POINT AL_360058,8PARADIS CC5_360185,34.19181783,-86.74805975,37.25966758,-86.97670194,500,ac,default,default,8E_POINT_AL_360058-8PARADIS_CC5_360185
1093,8E POINT AL_360058,8PARADISE CC_360117,34.19181783,-86.74805975,37.259697,-86.976991,500,ac,default,default,8E_POINT_AL_360058-8PARADISE_CC_360117
1094,8E POINT AL_360058,8PHIPPS B NP_360102,34.19181783,-86.74805975,36.46070569,-82.80788409,500,ac,default,default,8E_POINT_AL_360058-8PHIPPS_B_NP_360102
1095,8E POINT AL_360058,8PIN HOOK TN_360581,34.19181783,-86.74805975,36.04646628,-86.60595108,500,ac,default,default,8E_POINT_AL_360058-8PIN_HOOK_TN_360581
1096,8E POINT AL_360058,8PLATEAU TN_360077,34.19181783,-86.74805975,36.05858036,-85.14194112,500,ac,default,default,8E_POINT_AL_360058-8PLATEAU_TN_360077
1097,8E POINT AL_360058,8RACCOON MTN_360079,34.19181783,-86.74805975,35.05681146,-85.38724619,500,ac,default,default,8E_POINT_AL_360058-8RACCOON_MTN_360079
1098,8E POINT AL_360058,8RUTHERFORD_360010,34.19181783,-86.74805975,35.82791498,-86.59841524,500,ac,default,default,8E_POINT_AL_360058-8RUTHERFORD_360010
1099,8E POINT AL_360058,8SEQUOYAH NP_360081,34.19181783,-86.74805975,35.22706031,-85.09419774,500,ac,default,default,8E_POINT_AL_360058-8SEQUOYAH_NP_360081
1100,8E POINT AL_360058,8SHELBY TN_360021,34.19181783,-86.74805975,35.38606284,-89.80340294,500,ac,default,default,8E_POINT_AL_360058-8SHELBY_TN_360021
1101,8E POINT AL_360058,8TRICO STEEL_360014,34.19181783,-86.74805975,34.60872576,-87.05506218,500,ac,default,default,8E_POINT_AL_360058-8TRICO_STEEL_360014
1102,8E POINT AL_360058,8UNION MS_360033,34.19181783,-86.74805975,34.37783096,-88.85850114,500,ac,default,default,8E_POINT_AL_360058-8UNION_MS_360033
1103,8E POINT AL_360058,8VOLUNTEER_360097,34.19181783,-86.74805975,36.1219789,-83.81482256,500,ac,default,default,8E_POINT_AL_360058-8VOLUNTEER_360097
1104,8E POINT AL_360058,8WEST POINT_360035,34.19181783,-86.74805975,33.63551392,-88.65363834,500,ac,default,default,8E_POINT_AL_360058-8WEST_POINT_360035
1105,8E POINT AL_360058,8WID CRK FP_360065,34.19181783,-86.74805975,34.88726197,-85.75423778,500,ac,default,default,8E_POINT_AL_360058-8WID_CRK_FP_360065
1106,8E POINT AL_360058,8WILSON TN_360071,34.19181783,-86.74805975,36.2052377,-86.46506033,500,ac,default,default,8E_POINT_AL_360058-8WILSON_TN_360071
1107,8FRANKLIN TN_360069,8GLEASON CT_360582,35.33506701,-86.11727644,36.24522988,-88.6114255,500,ac,default,default,8FRANKLIN_TN_360069-8GLEASON_CT_360582
1108,8FRANKLIN TN_360069,8HAYWOOD TN_360542,35.33506701,-86.11727644,35.54308246,-89.19654872,500,ac,default,default,8FRANKLIN_TN_360069-8HAYWOOD_TN_360542
1109,8FRANKLIN TN_360069,8HIWASSEE TN_360110,35.33506701,-86.11727644,35.60032498,-84.78911434,500,ac,default,default,8FRANKLIN_TN_360069-8HIWASSEE_TN_360110
1110,8FRANKLIN TN_360069,8JACKSON TN_360019,35.33506701,-86.11727644,35.70901203,-88.79407261,500,ac,default,default,8FRANKLIN_TN_360069-8JACKSON_TN_360019
1111,8FRANKLIN TN_360069,8JVILLE FP_360037,35.33506701,-86.11727644,36.02382902,-87.98154082,500,ac,default,default,8FRANKLIN_TN_360069-8JVILLE_FP_360037
1112,8FRANKLIN TN_360069,8LAG CRK CC_360615,35.33506701,-86.11727644,35.65702785,-89.39460044,500,ac,default,default,8FRANKLIN_TN_360069-8LAG_CRK_CC_360615
1113,8FRANKLIN TN_360069,8LAG CRK CT_360568,35.33506701,-86.11727644,36.27534882,-88.83423675,500,ac,default,default,8FRANKLIN_TN_360069-8LAG_CRK_CT_360568
1114,8FRANKLIN TN_360069,8LIMESTONE_360088,35.33506701,-86.11727644,34.71890958,-86.84630969,500,ac,default,default,8FRANKLIN_TN_360069-8LIMESTONE_360088
1115,8FRANKLIN TN_360069,8MADISON AL_360060,35.33506701,-86.11727644,34.79577878,-86.52158584,500,ac,default,default,8FRANKLIN_TN_360069-8MADISON_AL_360060
1116,8FRANKLIN TN_360069,8MAGNOL CC1_360613,35.33506701,-86.11727644,34.8287922,-89.20041124,500,ac,default,default,8FRANKLIN_TN_360069-8MAGNOL_CC1_360613
1117,8FRANKLIN TN_360069,8MARSHALL KY_360015,35.33506701,-86.11727644,37.02455006,-88.39384277,500,ac,default,default,8FRANKLIN_TN_360069-8MARSHALL_KY_360015
1118,8FRANKLIN TN_360069,8MAURY TN_360050,35.33506701,-86.11727644,35.672863,-87.01861625,500,ac,default,default,8FRANKLIN_TN_360069-8MAURY_TN_360050
1119,8FRANKLIN TN_360069,8MONTGOMERY_360044,35.33506701,-86.11727644,36.59438524,-87.25325857,500,ac,default,default,8FRANKLIN_TN_360069-8MONTGOMERY_360044
1120,8FRANKLIN TN_360069,8PARADIS CC5_360185,35.33506701,-86.11727644,37.25966758,-86.97670194,500,ac,default,default,8FRANKLIN_TN_360069-8PARADIS_CC5_360185
1121,8FRANKLIN TN_360069,8PARADISE CC_360117,35.33506701,-86.11727644,37.259697,-86.976991,500,ac,default,default,8FRANKLIN_TN_360069-8PARADISE_CC_360117
1122,8FRANKLIN TN_360069,8PHIPPS B NP_360102,35.33506701,-86.11727644,36.46070569,-82.80788409,500,ac,default,default,8FRANKLIN_TN_360069-8PHIPPS_B_NP_360102
1123,8FRANKLIN TN_360069,8PIN HOOK TN_360581,35.33506701,-86.11727644,36.04646628,-86.60595108,500,ac,default,default,8FRANKLIN_TN_360069-8PIN_HOOK_TN_360581
1124,8FRANKLIN TN_360069,8PLATEAU TN_360077,35.33506701,-86.11727644,36.05858036,-85.14194112,500,ac,default,default,8FRANKLIN_TN_360069-8PLATEAU_TN_360077
1125,8FRANKLIN TN_360069,8RACCOON MTN_360079,35.33506701,-86.11727644,35.05681146,-85.38724619,500,ac,default,default,8FRANKLIN_TN_360069-8RACCOON_MTN_360079
1126,8FRANKLIN TN_360069,8RUTHERFORD_360010,35.33506701,-86.11727644,35.82791498,-86.59841524,500,ac,default,default,8FRANKLIN_TN_360069-8RUTHERFORD_360010
1127,8FRANKLIN TN_360069,8SEQUOYAH NP_360081,35.33506701,-86.11727644,35.22706031,-85.09419774,500,ac,default,default,8FRANKLIN_TN_360069-8SEQUOYAH_NP_360081
1128,8FRANKLIN TN_360069,8SHELBY TN_360021,35.33506701,-86.11727644,35.38606284,-89.80340294,500,ac,default,default,8FRANKLIN_TN_360069-8SHELBY_TN_360021
1129,8FRANKLIN TN_360069,8TRICO STEEL_360014,35.33506701,-86.11727644,34.60872576,-87.05506218,500,ac,default,default,8FRANKLIN_TN_360069-8TRICO_STEEL_360014
1130,8FRANKLIN TN_360069,8UNION MS_360033,35.33506701,-86.11727644,34.37783096,-88.85850114,500,ac,default,default,8FRANKLIN_TN_360069-8UNION_MS_360033
1131,8FRANKLIN TN_360069,8VOLUNTEER_360097,35.33506701,-86.11727644,36.1219789,-83.81482256,500,ac,default,default,8FRANKLIN_TN_360069-8VOLUNTEER_360097
1132,8FRANKLIN TN_360069,8WEST POINT_360035,35.33506701,-86.11727644,33.63551392,-88.65363834,500,ac,default,default,8FRANKLIN_TN_360069-8WEST_POINT_360035
1133,8FRANKLIN TN_360069,8WID CRK FP_360065,35.33506701,-86.11727644,34.88726197,-85.75423778,500,ac,default,default,8FRANKLIN_TN_360069-8WID_CRK_FP_360065
1134,8FRANKLIN TN_360069,8WILSON TN_360071,35.33506701,-86.11727644,36.2052377,-86.46506033,500,ac,default,default,8FRANKLIN_TN_360069-8WILSON_TN_360071
1135,8GLEASON CT_360582,8HAYWOOD TN_360542,36.24522988,-88.6114255,35.54308246,-89.19654872,500,ac,default,default,8GLEASON_CT_360582-8HAYWOOD_TN_360542
1136,8GLEASON CT_360582,8HIWASSEE TN_360110,36.24522988,-88.6114255,35.60032498,-84.78911434,500,ac,default,default,8GLEASON_CT_360582-8HIWASSEE_TN_360110
1137,8GLEASON CT_360582,8JACKSON TN_360019,36.24522988,-88.6114255,35.70901203,-88.79407261,500,ac,default,default,8GLEASON_CT_360582-8JACKSON_TN_360019
1138,8GLEASON CT_360582,8JVILLE FP_360037,36.24522988,-88.6114255,36.02382902,-87.98154082,500,ac,default,default,8GLEASON_CT_360582-8JVILLE_FP_360037
1139,8GLEASON CT_360582,8LAG CRK CC_360615,36.24522988,-88.6114255,35.65702785,-89.39460044,500,ac,default,default,8GLEASON_CT_360582-8LAG_CRK_CC_360615
1140,8GLEASON CT_360582,8LAG CRK CT_360568,36.24522988,-88.6114255,36.27534882,-88.83423675,500,ac,default,default,8GLEASON_CT_360582-8LAG_CRK_CT_360568
1141,8GLEASON CT_360582,8LIMESTONE_360088,36.24522988,-88.6114255,34.71890958,-86.84630969,500,ac,default,default,8GLEASON_CT_360582-8LIMESTONE_360088
1142,8GLEASON CT_360582,8MADISON AL_360060,36.24522988,-88.6114255,34.79577878,-86.52158584,500,ac,default,default,8GLEASON_CT_360582-8MADISON_AL_360060
1143,8GLEASON CT_360582,8MAGNOL CC1_360613,36.24522988,-88.6114255,34.8287922,-89.20041124,500,ac,default,default,8GLEASON_CT_360582-8MAGNOL_CC1_360613
1144,8GLEASON CT_360582,8MARSHALL KY_360015,36.24522988,-88.6114255,37.02455006,-88.39384277,500,ac,default,default,8GLEASON_CT_360582-8MARSHALL_KY_360015
1145,8GLEASON CT_360582,8MAURY TN_360050,36.24522988,-88.6114255,35.672863,-87.01861625,500,ac,default,default,8GLEASON_CT_360582-8MAURY_TN_360050
1146,8GLEASON CT_360582,8MONTGOMERY_360044,36.24522988,-88.6114255,36.59438524,-87.25325857,500,ac,default,default,8GLEASON_CT_360582-8MONTGOMERY_360044
1147,8GLEASON CT_360582,8PARADIS CC5_360185,36.24522988,-88.6114255,37.25966758,-86.97670194,500,ac,default,default,8GLEASON_CT_360582-8PARADIS_CC5_360185
1148,8GLEASON CT_360582,8PARADISE CC_360117,36.24522988,-88.6114255,37.259697,-86.976991,500,ac,default,default,8GLEASON_CT_360582-8PARADISE_CC_360117
1149,8GLEASON CT_360582,8PHIPPS B NP_360102,36.24522988,-88.6114255,36.46070569,-82.80788409,500,ac,default,default,8GLEASON_CT_360582-8PHIPPS_B_NP_360102
1150,8GLEASON CT_360582,8PIN HOOK TN_360581,36.24522988,-88.6114255,36.04646628,-86.60595108,500,ac,default,default,8GLEASON_CT_360582-8PIN_HOOK_TN_360581
1151,8GLEASON CT_360582,8PLATEAU TN_360077,36.24522988,-88.6114255,36.05858036,-85.14194112,500,ac,default,default,8GLEASON_CT_360582-8PLATEAU_TN_360077
1152,8GLEASON CT_360582,8RACCOON MTN_360079,36.24522988,-88.6114255,35.05681146,-85.38724619,500,ac,default,default,8GLEASON_CT_360582-8RACCOON_MTN_360079
1153,8GLEASON CT_360582,8RUTHERFORD_360010,36.24522988,-88.6114255,35.82791498,-86.59841524,500,ac,default,default,8GLEASON_CT_360582-8RUTHERFORD_360010
1154,8GLEASON CT_360582,8SEQUOYAH NP_360081,36.24522988,-88.6114255,35.22706031,-85.09419774,500,ac,default,default,8GLEASON_CT_360582-8SEQUOYAH_NP_360081
1155,8GLEASON CT_360582,8SHELBY TN_360021,36.24522988,-88.6114255,35.38606284,-89.80340294,500,ac,default,default,8GLEASON_CT_360582-8SHELBY_TN_360021
1156,8GLEASON CT_360582,8TRICO STEEL_360014,36.24522988,-88.6114255,34.60872576,-87.05506218,500,ac,default,default,8GLEASON_CT_360582-8TRICO_STEEL_360014
1157,8GLEASON CT_360582,8UNION MS_360033,36.24522988,-88.6114255,34.37783096,-88.85850114,500,ac,default,default,8GLEASON_CT_360582-8UNION_MS_360033
1158,8GLEASON CT_360582,8VOLUNTEER_360097,36.24522988,-88.6114255,36.1219789,-83.81482256,500,ac,default,default,8GLEASON_CT_360582-8VOLUNTEER_360097
1159,8GLEASON CT_360582,8WEST POINT_360035,36.24522988,-88.6114255,33.63551392,-88.65363834,500,ac,default,default,8GLEASON_CT_360582-8WEST_POINT_360035
1160,8GLEASON CT_360582,8WID CRK FP_360065,36.24522988,-88.6114255,34.88726197,-85.75423778,500,ac,default,default,8GLEASON_CT_360582-8WID_CRK_FP_360065
1161,8GLEASON CT_360582,8WILSON TN_360071,36.24522988,-88.6114255,36.2052377,-86.46506033,500,ac,default,default,8GLEASON_CT_360582-8WILSON_TN_360071
1162,8HAYWOOD TN_360542,8HIWASSEE TN_360110,35.54308246,-89.19654872,35.60032498,-84.78911434,500,ac,default,default,8HAYWOOD_TN_360542-8HIWASSEE_TN_360110
1163,8HAYWOOD TN_360542,8JACKSON TN_360019,35.54308246,-89.19654872,35.70901203,-88.79407261,500,ac,default,default,8HAYWOOD_TN_360542-8JACKSON_TN_360019
1164,8HAYWOOD TN_360542,8JVILLE FP_360037,35.54308246,-89.19654872,36.02382902,-87.98154082,500,ac,default,default,8HAYWOOD_TN_360542-8JVILLE_FP_360037
1165,8HAYWOOD TN_360542,8LAG CRK CC_360615,35.54308246,-89.19654872,35.65702785,-89.39460044,500,ac,default,default,8HAYWOOD_TN_360542-8LAG_CRK_CC_360615
1166,8HAYWOOD TN_360542,8LAG CRK CT_360568,35.54308246,-89.19654872,36.27534882,-88.83423675,500,ac,default,default,8HAYWOOD_TN_360542-8LAG_CRK_CT_360568
1167,8HAYWOOD TN_360542,8LIMESTONE_360088,35.54308246,-89.19654872,34.71890958,-86.84630969,500,ac,default,default,8HAYWOOD_TN_360542-8LIMESTONE_360088
1168,8HAYWOOD TN_360542,8MADISON AL_360060,35.54308246,-89.19654872,34.79577878,-86.52158584,500,ac,default,default,8HAYWOOD_TN_360542-8MADISON_AL_360060
1169,8HAYWOOD TN_360542,8MAGNOL CC1_360613,35.54308246,-89.19654872,34.8287922,-89.20041124,500,ac,default,default,8HAYWOOD_TN_360542-8MAGNOL_CC1_360613
1170,8HAYWOOD TN_360542,8MARSHALL KY_360015,35.54308246,-89.19654872,37.02455006,-88.39384277,500,ac,default,default,8HAYWOOD_TN_360542-8MARSHALL_KY_360015
1171,8HAYWOOD TN_360542,8MAURY TN_360050,35.54308246,-89.19654872,35.672863,-87.01861625,500,ac,default,default,8HAYWOOD_TN_360542-8MAURY_TN_360050
1172,8HAYWOOD TN_360542,8MONTGOMERY_360044,35.54308246,-89.19654872,36.59438524,-87.25325857,500,ac,default,default,8HAYWOOD_TN_360542-8MONTGOMERY_360044
1173,8HAYWOOD TN_360542,8PARADIS CC5_360185,35.54308246,-89.19654872,37.25966758,-86.97670194,500,ac,default,default,8HAYWOOD_TN_360542-8PARADIS_CC5_360185
1174,8HAYWOOD TN_360542,8PARADISE CC_360117,35.54308246,-89.19654872,37.259697,-86.976991,500,ac,default,default,8HAYWOOD_TN_360542-8PARADISE_CC_360117
1175,8HAYWOOD TN_360542,8PHIPPS B NP_360102,35.54308246,-89.19654872,36.46070569,-82.80788409,500,ac,default,default,8HAYWOOD_TN_360542-8PHIPPS_B_NP_360102
1176,8HAYWOOD TN_360542,8PIN HOOK TN_360581,35.54308246,-89.19654872,36.04646628,-86.60595108,500,ac,default,default,8HAYWOOD_TN_360542-8PIN_HOOK_TN_360581
1177,8HAYWOOD TN_360542,8PLATEAU TN_360077,35.54308246,-89.19654872,36.05858036,-85.14194112,500,ac,default,default,8HAYWOOD_TN_360542-8PLATEAU_TN_360077
1178,8HAYWOOD TN_360542,8RACCOON MTN_360079,35.54308246,-89.19654872,35.05681146,-85.38724619,500,ac,default,default,8HAYWOOD_TN_360542-8RACCOON_MTN_360079
1179,8HAYWOOD TN_360542,8RUTHERFORD_360010,35.54308246,-89.19654872,35.82791498,-86.59841524,500,ac,default,default,8HAYWOOD_TN_360542-8RUTHERFORD_360010
1180,8HAYWOOD TN_360542,8SEQUOYAH NP_360081,35.54308246,-89.19654872,35.22706031,-85.09419774,500,ac,default,default,8HAYWOOD_TN_360542-8SEQUOYAH_NP_360081
1181,8HAYWOOD TN_360542,8SHELBY TN_360021,35.54308246,-89.19654872,35.38606284,-89.80340294,500,ac,default,default,8HAYWOOD_TN_360542-8SHELBY_TN_360021
1182,8HAYWOOD TN_360542,8TRICO STEEL_360014,35.54308246,-89.19654872,34.60872576,-87.05506218,500,ac,default,default,8HAYWOOD_TN_360542-8TRICO_STEEL_360014
1183,8HAYWOOD TN_360542,8UNION MS_360033,35.54308246,-89.19654872,34.37783096,-88.85850114,500,ac,default,default,8HAYWOOD_TN_360542-8UNION_MS_360033
1184,8HAYWOOD TN_360542,8VOLUNTEER_360097,35.54308246,-89.19654872,36.1219789,-83.81482256,500,ac,default,default,8HAYWOOD_TN_360542-8VOLUNTEER_360097
1185,8HAYWOOD TN_360542,8WEST POINT_360035,35.54308246,-89.19654872,33.63551392,-88.65363834,500,ac,default,default,8HAYWOOD_TN_360542-8WEST_POINT_360035
1186,8HAYWOOD TN_360542,8WID CRK FP_360065,35.54308246,-89.19654872,34.88726197,-85.75423778,500,ac,default,default,8HAYWOOD_TN_360542-8WID_CRK_FP_360065
1187,8HAYWOOD TN_360542,8WILSON TN_360071,35.54308246,-89.19654872,36.2052377,-86.46506033,500,ac,default,default,8HAYWOOD_TN_360542-8WILSON_TN_360071
1188,8HIWASSEE TN_360110,8JACKSON TN_360019,35.60032498,-84.78911434,35.70901203,-88.79407261,500,ac,default,default,8HIWASSEE_TN_360110-8JACKSON_TN_360019
1189,8HIWASSEE TN_360110,8JVILLE FP_360037,35.60032498,-84.78911434,36.02382902,-87.98154082,500,ac,default,default,8HIWASSEE_TN_360110-8JVILLE_FP_360037
1190,8HIWASSEE TN_360110,8LAG CRK CC_360615,35.60032498,-84.78911434,35.65702785,-89.39460044,500,ac,default,default,8HIWASSEE_TN_360110-8LAG_CRK_CC_360615
1191,8HIWASSEE TN_360110,8LAG CRK CT_360568,35.60032498,-84.78911434,36.27534882,-88.83423675,500,ac,default,default,8HIWASSEE_TN_360110-8LAG_CRK_CT_360568
1192,8HIWASSEE TN_360110,8LIMESTONE_360088,35.60032498,-84.78911434,34.71890958,-86.84630969,500,ac,default,default,8HIWASSEE_TN_360110-8LIMESTONE_360088
1193,8HIWASSEE TN_360110,8MADISON AL_360060,35.60032498,-84.78911434,34.79577878,-86.52158584,500,ac,default,default,8HIWASSEE_TN_360110-8MADISON_AL_360060
1194,8HIWASSEE TN_360110,8MAGNOL CC1_360613,35.60032498,-84.78911434,34.8287922,-89.20041124,500,ac,default,default,8HIWASSEE_TN_360110-8MAGNOL_CC1_360613
1195,8HIWASSEE TN_360110,8MARSHALL KY_360015,35.60032498,-84.78911434,37.02455006,-88.39384277,500,ac,default,default,8HIWASSEE_TN_360110-8MARSHALL_KY_360015
1196,8HIWASSEE TN_360110,8MAURY TN_360050,35.60032498,-84.78911434,35.672863,-87.01861625,500,ac,default,default,8HIWASSEE_TN_360110-8MAURY_TN_360050
1197,8HIWASSEE TN_360110,8MONTGOMERY_360044,35.60032498,-84.78911434,36.59438524,-87.25325857,500,ac,default,default,8HIWASSEE_TN_360110-8MONTGOMERY_360044
1198,8HIWASSEE TN_360110,8PARADIS CC5_360185,35.60032498,-84.78911434,37.25966758,-86.97670194,500,ac,default,default,8HIWASSEE_TN_360110-8PARADIS_CC5_360185
1199,8HIWASSEE TN_360110,8PARADISE CC_360117,35.60032498,-84.78911434,37.259697,-86.976991,500,ac,default,default,8HIWASSEE_TN_360110-8PARADISE_CC_360117
1200,8HIWASSEE TN_360110,8PHIPPS B NP_360102,35.60032498,-84.78911434,36.46070569,-82.80788409,500,ac,default,default,8HIWASSEE_TN_360110-8PHIPPS_B_NP_360102
1201,8HIWASSEE TN_360110,8PIN HOOK TN_360581,35.60032498,-84.78911434,36.04646628,-86.60595108,500,ac,default,default,8HIWASSEE_TN_360110-8PIN_HOOK_TN_360581
1202,8HIWASSEE TN_360110,8PLATEAU TN_360077,35.60032498,-84.78911434,36.05858036,-85.14194112,500,ac,default,default,8HIWASSEE_TN_360110-8PLATEAU_TN_360077
1203,8HIWASSEE TN_360110,8RACCOON MTN_360079,35.60032498,-84.78911434,35.05681146,-85.38724619,500,ac,default,default,8HIWASSEE_TN_360110-8RACCOON_MTN_360079
1204,8HIWASSEE TN_360110,8RUTHERFORD_360010,35.60032498,-84.78911434,35.82791498,-86.59841524,500,ac,default,default,8HIWASSEE_TN_360110-8RUTHERFORD_360010
1205,8HIWASSEE TN_360110,8SEQUOYAH NP_360081,35.60032498,-84.78911434,35.22706031,-85.09419774,500,ac,default,default,8HIWASSEE_TN_360110-8SEQUOYAH_NP_360081
1206,8HIWASSEE TN_360110,8SHELBY TN_360021,35.60032498,-84.78911434,35.38606284,-89.80340294,500,ac,default,default,8HIWASSEE_TN_360110-8SHELBY_TN_360021
1207,8HIWASSEE TN_360110,8TRICO STEEL_360014,35.60032498,-84.78911434,34.60872576,-87.05506218,500,ac,default,default,8HIWASSEE_TN_360110-8TRICO_STEEL_360014
1208,8HIWASSEE TN_360110,8UNION MS_360033,35.60032498,-84.78911434,34.37783096,-88.85850114,500,ac,default,default,8HIWASSEE_TN_360110-8UNION_MS_360033
1209,8HIWASSEE TN_360110,8VOLUNTEER_360097,35.60032498,-84.78911434,36.1219789,-83.81482256,500,ac,default,default,8HIWASSEE_TN_360110-8VOLUNTEER_360097
1210,8HIWASSEE TN_360110,8WEST POINT_360035,35.60032498,-84.78911434,33.63551392,-88.65363834,500,ac,default,default,8HIWASSEE_TN_360110-8WEST_POINT_360035
1211,8HIWASSEE TN_360110,8WID CRK FP_360065,35.60032498,-84.78911434,34.88726197,-85.75423778,500,ac,default,default,8HIWASSEE_TN_360110-8WID_CRK_FP_360065
1212,8HIWASSEE TN_360110,8WILSON TN_360071,35.60032498,-84.78911434,36.2052377,-86.46506033,500,ac,default,default,8HIWASSEE_TN_360110-8WILSON_TN_360071
1213,8JACKSON TN_360019,8JVILLE FP_360037,35.70901203,-88.79407261,36.02382902,-87.98154082,500,ac,default,default,8JACKSON_TN_360019-8JVILLE_FP_360037
1214,8JACKSON TN_360019,8LAG CRK CC_360615,35.70901203,-88.79407261,35.65702785,-89.39460044,500,ac,default,default,8JACKSON_TN_360019-8LAG_CRK_CC_360615
1215,8JACKSON TN_360019,8LAG CRK CT_360568,35.70901203,-88.79407261,36.27534882,-88.83423675,500,ac,default,default,8JACKSON_TN_360019-8LAG_CRK_CT_360568
1216,8JACKSON TN_360019,8LIMESTONE_360088,35.70901203,-88.79407261,34.71890958,-86.84630969,500,ac,default,default,8JACKSON_TN_360019-8LIMESTONE_360088
1217,8JACKSON TN_360019,8MADISON AL_360060,35.70901203,-88.79407261,34.79577878,-86.52158584,500,ac,default,default,8JACKSON_TN_360019-8MADISON_AL_360060
1218,8JACKSON TN_360019,8MAGNOL CC1_360613,35.70901203,-88.79407261,34.8287922,-89.20041124,500,ac,default,default,8JACKSON_TN_360019-8MAGNOL_CC1_360613
1219,8JACKSON TN_360019,8MARSHALL KY_360015,35.70901203,-88.79407261,37.02455006,-88.39384277,500,ac,default,default,8JACKSON_TN_360019-8MARSHALL_KY_360015
1220,8JACKSON TN_360019,8MAURY TN_360050,35.70901203,-88.79407261,35.672863,-87.01861625,500,ac,default,default,8JACKSON_TN_360019-8MAURY_TN_360050
1221,8JACKSON TN_360019,8MONTGOMERY_360044,35.70901203,-88.79407261,36.59438524,-87.25325857,500,ac,default,default,8JACKSON_TN_360019-8MONTGOMERY_360044
1222,8JACKSON TN_360019,8PARADIS CC5_360185,35.70901203,-88.79407261,37.25966758,-86.97670194,500,ac,default,default,8JACKSON_TN_360019-8PARADIS_CC5_360185
1223,8JACKSON TN_360019,8PARADISE CC_360117,35.70901203,-88.79407261,37.259697,-86.976991,500,ac,default,default,8JACKSON_TN_360019-8PARADISE_CC_360117
1224,8JACKSON TN_360019,8PHIPPS B NP_360102,35.70901203,-88.79407261,36.46070569,-82.80788409,500,ac,default,default,8JACKSON_TN_360019-8PHIPPS_B_NP_360102
1225,8JACKSON TN_360019,8PIN HOOK TN_360581,35.70901203,-88.79407261,36.04646628,-86.60595108,500,ac,default,default,8JACKSON_TN_360019-8PIN_HOOK_TN_360581
1226,8JACKSON TN_360019,8PLATEAU TN_360077,35.70901203,-88.79407261,36.05858036,-85.14194112,500,ac,default,default,8JACKSON_TN_360019-8PLATEAU_TN_360077
1227,8JACKSON TN_360019,8RACCOON MTN_360079,35.70901203,-88.79407261,35.05681146,-85.38724619,500,ac,default,default,8JACKSON_TN_360019-8RACCOON_MTN_360079
1228,8JACKSON TN_360019,8RUTHERFORD_360010,35.70901203,-88.79407261,35.82791498,-86.59841524,500,ac,default,default,8JACKSON_TN_360019-8RUTHERFORD_360010
1229,8JACKSON TN_360019,8SEQUOYAH NP_360081,35.70901203,-88.79407261,35.22706031,-85.09419774,500,ac,default,default,8JACKSON_TN_360019-8SEQUOYAH_NP_360081
1230,8JACKSON TN_360019,8SHELBY TN_360021,35.70901203,-88.79407261,35.38606284,-89.80340294,500,ac,default,default,8JACKSON_TN_360019-8SHELBY_TN_360021
1231,8JACKSON TN_360019,8TRICO STEEL_360014,35.70901203,-88.79407261,34.60872576,-87.05506218,500,ac,default,default,8JACKSON_TN_360019-8TRICO_STEEL_360014
1232,8JACKSON TN_360019,8UNION MS_360033,35.70901203,-88.79407261,34.37783096,-88.85850114,500,ac,default,default,8JACKSON_TN_360019-8UNION_MS_360033
1233,8JACKSON TN_360019,8VOLUNTEER_360097,35.70901203,-88.79407261,36.1219789,-83.81482256,500,ac,default,default,8JACKSON_TN_360019-8VOLUNTEER_360097
1234,8JACKSON TN_360019,8WEST POINT_360035,35.70901203,-88.79407261,33.63551392,-88.65363834,500,ac,default,default,8JACKSON_TN_360019-8WEST_POINT_360035
1235,8JACKSON TN_360019,8WID CRK FP_360065,35.70901203,-88.79407261,34.88726197,-85.75423778,500,ac,default,default,8JACKSON_TN_360019-8WID_CRK_FP_360065
1236,8JACKSON TN_360019,8WILSON TN_360071,35.70901203,-88.79407261,36.2052377,-86.46506033,500,ac,default,default,8JACKSON_TN_360019-8WILSON_TN_360071
1237,8JVILLE FP_360037,8LAG CRK CC_360615,36.02382902,-87.98154082,35.65702785,-89.39460044,500,ac,default,default,8JVILLE_FP_360037-8LAG_CRK_CC_360615
1238,8JVILLE FP_360037,8LAG CRK CT_360568,36.02382902,-87.98154082,36.27534882,-88.83423675,500,ac,default,default,8JVILLE_FP_360037-8LAG_CRK_CT_360568
1239,8JVILLE FP_360037,8LIMESTONE_360088,36.02382902,-87.98154082,34.71890958,-86.84630969,500,ac,default,default,8JVILLE_FP_360037-8LIMESTONE_360088
1240,8JVILLE FP_360037,8MADISON AL_360060,36.02382902,-87.98154082,34.79577878,-86.52158584,500,ac,default,default,8JVILLE_FP_360037-8MADISON_AL_360060
1241,8JVILLE FP_360037,8MAGNOL CC1_360613,36.02382902,-87.98154082,34.8287922,-89.20041124,500,ac,default,default,8JVILLE_FP_360037-8MAGNOL_CC1_360613
1242,8JVILLE FP_360037,8MARSHALL KY_360015,36.02382902,-87.98154082,37.02455006,-88.39384277,500,ac,default,default,8JVILLE_FP_360037-8MARSHALL_KY_360015
1243,8JVILLE FP_360037,8MAURY TN_360050,36.02382902,-87.98154082,35.672863,-87.01861625,500,ac,default,default,8JVILLE_FP_360037-8MAURY_TN_360050
1244,8JVILLE FP_360037,8MONTGOMERY_360044,36.02382902,-87.98154082,36.59438524,-87.25325857,500,ac,default,default,8JVILLE_FP_360037-8MONTGOMERY_360044
1245,8JVILLE FP_360037,8PARADIS CC5_360185,36.02382902,-87.98154082,37.25966758,-86.97670194,500,ac,default,default,8JVILLE_FP_360037-8PARADIS_CC5_360185
1246,8JVILLE FP_360037,8PARADISE CC_360117,36.02382902,-87.98154082,37.259697,-86.976991,500,ac,default,default,8JVILLE_FP_360037-8PARADISE_CC_360117
1247,8JVILLE FP_360037,8PHIPPS B NP_360102,36.02382902,-87.98154082,36.46070569,-82.80788409,500,ac,default,default,8JVILLE_FP_360037-8PHIPPS_B_NP_360102
1248,8JVILLE FP_360037,8PIN HOOK TN_360581,36.02382902,-87.98154082,36.04646628,-86.60595108,500,ac,default,default,8JVILLE_FP_360037-8PIN_HOOK_TN_360581
1249,8JVILLE FP_360037,8PLATEAU TN_360077,36.02382902,-87.98154082,36.05858036,-85.14194112,500,ac,default,default,8JVILLE_FP_360037-8PLATEAU_TN_360077
1250,8JVILLE FP_360037,8RACCOON MTN_360079,36.02382902,-87.98154082,35.05681146,-85.38724619,500,ac,default,default,8JVILLE_FP_360037-8RACCOON_MTN_360079
1251,8JVILLE FP_360037,8RUTHERFORD_360010,36.02382902,-87.98154082,35.82791498,-86.59841524,500,ac,default,default,8JVILLE_FP_360037-8RUTHERFORD_360010
1252,8JVILLE FP_360037,8SEQUOYAH NP_360081,36.02382902,-87.98154082,35.22706031,-85.09419774,500,ac,default,default,8JVILLE_FP_360037-8SEQUOYAH_NP_360081
1253,8JVILLE FP_360037,8SHELBY TN_360021,36.02382902,-87.98154082,35.38606284,-89.80340294,500,ac,default,default,8JVILLE_FP_360037-8SHELBY_TN_360021
1254,8JVILLE FP_360037,8TRICO STEEL_360014,36.02382902,-87.98154082,34.60872576,-87.05506218,500,ac,default,default,8JVILLE_FP_360037-8TRICO_STEEL_360014
1255,8JVILLE FP_360037,8UNION MS_360033,36.02382902,-87.98154082,34.37783096,-88.85850114,500,ac,default,default,8JVILLE_FP_360037-8UNION_MS_360033
1256,8JVILLE FP_360037,8VOLUNTEER_360097,36.02382902,-87.98154082,36.1219789,-83.81482256,500,ac,default,default,8JVILLE_FP_360037-8VOLUNTEER_360097
1257,8JVILLE FP_360037,8WEST POINT_360035,36.02382902,-87.98154082,33.63551392,-88.65363834,500,ac,default,default,8JVILLE_FP_360037-8WEST_POINT_360035
1258,8JVILLE FP_360037,8WID CRK FP_360065,36.02382902,-87.98154082,34.88726197,-85.75423778,500,ac,default,default,8JVILLE_FP_360037-8WID_CRK_FP_360065
1259,8JVILLE FP_360037,8WILSON TN_360071,36.02382902,-87.98154082,36.2052377,-86.46506033,500,ac,default,default,8JVILLE_FP_360037-8WILSON_TN_360071
1260,8LAG CRK CC_360615,8LAG CRK CT_360568,35.65702785,-89.39460044,36.27534882,-88.83423675,500,ac,default,default,8LAG_CRK_CC_360615-8LAG_CRK_CT_360568
1261,8LAG CRK CC_360615,8LIMESTONE_360088,35.65702785,-89.39460044,34.71890958,-86.84630969,500,ac,default,default,8LAG_CRK_CC_360615-8LIMESTONE_360088
1262,8LAG CRK CC_360615,8MADISON AL_360060,35.65702785,-89.39460044,34.79577878,-86.52158584,500,ac,default,default,8LAG_CRK_CC_360615-8MADISON_AL_360060
1263,8LAG CRK CC_360615,8MAGNOL CC1_360613,35.65702785,-89.39460044,34.8287922,-89.20041124,500,ac,default,default,8LAG_CRK_CC_360615-8MAGNOL_CC1_360613
1264,8LAG CRK CC_360615,8MARSHALL KY_360015,35.65702785,-89.39460044,37.02455006,-88.39384277,500,ac,default,default,8LAG_CRK_CC_360615-8MARSHALL_KY_360015
1265,8LAG CRK CC_360615,8MAURY TN_360050,35.65702785,-89.39460044,35.672863,-87.01861625,500,ac,default,default,8LAG_CRK_CC_360615-8MAURY_TN_360050
1266,8LAG CRK CC_360615,8MONTGOMERY_360044,35.65702785,-89.39460044,36.59438524,-87.25325857,500,ac,default,default,8LAG_CRK_CC_360615-8MONTGOMERY_360044
1267,8LAG CRK CC_360615,8PARADIS CC5_360185,35.65702785,-89.39460044,37.25966758,-86.97670194,500,ac,default,default,8LAG_CRK_CC_360615-8PARADIS_CC5_360185
1268,8LAG CRK CC_360615,8PARADISE CC_360117,35.65702785,-89.39460044,37.259697,-86.976991,500,ac,default,default,8LAG_CRK_CC_360615-8PARADISE_CC_360117
1269,8LAG CRK CC_360615,8PHIPPS B NP_360102,35.65702785,-89.39460044,36.46070569,-82.80788409,500,ac,default,default,8LAG_CRK_CC_360615-8PHIPPS_B_NP_360102
1270,8LAG CRK CC_360615,8PIN HOOK TN_360581,35.65702785,-89.39460044,36.04646628,-86.60595108,500,ac,default,default,8LAG_CRK_CC_360615-8PIN_HOOK_TN_360581
1271,8LAG CRK CC_360615,8PLATEAU TN_360077,35.65702785,-89.39460044,36.05858036,-85.14194112,500,ac,default,default,8LAG_CRK_CC_360615-8PLATEAU_TN_360077
1272,8LAG CRK CC_360615,8RACCOON MTN_360079,35.65702785,-89.39460044,35.05681146,-85.38724619,500,ac,default,default,8LAG_CRK_CC_360615-8RACCOON_MTN_360079
1273,8LAG CRK CC_360615,8RUTHERFORD_360010,35.65702785,-89.39460044,35.82791498,-86.59841524,500,ac,default,default,8LAG_CRK_CC_360615-8RUTHERFORD_360010
1274,8LAG CRK CC_360615,8SEQUOYAH NP_360081,35.65702785,-89.39460044,35.22706031,-85.09419774,500,ac,default,default,8LAG_CRK_CC_360615-8SEQUOYAH_NP_360081
1275,8LAG CRK CC_360615,8SHELBY TN_360021,35.65702785,-89.39460044,35.38606284,-89.80340294,500,ac,default,default,8LAG_CRK_CC_360615-8SHELBY_TN_360021
1276,8LAG CRK CC_360615,8TRICO STEEL_360014,35.65702785,-89.39460044,34.60872576,-87.05506218,500,ac,default,default,8LAG_CRK_CC_360615-8TRICO_STEEL_360014
1277,8LAG CRK CC_360615,8UNION MS_360033,35.65702785,-89.39460044,34.37783096,-88.85850114,500,ac,default,default,8LAG_CRK_CC_360615-8UNION_MS_360033
1278,8LAG CRK CC_360615,8VOLUNTEER_360097,35.65702785,-89.39460044,36.1219789,-83.81482256,500,ac,default,default,8LAG_CRK_CC_360615-8VOLUNTEER_360097
1279,8LAG CRK CC_360615,8WEST POINT_360035,35.65702785,-89.39460044,33.63551392,-88.65363834,500,ac,default,default,8LAG_CRK_CC_360615-8WEST_POINT_360035
1280,8LAG CRK CC_360615,8WID CRK FP_360065,35.65702785,-89.39460044,34.88726197,-85.75423778,500,ac,default,default,8LAG_CRK_CC_360615-8WID_CRK_FP_360065
1281,8LAG CRK CC_360615,8WILSON TN_360071,35.65702785,-89.39460044,36.2052377,-86.46506033,500,ac,default,default,8LAG_CRK_CC_360615-8WILSON_TN_360071
1282,8LAG CRK CT_360568,8LIMESTONE_360088,36.27534882,-88.83423675,34.71890958,-86.84630969,500,ac,default,default,8LAG_CRK_CT_360568-8LIMESTONE_360088
1283,8LAG CRK CT_360568,8MADISON AL_360060,36.27534882,-88.83423675,34.79577878,-86.52158584,500,ac,default,default,8LAG_CRK_CT_360568-8MADISON_AL_360060
1284,8LAG CRK CT_360568,8MAGNOL CC1_360613,36.27534882,-88.83423675,34.8287922,-89.20041124,500,ac,default,default,8LAG_CRK_CT_360568-8MAGNOL_CC1_360613
1285,8LAG CRK CT_360568,8MARSHALL KY_360015,36.27534882,-88.83423675,37.02455006,-88.39384277,500,ac,default,default,8LAG_CRK_CT_360568-8MARSHALL_KY_360015
1286,8LAG CRK CT_360568,8MAURY TN_360050,36.27534882,-88.83423675,35.672863,-87.01861625,500,ac,default,default,8LAG_CRK_CT_360568-8MAURY_TN_360050
1287,8LAG CRK CT_360568,8MONTGOMERY_360044,36.27534882,-88.83423675,36.59438524,-87.25325857,500,ac,default,default,8LAG_CRK_CT_360568-8MONTGOMERY_360044
1288,8LAG CRK CT_360568,8PARADIS CC5_360185,36.27534882,-88.83423675,37.25966758,-86.97670194,500,ac,default,default,8LAG_CRK_CT_360568-8PARADIS_CC5_360185
1289,8LAG CRK CT_360568,8PARADISE CC_360117,36.27534882,-88.83423675,37.259697,-86.976991,500,ac,default,default,8LAG_CRK_CT_360568-8PARADISE_CC_360117
1290,8LAG CRK CT_360568,8PHIPPS B NP_360102,36.27534882,-88.83423675,36.46070569,-82.80788409,500,ac,default,default,8LAG_CRK_CT_360568-8PHIPPS_B_NP_360102
1291,8LAG CRK CT_360568,8PIN HOOK TN_360581,36.27534882,-88.83423675,36.04646628,-86.60595108,500,ac,default,default,8LAG_CRK_CT_360568-8PIN_HOOK_TN_360581
1292,8LAG CRK CT_360568,8PLATEAU TN_360077,36.27534882,-88.83423675,36.05858036,-85.14194112,500,ac,default,default,8LAG_CRK_CT_360568-8PLATEAU_TN_360077
1293,8LAG CRK CT_360568,8RACCOON MTN_360079,36.27534882,-88.83423675,35.05681146,-85.38724619,500,ac,default,default,8LAG_CRK_CT_360568-8RACCOON_MTN_360079
1294,8LAG CRK CT_360568,8RUTHERFORD_360010,36.27534882,-88.83423675,35.82791498,-86.59841524,500,ac,default,default,8LAG_CRK_CT_360568-8RUTHERFORD_360010
1295,8LAG CRK CT_360568,8SEQUOYAH NP_360081,36.27534882,-88.83423675,35.22706031,-85.09419774,500,ac,default,default,8LAG_CRK_CT_360568-8SEQUOYAH_NP_360081
1296,8LAG CRK CT_360568,8SHELBY TN_360021,36.27534882,-88.83423675,35.38606284,-89.80340294,500,ac,default,default,8LAG_CRK_CT_360568-8SHELBY_TN_360021
1297,8LAG CRK CT_360568,8TRICO STEEL_360014,36.27534882,-88.83423675,34.60872576,-87.05506218,500,ac,default,default,8LAG_CRK_CT_360568-8TRICO_STEEL_360014
1298,8LAG CRK CT_360568,8UNION MS_360033,36.27534882,-88.83423675,34.37783096,-88.85850114,500,ac,default,default,8LAG_CRK_CT_360568-8UNION_MS_360033
1299,8LAG CRK CT_360568,8VOLUNTEER_360097,36.27534882,-88.83423675,36.1219789,-83.81482256,500,ac,default,default,8LAG_CRK_CT_360568-8VOLUNTEER_360097
1300,8LAG CRK CT_360568,8WEST POINT_360035,36.27534882,-88.83423675,33.63551392,-88.65363834,500,ac,default,default,8LAG_CRK_CT_360568-8WEST_POINT_360035
1301,8LAG CRK CT_360568,8WID CRK FP_360065,36.27534882,-88.83423675,34.88726197,-85.75423778,500,ac,default,default,8LAG_CRK_CT_360568-8WID_CRK_FP_360065
1302,8LAG CRK CT_360568,8WILSON TN_360071,36.27534882,-88.83423675,36.2052377,-86.46506033,500,ac,default,default,8LAG_CRK_CT_360568-8WILSON_TN_360071
1303,8LIMESTONE_360088,8MADISON AL_360060,34.71890958,-86.84630969,34.79577878,-86.52158584,500,ac,default,default,8LIMESTONE_360088-8MADISON_AL_360060
1304,8LIMESTONE_360088,8MAGNOL CC1_360613,34.71890958,-86.84630969,34.8287922,-89.20041124,500,ac,default,default,8LIMESTONE_360088-8MAGNOL_CC1_360613
1305,8LIMESTONE_360088,8MARSHALL KY_360015,34.71890958,-86.84630969,37.02455006,-88.39384277,500,ac,default,default,8LIMESTONE_360088-8MARSHALL_KY_360015
1306,8LIMESTONE_360088,8MAURY TN_360050,34.71890958,-86.84630969,35.672863,-87.01861625,500,ac,default,default,8LIMESTONE_360088-8MAURY_TN_360050
1307,8LIMESTONE_360088,8MONTGOMERY_360044,34.71890958,-86.84630969,36.59438524,-87.25325857,500,ac,default,default,8LIMESTONE_360088-8MONTGOMERY_360044
1308,8LIMESTONE_360088,8PARADIS CC5_360185,34.71890958,-86.84630969,37.25966758,-86.97670194,500,ac,default,default,8LIMESTONE_360088-8PARADIS_CC5_360185
1309,8LIMESTONE_360088,8PARADISE CC_360117,34.71890958,-86.84630969,37.259697,-86.976991,500,ac,default,default,8LIMESTONE_360088-8PARADISE_CC_360117
1310,8LIMESTONE_360088,8PHIPPS B NP_360102,34.71890958,-86.84630969,36.46070569,-82.80788409,500,ac,default,default,8LIMESTONE_360088-8PHIPPS_B_NP_360102
1311,8LIMESTONE_360088,8PIN HOOK TN_360581,34.71890958,-86.84630969,36.04646628,-86.60595108,500,ac,default,default,8LIMESTONE_360088-8PIN_HOOK_TN_360581
1312,8LIMESTONE_360088,8PLATEAU TN_360077,34.71890958,-86.84630969,36.05858036,-85.14194112,500,ac,default,default,8LIMESTONE_360088-8PLATEAU_TN_360077
1313,8LIMESTONE_360088,8RACCOON MTN_360079,34.71890958,-86.84630969,35.05681146,-85.38724619,500,ac,default,default,8LIMESTONE_360088-8RACCOON_MTN_360079
1314,8LIMESTONE_360088,8RUTHERFORD_360010,34.71890958,-86.84630969,35.82791498,-86.59841524,500,ac,default,default,8LIMESTONE_360088-8RUTHERFORD_360010
1315,8LIMESTONE_360088,8SEQUOYAH NP_360081,34.71890958,-86.84630969,35.22706031,-85.09419774,500,ac,default,default,8LIMESTONE_360088-8SEQUOYAH_NP_360081
1316,8LIMESTONE_360088,8SHELBY TN_360021,34.71890958,-86.84630969,35.38606284,-89.80340294,500,ac,default,default,8LIMESTONE_360088-8SHELBY_TN_360021
1317,8LIMESTONE_360088,8TRICO STEEL_360014,34.71890958,-86.84630969,34.60872576,-87.05506218,500,ac,default,default,8LIMESTONE_360088-8TRICO_STEEL_360014
1318,8LIMESTONE_360088,8UNION MS_360033,34.71890958,-86.84630969,34.37783096,-88.85850114,500,ac,default,default,8LIMESTONE_360088-8UNION_MS_360033
1319,8LIMESTONE_360088,8VOLUNTEER_360097,34.71890958,-86.84630969,36.1219789,-83.81482256,500,ac,default,default,8LIMESTONE_360088-8VOLUNTEER_360097
1320,8LIMESTONE_360088,8WEST POINT_360035,34.71890958,-86.84630969,33.63551392,-88.65363834,500,ac,default,default,8LIMESTONE_360088-8WEST_POINT_360035
1321,8LIMESTONE_360088,8WID CRK FP_360065,34.71890958,-86.84630969,34.88726197,-85.75423778,500,ac,default,default,8LIMESTONE_360088-8WID_CRK_FP_360065
1322,8LIMESTONE_360088,8WILSON TN_360071,34.71890958,-86.84630969,36.2052377,-86.46506033,500,ac,default,default,8LIMESTONE_360088-8WILSON_TN_360071
1323,8MADISON AL_360060,8MAGNOL CC1_360613,34.79577878,-86.52158584,34.8287922,-89.20041124,500,ac,default,default,8MADISON_AL_360060-8MAGNOL_CC1_360613
1324,8MADISON AL_360060,8MARSHALL KY_360015,34.79577878,-86.52158584,37.02455006,-88.39384277,500,ac,default,default,8MADISON_AL_360060-8MARSHALL_KY_360015
1325,8MADISON AL_360060,8MAURY TN_360050,34.79577878,-86.52158584,35.672863,-87.01861625,500,ac,default,default,8MADISON_AL_360060-8MAURY_TN_360050
1326,8MADISON AL_360060,8MONTGOMERY_360044,34.79577878,-86.52158584,36.59438524,-87.25325857,500,ac,default,default,8MADISON_AL_360060-8MONTGOMERY_360044
1327,8MADISON AL_360060,8PARADIS CC5_360185,34.79577878,-86.52158584,37.25966758,-86.97670194,500,ac,default,default,8MADISON_AL_360060-8PARADIS_CC5_360185
1328,8MADISON AL_360060,8PARADISE CC_360117,34.79577878,-86.52158584,37.259697,-86.976991,500,ac,default,default,8MADISON_AL_360060-8PARADISE_CC_360117
1329,8MADISON AL_360060,8PHIPPS B NP_360102,34.79577878,-86.52158584,36.46070569,-82.80788409,500,ac,default,default,8MADISON_AL_360060-8PHIPPS_B_NP_360102
1330,8MADISON AL_360060,8PIN HOOK TN_360581,34.79577878,-86.52158584,36.04646628,-86.60595108,500,ac,default,default,8MADISON_AL_360060-8PIN_HOOK_TN_360581
1331,8MADISON AL_360060,8PLATEAU TN_360077,34.79577878,-86.52158584,36.05858036,-85.14194112,500,ac,default,default,8MADISON_AL_360060-8PLATEAU_TN_360077
1332,8MADISON AL_360060,8RACCOON MTN_360079,34.79577878,-86.52158584,35.05681146,-85.38724619,500,ac,default,default,8MADISON_AL_360060-8RACCOON_MTN_360079
1333,8MADISON AL_360060,8RUTHERFORD_360010,34.79577878,-86.52158584,35.82791498,-86.59841524,500,ac,default,default,8MADISON_AL_360060-8RUTHERFORD_360010
1334,8MADISON AL_360060,8SEQUOYAH NP_360081,34.79577878,-86.52158584,35.22706031,-85.09419774,500,ac,default,default,8MADISON_AL_360060-8SEQUOYAH_NP_360081
1335,8MADISON AL_360060,8SHELBY TN_360021,34.79577878,-86.52158584,35.38606284,-89.80340294,500,ac,default,default,8MADISON_AL_360060-8SHELBY_TN_360021
1336,8MADISON AL_360060,8TRICO STEEL_360014,34.79577878,-86.52158584,34.60872576,-87.05506218,500,ac,default,default,8MADISON_AL_360060-8TRICO_STEEL_360014
1337,8MADISON AL_360060,8UNION MS_360033,34.79577878,-86.52158584,34.37783096,-88.85850114,500,ac,default,default,8MADISON_AL_360060-8UNION_MS_360033
1338,8MADISON AL_360060,8VOLUNTEER_360097,34.79577878,-86.52158584,36.1219789,-83.81482256,500,ac,default,default,8MADISON_AL_360060-8VOLUNTEER_360097
1339,8MADISON AL_360060,8WEST POINT_360035,34.79577878,-86.52158584,33.63551392,-88.65363834,500,ac,default,default,8MADISON_AL_360060-8WEST_POINT_360035
1340,8MADISON AL_360060,8WID CRK FP_360065,34.79577878,-86.52158584,34.88726197,-85.75423778,500,ac,default,default,8MADISON_AL_360060-8WID_CRK_FP_360065
1341,8MADISON AL_360060,8WILSON TN_360071,34.79577878,-86.52158584,36.2052377,-86.46506033,500,ac,default,default,8MADISON_AL_360060-8WILSON_TN_360071
1342,8MAGNOL CC1_360613,8MARSHALL KY_360015,34.8287922,-89.20041124,37.02455006,-88.39384277,500,ac,default,default,8MAGNOL_CC1_360613-8MARSHALL_KY_360015
1343,8MAGNOL CC1_360613,8MAURY TN_360050,34.8287922,-89.20041124,35.672863,-87.01861625,500,ac,default,default,8MAGNOL_CC1_360613-8MAURY_TN_360050
1344,8MAGNOL CC1_360613,8MONTGOMERY_360044,34.8287922,-89.20041124,36.59438524,-87.25325857,500,ac,default,default,8MAGNOL_CC1_360613-8MONTGOMERY_360044
1345,8MAGNOL CC1_360613,8PARADIS CC5_360185,34.8287922,-89.20041124,37.25966758,-86.97670194,500,ac,default,default,8MAGNOL_CC1_360613-8PARADIS_CC5_360185
1346,8MAGNOL CC1_360613,8PARADISE CC_360117,34.8287922,-89.20041124,37.259697,-86.976991,500,ac,default,default,8MAGNOL_CC1_360613-8PARADISE_CC_360117
1347,8MAGNOL CC1_360613,8PHIPPS B NP_360102,34.8287922,-89.20041124,36.46070569,-82.80788409,500,ac,default,default,8MAGNOL_CC1_360613-8PHIPPS_B_NP_360102
1348,8MAGNOL CC1_360613,8PIN HOOK TN_360581,34.8287922,-89.20041124,36.04646628,-86.60595108,500,ac,default,default,8MAGNOL_CC1_360613-8PIN_HOOK_TN_360581
1349,8MAGNOL CC1_360613,8PLATEAU TN_360077,34.8287922,-89.20041124,36.05858036,-85.14194112,500,ac,default,default,8MAGNOL_CC1_360613-8PLATEAU_TN_360077
1350,8MAGNOL CC1_360613,8RACCOON MTN_360079,34.8287922,-89.20041124,35.05681146,-85.38724619,500,ac,default,default,8MAGNOL_CC1_360613-8RACCOON_MTN_360079
1351,8MAGNOL CC1_360613,8RUTHERFORD_360010,34.8287922,-89.20041124,35.82791498,-86.59841524,500,ac,default,default,8MAGNOL_CC1_360613-8RUTHERFORD_360010
1352,8MAGNOL CC1_360613,8SEQUOYAH NP_360081,34.8287922,-89.20041124,35.22706031,-85.09419774,500,ac,default,default,8MAGNOL_CC1_360613-8SEQUOYAH_NP_360081
1353,8MAGNOL CC1_360613,8SHELBY TN_360021,34.8287922,-89.20041124,35.38606284,-89.80340294,500,ac,default,default,8MAGNOL_CC1_360613-8SHELBY_TN_360021
1354,8MAGNOL CC1_360613,8TRICO STEEL_360014,34.8287922,-89.20041124,34.60872576,-87.05506218,500,ac,default,default,8MAGNOL_CC1_360613-8TRICO_STEEL_360014
1355,8MAGNOL CC1_360613,8UNION MS_360033,34.8287922,-89.20041124,34.37783096,-88.85850114,500,ac,default,default,8MAGNOL_CC1_360613-8UNION_MS_360033
1356,8MAGNOL CC1_360613,8VOLUNTEER_360097,34.8287922,-89.20041124,36.1219789,-83.81482256,500,ac,default,default,8MAGNOL_CC1_360613-8VOLUNTEER_360097
1357,8MAGNOL CC1_360613,8WEST POINT_360035,34.8287922,-89.20041124,33.63551392,-88.65363834,500,ac,default,default,8MAGNOL_CC1_360613-8WEST_POINT_360035
1358,8MAGNOL CC1_360613,8WID CRK FP_360065,34.8287922,-89.20041124,34.88726197,-85.75423778,500,ac,default,default,8MAGNOL_CC1_360613-8WID_CRK_FP_360065
1359,8MAGNOL CC1_360613,8WILSON TN_360071,34.8287922,-89.20041124,36.2052377,-86.46506033,500,ac,default,default,8MAGNOL_CC1_360613-8WILSON_TN_360071
1360,8MARSHALL KY_360015,8MAURY TN_360050,37.02455006,-88.39384277,35.672863,-87.01861625,500,ac,default,default,8MARSHALL_KY_360015-8MAURY_TN_360050
1361,8MARSHALL KY_360015,8MONTGOMERY_360044,37.02455006,-88.39384277,36.59438524,-87.25325857,500,ac,default,default,8MARSHALL_KY_360015-8MONTGOMERY_360044
1362,8MARSHALL KY_360015,8PARADIS CC5_360185,37.02455006,-88.39384277,37.25966758,-86.97670194,500,ac,default,default,8MARSHALL_KY_360015-8PARADIS_CC5_360185
1363,8MARSHALL KY_360015,8PARADISE CC_360117,37.02455006,-88.39384277,37.259697,-86.976991,500,ac,default,default,8MARSHALL_KY_360015-8PARADISE_CC_360117
1364,8MARSHALL KY_360015,8PHIPPS B NP_360102,37.02455006,-88.39384277,36.46070569,-82.80788409,500,ac,default,default,8MARSHALL_KY_360015-8PHIPPS_B_NP_360102
1365,8MARSHALL KY_360015,8PIN HOOK TN_360581,37.02455006,-88.39384277,36.04646628,-86.60595108,500,ac,default,default,8MARSHALL_KY_360015-8PIN_HOOK_TN_360581
1366,8MARSHALL KY_360015,8PLATEAU TN_360077,37.02455006,-88.39384277,36.05858036,-85.14194112,500,ac,default,default,8MARSHALL_KY_360015-8PLATEAU_TN_360077
1367,8MARSHALL KY_360015,8RACCOON MTN_360079,37.02455006,-88.39384277,35.05681146,-85.38724619,500,ac,default,default,8MARSHALL_KY_360015-8RACCOON_MTN_360079
1368,8MARSHALL KY_360015,8RUTHERFORD_360010,37.02455006,-88.39384277,35.82791498,-86.59841524,500,ac,default,default,8MARSHALL_KY_360015-8RUTHERFORD_360010
1369,8MARSHALL KY_360015,8SEQUOYAH NP_360081,37.02455006,-88.39384277,35.22706031,-85.09419774,500,ac,default,default,8MARSHALL_KY_360015-8SEQUOYAH_NP_360081
1370,8MARSHALL KY_360015,8SHELBY TN_360021,37.02455006,-88.39384277,35.38606284,-89.80340294,500,ac,default,default,8MARSHALL_KY_360015-8SHELBY_TN_360021
1371,8MARSHALL KY_360015,8TRICO STEEL_360014,37.02455006,-88.39384277,34.60872576,-87.05506218,500,ac,default,default,8MARSHALL_KY_360015-8TRICO_STEEL_360014
1372,8MARSHALL KY_360015,8UNION MS_360033,37.02455006,-88.39384277,34.37783096,-88.85850114,500,ac,default,default,8MARSHALL_KY_360015-8UNION_MS_360033
1373,8MARSHALL KY_360015,8VOLUNTEER_360097,37.02455006,-88.39384277,36.1219789,-83.81482256,500,ac,default,default,8MARSHALL_KY_360015-8VOLUNTEER_360097
1374,8MARSHALL KY_360015,8WEST POINT_360035,37.02455006,-88.39384277,33.63551392,-88.65363834,500,ac,default,default,8MARSHALL_KY_360015-8WEST_POINT_360035
1375,8MARSHALL KY_360015,8WID CRK FP_360065,37.02455006,-88.39384277,34.88726197,-85.75423778,500,ac,default,default,8MARSHALL_KY_360015-8WID_CRK_FP_360065
1376,8MARSHALL KY_360015,8WILSON TN_360071,37.02455006,-88.39384277,36.2052377,-86.46506033,500,ac,default,default,8MARSHALL_KY_360015-8WILSON_TN_360071
1377,8MAURY TN_360050,8MONTGOMERY_360044,35.672863,-87.01861625,36.59438524,-87.25325857,500,ac,default,default,8MAURY_TN_360050-8MONTGOMERY_360044
1378,8MAURY TN_360050,8PARADIS CC5_360185,35.672863,-87.01861625,37.25966758,-86.97670194,500,ac,default,default,8MAURY_TN_360050-8PARADIS_CC5_360185
1379,8MAURY TN_360050,8PARADISE CC_360117,35.672863,-87.01861625,37.259697,-86.976991,500,ac,default,default,8MAURY_TN_360050-8PARADISE_CC_360117
1380,8MAURY TN_360050,8PHIPPS B NP_360102,35.672863,-87.01861625,36.46070569,-82.80788409,500,ac,default,default,8MAURY_TN_360050-8PHIPPS_B_NP_360102
1381,8MAURY TN_360050,8PIN HOOK TN_360581,35.672863,-87.01861625,36.04646628,-86.60595108,500,ac,default,default,8MAURY_TN_360050-8PIN_HOOK_TN_360581
1382,8MAURY TN_360050,8PLATEAU TN_360077,35.672863,-87.01861625,36.05858036,-85.14194112,500,ac,default,default,8MAURY_TN_360050-8PLATEAU_TN_360077
1383,8MAURY TN_360050,8RACCOON MTN_360079,35.672863,-87.01861625,35.05681146,-85.38724619,500,ac,default,default,8MAURY_TN_360050-8RACCOON_MTN_360079
1384,8MAURY TN_360050,8RUTHERFORD_360010,35.672863,-87.01861625,35.82791498,-86.59841524,500,ac,default,default,8MAURY_TN_360050-8RUTHERFORD_360010
1385,8MAURY TN_360050,8SEQUOYAH NP_360081,35.672863,-87.01861625,35.22706031,-85.09419774,500,ac,default,default,8MAURY_TN_360050-8SEQUOYAH_NP_360081
1386,8MAURY TN_360050,8SHELBY TN_360021,35.672863,-87.01861625,35.38606284,-89.80340294,500,ac,default,default,8MAURY_TN_360050-8SHELBY_TN_360021
1387,8MAURY TN_360050,8TRICO STEEL_360014,35.672863,-87.01861625,34.60872576,-87.05506218,500,ac,default,default,8MAURY_TN_360050-8TRICO_STEEL_360014
1388,8MAURY TN_360050,8UNION MS_360033,35.672863,-87.01861625,34.37783096,-88.85850114,500,ac,default,default,8MAURY_TN_360050-8UNION_MS_360033
1389,8MAURY TN_360050,8VOLUNTEER_360097,35.672863,-87.01861625,36.1219789,-83.81482256,500,ac,default,default,8MAURY_TN_360050-8VOLUNTEER_360097
1390,8MAURY TN_360050,8WEST POINT_360035,35.672863,-87.01861625,33.63551392,-88.65363834,500,ac,default,default,8MAURY_TN_360050-8WEST_POINT_360035
1391,8MAURY TN_360050,8WID CRK FP_360065,35.672863,-87.01861625,34.88726197,-85.75423778,500,ac,default,default,8MAURY_TN_360050-8WID_CRK_FP_360065
1392,8MAURY TN_360050,8WILSON TN_360071,35.672863,-87.01861625,36.2052377,-86.46506033,500,ac,default,default,8MAURY_TN_360050-8WILSON_TN_360071
1393,8MONTGOMERY_360044,8PARADIS CC5_360185,36.59438524,-87.25325857,37.25966758,-86.97670194,500,ac,default,default,8MONTGOMERY_360044-8PARADIS_CC5_360185
1394,8MONTGOMERY_360044,8PARADISE CC_360117,36.59438524,-87.25325857,37.259697,-86.976991,500,ac,default,default,8MONTGOMERY_360044-8PARADISE_CC_360117
1395,8MONTGOMERY_360044,8PHIPPS B NP_360102,36.59438524,-87.25325857,36.46070569,-82.80788409,500,ac,default,default,8MONTGOMERY_360044-8PHIPPS_B_NP_360102
1396,8MONTGOMERY_360044,8PIN HOOK TN_360581,36.59438524,-87.25325857,36.04646628,-86.60595108,500,ac,default,default,8MONTGOMERY_360044-8PIN_HOOK_TN_360581
1397,8MONTGOMERY_360044,8PLATEAU TN_360077,36.59438524,-87.25325857,36.05858036,-85.14194112,500,ac,default,default,8MONTGOMERY_360044-8PLATEAU_TN_360077
1398,8MONTGOMERY_360044,8RACCOON MTN_360079,36.59438524,-87.25325857,35.05681146,-85.38724619,500,ac,default,default,8MONTGOMERY_360044-8RACCOON_MTN_360079
1399,8MONTGOMERY_360044,8RUTHERFORD_360010,36.59438524,-87.25325857,35.82791498,-86.59841524,500,ac,default,default,8MONTGOMERY_360044-8RUTHERFORD_360010
1400,8MONTGOMERY_360044,8SEQUOYAH NP_360081,36.59438524,-87.25325857,35.22706031,-85.09419774,500,ac,default,default,8MONTGOMERY_360044-8SEQUOYAH_NP_360081
1401,8MONTGOMERY_360044,8SHELBY TN_360021,36.59438524,-87.25325857,35.38606284,-89.80340294,500,ac,default,default,8MONTGOMERY_360044-8SHELBY_TN_360021
1402,8MONTGOMERY_360044,8TRICO STEEL_360014,36.59438524,-87.25325857,34.60872576,-87.05506218,500,ac,default,default,8MONTGOMERY_360044-8TRICO_STEEL_360014
1403,8MONTGOMERY_360044,8UNION MS_360033,36.59438524,-87.25325857,34.37783096,-88.85850114,500,ac,default,default,8MONTGOMERY_360044-8UNION_MS_360033
1404,8MONTGOMERY_360044,8VOLUNTEER_360097,36.59438524,-87.25325857,36.1219789,-83.81482256,500,ac,default,default,8MONTGOMERY_360044-8VOLUNTEER_360097
1405,8MONTGOMERY_360044,8WEST POINT_360035,36.59438524,-87.25325857,33.63551392,-88.65363834,500,ac,default,default,8MONTGOMERY_360044-8WEST_POINT_360035
1406,8MONTGOMERY_360044,8WID CRK FP_360065,36.59438524,-87.25325857,34.88726197,-85.75423778,500,ac,default,default,8MONTGOMERY_360044-8WID_CRK_FP_360065
1407,8MONTGOMERY_360044,8WILSON TN_360071,36.59438524,-87.25325857,36.2052377,-86.46506033,500,ac,default,default,8MONTGOMERY_360044-8WILSON_TN_360071
1408,8PARADIS CC5_360185,8PARADISE CC_360117,37.25966758,-86.97670194,37.259697,-86.976991,500,ac,default,default,8PARADIS_CC5_360185-8PARADISE_CC_360117
1409,8PARADIS CC5_360185,8PHIPPS B NP_360102,37.25966758,-86.97670194,36.46070569,-82.80788409,500,ac,default,default,8PARADIS_CC5_360185-8PHIPPS_B_NP_360102
1410,8PARADIS CC5_360185,8PIN HOOK TN_360581,37.25966758,-86.97670194,36.04646628,-86.60595108,500,ac,default,default,8PARADIS_CC5_360185-8PIN_HOOK_TN_360581
1411,8PARADIS CC5_360185,8PLATEAU TN_360077,37.25966758,-86.97670194,36.05858036,-85.14194112,500,ac,default,default,8PARADIS_CC5_360185-8PLATEAU_TN_360077
1412,8PARADIS CC5_360185,8RACCOON MTN_360079,37.25966758,-86.97670194,35.05681146,-85.38724619,500,ac,default,default,8PARADIS_CC5_360185-8RACCOON_MTN_360079
1413,8PARADIS CC5_360185,8RUTHERFORD_360010,37.25966758,-86.97670194,35.82791498,-86.59841524,500,ac,default,default,8PARADIS_CC5_360185-8RUTHERFORD_360010
1414,8PARADIS CC5_360185,8SEQUOYAH NP_360081,37.25966758,-86.97670194,35.22706031,-85.09419774,500,ac,default,default,8PARADIS_CC5_360185-8SEQUOYAH_NP_360081
1415,8PARADIS CC5_360185,8SHELBY TN_360021,37.25966758,-86.97670194,35.38606284,-89.80340294,500,ac,default,default,8PARADIS_CC5_360185-8SHELBY_TN_360021
1416,8PARADIS CC5_360185,8TRICO STEEL_360014,37.25966758,-86.97670194,34.60872576,-87.05506218,500,ac,default,default,8PARADIS_CC5_360185-8TRICO_STEEL_360014
1417,8PARADIS CC5_360185,8UNION MS_360033,37.25966758,-86.97670194,34.37783096,-88.85850114,500,ac,default,default,8PARADIS_CC5_360185-8UNION_MS_360033
1418,8PARADIS CC5_360185,8VOLUNTEER_360097,37.25966758,-86.97670194,36.1219789,-83.81482256,500,ac,default,default,8PARADIS_CC5_360185-8VOLUNTEER_360097
1419,8PARADIS CC5_360185,8WEST POINT_360035,37.25966758,-86.97670194,33.63551392,-88.65363834,500,ac,default,default,8PARADIS_CC5_360185-8WEST_POINT_360035
1420,8PARADIS CC5_360185,8WID CRK FP_360065,37.25966758,-86.97670194,34.88726197,-85.75423778,500,ac,default,default,8PARADIS_CC5_360185-8WID_CRK_FP_360065
1421,8PARADIS CC5_360185,8WILSON TN_360071,37.25966758,-86.97670194,36.2052377,-86.46506033,500,ac,default,default,8PARADIS_CC5_360185-8WILSON_TN_360071
1422,8PARADISE CC_360117,8PHIPPS B NP_360102,37.259697,-86.976991,36.46070569,-82.80788409,500,ac,default,default,8PARADISE_CC_360117-8PHIPPS_B_NP_360102
1423,8PARADISE CC_360117,8PIN HOOK TN_360581,37.259697,-86.976991,36.04646628,-86.60595108,500,ac,default,default,8PARADISE_CC_360117-8PIN_HOOK_TN_360581
1424,8PARADISE CC_360117,8PLATEAU TN_360077,37.259697,-86.976991,36.05858036,-85.14194112,500,ac,default,default,8PARADISE_CC_360117-8PLATEAU_TN_360077
1425,8PARADISE CC_360117,8RACCOON MTN_360079,37.259697,-86.976991,35.05681146,-85.38724619,500,ac,default,default,8PARADISE_CC_360117-8RACCOON_MTN_360079
1426,8PARADISE CC_360117,8RUTHERFORD_360010,37.259697,-86.976991,35.82791498,-86.59841524,500,ac,default,default,8PARADISE_CC_360117-8RUTHERFORD_360010
1427,8PARADISE CC_360117,8SEQUOYAH NP_360081,37.259697,-86.976991,35.22706031,-85.09419774,500,ac,default,default,8PARADISE_CC_360117-8SEQUOYAH_NP_360081
1428,8PARADISE CC_360117,8SHELBY TN_360021,37.259697,-86.976991,35.38606284,-89.80340294,500,ac,default,default,8PARADISE_CC_360117-8SHELBY_TN_360021
1429,8PARADISE CC_360117,8TRICO STEEL_360014,37.259697,-86.976991,34.60872576,-87.05506218,500,ac,default,default,8PARADISE_CC_360117-8TRICO_STEEL_360014
1430,8PARADISE CC_360117,8UNION MS_360033,37.259697,-86.976991,34.37783096,-88.85850114,500,ac,default,default,8PARADISE_CC_360117-8UNION_MS_360033
1431,8PARADISE CC_360117,8VOLUNTEER_360097,37.259697,-86.976991,36.1219789,-83.81482256,500,ac,default,default,8PARADISE_CC_360117-8VOLUNTEER_360097
1432,8PARADISE CC_360117,8WEST POINT_360035,37.259697,-86.976991,33.63551392,-88.65363834,500,ac,default,default,8PARADISE_CC_360117-8WEST_POINT_360035
1433,8PARADISE CC_360117,8WID CRK FP_360065,37.259697,-86.976991,34.88726197,-85.75423778,500,ac,default,default,8PARADISE_CC_360117-8WID_CRK_FP_360065
1434,8PARADISE CC_360117,8WILSON TN_360071,37.259697,-86.976991,36.2052377,-86.46506033,500,ac,default,default,8PARADISE_CC_360117-8WILSON_TN_360071
1435,8PHIPPS B NP_360102,8PIN HOOK TN_360581,36.46070569,-82.80788409,36.04646628,-86.60595108,500,ac,default,default,8PHIPPS_B_NP_360102-8PIN_HOOK_TN_360581
1436,8PHIPPS B NP_360102,8PLATEAU TN_360077,36.46070569,-82.80788409,36.05858036,-85.14194112,500,ac,default,default,8PHIPPS_B_NP_360102-8PLATEAU_TN_360077
1437,8PHIPPS B NP_360102,8RACCOON MTN_360079,36.46070569,-82.80788409,35.05681146,-85.38724619,500,ac,default,default,8PHIPPS_B_NP_360102-8RACCOON_MTN_360079
1438,8PHIPPS B NP_360102,8RUTHERFORD_360010,36.46070569,-82.80788409,35.82791498,-86.59841524,500,ac,default,default,8PHIPPS_B_NP_360102-8RUTHERFORD_360010
1439,8PHIPPS B NP_360102,8SEQUOYAH NP_360081,36.46070569,-82.80788409,35.22706031,-85.09419774,500,ac,default,default,8PHIPPS_B_NP_360102-8SEQUOYAH_NP_360081
1440,8PHIPPS B NP_360102,8SHELBY TN_360021,36.46070569,-82.80788409,35.38606284,-89.80340294,500,ac,default,default,8PHIPPS_B_NP_360102-8SHELBY_TN_360021
1441,8PHIPPS B NP_360102,8TRICO STEEL_360014,36.46070569,-82.80788409,34.60872576,-87.05506218,500,ac,default,default,8PHIPPS_B_NP_360102-8TRICO_STEEL_360014
1442,8PHIPPS B NP_360102,8UNION MS_360033,36.46070569,-82.80788409,34.37783096,-88.85850114,500,ac,default,default,8PHIPPS_B_NP_360102-8UNION_MS_360033
1443,8PHIPPS B NP_360102,8VOLUNTEER_360097,36.46070569,-82.80788409,36.1219789,-83.81482256,500,ac,default,default,8PHIPPS_B_NP_360102-8VOLUNTEER_360097
1444,8PHIPPS B NP_360102,8WEST POINT_360035,36.46070569,-82.80788409,33.63551392,-88.65363834,500,ac,default,default,8PHIPPS_B_NP_360102-8WEST_POINT_360035
1445,8PHIPPS B NP_360102,8WID CRK FP_360065,36.46070569,-82.80788409,34.88726197,-85.75423778,500,ac,default,default,8PHIPPS_B_NP_360102-8WID_CRK_FP_360065
1446,8PHIPPS B NP_360102,8WILSON TN_360071,36.46070569,-82.80788409,36.2052377,-86.46506033,500,ac,default,default,8PHIPPS_B_NP_360102-8WILSON_TN_360071
1447,8PIN HOOK TN_360581,8PLATEAU TN_360077,36.04646628,-86.60595108,36.05858036,-85.14194112,500,ac,default,default,8PIN_HOOK_TN_360581-8PLATEAU_TN_360077
1448,8PIN HOOK TN_360581,8RACCOON MTN_360079,36.04646628,-86.60595108,35.05681146,-85.38724619,500,ac,default,default,8PIN_HOOK_TN_360581-8RACCOON_MTN_360079
1449,8PIN HOOK TN_360581,8RUTHERFORD_360010,36.04646628,-86.60595108,35.82791498,-86.59841524,500,ac,default,default,8PIN_HOOK_TN_360581-8RUTHERFORD_360010
1450,8PIN HOOK TN_360581,8SEQUOYAH NP_360081,36.04646628,-86.60595108,35.22706031,-85.09419774,500,ac,default,default,8PIN_HOOK_TN_360581-8SEQUOYAH_NP_360081
1451,8PIN HOOK TN_360581,8SHELBY TN_360021,36.04646628,-86.60595108,35.38606284,-89.80340294,500,ac,default,default,8PIN_HOOK_TN_360581-8SHELBY_TN_360021
1452,8PIN HOOK TN_360581,8TRICO STEEL_360014,36.04646628,-86.60595108,34.60872576,-87.05506218,500,ac,default,default,8PIN_HOOK_TN_360581-8TRICO_STEEL_360014
1453,8PIN HOOK TN_360581,8UNION MS_360033,36.04646628,-86.60595108,34.37783096,-88.85850114,500,ac,default,default,8PIN_HOOK_TN_360581-8UNION_MS_360033
1454,8PIN HOOK TN_360581,8VOLUNTEER_360097,36.04646628,-86.60595108,36.1219789,-83.81482256,500,ac,default,default,8PIN_HOOK_TN_360581-8VOLUNTEER_360097
1455,8PIN HOOK TN_360581,8WEST POINT_360035,36.04646628,-86.60595108,33.63551392,-88.65363834,500,ac,default,default,8PIN_HOOK_TN_360581-8WEST_POINT_360035
1456,8PIN HOOK TN_360581,8WID CRK FP_360065,36.04646628,-86.60595108,34.88726197,-85.75423778,500,ac,default,default,8PIN_HOOK_TN_360581-8WID_CRK_FP_360065
1457,8PIN HOOK TN_360581,8WILSON TN_360071,36.04646628,-86.60595108,36.2052377,-86.46506033,500,ac,default,default,8PIN_HOOK_TN_360581-8WILSON_TN_360071
1458,8PLATEAU TN_360077,8RACCOON MTN_360079,36.05858036,-85.14194112,35.05681146,-85.38724619,500,ac,default,default,8PLATEAU_TN_360077-8RACCOON_MTN_360079
1459,8PLATEAU TN_360077,8RUTHERFORD_360010,36.05858036,-85.14194112,35.82791498,-86.59841524,500,ac,default,default,8PLATEAU_TN_360077-8RUTHERFORD_360010
1460,8PLATEAU TN_360077,8SEQUOYAH NP_360081,36.05858036,-85.14194112,35.22706031,-85.09419774,500,ac,default,default,8PLATEAU_TN_360077-8SEQUOYAH_NP_360081
1461,8PLATEAU TN_360077,8SHELBY TN_360021,36.05858036,-85.14194112,35.38606284,-89.80340294,500,ac,default,default,8PLATEAU_TN_360077-8SHELBY_TN_360021
1462,8PLATEAU TN_360077,8TRICO STEEL_360014,36.05858036,-85.14194112,34.60872576,-87.05506218,500,ac,default,default,8PLATEAU_TN_360077-8TRICO_STEEL_360014
1463,8PLATEAU TN_360077,8UNION MS_360033,36.05858036,-85.14194112,34.37783096,-88.85850114,500,ac,default,default,8PLATEAU_TN_360077-8UNION_MS_360033
1464,8PLATEAU TN_360077,8VOLUNTEER_360097,36.05858036,-85.14194112,36.1219789,-83.81482256,500,ac,default,default,8PLATEAU_TN_360077-8VOLUNTEER_360097
1465,8PLATEAU TN_360077,8WEST POINT_360035,36.05858036,-85.14194112,33.63551392,-88.65363834,500,ac,default,default,8PLATEAU_TN_360077-8WEST_POINT_360035
1466,8PLATEAU TN_360077,8WID CRK FP_360065,36.05858036,-85.14194112,34.88726197,-85.75423778,500,ac,default,default,8PLATEAU_TN_360077-8WID_CRK_FP_360065
1467,8PLATEAU TN_360077,8WILSON TN_360071,36.05858036,-85.14194112,36.2052377,-86.46506033,500,ac,default,default,8PLATEAU_TN_360077-8WILSON_TN_360071
1468,8RACCOON MTN_360079,8RUTHERFORD_360010,35.05681146,-85.38724619,35.82791498,-86.59841524,500,ac,default,default,8RACCOON_MTN_360079-8RUTHERFORD_360010
1469,8RACCOON MTN_360079,8SEQUOYAH NP_360081,35.05681146,-85.38724619,35.22706031,-85.09419774,500,ac,default,default,8RACCOON_MTN_360079-8SEQUOYAH_NP_360081
1470,8RACCOON MTN_360079,8SHELBY TN_360021,35.05681146,-85.38724619,35.38606284,-89.80340294,500,ac,default,default,8RACCOON_MTN_360079-8SHELBY_TN_360021
1471,8RACCOON MTN_360079,8TRICO STEEL_360014,35.05681146,-85.38724619,34.60872576,-87.05506218,500,ac,default,default,8RACCOON_MTN_360079-8TRICO_STEEL_360014
1472,8RACCOON MTN_360079,8UNION MS_360033,35.05681146,-85.38724619,34.37783096,-88.85850114,500,ac,default,default,8RACCOON_MTN_360079-8UNION_MS_360033
1473,8RACCOON MTN_360079,8VOLUNTEER_360097,35.05681146,-85.38724619,36.1219789,-83.81482256,500,ac,default,default,8RACCOON_MTN_360079-8VOLUNTEER_360097
1474,8RACCOON MTN_360079,8WEST POINT_360035,35.05681146,-85.38724619,33.63551392,-88.65363834,500,ac,default,default,8RACCOON_MTN_360079-8WEST_POINT_360035
1475,8RACCOON MTN_360079,8WID CRK FP_360065,35.05681146,-85.38724619,34.88726197,-85.75423778,500,ac,default,default,8RACCOON_MTN_360079-8WID_CRK_FP_360065
1476,8RACCOON MTN_360079,8WILSON TN_360071,35.05681146,-85.38724619,36.2052377,-86.46506033,500,ac,default,default,8RACCOON_MTN_360079-8WILSON_TN_360071
1477,8RUTHERFORD_360010,8SEQUOYAH NP_360081,35.82791498,-86.59841524,35.22706031,-85.09419774,500,ac,default,default,8RUTHERFORD_360010-8SEQUOYAH_NP_360081
1478,8RUTHERFORD_360010,8SHELBY TN_360021,35.82791498,-86.59841524,35.38606284,-89.80340294,500,ac,default,default,8RUTHERFORD_360010-8SHELBY_TN_360021
1479,8RUTHERFORD_360010,8TRICO STEEL_360014,35.82791498,-86.59841524,34.60872576,-87.05506218,500,ac,default,default,8RUTHERFORD_360010-8TRICO_STEEL_360014
1480,8RUTHERFORD_360010,8UNION MS_360033,35.82791498,-86.59841524,34.37783096,-88.85850114,500,ac,default,default,8RUTHERFORD_360010-8UNION_MS_360033
1481,8RUTHERFORD_360010,8VOLUNTEER_360097,35.82791498,-86.59841524,36.1219789,-83.81482256,500,ac,default,default,8RUTHERFORD_360010-8VOLUNTEER_360097
1482,8RUTHERFORD_360010,8WEST POINT_360035,35.82791498,-86.59841524,33.63551392,-88.65363834,500,ac,default,default,8RUTHERFORD_360010-8WEST_POINT_360035
1483,8RUTHERFORD_360010,8WID CRK FP_360065,35.82791498,-86.59841524,34.88726197,-85.75423778,500,ac,default,default,8RUTHERFORD_360010-8WID_CRK_FP_360065
1484,8RUTHERFORD_360010,8WILSON TN_360071,35.82791498,-86.59841524,36.2052377,-86.46506033,500,ac,default,default,8RUTHERFORD_360010-8WILSON_TN_360071
1485,8SEQUOYAH NP_360081,8SHELBY TN_360021,35.22706031,-85.09419774,35.38606284,-89.80340294,500,ac,default,default,8SEQUOYAH_NP_360081-8SHELBY_TN_360021
1486,8SEQUOYAH NP_360081,8TRICO STEEL_360014,35.22706031,-85.09419774,34.60872576,-87.05506218,500,ac,default,default,8SEQUOYAH_NP_360081-8TRICO_STEEL_360014
1487,8SEQUOYAH NP_360081,8UNION MS_360033,35.22706031,-85.09419774,34.37783096,-88.85850114,500,ac,default,default,8SEQUOYAH_NP_360081-8UNION_MS_360033
1488,8SEQUOYAH NP_360081,8VOLUNTEER_360097,35.22706031,-85.09419774,36.1219789,-83.81482256,500,ac,default,default,8SEQUOYAH_NP_360081-8VOLUNTEER_360097
1489,8SEQUOYAH NP_360081,8WEST POINT_360035,35.22706031,-85.09419774,33.63551392,-88.65363834,500,ac,default,default,8SEQUOYAH_NP_360081-8WEST_POINT_360035
1490,8SEQUOYAH NP_360081,8WID CRK FP_360065,35.22706031,-85.09419774,34.88726197,-85.75423778,500,ac,default,default,8SEQUOYAH_NP_360081-8WID_CRK_FP_360065
1491,8SEQUOYAH NP_360081,8WILSON TN_360071,35.22706031,-85.09419774,36.2052377,-86.46506033,500,ac,default,default,8SEQUOYAH_NP_360081-8WILSON_TN_360071
1492,8SHELBY TN_360021,8TRICO STEEL_360014,35.38606284,-89.80340294,34.60872576,-87.05506218,500,ac,default,default,8SHELBY_TN_360021-8TRICO_STEEL_360014
1493,8SHELBY TN_360021,8UNION MS_360033,35.38606284,-89.80340294,34.37783096,-88.85850114,500,ac,default,default,8SHELBY_TN_360021-8UNION_MS_360033
1494,8SHELBY TN_360021,8VOLUNTEER_360097,35.38606284,-89.80340294,36.1219789,-83.81482256,500,ac,default,default,8SHELBY_TN_360021-8VOLUNTEER_360097
1495,8SHELBY TN_360021,8WEST POINT_360035,35.38606284,-89.80340294,33.63551392,-88.65363834,500,ac,default,default,8SHELBY_TN_360021-8WEST_POINT_360035
1496,8SHELBY TN_360021,8WID CRK FP_360065,35.38606284,-89.80340294,34.88726197,-85.75423778,500,ac,default,default,8SHELBY_TN_360021-8WID_CRK_FP_360065
1497,8SHELBY TN_360021,8WILSON TN_360071,35.38606284,-89.80340294,36.2052377,-86.46506033,500,ac,default,default,8SHELBY_TN_360021-8WILSON_TN_360071
1498,8TRICO STEEL_360014,8UNION MS_360033,34.60872576,-87.05506218,34.37783096,-88.85850114,500,ac,default,default,8TRICO_STEEL_360014-8UNION_MS_360033
1499,8TRICO STEEL_360014,8VOLUNTEER_360097,34.60872576,-87.05506218,36.1219789,-83.81482256,500,ac,default,default,8TRICO_STEEL_360014-8VOLUNTEER_360097
1500,8TRICO STEEL_360014,8WEST POINT_360035,34.60872576,-87.05506218,33.63551392,-88.65363834,500,ac,default,default,8TRICO_STEEL_360014-8WEST_POINT_360035
1501,8TRICO STEEL_360014,8WID CRK FP_360065,34.60872576,-87.05506218,34.88726197,-85.75423778,500,ac,default,default,8TRICO_STEEL_360014-8WID_CRK_FP_360065
1502,8TRICO STEEL_360014,8WILSON TN_360071,34.60872576,-87.05506218,36.2052377,-86.46506033,500,ac,default,default,8TRICO_STEEL_360014-8WILSON_TN_360071
1503,8UNION MS_360033,8VOLUNTEER_360097,34.37783096,-88.85850114,36.1219789,-83.81482256,500,ac,default,default,8UNION_MS_360033-8VOLUNTEER_360097
1504,8UNION MS_360033,8WEST POINT_360035,34.37783096,-88.85850114,33.63551392,-88.65363834,500,ac,default,default,8UNION_MS_360033-8WEST_POINT_360035
1505,8UNION MS_360033,8WID CRK FP_360065,34.37783096,-88.85850114,34.88726197,-85.75423778,500,ac,default,default,8UNION_MS_360033-8WID_CRK_FP_360065
1506,8UNION MS_360033,8WILSON TN_360071,34.37783096,-88.85850114,36.2052377,-86.46506033,500,ac,default,default,8UNION_MS_360033-8WILSON_TN_360071
1507,8VOLUNTEER_360097,8WEST POINT_360035,36.1219789,-83.81482256,33.63551392,-88.65363834,500,ac,default,default,8VOLUNTEER_360097-8WEST_POINT_360035
1508,8VOLUNTEER_360097,8WID CRK FP_360065,36.1219789,-83.81482256,34.88726197,-85.75423778,500,ac,default,default,8VOLUNTEER_360097-8WID_CRK_FP_360065
1509,8VOLUNTEER_360097,8WILSON TN_360071,36.1219789,-83.81482256,36.2052377,-86.46506033,500,ac,default,default,8VOLUNTEER_360097-8WILSON_TN_360071
1510,8WEST POINT_360035,8WID CRK FP_360065,33.63551392,-88.65363834,34.88726197,-85.75423778,500,ac,default,default,8WEST_POINT_360035-8WID_CRK_FP_360065
1511,8WEST POINT_360035,8WILSON TN_360071,33.63551392,-88.65363834,36.2052377,-86.46506033,500,ac,default,default,8WEST_POINT_360035-8WILSON_TN_360071
1512,8WID CRK FP_360065,8WILSON TN_360071,34.88726197,-85.75423778,36.2052377,-86.46506033,500,ac,default,default,8WID_CRK_FP_360065-8WILSON_TN_360071
