start_BusName,end_BusName,length_km,voltage,cost,rid,n_cells,cells_outside_region,orig_cost_sum,adj_cost_sum,pct_increase,frac_none,frac_low,frac_medium,frac_high,added_cost,added_cost_pipeline_basis,adj_cost_pipeline_basis
6CENTER PNT_360533,6COUNTY LINE_360013,82.89083112443906,230,107809175.1072714,6CENTER_PNT_360533-6COUNTY_LINE_360013,811,0,191748288.15625,213701750.28125,11.449104623615082,0.0,0.9272503082614056,0.07274969173859433,0.0,21953462.125,12343185.25188789,120152360.35915929
6ALPHA GA_361502,6COUNTY LINE_360013,62.79369475732421,230,76840465.87495142,6ALPHA_GA_361502-6COUNTY_LINE_360013,579,0,130458622.421875,147369932.59375,12.962968532035756,0.0,0.8480138169257341,0.15198618307426598,0.0,16911310.171875,9960805.411239626,86801271.28619105
6CLOUDLANDGA_361633,6COUNTY LINE_360013,78.17994800689338,230,100032820.2484853,6CLOUDLANDGA_361633-6COUNTY_LINE_360013,757,0,176764596.25,191757816.8125,8.48202687674795,0.15323645970937913,0.8467635402906208,0.0,0.0,14993220.5625,8484810.699045489,108517630.94753079
6BATTLFLD GA_361530,6COUNTY LINE_360013,116.33903889279436,230,150725890.23314884,6BATTLFLD_GA_361530-6COUNTY_LINE_360013,1123,0,264804261.859375,292584480.9375,10.490850442912336,0.23063223508459482,0.6758682101513802,0.04630454140694568,0.04719501335707925,27780219.078125,15812427.723107858,166538317.9562567
6CONCORD TN_361509,6COUNTY LINE_360013,43.87386360737625,230,55105524.14113958,6CONCORD_TN_361509-6COUNTY_LINE_360013,416,0,95703870.796875,106132558.5625,10.896829646273321,0.0,0.9543269230769231,0.04567307692307692,0.0,10428687.765625,6004755.091346,61110279.232485585
6CENTER PNT_360533,6WID CRK FP_360068,137.35445445501392,230,167716362.66795582,6CENTER_PNT_360533-6WID_CRK_FP_360068,1301,0,292683922.625,322324779.453125,10.12725829361738,0.186010760953113,0.7163720215219063,0.09761721752498079,0.0,29640856.828125,16985069.248043958,184701431.91599977
6LOOPERS FRM_360602,6WID CRK FP_360068,144.1055518528077,230,176751780.05019403,6LOOPERS_FRM_360602-6WID_CRK_FP_360068,1364,0,307921697.546875,339086332.28125,10.120960939958046,0.1774193548387097,0.7294721407624634,0.09310850439882698,0.0,31164634.734375,17888978.619560696,194640758.6697547
6COUNTY LINE_360013,6WID CRK FP_360068,107.08073370113638,230,132582631.39150919,6COUNTY_LINE_360013-6WID_CRK_FP_360068,1028,0,233504125.671875,251836275.03125,7.850888846878767,0.2772373540856031,0.6945525291828794,0.02821011673151751,0.0,18332149.359375,10408915.020814383,142991546.41232356
6KENSNGTN GA_361503,6WID CRK FP_360068,61.39517528541813,230,77432746.12729567,6KENSNGTN_GA_361503-6WID_CRK_FP_360068,585,0,135243196.625,141254043.046875,4.444472307573277,0.5623931623931624,0.4376068376068376,0.0,0.0,6010846.421875,3441476.9586211755,80874223.08591685
6ALPHA GA_361502,6WID CRK FP_360068,156.01908432299044,230,189598158.65589795,6ALPHA_GA_361502-6WID_CRK_FP_360068,1503,0,336719217.0625,367645261.828125,9.184520276395357,0.2375249500998004,0.6846307385229541,0.07784431137724551,0.0,30926044.765625,17413681.325423185,207011839.98132113
6CLOUDLANDGA_361633,6WID CRK FP_360068,38.58305191657993,230,47727409.91487699,6CLOUDLANDGA_361633-6WID_CRK_FP_360068,351,0,79830295.234375,84073964.796875,5.315863545338195,0.47863247863247865,0.5213675213675214,0.0,0.0,4243669.5625,2537123.9847990735,50264533.89967606
6ROCK SPG GA_361500,6WID CRK FP_360068,65.28436359462181,230,81814747.52888122,6ROCK_SPG_GA_361500-6WID_CRK_FP_360068,622,0,143083022.09375,150013790.375,4.843878875237118,0.5209003215434084,0.4790996784565916,0.0,0.0,6930768.28125,3963007.2723800596,85777754.80126128
6BATTLFLD GA_361530,6WID CRK FP_360068,54.819876580144005,230,71442468.10488304,6BATTLFLD_GA_361530-6WID_CRK_FP_360068,502,0,119091540.15625,130259029.46875,9.377231411944177,0.5438247011952191,0.2749003984063745,0.1254980079681275,0.055776892430278883,11167489.3125,6699325.560599293,78141793.66548234
6S HAVEN CC_360594,6WID CRK FP_360068,469.7035582116471,230,553842080.5704821,6S_HAVEN_CC_360594-6WID_CRK_FP_360068,4645,0,1017525166.203125,1367450902.015625,34.38988512866379,0.09472551130247578,0.1860064585575888,0.15931108719052745,0.559956942949408,349925735.8125,190465655.30239037,744307735.8728725
6CONCORD TN_361509,6WID CRK FP_360068,137.09925317304248,230,167863216.92208612,6CONCORD_TN_361509-6WID_CRK_FP_360068,1340,0,301964465.4375,326407887.796875,8.094800930950674,0.2664179104477612,0.6977611940298507,0.03582089552238806,0.0,24443422.359375,13588193.246132776,181451410.1682189
6CENTER PNT_360533,6WRINGOLD GA_361504,73.42118825818588,230,89299828.2406854,6CENTER_PNT_360533-6WRINGOLD_GA_361504,683,0,153225733.234375,172413755.5,12.522715251931537,0.0,0.8711566617862372,0.12884333821376281,0.0,19188022.265625,11182763.211044976,100482591.45173039
6LOOPERS FRM_360602,6WRINGOLD GA_361504,65.63376618407356,230,79235436.08145753,6LOOPERS_FRM_360602-6WRINGOLD_GA_361504,606,0,135104593.6875,152480501.34375,12.86107835566337,0.0,0.8547854785478548,0.14521452145214522,0.0,17375907.65625,10190531.519887818,89425967.60134535
6COUNTY LINE_360013,6WRINGOLD GA_361504,24.403435046880073,230,30745062.07572098,6COUNTY_LINE_360013-6WRINGOLD_GA_361504,227,0,52369912.875,57606905.265625,10.000002106409834,0.0,1.0,0.0,0.0,5236992.390625,3074506.8551891088,33819568.93091009
6KENSNGTN GA_361503,6WRINGOLD GA_361504,69.39923373939973,230,85671506.97401667,6KENSNGTN_GA_361503-6WRINGOLD_GA_361504,705,0,160111109.328125,172075944.53125,7.472832618131919,0.2581560283687943,0.7418439716312056,0.0,0.0,11964835.203125,6402088.317599479,92073595.29161614
6ALPHA GA_361502,6WRINGOLD GA_361504,46.12870775560087,230,55750650.97679189,6ALPHA_GA_361502-6WRINGOLD_GA_361504,422,0,94144759.125,107424682.140625,14.105854791122985,0.0,0.7914691943127962,0.20853080568720378,0.0,13279923.015625,7864105.871892052,63614756.84868394
6CLOUDLANDGA_361633,6WRINGOLD GA_361504,86.48598697621443,230,108001204.65547043,6CLOUDLANDGA_361633-6WRINGOLD_GA_361504,870,0,199323401.75,214250383.953125,7.4888257334916775,0.2540229885057471,0.7459770114942529,0.0,0.0,14926982.203125,8088022.006719882,116089226.66219032
6ROCK SPG GA_361500,6WRINGOLD GA_361504,73.15209737228489,230,89510280.08249113,6ROCK_SPG_GA_361500-6WRINGOLD_GA_361504,738,0,166332664.96875,179842455.78125,8.122151361573016,0.1910569105691057,0.8089430894308943,0.0,0.0,13509790.8125,7270160.432467873,96780440.51495901
6WID CRK FP_360068,6WRINGOLD GA_361504,115.38677267045745,230,140551015.79849434,6WID_CRK_FP_360068-6WRINGOLD_GA_361504,1141,0,256062931.171875,274328842.171875,7.133367924988532,0.3418054338299737,0.6327782646801051,0.025416301489921123,0.0,18265911.0,10026021.079215359,150577036.8777097
6BATTLFLD GA_361530,6WRINGOLD GA_361504,124.64507786211541,230,158694274.64013398,6BATTLFLD_GA_361530-6WRINGOLD_GA_361504,1236,0,287363067.359375,315077048.078125,9.64423889730095,0.29449838187702265,0.6205501618122977,0.042071197411003236,0.04288025889967637,27713980.71875,15304854.962633397,173999129.60276738
6S HAVEN CC_360594,6WRINGOLD GA_361504,561.4216945532531,230,667600693.2616478,6S_HAVEN_CC_360594-6WRINGOLD_GA_361504,5609,0,1236427341.65625,1557179899.34375,25.94188488729452,0.13995364592619006,0.3513995364592619,0.15172044927794615,0.3569263683366019,320752557.6875,173188203.35271686,840788896.6143646
6CONCORD TN_361509,6WRINGOLD GA_361504,27.20887660565291,230,34015709.24298006,6CONCORD_TN_361509-6WRINGOLD_GA_361504,259,0,59390007.5,66187308.109375,11.445192374112768,0.0,0.9266409266409267,0.07335907335907337,0.0,6797300.609375,3893163.3602779265,37908872.60325799
6ALPHA GA_361502,6CENTER PNT_360533,28.174389591175114,230,34648408.31792179,6ALPHA_GA_361502-6CENTER_PNT_360533,266,0,60233829.015625,66257213.71875,10.000002990947987,0.0,1.0,0.0,0.0,6023384.703125,3464841.8681080495,38113250.18602984
6BATTLFLD GA_361530,6CENTER PNT_360533,146.84858433574487,230,190304938.48239684,6BATTLFLD_GA_361530-6CENTER_PNT_360533,1433,0,337979641.640625,376657389.828125,11.443810047182135,0.15561758548499652,0.729937194696441,0.07745987438939288,0.03698534542916958,38677748.1875,21778135.670332313,212083074.15272915
6CENTER PNT_360533,6KENSNGTN GA_361503,91.60274021302916,230,117282170.81627953,6CENTER_PNT_360533-6KENSNGTN_GA_361503,902,0,210727683.609375,233656286.28125,10.88067893081275,0.045454545454545456,0.8891352549889135,0.06541019955654102,0.0,22928602.671875,12761096.449606745,130043267.26588628
6COUNTY LINE_360013,6KENSNGTN GA_361503,61.093194770078654,230,77703122.56703153,6COUNTY_LINE_360013-6KENSNGTN_GA_361503,592,0,137552303.828125,149583377.390625,8.746544570807856,0.13006756756756757,0.8699324324324325,0.0,0.0,12031073.5625,6796338.248234871,84499460.8152664
6ALPHA GA_361502,6KENSNGTN GA_361503,110.03154539193271,230,134718649.8314203,6ALPHA_GA_361502-6KENSNGTN_GA_361503,1067,0,240767395.21875,265392364.1875,10.227700867211231,0.13964386129334583,0.7778819119025304,0.08247422680412371,0.0,24624968.96875,13778620.517103435,148497270.34852374
6CLOUDLANDGA_361633,6KENSNGTN GA_361503,28.192480502585013,230,36072236.57035432,6CLOUDLANDGA_361633-6KENSNGTN_GA_361503,272,0,63468857.734375,65498339.03125,3.197601736222566,0.6801470588235294,0.31985294117647056,0.0,0.0,2029481.296875,1153446.4628679613,37225683.03322228
6BATTLFLD GA_361530,6KENSNGTN GA_361503,66.35157138848602,230,86765306.55501786,6BATTLFLD_GA_361530-6KENSNGTN_GA_361503,638,0,151508523.34375,166325003.15625,9.779304481031502,0.5141065830721003,0.3213166144200627,0.08150470219435736,0.08307210031347963,14816479.8125,8485043.511915581,95250350.06693344
6CONCORD TN_361509,6KENSNGTN GA_361503,91.11171424198474,230,112983708.09760846,6CONCORD_TN_361509-6KENSNGTN_GA_361503,904,0,206012643.59375,224154990.15625,8.806423841769684,0.16482300884955753,0.8141592920353983,0.02101769911504425,0.0,18142346.5625,9949824.207223257,122933532.30483171
6CENTER PNT_360533,6YOUNG GA_361454,85.98016228714145,230,109928928.7963007,6CENTER_PNT_360533-6YOUNG_GA_361454,830,0,193659674.625,215804275.875,11.434802466171924,0.0,0.9289156626506024,0.07108433734939759,0.0,22144601.25,12570155.86103577,122499084.65733646
6LOOPERS FRM_360602,6YOUNG GA_361454,92.73125968493525,230,118964346.17853892,6LOOPERS_FRM_360602-6YOUNG_GA_361454,893,0,208897449.546875,232565828.703125,11.330142712412105,0.0,0.9339305711086227,0.06606942889137737,0.0,23668379.15625,13478830.198916435,132443176.37745535
6COUNTY LINE_360013,6YOUNG GA_361454,55.47061684419096,230,70349880.5470527,6COUNTY_LINE_360013-6YOUNG_GA_361454,520,0,120484294.84375,131731366.984375,9.33488647230809,0.06923076923076923,0.9307692307692308,0.0,0.0,11247072.140625,6567081.482471723,76916962.02952442
6KENSNGTN GA_361503,6YOUNG GA_361454,8.921240251292508,230,10776981.49344478,6KENSNGTN_GA_361503-6YOUNG_GA_361454,79,0,17631458.671875,18516324.5,5.01867624563872,0.4936708860759494,0.5063291139240507,0.0,0.0,884865.828125,540861.8102083942,11317843.303653173
6ALPHA GA_361502,6YOUNG GA_361454,104.408967466045,230,127365407.81144145,6ALPHA_GA_361502-6YOUNG_GA_361454,995,0,223699386.234375,247540353.78125,10.657591846003678,0.10854271356783919,0.8030150753768844,0.08844221105527639,0.0,23840967.546875,13574085.317541515,140939493.12898296
6CLOUDLANDGA_361633,6YOUNG GA_361454,27.896896090313444,230,35939130.49763468,6CLOUDLANDGA_361633-6YOUNG_GA_361454,277,0,65021532.546875,69641804.421875,7.105756653258166,0.2888086642599278,0.7111913357400722,0.0,0.0,4620271.875,2553747.156458811,38492877.65409349
6ROCK SPG GA_361500,6YOUNG GA_361454,10.661025971044415,230,12728584.828059405,6ROCK_SPG_GA_361500-6YOUNG_GA_361454,112,0,24767861.015625,27244647.609375,10.000001987202278,0.0,1.0,0.0,0.0,2476786.59375,1272858.7357486682,14001443.563808072
6WID CRK FP_360068,6YOUNG GA_361454,61.04687009376013,230,77171201.65887958,6WID_CRK_FP_360068-6YOUNG_GA_361454,589,0,136500640.0,143584686.28125,5.189753162512645,0.4872665534804754,0.5127334465195246,0.0,0.0,7084046.28125,4004994.8786407136,81176196.53752029
6WRINGOLD GA_361504,6YOUNG GA_361454,63.776655813512036,230,78318264.95403785,6WRINGOLD_GA_361504-6YOUNG_GA_361454,633,0,143043100.34375,154223934.125,7.8164090084604565,0.22274881516587677,0.7772511848341233,0.0,0.0,11180833.78125,6121675.9171373425,84439940.87117518
6BATTLFLD GA_361530,6YOUNG GA_361454,66.05598697621444,230,86632200.48229823,6BATTLFLD_GA_361530-6YOUNG_GA_361454,643,0,153061198.15625,170468468.546875,11.372751945176262,0.3468118195956454,0.48989113530326595,0.08087091757387248,0.08242612752721618,17407270.390625,9852465.26549957,96484665.74779779
6S HAVEN CC_360594,6YOUNG GA_361454,519.2712659927569,230,616887067.7062453,6S_HAVEN_CC_360594-6YOUNG_GA_361454,5168,0,1138499275.921875,1455756469.265625,27.86626219738768,0.12422600619195047,0.3188854489164087,0.16060371517027863,0.39628482972136225,317257193.34375,171903367.7487988,788790435.455044
6CONCORD TN_361509,6YOUNG GA_361454,85.48913631609705,230,105630466.07762961,6CONCORD_TN_361509-6YOUNG_GA_361454,832,0,188944634.609375,206302979.75,9.1870008251421,0.12980769230769232,0.8473557692307693,0.02283653846153846,0.0,17358345.140625,9704271.790153278,115334737.86778289
6CENTER PNT_360533,6ROCK SPG GA_361500,95.3556038459143,230,121120943.92475398,6CENTER_PNT_360533-6ROCK_SPG_GA_361500,935,0,216949239.25,241422797.53125,11.280776261698744,0.0,0.9368983957219251,0.06310160427807486,0.0,24473558.28125,13663382.690209093,134784326.61496308
6LOOPERS FRM_360602,6ROCK SPG GA_361500,102.1067012437081,230,130156361.3069922,6LOOPERS_FRM_360602-6ROCK_SPG_GA_361500,998,0,232187014.171875,258184350.359375,11.196722728109009,0.0,0.9408817635270541,0.05911823647294589,0.0,25997336.1875,14573246.888539677,144729608.19553187
6COUNTY LINE_360013,6ROCK SPG GA_361500,64.8460584029638,230,81541895.675506,6COUNTY_LINE_360013-6ROCK_SPG_GA_361500,625,0,143773859.46875,157349888.640625,9.442626929567698,0.0576,0.9424,0.0,0.0,13576029.171875,7699696.999935328,89241592.67544132
6KENSNGTN GA_361503,6ROCK SPG GA_361500,6.114701294725885,230,7720996.85919515,6KENSNGTN_GA_361503-6ROCK_SPG_GA_361500,59,0,13618753.21875,14681192.546875,7.80129657289228,0.22033898305084745,0.7796610169491526,0.0,0.0,1062439.328125,602337.8633695119,8323334.722564662
6ALPHA GA_361502,6ROCK SPG GA_361500,113.78440902481783,230,138557422.93989474,6ALPHA_GA_361502-6ROCK_SPG_GA_361500,1100,0,246988950.859375,273158875.4375,10.595585141387588,0.09818181818181818,0.8218181818181818,0.08,0.0,26169924.578125,14680969.717309043,153238392.6572038
6CLOUDLANDGA_361633,6ROCK SPG GA_361500,32.23078569424301,230,40481017.54117789,6CLOUDLANDGA_361633-6ROCK_SPG_GA_361500,309,0,71077073.0,74026476.15625,4.1495844324512365,0.5825242718446602,0.4174757281553398,0.0,0.0,2949403.15625,1679794.001986572,42160811.54316446
6BATTLFLD GA_361530,6ROCK SPG GA_361500,70.389876580144,230,91174087.52584143,6BATTLFLD_GA_361530-6ROCK_SPG_GA_361500,675,0,159116738.609375,174853140.28125,9.88984679387328,0.4785185185185185,0.36592592592592593,0.07703703703703704,0.07851851851851852,15736401.671875,9016977.572017647,100191065.09785908
6CONCORD TN_361509,6ROCK SPG GA_361500,94.8645778748699,230,116822481.20608291,6CONCORD_TN_361509-6ROCK_SPG_GA_361500,937,0,212234199.234375,231921501.40625,9.276215729084214,0.1152614727854856,0.8644610458911419,0.020277481323372464,0.0,19687302.171875,10836705.376745112,127659186.58282802
6CENTER PNT_360533,6CLOUDLANDGA_361633,108.6894934498439,230,139611868.49773327,6CENTER_PNT_360533-6CLOUDLANDGA_361633,1067,0,249939976.03125,275830725.703125,10.358786970771682,0.07497656982193064,0.8697282099343955,0.05529522024367385,0.0,25890749.671875,14462096.043594088,154073964.54132736
6ALPHA GA_361502,6CLOUDLANDGA_361633,127.11829862874741,230,157048347.51287404,6ALPHA_GA_361502-6CLOUDLANDGA_361633,1232,0,279979687.640625,307566803.609375,9.853256213415085,0.1525974025974026,0.775974025974026,0.07142857142857142,0.0,27587115.96875,15474376.059377976,172522723.572252
6BATTLFLD GA_361530,6CLOUDLANDGA_361633,40.04644153326394,230,53391034.48107455,6BATTLFLD_GA_361530-6CLOUDLANDGA_361633,383,0,92410635.515625,103340150.765625,11.827118371187929,0.3733681462140992,0.4177545691906005,0.13577023498694518,0.0731070496083551,10929515.25,6314620.847678449,59705655.328752995
6CENTER PNT_360533,6CONCORD TN_361509,80.37677267045744,230,98680129.76076284,6CENTER_PNT_360533-6CONCORD_TN_361509,752,0,170026432.625,191752823.375,12.778243014671965,0.0,0.8577127659574468,0.1422872340425532,0.0,21726390.75,12609586.788023908,111289716.54878674
6ALPHA GA_361502,6CONCORD TN_361509,53.084292167872434,230,65130952.496869326,6ALPHA_GA_361502-6CONCORD_TN_361509,491,0,110945458.515625,126763750.015625,14.257718803129048,0.0,0.7820773930753564,0.21792260692464357,0.0,15818291.5,9286188.060803186,74417140.55767252
6CLOUDLANDGA_361633,6CONCORD TN_361509,108.19846747879946,230,135313405.7790622,6CLOUDLANDGA_361633-6CONCORD_TN_361509,1069,0,245224936.015625,266329429.578125,8.606177620189204,0.17586529466791395,0.8063610851262862,0.01777362020579981,0.0,21104493.5625,11645312.045273457,146958717.82433566
6BATTLFLD GA_361530,6CONCORD TN_361509,146.35755836470048,230,186006475.76372576,6BATTLFLD_GA_361530-6CONCORD_TN_361509,1435,0,333264601.625,367156093.703125,10.169544533943874,0.23066202090592333,0.6829268292682927,0.049477351916376304,0.036933797909407665,33891492.078125,18916011.38881161,204922487.15253738
6CENTER PNT_360533,6LOOPERS FRM_360602,9.103889603929563,230,12361159.351459209,6CENTER_PNT_360533-6LOOPERS_FRM_360602,86,0,21018041.625,23119846.390625,10.00000286955851,0.0,1.0,0.0,0.0,2101804.765625,1236116.289856621,13597275.641315829
6COUNTY LINE_360013,6LOOPERS FRM_360602,82.29875318579691,230,100325250.97961704,6COUNTY_LINE_360013-6LOOPERS_FRM_360602,763,0,171418456.984375,192425751.796875,12.254978362344527,0.0,0.8846657929226737,0.11533420707732635,0.0,21007294.8125,12294837.799519908,112620088.77913696
6KENSNGTN GA_361503,6LOOPERS FRM_360602,98.35383761082292,230,126317588.19851774,6KENSNGTN_GA_361503-6LOOPERS_FRM_360602,965,0,225965458.53125,250417839.109375,10.821291332340222,0.04248704663212435,0.8963730569948186,0.061139896373056994,0.0,24452380.578125,13669194.222947413,139986782.42146516
6ALPHA GA_361502,6LOOPERS FRM_360602,20.386967517062807,230,24584016.158693902,6ALPHA_GA_361502-6LOOPERS_FRM_360602,189,0,42112689.46875,46323959.5625,10.000002723347801,0.0,1.0,0.0,0.0,4211270.09375,2458402.285377654,27042418.444071557
6CLOUDLANDGA_361633,6LOOPERS FRM_360602,115.44059084763765,230,148647285.8799715,6CLOUDLANDGA_361633-6LOOPERS_FRM_360602,1130,0,265177750.953125,292592278.53125,10.33817033276334,0.07079646017699115,0.8769911504424779,0.05221238938053097,0.0,27414527.578125,15367409.609301124,164014695.48927262
6BATTLFLD GA_361530,6LOOPERS FRM_360602,153.59968173353866,230,199340355.86463505,6BATTLFLD_GA_361530-6LOOPERS_FRM_360602,1496,0,353217416.5625,393418942.65625,11.381524298827017,0.14906417112299467,0.7413101604278075,0.07419786096256685,0.03542780748663102,40201526.09375,22687971.040101685,222028326.90473673
6CONCORD TN_361509,6LOOPERS FRM_360602,72.58935059634514,230,88615737.60153496,6CONCORD_TN_361509-6LOOPERS_FRM_360602,675,0,151905293.078125,171819569.21875,13.109665724671672,0.0,0.8414814814814815,0.15851851851851853,0.0,19914276.140625,11617226.979013415,100232964.58054838
6ALPHA GA_361502,6BATTLFLD GA_361530,146.51216223612363,230,200865249.65331694,6ALPHA_GA_361502-6BATTLFLD_GA_361530,1375,0,340248836.53125,373734882.3125,9.84163417651378,0.23272727272727273,0.6429090909090909,0.11272727272727273,0.011636363636363636,33486045.78125,19768423.05862057,220633672.71193752
6CENTER PNT_360533,6S HAVEN CC_360594,578.0851296001331,230,688095777.2618825,6CENTER_PNT_360533-6S_HAVEN_CC_360594,5749,0,1268396135.53125,1603889558.4375,26.45020853565856,0.0996695077404766,0.38337102104713866,0.16368064011132372,0.35327883110106106,335493422.90625,182002768.01082858,870098545.2727112
6LOOPERS FRM_360602,6S HAVEN CC_360594,584.8362269979268,230,697131194.6441207,6LOOPERS_FRM_360602-6S_HAVEN_CC_360594,5812,0,1283633910.453125,1620651111.265625,26.254931259453286,0.09858912594631797,0.3900550584996559,0.161906400550585,0.3494494150034412,337017200.8125,183031315.94201937,880162510.58614
6COUNTY LINE_360013,6S HAVEN CC_360594,553.1156555839319,230,659632308.8546627,6COUNTY_LINE_360013-6S_HAVEN_CC_360594,5496,0,1213868536.15625,1534687332.203125,26.429451500799004,0.12372634643377002,0.3571688500727802,0.15483988355167394,0.36426491994177584,320818796.046875,174337201.15234375,833969510.0070064
6KENSNGTN GA_361503,6S HAVEN CC_360594,519.6195711844148,230,617148612.1762794,6KENSNGTN_GA_361503-6S_HAVEN_CC_360594,5164,0,1137241832.546875,1453425826.03125,27.80270514462828,0.13245546088303642,0.3102246320681642,0.16072811773818746,0.39659178931061195,316183993.484375,171584008.94753647,788732621.1238159
6ALPHA GA_361502,6S HAVEN CC_360594,603.9067269851723,230,719437829.9263601,6ALPHA_GA_361502-6S_HAVEN_CC_360594,5992,0,1322866923.375,1663807426.6875,25.77284965615938,0.0956275033377837,0.4083778371161549,0.15704272363150867,0.33895193591455275,340940503.3125,185419630.27645642,904857460.2028165
6CLOUDLANDGA_361633,6S HAVEN CC_360594,499.69274652085073,230,592088864.3455495,6CLOUDLANDGA_361633-6S_HAVEN_CC_360594,4972,0,1093048722.984375,1402374996.328125,28.299403936833635,0.12027353177795656,0.31174577634754624,0.16532582461786002,0.4026548672566372,309326273.34375,167557619.386158,759646483.7317075
6ROCK SPG GA_361500,6S HAVEN CC_360594,523.5087594936184,230,621530613.576247,6ROCK_SPG_GA_361500-6S_HAVEN_CC_360594,5201,0,1145081658.015625,1462185573.359375,27.692690134717267,0.13055181695827725,0.31609305902711016,0.1595846952509133,0.3937704287636993,317103915.34375,172118546.91007707,793649160.4863241
6BATTLFLD GA_361530,6S HAVEN CC_360594,511.78518159323966,230,610595521.7539045,6BATTLFLD_GA_361530-6S_HAVEN_CC_360594,5125,0,1133921566.96875,1495643261.4375,31.900063020736134,0.12370731707317073,0.20917073170731706,0.15453658536585366,0.5125853658536585,361721694.46875,194780356.24128816,805375877.9951926
6CONCORD TN_361509,6S HAVEN CC_360594,583.1341750558381,230,694912894.3852396,6CONCORD_TN_361509-6S_HAVEN_CC_360594,5808,0,1282328875.921875,1609258944.96875,25.495025120747016,0.12947658402203857,0.3760330578512397,0.14979338842975207,0.3446969696969697,326930069.046875,177168216.99082702,872081111.3760667
6CENTER PNT_360533,7SHAWNEE FP_360002,570.4199086294299,345,1095355640.9955368,6CENTER_PNT_360533-7SHAWNEE_FP_360002,5185,0,1136016232.359375,1367211842.21875,20.351435417362683,0.14406943105110898,0.4804243008678881,0.14773384763741562,0.22777242044358728,231195609.859375,222920595.8676457,1318276236.8631825
6LOOPERS FRM_360602,7SHAWNEE FP_360002,577.1710060272238,345,1109817437.8273346,6LOOPERS_FRM_360602-7SHAWNEE_FP_360002,5248,0,1151254007.28125,1383973395.046875,20.214425860302086,0.14233993902439024,0.48666158536585363,0.14596036585365854,0.22503810975609756,232719387.765625,224343223.15431076,1334160660.9816453
6COUNTY LINE_360013,7SHAWNEE FP_360002,541.1606748900301,345,1039274338.9466575,6COUNTY_LINE_360013-7SHAWNEE_FP_360002,4927,0,1079180518.1875,1296009622.4375,20.092014319732886,0.16988025167444692,0.45910290237467016,0.13720316622691292,0.23381367972396996,216829104.25,208811149.00247175,1248085487.9491293
6YOUNG GA_361454,7SHAWNEE FP_360002,499.4779606735543,345,962768444.9978719,6YOUNG_GA_361454-7SHAWNEE_FP_360002,4637,0,1020847279.640625,1233801466.53125,20.860533317539186,0.17921069657105887,0.42764718568039684,0.13327582488678025,0.25986629286176405,212954186.890625,200838632.23953497,1163607077.2374067
6KENSNGTN GA_361503,7SHAWNEE FP_360002,499.7735450858259,345,963034138.1814778,6KENSNGTN_GA_361503-7SHAWNEE_FP_360002,4632,0,1019294604.828125,1229658001.140625,20.63813497256486,0.20207253886010362,0.40436096718480136,0.133419689119171,0.260146804835924,210363396.3125,198752285.26977018,1161786423.451248
6ALPHA GA_361502,7SHAWNEE FP_360002,558.1022139741413,345,1075351697.3693104,6ALPHA_GA_361502-7SHAWNEE_FP_360002,5423,0,1192458403.484375,1433960463.390625,20.25245150695225,0.3013092384289139,0.261110086667896,0.19915176101788679,0.23842891388530335,241502059.90625,217785081.0389075,1293136778.408218
6CLOUDLANDGA_361633,7SHAWNEE FP_360002,473.4684152306039,345,909249010.6263747,6CLOUDLANDGA_361633-7SHAWNEE_FP_360002,4377,0,960196717.0,1166673148.75,21.503555270956,0.1715787068768563,0.4176376513593786,0.14119259766963674,0.2695910440941284,206476431.75,195520863.55066308,1104769874.1770377
6ROCK SPG GA_361500,7SHAWNEE FP_360002,503.81185027748387,345,970290443.0728117,6ROCK_SPG_GA_361500-7SHAWNEE_FP_360002,4669,0,1026902820.09375,1238186138.265625,20.574811368478475,0.19940029985007496,0.410152066823731,0.1323623902334547,0.25808524309273934,211283318.171875,199635428.38860503,1169925871.4614167
6WID CRK FP_360068,7SHAWNEE FP_360002,439.8882723771051,345,839437296.3808048,6WID_CRK_FP_360068-7SHAWNEE_FP_360002,4013,0,874366290.78125,1073007408.859375,22.718295544152124,0.1619735858460005,0.39421878893595813,0.15399950161973586,0.2898081235983055,198641118.078125,190705845.8996314,1030143142.2804362
6WRINGOLD GA_361504,7SHAWNEE FP_360002,549.3921554181242,345,1052652531.4848341,6WRINGOLD_GA_361504-7SHAWNEE_FP_360002,5040,0,1101889837.140625,1318667754.359375,19.673284017328175,0.1869047619047619,0.4503968253968254,0.13412698412698412,0.22857142857142856,216777917.21875,207091322.2346063,1259743853.7194405
6BATTLFLD GA_361530,7SHAWNEE FP_360002,482.17173342053843,345,930329705.998009,6BATTLFLD_GA_361530-7SHAWNEE_FP_360002,4494,0,990721965.734375,1203393044.78125,21.466272718525236,0.17311971517578995,0.41165999109924345,0.14908767245215843,0.2661326212728082,212671079.046875,199707111.87098664,1130036817.8689957
6S HAVEN CC_360594,7SHAWNEE FP_360002,324.40453875249545,345,610537336.9028168,6S_HAVEN_CC_360594-7SHAWNEE_FP_360002,3084,0,662876006.90625,978874998.125,47.670904954543246,0.0,0.0,0.11673151750972763,0.8832684824902723,315998991.21875,291048673.58694124,901586010.489758
6CONCORD TN_361509,7SHAWNEE FP_360002,563.7322854008908,345,1087110966.459806,6CONCORD_TN_361509-7SHAWNEE_FP_360002,5481,0,1206138536.78125,1454246683.625,20.570451840951986,0.2981207808794016,0.24721766101076445,0.2187557015143222,0.23590585659551178,248108146.84375,223623637.81332207,1310734604.273128
8CHOCTAW MS_360654,8DAVIDSON TN_360048,418.79629186176567,500,1015865242.668355,8CHOCTAW_MS_360654-8DAVIDSON_TN_360048,3789,0,827508421.375,1156438199.375,39.7494175894241,0.0,0.0242808128793877,0.4600158353127474,0.5157033518078649,328929778.0,403800517.4540609,1419665760.122416
8ACKERMAN CC_360627,8DAVIDSON TN_360048,399.9918568403945,500,966709897.1056943,8ACKERMAN_CC_360627-8DAVIDSON_TN_360048,3689,0,802637887.6875,1038158637.421875,29.343338178682266,0.0,0.2060178910273787,0.6251016535646516,0.16888045540796964,235520749.734375,283664954.3145153,1250374851.4202096
8CLAY_360688,8DAVIDSON TN_360048,362.25699325852713,500,873356187.442822,8CLAY_360688-8DAVIDSON_TN_360048,3406,0,739751770.265625,955271170.671875,29.134016175299294,0.0,0.22313564298297123,0.6021726365237816,0.17469172049324722,215519400.40625,254443732.91756898,1127799920.360391
8COGEN CALED_360606,8DAVIDSON TN_360048,324.43633098414017,500,781511930.8814071,8COGEN_CALED_360606-8DAVIDSON_TN_360048,3144,0,682154034.125,850768297.734375,24.717916361171532,0.0,0.3511450381679389,0.5642493638676844,0.0846055979643766,168614263.609375,193173465.42784292,974685396.3092501
6CENTER PNT_360533,8DAVIDSON TN_360048,331.10703868872315,500,833371735.2335594,6CENTER_PNT_360533-8DAVIDSON_TN_360048,2999,0,679824775.578125,778400986.25,14.50023803384417,0.1760586862287429,0.5961987329109704,0.15371790596865623,0.07402467489163055,98576210.671875,120840885.31564371,954212620.549203
8BR FERRY NP_360052,8DAVIDSON TN_360048,169.21956487659324,500,415033001.81862473,8BR_FERRY_NP_360052-8DAVIDSON_TN_360048,1735,0,383115477.5625,447779744.984375,16.878531724504885,0.13487031700288185,0.4628242074927954,0.3976945244956772,0.004610951008645533,64664267.421875,70051476.87912151,485084478.6977463
6LOOPERS FRM_360602,8DAVIDSON TN_360048,322.47907776007986,500,806157974.243211,6LOOPERS_FRM_360602-8DAVIDSON_TN_360048,3179,0,714847021.828125,798701226.34375,11.730370548537671,0.4397609311104121,0.32463038691412394,0.17804340987731992,0.05756527209814407,83854204.515625,94565317.58531353,900723291.8285246
6COUNTY LINE_360013,8DAVIDSON TN_360048,300.8860387142321,500,760646029.3622322,6COUNTY_LINE_360013-8DAVIDSON_TN_360048,2727,0,620753925.625,707880651.515625,14.035630270545973,0.21195452878621196,0.5735240190685735,0.1331133113311331,0.0814081408140814,87126725.890625,106761464.34887148,867407493.7111037
6YOUNG GA_361454,8DAVIDSON TN_360048,258.45993488107223,500,657052837.8623157,6YOUNG_GA_361454-8DAVIDSON_TN_360048,2413,0,552704357.4375,629934285.390625,13.973099164838443,0.2859510982179859,0.4786572731040199,0.1384169084127642,0.09697472026523,77229927.953125,91810644.5998865,748863482.4622022
6KENSNGTN GA_361503,8DAVIDSON TN_360048,258.7555192933438,500,657427068.1035221,6KENSNGTN_GA_361503-8DAVIDSON_TN_360048,2408,0,551151682.625,625790820.0,13.54239490288991,0.33014950166112955,0.4339700996677741,0.13870431893687707,0.09717607973421927,74639137.375,89031369.76106995,746458437.8645921
6ALPHA GA_361502,8DAVIDSON TN_360048,302.97401933160717,500,757941061.2837288,6ALPHA_GA_361502-8DAVIDSON_TN_360048,2995,0,673887187.265625,753645407.140625,11.835544788828557,0.4667779632721202,0.28313856427378964,0.18898163606010016,0.061101836393989986,79758219.875,89706453.78115822,847647515.064887
6CLOUDLANDGA_361633,8DAVIDSON TN_360048,232.45038943812176,500,589677101.6287861,6CLOUDLANDGA_361633-8DAVIDSON_TN_360048,2153,0,492053794.796875,562805967.609375,14.378950749014585,0.2833255921969345,0.4644681839294008,0.15513237343241987,0.09707385044124478,70752172.8125,84789380.02141982,674466481.6502059
6ROCK SPG GA_361500,8DAVIDSON TN_360048,262.7938244850018,500,666684271.3405297,6ROCK_SPG_GA_361500-8DAVIDSON_TN_360048,2445,0,558759897.890625,634318957.125,13.522634591282955,0.3231083844580777,0.44458077709611454,0.13660531697341513,0.09570552147239264,75559059.234375,90153277.89093718,756837549.2314669
6WID CRK FP_360068,8DAVIDSON TN_360048,198.76480502585017,500,502197190.16748047,6WID_CRK_FP_360068-8DAVIDSON_TN_360048,1787,0,406821777.59375,474962720.890625,16.749581032734227,0.22887520984890877,0.4599888080581981,0.18690542809177393,0.1242305540011192,68140943.296875,84115925.31121655,586313115.4786971
6WRINGOLD GA_361504,8DAVIDSON TN_360048,301.52122712547134,500,753898944.1609515,6WRINGOLD_GA_361504-8DAVIDSON_TN_360048,2983,0,670785583.078125,754617210.0,12.497529618508697,0.4686557157224271,0.24706671136439826,0.2229299363057325,0.06134763660744217,83831626.921875,94218743.84013925,848117688.0010908
6BATTLFLD GA_361530,8DAVIDSON TN_360048,236.48714267493645,500,600823711.2178811,6BATTLFLD_GA_361530-8DAVIDSON_TN_360048,2173,0,496378532.84375,567880479.40625,14.404721766041284,0.4330418775885872,0.23791992636907502,0.23745973308789692,0.09157846295444086,71501946.5625,86546983.90533915,687370695.1232202
6S HAVEN CC_360594,8DAVIDSON TN_360048,350.14245425094276,500,860320514.7134149,6S_HAVEN_CC_360594-8DAVIDSON_TN_360048,3155,0,699285929.203125,1037054681.5,48.30195177554639,0.0,0.0,0.08431061806656101,0.915689381933439,337768752.296875,415551600.13200617,1275872114.845421
6CONCORD TN_361509,8DAVIDSON TN_360048,308.47681153774295,500,772702142.8665819,6CONCORD_TN_361509-8DAVIDSON_TN_360048,3052,0,687586282.46875,773956277.875,12.561331953299316,0.4580602883355177,0.2578636959370904,0.22411533420707733,0.05996068152031455,86369995.40625,97061681.1757285,869763824.0423105
8BRADLEY TN_360662,8DAVIDSON TN_360048,271.4402985777296,500,679597254.8328873,8BRADLEY_TN_360662-8DAVIDSON_TN_360048,2708,0,609650113.765625,681373347.5625,11.764655197694008,0.516248153618907,0.22045790251107827,0.19571639586410636,0.06757754800590841,71723233.796875,79952273.76408307,759549528.5969703
8BENTON MS_360612,8DAVIDSON TN_360048,295.7739413419472,500,721541769.9293933,8BENTON_MS_360612-8DAVIDSON_TN_360048,2746,0,603030840.6875,875230106.546875,45.13853148025524,0.0,0.005462490895848507,0.23306627822286963,0.7614712308812819,272199265.859375,325693358.96277,1047235128.8921633
8ANDERSON TN_360120,8DAVIDSON TN_360048,291.5186232030303,500,736341736.1856409,8ANDERSON_TN_360120-8DAVIDSON_TN_360048,2806,0,637680464.21875,699701873.4375,9.726095230898313,0.6429080541696365,0.12651461154668567,0.16535994297933002,0.06521739130434782,62021409.21875,71617298.48626547,807959034.6719064
8BULL RUN FP_360093,8DAVIDSON TN_360048,381.7289737738666,500,959004175.5537817,8BULL_RUN_FP_360093-8DAVIDSON_TN_360048,3612,0,816874734.875,890448117.46875,9.006690922447035,0.5758582502768549,0.24501661129568106,0.12846068660022147,0.050664451827242524,73573382.59375,86374542.0254905,1045378717.5792723
8CUMBERLAND_360040,8DAVIDSON TN_360048,80.31016228714145,500,197719416.35048756,8CUMBERLAND_360040-8DAVIDSON_TN_360048,767,0,170037015.78125,246672006.25,45.069592709942484,0.0,0.0,0.24119947848761408,0.758800521512386,76634990.46875,89111335.65764017,286830752.00812775
7SHAWNEE FP_360002,8DAVIDSON TN_360048,277.73647383763887,500,671210840.7063993,7SHAWNEE_FP_360002-8DAVIDSON_TN_360048,2616,0,569745792.15625,775386096.78125,36.093343286790635,0.09977064220183486,0.11238532110091744,0.21253822629969418,0.5753058103975535,205640304.625,242262432.91431415,913473273.6207135
8ACKERMAN CC_360627,8BR FERRY NP_360052,279.99498674663437,500,682223902.7658104,8ACKERMAN_CC_360627-8BR_FERRY_NP_360052,2446,0,536690282.015625,658102957.015625,22.622484339387626,0.02330335241210139,0.5396565821749796,0.23548650858544562,0.20155355682747342,121412675.0,154335995.5627545,836559898.3285649
6CENTER PNT_360533,8BR FERRY NP_360052,272.5184803495316,500,680961955.0832074,6CENTER_PNT_360533-8BR_FERRY_NP_360052,2604,0,585562635.75,635013450.28125,8.44500852891894,0.31797235023041476,0.6136712749615976,0.057219662058371736,0.011136712749615975,49450814.53125,57507295.18547003,738469250.2686774
6LOOPERS FRM_360602,8BR FERRY NP_360052,279.26957774732534,500,699101778.5369401,6LOOPERS_FRM_360602-8BR_FERRY_NP_360052,2667,0,600800410.671875,651775003.109375,8.484447003039675,0.31046119235095615,0.6227971503562054,0.05586801649793776,0.010873640794900637,50974592.4375,59314919.89727447,758416698.4342146
6COUNTY LINE_360013,8BR FERRY NP_360052,245.76335049430955,500,617119648.4527452,6COUNTY_LINE_360013-8BR_FERRY_NP_360052,2344,0,529120254.828125,563657975.640625,6.527385882008807,0.40059726962457337,0.5742320819112628,0.025170648464163822,0.0,34537720.8125,40281780.80820687,657401429.2609521
6YOUNG GA_361454,8BR FERRY NP_360052,211.86624012374799,500,530240910.73846656,6YOUNG_GA_361454-8BR_FERRY_NP_360052,2015,0,453605674.046875,483825511.25,6.66213826946136,0.4471464019851117,0.5106699751861042,0.028287841191066997,0.013895781637717122,30219837.203125,35325382.634647824,565566293.3731143
6KENSNGTN GA_361503,8BR FERRY NP_360052,212.0654284329517,500,530769591.76954836,6KENSNGTN_GA_361503-8BR_FERRY_NP_360052,2011,0,452626121.8125,481769039.09375,6.43862911944848,0.46892093485827946,0.48881153654898063,0.02834410740924913,0.0139234211834908,29142917.28125,34174285.492851965,564943877.2624003
6ALPHA GA_361502,8BR FERRY NP_360052,298.34007773457097,500,745196572.2623761,6ALPHA_GA_361502-8BR_FERRY_NP_360052,2847,0,640033423.59375,694955141.96875,8.581070355141417,0.2904812082894275,0.6469968387776607,0.05233579206181946,0.010186160871092378,54921718.375,63945842.14993674,809142414.4123129
6CLOUDLANDGA_361633,8BR FERRY NP_360052,185.96834405894347,500,464174271.8617565,6CLOUDLANDGA_361633-8BR_FERRY_NP_360052,1825,0,410233196.390625,428600446.625,4.477270585602655,0.5534246575342465,0.4465753424657534,0.0,0.0,18367250.234375,20782338.140001725,484956610.0017582
6ROCK SPG GA_361500,8BR FERRY NP_360052,216.1037336246097,500,539982407.9764328,6ROCK_SPG_GA_361500-8BR_FERRY_NP_360052,2048,0,460188056.140625,490254615.34375,6.533537496665764,0.4580078125,0.50048828125,0.02783203125,0.013671875,30066559.203125,35279953.10053894,575262361.0769718
6WID CRK FP_360068,8BR FERRY NP_360052,160.67349991071885,500,400843599.66358525,6WID_CRK_FP_360068-8BR_FERRY_NP_360052,1563,0,351324084.15625,365408688.828125,4.009006301318907,0.5969289827255279,0.40307101727447214,0.0,0.0,14084604.671875,16069845.168946667,416913444.8325319
6WRINGOLD GA_361504,8BR FERRY NP_360052,253.99483102240345,500,634374558.5039443,6WRINGOLD_GA_361504-8BR_FERRY_NP_360052,2457,0,551829573.78125,586316107.5625,6.249489954831744,0.4249084249084249,0.5510785510785511,0.024013024013024013,0.0,34486533.78125,39645174.30971222,674019732.8136564
6BATTLFLD GA_361530,8BR FERRY NP_360052,203.20905832643714,500,518633298.6355768,6BATTLFLD_GA_361530-8BR_FERRY_NP_360052,1971,0,453103666.5625,477710857.28125,5.4308081206744685,0.5672247590055809,0.3921867072552004,0.026382546930492135,0.014205986808726534,24607190.71875,28165979.29882277,546799277.9343996
6S HAVEN CC_360594,8BR FERRY NP_360052,320.82645440399614,500,782372833.9810385,6S_HAVEN_CC_360594-8BR_FERRY_NP_360052,3212,0,705554888.15625,1014621203.859375,43.804716102353765,0.019613947696139476,0.06382316313823164,0.13325031133250312,0.7833125778331258,309066315.703125,342716198.7873334,1125089032.7683718
6CONCORD TN_361509,8BR FERRY NP_360052,275.78186996621565,500,689945607.6100473,6CONCORD_TN_361509-8BR_FERRY_NP_360052,2656,0,597580594.59375,638253411.84375,6.806247997000359,0.3802710843373494,0.5903614457831325,0.029367469879518073,0.0,40672817.25,46959409.0983508,736905016.7083981
8BENTON MS_360612,8BR FERRY NP_360052,281.0473635180951,500,681505956.3236476,8BENTON_MS_360612-8BR_FERRY_NP_360052,2828,0,617278735.75,883516501.453125,43.13088241726704,0.022277227722772276,0.0724893917963225,0.14144271570014144,0.7637906647807637,266237765.703125,293939532.68862367,975445489.0122713
8ANDERSON TN_360120,8BR FERRY NP_360052,322.53035687865787,500,793303512.7463707,8ANDERSON_TN_360120-8BR_FERRY_NP_360052,2924,0,646961892.9375,675169445.046875,4.3600020986243715,0.6987004103967168,0.23050615595075238,0.07079343365253078,0.0,28207552.109375,34588049.804202616,827891562.5505733
7SHAWNEE FP_360002,8BR FERRY NP_360052,354.6320451240893,500,848091553.6458982,7SHAWNEE_FP_360002-8BR_FERRY_NP_360052,3115,0,670447795.15625,907805645.515625,35.40288327804224,0.020224719101123594,0.19325842696629214,0.2876404494382023,0.49887640449438203,237357850.359375,300248862.82819235,1148340416.4740906
8CHOCTAW MS_360654,8CUMBERLAND_360040,422.223220511543,500,1014271767.6210799,8CHOCTAW_MS_360654-8CUMBERLAND_360040,4023,0,870391117.484375,1222584797.359375,40.46384123184972,0.0,0.09445687298036291,0.28560775540641314,0.619935371613224,352193679.875,410413317.7096695,1424685085.3307495
8ACKERMAN CC_360627,8CUMBERLAND_360040,402.8809802857594,500,969901437.4944185,8ACKERMAN_CC_360627-8CUMBERLAND_360040,3893,0,843627255.0625,1179837755.515625,39.85296805379017,0.0,0.09761109684048291,0.30952992550732084,0.5928589776521962,336210500.453125,386534510.03790224,1356435947.5323207
8CLAY_360688,8CUMBERLAND_360040,374.3841361885525,500,901460429.5376737,8CLAY_360688-8CUMBERLAND_360040,3723,0,807082990.171875,1137145406.796875,40.89572208115928,0.0,0.10206822455009401,0.25006715014773034,0.6478646253021757,330062416.625,368658751.9353517,1270119181.4730253
8COGEN CALED_360606,8CUMBERLAND_360040,339.7838310479124,500,819264877.9633045,8COGEN_CALED_360606-8CUMBERLAND_360040,3474,0,754672591.765625,974105566.859375,29.076579365412837,0.0,0.26338514680483593,0.5224525043177893,0.2141623488773748,219432975.09375,238214202.45395288,1057479080.4172574
6CENTER PNT_360533,8CUMBERLAND_360040,400.9357204477708,500,995527319.7431612,6CENTER_PNT_360533-8CUMBERLAND_360040,3627,0,811126812.296875,960327362.09375,18.39423226244765,0.1419906258615936,0.5232974910394266,0.17700578990901572,0.15770609318996415,149200549.796875,183119607.42967692,1178646927.1728382
8BR FERRY NP_360052,8CUMBERLAND_360040,213.72316221061476,500,517459439.35818696,8BR_FERRY_NP_360052-8CUMBERLAND_360040,2058,0,448735107.609375,552935259.921875,23.220860268237907,0.11370262390670553,0.32847424684159376,0.3965014577259475,0.16132167152575316,104200152.3125,120158533.35817187,637617972.7163588
6LOOPERS FRM_360602,8CUMBERLAND_360040,393.10386991519783,500,977800643.6223795,6LOOPERS_FRM_360602-8CUMBERLAND_360040,3832,0,857844095.75,1003036340.90625,16.925248524245042,0.36482254697286015,0.26931106471816285,0.20772442588726514,0.1581419624217119,145192245.15625,165495189.00475532,1143295832.6271348
6COUNTY LINE_360013,8CUMBERLAND_360040,371.69832437021176,500,924452008.8005961,6COUNTY_LINE_360013-8CUMBERLAND_360040,3368,0,754016545.78125,888850589.96875,17.88210682403475,0.17933491686460806,0.49554631828978624,0.16389548693586697,0.16122327790973873,134834044.1875,165311495.75065774,1089763504.5512538
6YOUNG GA_361454,8CUMBERLAND_360040,327.82317508134696,500,821345313.9740916,6YOUNG_GA_361454-8CUMBERLAND_360040,3035,0,686045735.765625,817448650.359375,19.153666839296758,0.19505766062602967,0.43624382207578255,0.17232289950576607,0.19637561779242174,131402914.59375,157317745.03877342,978663059.0128651
6KENSNGTN GA_361503,8CUMBERLAND_360040,328.1187594936185,500,821719544.2152979,6KENSNGTN_GA_361503-8CUMBERLAND_360040,3030,0,684493060.953125,813305184.96875,18.818616486229978,0.23003300330033002,0.40066006600660065,0.1726072607260726,0.1966996699669967,128812124.015625,154636249.61827388,976355793.8335718
6ALPHA GA_361502,8CUMBERLAND_360040,373.5988114867252,500,929583730.6628973,6ALPHA_GA_361502-8CUMBERLAND_360040,3648,0,816884261.1875,957980521.703125,17.272491002643896,0.3832236842105263,0.2324561403508772,0.21820175438596492,0.16611842105263158,141096260.515625,160562266.2407904,1090145996.9036877
6CLOUDLANDGA_361633,8CUMBERLAND_360040,301.81362963839643,500,753969577.7405622,6CLOUDLANDGA_361633-8CUMBERLAND_360040,2775,0,625395173.125,750320332.578125,19.97539552934089,0.1845045045045045,0.4212612612612613,0.18846846846846846,0.20576576576576577,124925159.453125,150608405.32457864,904577983.0651408
6ROCK SPG GA_361500,8CUMBERLAND_360040,332.1570646852765,500,830976747.4523056,6ROCK_SPG_GA_361500-8CUMBERLAND_360040,3067,0,692101276.21875,821833322.09375,18.74466213727888,0.22562764916856864,0.40952070427127485,0.17052494294098466,0.19432670361917184,129732045.875,155763783.74928388,986740531.2015895
6WID CRK FP_360068,8CUMBERLAND_360040,268.2862075642841,500,666174178.2495325,6WID_CRK_FP_360068-8CUMBERLAND_360040,2412,0,539709184.328125,656793662.015625,21.693993929945155,0.17081260364842454,0.3826699834162521,0.216832504145937,0.2296849087893864,117084477.6875,144519785.79231557,810693964.0418481
6WRINGOLD GA_361504,8CUMBERLAND_360040,372.1460192805894,500,925541613.5401199,6WRINGOLD_GA_361504-8CUMBERLAND_360040,3636,0,813782657.0,958952324.5625,17.838874583253748,0.3844884488448845,0.2026952695269527,0.24614961496149615,0.16666666666666666,145169667.5625,165106207.65524507,1090647821.195365
6BATTLFLD GA_361530,8CUMBERLAND_360040,307.1119348300544,500,772466380.5970496,6BATTLFLD_GA_361530-8CUMBERLAND_360040,2826,0,639375606.765625,772215593.96875,20.776517871101706,0.3329794762915782,0.18294409058740269,0.2639773531493277,0.22009907997169142,132839987.203125,160491615.61299855,932957996.2100482
6S HAVEN CC_360594,8CUMBERLAND_360040,324.5332919382924,500,793260142.974673,6S_HAVEN_CC_360594-8CUMBERLAND_360040,2933,0,646815117.734375,905374829.9375,39.97428401314929,0.09273781111489943,0.10739856801909307,0.06137061029662462,0.7384930105693829,258559712.203125,317100062.5158099,1110360205.4904828
6CONCORD TN_361509,8CUMBERLAND_360040,379.1016036928609,500,944344812.2457504,6CONCORD_TN_361509-8CUMBERLAND_360040,3705,0,830583356.390625,978291392.4375,17.7836498781716,0.37732793522267205,0.21241565452091768,0.24669365721997302,0.16356275303643725,147708036.046875,167938975.05246124,1112283787.2982116
8BRADLEY TN_360662,8CUMBERLAND_360040,342.06509073284764,500,851239924.2120557,8BRADLEY_TN_360662-8CUMBERLAND_360040,3361,0,752647187.6875,885708462.125,17.67910338525669,0.41594763463254986,0.17762570663493008,0.22612317762570663,0.18030348110681343,133061274.4375,150491586.25803,1001731510.4700856
8BENTON MS_360612,8CUMBERLAND_360040,259.4624608138533,500,630783213.7351975,8BENTON_MS_360612-8CUMBERLAND_360040,2321,0,508430888.40625,709596359.03125,39.565942040929535,0.11546747091770788,0.08056872037914692,0.06979750107712193,0.7341663076260233,201165470.625,249575320.75038093,880358534.4855785
8ANDERSON TN_360120,8CUMBERLAND_360040,367.3868049748324,500,902784303.565125,8ANDERSON_TN_360120-8CUMBERLAND_360040,3533,0,780630296.734375,937339800.203125,20.074740132981738,0.31135012737050666,0.23153127653552222,0.23747523351259553,0.2196433625813756,156709503.46875,181231602.90204784,1084015906.4671729
8BULL RUN FP_360093,8CUMBERLAND_360040,421.8628439441533,500,1036710850.3847916,8BULL_RUN_FP_360093-8CUMBERLAND_360040,4159,0,919688912.015625,1066467183.140625,15.959556455162115,0.4681413801394566,0.17263765328203895,0.17263765328203895,0.1865833132964655,146778271.125,165454453.44395205,1202165303.8287437
7SHAWNEE FP_360002,8CUMBERLAND_360040,213.12222709996252,500,510284161.2643982,7SHAWNEE_FP_360002-8CUMBERLAND_360040,1937,0,417675108.796875,569694585.65625,36.39658520644704,0.13887454827052143,0.08415074858027878,0.15229736706246774,0.624677336086732,152019476.859375,185726009.54960033,696010170.8139986
8CHOCTAW MS_360654,8WID CRK FP_360065,412.691278863489,500,1001168029.1461052,8CHOCTAW_MS_360654-8WID_CRK_FP_360065,3693,0,806327275.703125,940077879.78125,16.587632355794145,0.31708637963715136,0.3341456810181424,0.21554291903601408,0.13322502030869213,133750604.078125,166070071.9385059,1167238101.084611
8ACKERMAN CC_360627,8WID CRK FP_360065,391.08579187452005,500,947651821.633821,8ACKERMAN_CC_360627-8WID_CRK_FP_360065,3513,0,766132767.09375,887874222.59375,15.890386200529495,0.3333333333333333,0.3512667235980643,0.17506404782237403,0.1403358952462283,121741455.5,150585534.29396707,1098237355.927788
8CLAY_360688,8WID CRK FP_360065,344.37560359082534,500,835428955.7798676,8CLAY_360688-8WID_CRK_FP_360065,3064,0,668917236.46875,761933076.28125,13.90543324964022,0.4259138381201044,0.3035248041775457,0.1400130548302872,0.13054830287206268,93015839.8125,116170015.7941358,951598971.5740035
8WEST POINT_360035,8WID CRK FP_360065,327.07202569044654,500,789215754.6662996,8WEST_POINT_360035-8WID_CRK_FP_360065,2926,0,635423018.328125,709627599.59375,11.677981301474771,0.4460013670539986,0.3178400546821599,0.1637047163362953,0.07245386192754613,74204581.265625,92164468.25822347,881380222.9245231
8COGEN CALED_360606,8WID CRK FP_360065,297.19248024749606,500,720378169.2790447,8COGEN_CALED_360606-8WID_CRK_FP_360065,2623,0,572488890.8125,624673015.1875,9.115307774957548,0.459778879146016,0.38314906595501336,0.13076629813191,0.026305756767060616,52184124.375,65664687.273389615,786042856.5524343
8E POINT AL_360058,8WID CRK FP_360065,150.30294793036668,500,364243734.65739083,8E_POINT_AL_360058-8WID_CRK_FP_360065,1367,0,298171945.9375,305811848.03125,2.562247118765293,0.7439648866130212,0.25603511338697876,0.0,0.0,7639902.09375,9332824.596542096,373576559.25393295
8UNION MS_360033,8WID CRK FP_360065,333.050292014819,500,805646757.1802783,8UNION_MS_360033-8WID_CRK_FP_360065,3219,0,700855690.828125,841323599.21875,20.04234398448692,0.2646784715750233,0.3246349798073936,0.18949984467225847,0.22118670394532464,140467908.390625,161470494.37393546,967117251.5542138
8TRICO STEEL_360014,8WID CRK FP_360065,176.87433103515792,500,431219590.7415358,8TRICO_STEEL_360014-8WID_CRK_FP_360065,1632,0,358429280.109375,373132659.3125,4.102170224106194,0.6121323529411765,0.37683823529411764,0.011029411764705883,0.0,14703379.203125,17689361.65191187,448908952.39344764
6CENTER PNT_360533,8WID CRK FP_360065,137.84173367562747,500,344654676.97418,6CENTER_PNT_360533-8WID_CRK_FP_360065,1306,0,293952827.484375,323734461.625,10.131433126700596,0.18453292496171517,0.7182235834609495,0.09724349157733538,0.0,29781634.140625,34918458.115685,379573135.08986497
8BR FERRY NP_360052,8WID CRK FP_360065,158.9652401492569,500,400861793.9029729,8BR_FERRY_NP_360052-8WID_CRK_FP_360065,1491,0,338212310.71875,352594343.546875,4.252368223250391,0.5687458081824279,0.4312541918175721,0.0,0.0,14382032.828125,17046119.543081492,417907913.44605434
6LOOPERS FRM_360602,8WID CRK FP_360065,144.59283107342125,500,362794500.42791283,6LOOPERS_FRM_360602-8WID_CRK_FP_360065,1369,0,309190602.40625,340496014.453125,10.124955869694375,0.1760409057706355,0.7311906501095691,0.09276844411979547,0.0,31305412.046875,36732783.06600434,399527283.49391717
8LIMESTONE_360088,8WID CRK FP_360065,133.5909934115805,500,338925824.76646876,8LIMESTONE_360088-8WID_CRK_FP_360065,1248,0,284854991.5625,299212810.03125,5.040395602686765,0.4855769230769231,0.5144230769230769,0.0,0.0,14357818.46875,17083202.36789894,356009027.1343677
6COUNTY LINE_360013,8WID CRK FP_360065,107.62073370113639,500,271928971.1028528,6COUNTY_LINE_360013-8WID_CRK_FP_360065,1034,0,234881977.53125,253214126.890625,7.804834390469995,0.281431334622824,0.690522243713733,0.02804642166344294,0.0,18332149.359375,21223605.85428667,293152576.9571395
6YOUNG GA_361454,8WID CRK FP_360065,61.58687009376013,500,158156265.43714514,6YOUNG_GA_361454-8WID_CRK_FP_360065,595,0,137878491.859375,144962538.140625,5.137890751282059,0.492436974789916,0.507563025210084,0.0,0.0,7084046.28125,8125896.134468185,166282161.57161334
8MADISON AL_360060,8WID CRK FP_360065,96.60674667390415,500,250734950.1892407,8MADISON_AL_360060-8WID_CRK_FP_360065,876,0,204814096.96875,208649416.296875,1.87258562027115,0.8127853881278538,0.1872146118721461,0.0,0.0,3835319.328125,4695226.622237751,255430176.81147844
6KENSNGTN GA_361503,8WID CRK FP_360065,61.78605840296382,500,158684946.4682269,6KENSNGTN_GA_361503-8WID_CRK_FP_360065,591,0,136898939.625,142906065.984375,4.388000649113866,0.5668358714043993,0.43316412859560066,0.0,0.0,6007126.359375,6963096.481071787,165648042.9492987
6ALPHA GA_361502,8WID CRK FP_360065,156.5590843229904,500,389852814.99667215,6ALPHA_GA_361502-8WID_CRK_FP_360065,1509,0,338097068.921875,369023113.6875,9.147090468498309,0.24055666003976142,0.6819085487077535,0.0775347912524851,0.0,30926044.765625,35660189.681732945,425513004.6784051
6CLOUDLANDGA_361633,8WID CRK FP_360065,39.123051916579925,500,98790748.84868428,6CLOUDLANDGA_361633-8WID_CRK_FP_360065,357,0,81208147.09375,85451816.65625,5.2256697318816325,0.48739495798319327,0.5126050420168067,0.0,0.0,4243669.5625,5162478.260484897,103953227.10916919
8MAGNOL CC1_360613,8WID CRK FP_360065,353.7831816442576,500,859350244.3706262,8MAGNOL_CC1_360613-8WID_CRK_FP_360065,3497,0,764606876.28125,988133045.546875,29.234130139238257,0.12467829568201315,0.24706891621389762,0.21361166714326565,0.41464112096082356,223526169.265625,251223568.79117084,1110573813.161797
6ROCK SPG GA_361500,8WID CRK FP_360065,65.82436359462179,500,167897762.6751113,6ROCK_SPG_GA_361500-8WID_CRK_FP_360065,628,0,144460873.953125,151391642.234375,4.797678493554525,0.5254777070063694,0.4745222929936306,0.0,0.0,6930768.28125,8055194.8510230305,175952957.5261343
6WID CRK FP_360068,8WID CRK FP_360065,0.30727922061357854,500,786029.4753755697,6WID_CRK_FP_360068-8WID_CRK_FP_360065,5,0,1151113.515625,1151113.515625,0.0,1.0,0.0,0.0,0.0,0.0,0.0,786029.4753755697
6WRINGOLD GA_361504,8WID CRK FP_360065,115.85221422923028,500,289183881.15405184,6WRINGOLD_GA_361504-8WID_CRK_FP_360065,1147,0,257591296.484375,275872258.8125,7.096886648588252,0.34524847428073235,0.6294681778552746,0.025283347863993024,0.0,18280962.328125,20523052.251491223,309706933.4055431
6BATTLFLD GA_361530,8WID CRK FP_360065,54.43803891830327,500,143373551.48848137,6BATTLFLD_GA_361530-8WID_CRK_FP_360065,499,0,118495086.34375,129662575.65625,9.424432402288407,0.5410821643286573,0.27655310621242485,0.12625250501002003,0.056112224448897796,11167489.3125,13512143.442792092,156885694.93127346
6S HAVEN CC_360594,8WID CRK FP_360065,446.23146083936217,500,1091600335.161301,6S_HAVEN_CC_360594-8WID_CRK_FP_360065,4460,0,982355864.28125,1314756528.578125,33.83709268535584,0.09775784753363229,0.1937219730941704,0.16748878923766816,0.5410313901345292,332400664.296875,369365817.16218436,1460966152.3234854
6CONCORD TN_361509,8WID CRK FP_360065,137.63925317304248,500,344754930.26015496,6CONCORD_TN_361509-8WID_CRK_FP_360065,1346,0,303342317.296875,327785739.65625,8.058032449014597,0.26968796433878156,0.6946508172362555,0.03566121842496285,0.0,24443422.359375,27780464.14994093,372535394.4100959
8BRADLEY TN_360662,8WID CRK FP_360065,126.0991557497398,500,346995108.1220062,8BRADLEY_TN_360662-8WID_CRK_FP_360065,1166,0,290005085.46875,310441191.75,7.046809626878803,0.3867924528301887,0.5463121783876501,0.06689536878216124,0.0,20436106.28125,24452084.68394004,371447192.80594623
8RACCOON MTN_360079,8WID CRK FP_360065,41.56694152050951,500,105956913.63802293,8RACCOON_MTN_360079-8WID_CRK_FP_360065,368,0,84439575.09375,88688887.625,5.0323708125392,0.5516304347826086,0.41847826086956524,0.029891304347826088,0.0,4249312.53125,5332144.795787233,111289058.43381016
8BENTON MS_360612,8WID CRK FP_360065,402.3787920530825,500,983047310.4373488,8BENTON_MS_360612-8WID_CRK_FP_360065,4085,0,897738566.90625,1181024011.609375,31.55545001028215,0.10673194614443085,0.2178702570379437,0.20783353733170135,0.4675642594859241,283285444.703125,310205002.6224808,1293252313.0598297
8SEQUOYAH NP_360081,8WID CRK FP_360065,101.1925453664238,500,263243129.75941718,8SEQUOYAH_NP_360081-8WID_CRK_FP_360065,905,0,212008086.046875,217114781.265625,2.408726626408453,0.8220994475138121,0.14917127071823205,0.028729281767955802,0.0,5106695.21875,6340807.358706036,269583937.11812323
8FRANKLIN TN_360069,8WID CRK FP_360065,66.62596097966112,500,169869186.6135804,8FRANKLIN_TN_360069-8WID_CRK_FP_360065,593,0,135814870.6875,140060722.546875,3.126205427934603,0.6812816188870152,0.31871838111298484,0.0,0.0,4245851.859375,5310459.732302111,175179646.3458825
8SHELBY TN_360021,8WID CRK FP_360065,402.30468816890476,500,978990058.2015281,8SHELBY_TN_360021-8WID_CRK_FP_360065,4114,0,900652791.390625,1185395349.078125,31.615130759529663,0.10597958191541079,0.21633446767136608,0.2063684978123481,0.47131745260087504,284742557.6875,309508987.0232087,1288499045.2247367
8HAYWOOD TN_360542,8WID CRK FP_360065,346.67235051981845,500,843144719.4794753,8HAYWOOD_TN_360542-8WID_CRK_FP_360065,3529,0,772210257.390625,958111205.5625,24.07387708110129,0.12354774723717767,0.41768206290733917,0.1391328988381978,0.31963729101728533,185900948.171875,202977623.38328516,1046122342.8627604
8HIWASSEE TN_360110,8WID CRK FP_360065,139.8148830155101,500,350209862.7646098,8HIWASSEE_TN_360110-8WID_CRK_FP_360065,1301,0,293216880.1875,298581547.71875,1.8295902772785588,0.862413528055342,0.11760184473481937,0.019984627209838585,0.0,5364667.53125,6407405.599211885,356617268.3638217
8LAG CRK CC_360615,8WID CRK FP_360065,369.54578556669844,500,897897998.3691957,8LAG_CRK_CC_360615-8WID_CRK_FP_360065,3738,0,817331957.921875,1025793756.84375,25.505156980757747,0.11663991439272338,0.39432851792402357,0.13135366506153023,0.35767790262172283,208461798.921875,229010294.011145,1126908292.3803406
8MAURY TN_360050,8WID CRK FP_360065,156.62433103515792,500,388574785.49695444,8MAURY_TN_360050-8WID_CRK_FP_360065,1407,0,314758535.609375,337773306.4375,7.311881402538689,0.2899786780383795,0.7014925373134329,0.0,0.008528784648187633,23014770.828125,28412127.475706413,416986912.97266084
8JACKSON TN_360019,8WID CRK FP_360065,317.60938946363063,500,771538686.6699092,8JACKSON_TN_360019-8WID_CRK_FP_360065,3163,0,691655037.96875,836167446.59375,20.893711560231452,0.13784381915902624,0.4581093898197913,0.18020866266202973,0.2238381283591527,144512408.625,161203067.76840875,932741754.438318
8RUTHERFORD_360010,8WID CRK FP_360065,146.2401557242309,500,364437747.82011926,8RUTHERFORD_360010-8WID_CRK_FP_360065,1326,0,297108196.625,323426037.328125,8.857998871146089,0.3250377073906486,0.5656108597285068,0.10935143288084465,0.0,26317840.703125,32281891.587936398,396719639.40805566
8ANDERSON TN_360120,8WID CRK FP_360065,189.13105827541932,500,478819006.14947563,8ANDERSON_TN_360120-8WID_CRK_FP_360065,1687,0,384216381.90625,389581049.4375,1.396262050210817,0.8938944872554832,0.0906935388263189,0.015411973918197985,0.0,5364667.53125,6685568.072061726,485504574.22153735
8BULL RUN FP_360093,8WID CRK FP_360065,284.3286880668691,500,723033600.3002422,8BULL_RUN_FP_360093-8WID_CRK_FP_360065,2548,0,582963238.15625,588327905.6875,0.9202411370255348,0.9297488226059655,0.060047095761381473,0.01020408163265306,0.0,5364667.53125,6653652.62447961,729687252.9247218
8JVILLE FP_360037,8WID CRK FP_360065,260.3016036928609,500,636200814.8302734,8JVILLE_FP_360037-8WID_CRK_FP_360065,2385,0,524893021.90625,583799136.5,11.222499087494263,0.2188679245283019,0.6071278825995807,0.16939203354297694,0.004612159329140462,58906114.59375,71397630.6389585,707598445.4692318
8PIN HOOK TN_360581,8WID CRK FP_360065,177.80101284522328,500,450831754.25288725,8PIN_HOOK_TN_360581-8WID_CRK_FP_360065,1622,0,369951973.578125,413340648.28125,11.728191171268975,0.26633785450061653,0.5178791615289766,0.2157829839704069,0.0,43388674.703125,52874409.99956416,503706164.2524514
8PLATEAU TN_360077,8WID CRK FP_360065,158.2296103067893,500,390351413.97369564,8PLATEAU_TN_360077-8WID_CRK_FP_360065,1552,0,344863568.484375,344886724.46875,0.006714534816421036,0.9993556701030928,0.0006443298969072165,0.0,0.0,23155.984375,26210.2815976556,390377624.2552933
8DAVIDSON TN_360048,8WID CRK FP_360065,198.47936346707732,500,501465335.4870207,8DAVIDSON_TN_360048-8WID_CRK_FP_360065,1783,0,405900886.78125,474041830.078125,16.78758177574464,0.22714526079641054,0.46102075154234434,0.1873247335950645,0.12450925406618059,68140943.296875,84183903.27189581,585649238.7589165
8VOLUNTEER_360097,8WID CRK FP_360065,314.3727919510468,500,799304264.299973,8VOLUNTEER_360097-8WID_CRK_FP_360065,2852,0,652354299.109375,657718966.640625,0.8223548980322626,0.9372370266479664,0.05364656381486676,0.0091164095371669,0.0,5364667.53125,6573117.76765157,805877382.0676246
8GLEASON CT_360582,8WID CRK FP_360065,325.06451275594213,500,790138989.6333573,8GLEASON_CT_360582-8WID_CRK_FP_360065,3035,0,663946006.125,784445666.40625,18.1490150056816,0.1344316309719934,0.5420098846787479,0.16079077429983527,0.1627677100494234,120499660.28125,143402443.794299,933541433.4276563
8LAG CRK CT_360568,8WID CRK FP_360065,345.97009716821367,500,839378270.413089,8LAG_CRK_CT_360568-8WID_CRK_FP_360065,3259,0,711529420.109375,848553705.90625,19.257711898379682,0.12519177661859465,0.5047560601411476,0.2022092666462105,0.16784289659404725,137024285.796875,161645049.05375504,1001023319.4668441
8CUMBERLAND_360040,8WID CRK FP_360065,268.00076600551125,500,665442323.5690726,8CUMBERLAND_360040-8WID_CRK_FP_360065,2408,0,538788293.515625,655872771.203125,21.731073057195992,0.16943521594684385,0.38330564784053156,0.21719269102990033,0.23006644518272426,117084477.6875,144607757.4882977,810050081.0573703
8PHIPPS B NP_360102,8WID CRK FP_360065,373.81930491106016,500,952529499.3783004,8PHIPPS_B_NP_360102-8WID_CRK_FP_360065,3445,0,790236194.75,795600862.28125,0.6788688707111357,0.9480406386066763,0.0444121915820029,0.007547169811320755,0.0,5364667.53125,6466426.255619902,958995925.6339203
8MONTGOMERY_360044,8WID CRK FP_360065,270.1984997831744,500,678941038.8350954,8MONTGOMERY_360044-8WID_CRK_FP_360065,2461,0,556807664.78125,696509047.796875,25.089701857913305,0.1645672490857375,0.3340105648110524,0.17269402681836651,0.32872815928484356,139701383.015625,170344282.4347448,849285321.2698402
8MARSHALL KY_360015,8WID CRK FP_360065,391.18748668286213,500,968966784.2522695,8MARSHALL_KY_360015-8WID_CRK_FP_360065,3522,0,785998278.40625,951558616.40625,21.063702370405025,0.2518455423055082,0.3205565019875071,0.17092561044860874,0.2566723452583759,165560338.0,204100279.50298265,1173067063.7552521
7SHAWNEE FP_360002,8WID CRK FP_360065,439.6028308183323,500,1063663418.8116148,7SHAWNEE_FP_360002-8WID_CRK_FP_360065,4009,0,873445399.96875,1072086518.046875,22.74224789382735,0.16113744075829384,0.3946121227238713,0.1541531554003492,0.2900972811174857,198641118.078125,241900971.46209645,1305564390.2737112
8PARADISE CC_360117,8WID CRK FP_360065,319.9537010651458,500,782911165.3093916,8PARADISE_CC_360117-8WID_CRK_FP_360065,2972,0,655595618.046875,720768679.609375,9.94104593875429,0.37617765814266485,0.43304172274562586,0.1907806191117093,0.0,65173061.5625,77829558.60304315,860740723.9124348
8PARADISE CC_360117,8WID CRK FP_360065,319.9537010651458,500,782911165.3093916,8PARADISE_CC_360117-8WID_CRK_FP_360065,2972,0,655595618.046875,720768679.609375,9.94104593875429,0.37617765814266485,0.43304172274562586,0.1907806191117093,0.0,65173061.5625,77829558.60304315,860740723.9124348
6CENTER PNT_360533,8ACKERMAN CC_360627,476.57920748775746,500,1167597680.4071276,6CENTER_PNT_360533-8ACKERMAN_CC_360627,4535,0,1000000404.609375,1163325066.359375,16.332459566733746,0.22778390297684675,0.49084895259095923,0.1320837927232635,0.14928335170893053,163324661.75,190697419.0546152,1358295099.4617429
6LOOPERS FRM_360602,8ACKERMAN CC_360627,483.3303048855512,500,1185737503.8608603,6LOOPERS_FRM_360602-8ACKERMAN_CC_360627,4598,0,1015238179.53125,1180086619.1875,16.23741531591758,0.22466289691170074,0.49782514136581124,0.13027403218790778,0.14723792953458026,164848439.65625,192533123.05848214,1378270626.9193425
6COUNTY LINE_360013,8ACKERMAN CC_360627,467.0614217169877,500,1144055694.2554905,6COUNTY_LINE_360013-8ACKERMAN_CC_360627,4288,0,945587420.96875,1090027468.375,15.275165913086264,0.23414179104477612,0.5006996268656716,0.1501865671641791,0.11497201492537314,144440047.40625,174756405.4356371,1318812099.6911275
6YOUNG GA_361454,8ACKERMAN CC_360627,433.1643113464262,500,1057176956.5412118,6YOUNG_GA_361454-8ACKERMAN_CC_360627,3959,0,870072840.1875,1010195003.984375,16.10464748752285,0.24400101035615054,0.4622379388734529,0.16216216216216217,0.1315988886082344,140122163.796875,170254622.1702848,1227431578.7114966
6KENSNGTN GA_361503,8ACKERMAN CC_360627,433.3634996556299,500,1057705637.5722938,6KENSNGTN_GA_361503-8ACKERMAN_CC_360627,3955,0,869093287.953125,1008138531.828125,15.998885942667584,0.25486725663716814,0.4510745891276865,0.16232616940581543,0.13173198482932996,139045243.875,169221118.56435624,1226926756.13665
6ALPHA GA_361502,8ACKERMAN CC_360627,502.40080487279675,500,1231832297.586296,6ALPHA_GA_361502-8ACKERMAN_CC_360627,4778,0,1054471192.453125,1223221532.171875,16.003314355716892,0.21640853913771452,0.5165341146923399,0.125366262034324,0.1416910841356216,168750339.71875,197133994.91798496,1428966292.504281
6CLOUDLANDGA_361633,8ACKERMAN CC_360627,413.63851265390656,500,1006840568.4719126,6CLOUDLANDGA_361633-8ACKERMAN_CC_360627,3764,0,824767607.796875,957715132.5,16.11939211073714,0.24495217853347503,0.46068012752391074,0.16339001062699257,0.13097768331562168,132947524.703125,162296579.16196248,1169137147.6338751
6ROCK SPG GA_361500,8ACKERMAN CC_360627,437.4018048472879,500,1066918453.7791783,6ROCK_SPG_GA_361500-8ACKERMAN_CC_360627,3992,0,876655222.28125,1016624108.078125,15.966241030612371,0.25125250501002006,0.4574148296593186,0.16082164328657314,0.13051102204408818,139968885.796875,170346771.93046626,1237265225.7096446
6WID CRK FP_360068,8ACKERMAN CC_360627,390.54579187452015,500,946274450.8640825,6WID_CRK_FP_360068-8ACKERMAN_CC_360627,3507,0,764754915.234375,886496370.734375,15.919015762414524,0.33219275734245796,0.35186769318505845,0.17536355859709152,0.14057599087539208,121741455.5,150637578.98875478,1096912029.8528373
6WRINGOLD GA_361504,8ACKERMAN CC_360627,475.2929022450816,500,1161310604.3066897,6WRINGOLD_GA_361504-8ACKERMAN_CC_360627,4401,0,968296739.921875,1112685600.296875,14.911633430331461,0.25198818450352195,0.489661440581686,0.14633037945921382,0.11201999545557828,144388860.375,173170380.30178067,1334480984.6084704
6BATTLFLD GA_361530,8ACKERMAN CC_360627,444.9838307928234,500,1087893192.8813162,6BATTLFLD_GA_361530-8ACKERMAN_CC_360627,4005,0,881680795.96875,1015244484.796875,15.148757854181394,0.3545568039950062,0.34431960049937577,0.17103620474406991,0.13008739076154807,133563688.828125,164802305.50171313,1252695498.3830292
6S HAVEN CC_360594,8ACKERMAN CC_360627,217.51724009823909,500,533395861.98225963,6S_HAVEN_CC_360594-8ACKERMAN_CC_360627,2014,0,445456065.953125,618900619.34375,38.93639948970331,0.0,0.11320754716981132,0.3391261171797418,0.5476663356504469,173444553.390625,207685143.68295914,741081005.6652188
6CONCORD TN_361509,8ACKERMAN CC_360627,497.0799411888938,500,1216881653.4127927,6CONCORD_TN_361509-8ACKERMAN_CC_360627,4600,0,1014047760.734375,1164599081.140625,14.846570963996864,0.23391304347826086,0.5147826086956522,0.1441304347826087,0.10717391304347826,150551320.40625,180665198.22178864,1397546851.6345813
7SHAWNEE FP_360002,8ACKERMAN CC_360627,464.7124219465678,500,1122319506.5957265,7SHAWNEE_FP_360002-8ACKERMAN_CC_360627,4836,0,1051253962.71875,1549000946.15625,47.34792933861844,0.0,0.0,0.1294458229942101,0.87055417700579,497746983.4375,531395046.93647575,1653714553.5322022
8CHOCTAW MS_360654,8MADISON AL_360060,364.90483733022506,500,891559809.126301,8CHOCTAW_MS_360654-8MADISON_AL_360060,3225,0,709536094.796875,856220719.671875,20.67331400765351,0.031007751937984496,0.5745736434108527,0.24186046511627907,0.15255813953488373,146684624.875,184314958.9067165,1075874768.0330176
8ACKERMAN CC_360627,8MADISON AL_360060,343.2993503412561,500,838043601.6140168,8ACKERMAN_CC_360627-8MADISON_AL_360060,3045,0,669341586.1875,804017062.484375,20.120590006064386,0.03284072249589491,0.6085385878489327,0.1967159277504105,0.1619047619047619,134675476.296875,168619317.15281188,1006662918.7668287
8CLAY_360688,8MADISON AL_360060,305.56448675938884,500,743925560.5684766,8CLAY_360688-8MADISON_AL_360060,2762,0,605126406.09375,714585766.21875,18.088676848790808,0.036205648081100654,0.6799420709630702,0.14627081824764662,0.13758146270818247,109459360.125,134566290.64678726,878491851.2152638
8COGEN CALED_360606,8MADISON AL_360060,266.50036344156837,500,645751951.8287047,8COGEN_CALED_360606-8MADISON_AL_360060,2475,0,539872464.234375,619290173.546875,14.710457482792162,0.0698989898989899,0.7123232323232324,0.16242424242424242,0.055353535353535356,79417709.3125,94993066.31806213,740745018.1467669
8E POINT AL_360058,8MADISON AL_360060,134.05049342433497,500,335416290.738361,8E_POINT_AL_360058-8MADISON_AL_360060,1285,0,289637078.734375,302028065.90625,4.278108046808038,0.5634241245136187,0.4365758754863813,0.0,0.0,12390987.171875,14349471.324382866,349765762.06274384
6CENTER PNT_360533,8MADISON AL_360060,209.63807778558873,500,529431032.6157511,6CENTER_PNT_360533-8MADISON_AL_360060,1989,0,452123861.078125,491517319.359375,8.712979267962817,0.33735545500251385,0.5731523378582202,0.07491201608848667,0.014580191050779286,39393458.28125,46129216.10997186,575560248.7257229
8BR FERRY NP_360052,8MADISON AL_360060,77.98825319855136,500,192656584.3675347,8BR_FERRY_NP_360052-8MADISON_AL_360060,747,0,166110843.234375,175106699.75,5.415574528709266,0.45917001338688085,0.5408299866131191,0.0,0.0,8995856.515625,10433460.910889486,203090045.27842417
6LOOPERS FRM_360602,8MADISON AL_360060,216.3891751833825,500,547570856.0694838,6LOOPERS_FRM_360602-8MADISON_AL_360060,2052,0,467361636.0,508278872.1875,8.754941149576933,0.32699805068226123,0.5862573099415205,0.0726120857699805,0.014132553606237816,40917236.1875,47939506.20111792,595510362.2706016
8LIMESTONE_360088,8MADISON AL_360060,52.614006460874975,500,130720615.23103061,8LIMESTONE_360088-8MADISON_AL_360060,504,0,112753524.078125,121725166.234375,7.956861862724307,0.2003968253968254,0.7996031746031746,0.0,0.0,8971642.15625,10401258.780036457,141121874.01106706
6COUNTY LINE_360013,8MADISON AL_360060,182.88294793036667,500,465588725.985289,6COUNTY_LINE_360013-8MADISON_AL_360060,1729,0,395681480.15625,420161844.71875,6.186886622248022,0.45228455754771546,0.5135916714864083,0.03412377096587623,0.0,24480364.5625,28805446.602678847,494394172.5879678
6YOUNG GA_361454,8MADISON AL_360060,148.98583755980513,500,378709988.27101034,6YOUNG_GA_361454-8MADISON_AL_360060,1400,0,320166899.375,340329380.328125,6.297490775118941,0.5314285714285715,0.40785714285714286,0.04071428571428572,0.02,20162480.953125,23849226.5758209,402559214.84683126
6KENSNGTN GA_361503,8MADISON AL_360060,149.18502586900883,500,379238669.30209213,6KENSNGTN_GA_361503-8MADISON_AL_360060,1396,0,319187347.140625,338272908.171875,5.979422806769796,0.5630372492836676,0.37607449856733527,0.04083094555873926,0.02005730659025788,19085561.03125,22676283.484339584,401914952.7864317
6ALPHA GA_361502,8MADISON AL_360060,235.45967517062806,500,593665649.7949198,6ALPHA_GA_361502-8MADISON_AL_360060,2232,0,506594648.921875,551435187.609375,8.851364455374489,0.30062724014336917,0.6196236559139785,0.0667562724014337,0.012992831541218637,44840538.6875,52547510.30971553,646213160.1046354
6CLOUDLANDGA_361633,8MADISON AL_360060,123.60985058359068,500,313986783.2972389,6CLOUDLANDGA_361633-8MADISON_AL_360060,1210,0,276796723.890625,284922491.953125,2.9356445944464404,0.7115702479338843,0.2884297520661157,0.0,0.0,8125768.0625,9217536.031141652,323204319.3283805
6ROCK SPG GA_361500,8MADISON AL_360060,153.22333106066682,500,388451485.5089766,6ROCK_SPG_GA_361500-8MADISON_AL_360060,1433,0,326749281.46875,346758484.421875,6.123717506946891,0.5450104675505931,0.3956734124214934,0.03977669225401256,0.019539427773900907,20009202.953125,23787671.624108464,412239157.133085
6WID CRK FP_360068,8MADISON AL_360060,98.31500643536609,500,250656111.0990676,6WID_CRK_FP_360068-8MADISON_AL_360060,948,0,217887611.65625,221730734.15625,1.7638095487792604,0.8270042194092827,0.1729957805907173,0.0,0.0,3843122.5,4421096.422164106,255077207.5212317
6WRINGOLD GA_361504,8MADISON AL_360060,191.11442845846057,500,482843636.03648806,6WRINGOLD_GA_361504-8MADISON_AL_360060,1842,0,418390799.109375,442819976.640625,5.838841959061281,0.4815418023887079,0.48642779587404994,0.03203040173724213,0.0,24429177.53125,28192476.8175556,511036112.85404366
6BATTLFLD GA_361530,8MADISON AL_360060,140.85056485108436,500,368506454.9218446,6BATTLFLD_GA_361530-8MADISON_AL_360060,1356,0,319705452.8125,333765930.03125,4.397947265227331,0.724188790560472,0.2168141592920354,0.038348082595870206,0.02064896755162242,14060477.21875,16206719.556421451,384713174.47826606
6S HAVEN CC_360594,8MADISON AL_360060,369.5985063460849,500,902372030.4970436,6S_HAVEN_CC_360594-8MADISON_AL_360060,3739,0,821805403.046875,1153327371.59375,40.340689817534006,0.014977266648836588,0.1470981545867879,0.1484354105375769,0.6894891682267986,331521968.546875,364023101.8229958,1266395132.3200393
6CONCORD TN_361509,8MADISON AL_360060,212.90146740227277,500,538414685.1425911,6CONCORD_TN_361509-8MADISON_AL_360060,2041,0,464141819.921875,494733457.484375,6.591010818126497,0.41842234198922096,0.5433610975012249,0.03821656050955414,0.0,30591637.5625,35486970.144129895,573901655.286721
8BRADLEY TN_360662,8MADISON AL_360060,218.88998687417885,500,550963128.0860326,8BRADLEY_TN_360662-8MADISON_AL_360060,2086,0,472169220.6875,509956532.125,8.002917128414255,0.40939597315436244,0.48370086289549374,0.10690316395014382,0.0,37787311.4375,44093122.54884408,595056250.6348767
8BENTON MS_360612,8MADISON AL_360060,329.8194154601839,500,801505152.8396529,8BENTON_MS_360612-8MADISON_AL_360060,3355,0,733529250.640625,1022222669.1875,39.35676979408056,0.01669150521609538,0.16393442622950818,0.1570789865871833,0.6622950819672131,288693418.546875,315446537.89079577,1116951690.7304487
8FRANKLIN TN_360069,8MADISON AL_360060,82.4803051406402,500,199949367.74287796,8FRANKLIN_TN_360069-8MADISON_AL_360060,782,0,170672046.03125,179946594.140625,5.4341342504775625,0.45012787723785164,0.5498721227621484,0.0,0.0,9274548.109375,10865517.076129068,210814884.81900704
8HAYWOOD TN_360542,8MADISON AL_360060,279.9285323426382,500,675256553.1731087,8HAYWOOD_TN_360542-8MADISON_AL_360060,2799,0,607737010.421875,826064136.9375,35.92460600088647,0.02000714540907467,0.19578420864594498,0.2529474812433012,0.5312611647016792,218327126.515625,242583256.22260574,917839809.3957144
8HIWASSEE TN_360110,8MADISON AL_360060,204.40346735125502,500,516214127.87605166,8HIWASSEE_TN_360110-8MADISON_AL_360060,1819,0,413172765.25,425789946.015625,3.0537300196906036,0.7559098405717427,0.23089609675645958,0.0,0.013194062671797692,12617180.765625,15763785.78883503,531977913.6648867
8LAG CRK CC_360615,8MADISON AL_360060,303.3238764781084,500,731141529.4619634,8LAG_CRK_CC_360615-8MADISON_AL_360060,3008,0,652836744.265625,893713738.8125,36.896972583526555,0.018617021276595744,0.18218085106382978,0.23537234042553193,0.5638297872340425,240876994.546875,269769089.6723574,1000910619.1343207
8JACKSON TN_360019,8MADISON AL_360060,257.8303894381217,500,619060748.0023853,8JACKSON_TN_360019-8MADISON_AL_360060,2435,0,526262649.015625,701486207.71875,33.29583793014399,0.02299794661190965,0.22505133470225872,0.3154004106776181,0.43655030800821354,175223558.703125,206121463.3440113,825182211.3463966
8ANDERSON TN_360120,8MADISON AL_360060,253.7196426111642,500,644823271.2609174,8ANDERSON_TN_360120-8MADISON_AL_360060,2205,0,504172266.96875,516789447.734375,2.5025535104268304,0.7986394557823129,0.19047619047619047,0.0,0.010884353741496598,12617180.765625,16137047.410989214,660960318.6719066
8BULL RUN FP_360093,8MADISON AL_360060,349.7826425346375,500,887561714.868312,8BULL_RUN_FP_360093-8MADISON_AL_360060,3081,0,703556921.78125,715164968.796875,1.6499087218466935,0.8701720220707563,0.12203829925348912,0.0,0.007789678675754625,11608047.015625,14643958.14538436,902205673.0136963
8JVILLE FP_360037,8MADISON AL_360060,206.69468160599416,500,502240315.14788973,8JVILLE_FP_360037-8MADISON_AL_360060,1767,0,386616713.296875,449525049.4375,16.271499388677224,0.09620826259196379,0.5432937181663837,0.3565365025466893,0.003961516694963215,62908336.140625,81722029.80897945,583962344.9568691
8DAVIDSON TN_360048,8MADISON AL_360060,177.69008429748152,500,439517153.1814312,8DAVIDSON_TN_360048-8MADISON_AL_360060,1680,0,374238674.171875,439980026.9375,17.566691339717664,0.06011904761904762,0.5696428571428571,0.34464285714285714,0.025595238095238095,65741352.765625,77208621.68449609,516725774.8659273
8GLEASON CT_360582,8MADISON AL_360060,269.0670646852765,500,647622719.4422946,8GLEASON_CT_360582-8MADISON_AL_360060,2366,0,512565982.625,650511203.796875,26.91267580135093,0.023668639053254437,0.3972950126796281,0.2962806424344886,0.28275570583262893,137945221.171875,174292602.89939725,821915322.3416919
8LAG CRK CT_360568,8MADISON AL_360060,289.1419088335011,500,696197734.5677059,8LAG_CRK_CT_360568-8MADISON_AL_360060,2570,0,557045385.0,708467980.421875,27.18317025853738,0.02178988326848249,0.36536964980544745,0.3521400778210117,0.2607003891050584,151422595.421875,189248615.52361965,885446350.0913255
8CUMBERLAND_360040,8MADISON AL_360060,228.25566214684255,500,554478073.0393418,8CUMBERLAND_360040-8MADISON_AL_360060,2060,0,450551244.0,559871683.21875,24.26370821844852,0.027184466019417475,0.4262135922330097,0.3655339805825243,0.18106796116504853,109320439.21875,134536941.77754176,689015014.8168836
7SHAWNEE FP_360002,8MADISON AL_360060,385.9959087314656,500,929702919.1292312,7SHAWNEE_FP_360002-8MADISON_AL_360060,3391,0,735169091.359375,937812430.984375,27.564181085238417,0.08670008846947803,0.32261869654969033,0.248894131524624,0.3417870834562076,202643339.625,256264996.183529,1185967915.31276
8CHOCTAW MS_360654,8PIN HOOK TN_360581,445.4898437655911,500,1092659755.9103777,8CHOCTAW_MS_360654-8PIN_HOOK_TN_360581,3975,0,877902332.421875,1081393512.109375,23.179250375850756,0.0,0.4691823899371069,0.4070440251572327,0.12377358490566037,203491179.6875,253270340.5786262,1345930096.489004
8ACKERMAN CC_360627,8PIN HOOK TN_360581,423.8843567766222,500,1039143548.3980935,8ACKERMAN_CC_360627-8PIN_HOOK_TN_360581,3795,0,837707823.8125,1029189854.921875,22.857853975616372,0.0,0.4914361001317523,0.3786561264822134,0.12990777338603426,191482031.109375,237525914.88987464,1276669463.2879682
8CLAY_360688,8PIN HOOK TN_360581,386.1494931947549,500,945025507.3525532,8CLAY_360688-8PIN_HOOK_TN_360581,3512,0,773492643.71875,939758558.65625,21.495474622504098,0.0,0.5381548974943052,0.35364464692482916,0.1082004555808656,166265914.9375,203137718.10915866,1148163225.461712
8COGEN CALED_360606,8PIN HOOK TN_360581,347.0853698769345,500,846851898.6127814,8COGEN_CALED_360606-8PIN_HOOK_TN_360581,3225,0,708238701.859375,844462965.984375,19.234230460346712,0.02263565891472868,0.5503875968992248,0.38449612403100775,0.042480620155038756,136224264.125,162885445.83700407,1009737344.4497855
8E POINT AL_360058,8PIN HOOK TN_360581,259.0412271254714,500,645700458.649508,8E_POINT_AL_360058-8PIN_HOOK_TN_360581,2511,0,563717272.609375,626189795.1875,11.082243815050719,0.2528872958980486,0.5710872162485066,0.17602548785344485,0.0,62472522.578125,71558099.14243922,717258557.7919472
6CENTER PNT_360533,8PIN HOOK TN_360581,302.92504530265154,500,758624058.2104893,6CENTER_PNT_360533-8PIN_HOOK_TN_360581,2987,0,673150050.171875,728807836.984375,8.268258584885935,0.4680281218613994,0.3900234348844995,0.1419484432541011,0.0,55657786.8125,62724998.819998845,821349057.0304881
8BR FERRY NP_360052,8PIN HOOK TN_360581,179.08357133746821,500,444372021.9090576,8BR_FERRY_NP_360052-8PIN_HOOK_TN_360581,1763,0,393156529.90625,462878001.90625,17.733769299628687,0.13499716392512762,0.4367555303460011,0.40612592172433354,0.02212138400453772,69721472.0,78803909.19744772,523175931.10650533
6LOOPERS FRM_360602,8PIN HOOK TN_360581,295.13762322853927,500,738272493.7793639,6LOOPERS_FRM_360602-8PIN_HOOK_TN_360581,2910,0,655028910.625,708874582.828125,8.220350480675398,0.48041237113402063,0.3738831615120275,0.1457044673539519,0.0,53845672.203125,60688586.491086185,798961080.2704501
8LIMESTONE_360088,8PIN HOOK TN_360581,171.55646096690666,500,423674234.3608166,8LIMESTONE_360088-8PIN_HOOK_TN_360581,1727,0,383177626.0,441252461.09375,15.156113288762318,0.02605674580196873,0.7104806022003475,0.26346265199768387,0.0,58074835.09375,64212546.935021736,487886781.29583836
6COUNTY LINE_360013,8PIN HOOK TN_360581,280.47129198931015,500,710291680.5980208,6COUNTY_LINE_360013-8PIN_HOOK_TN_360581,2571,0,585673021.0,648052771.609375,10.650951703881706,0.23726176584986386,0.6153247763516142,0.14741345779852197,0.0,62379750.609375,75652823.8571849,785944504.4552057
6YOUNG GA_361454,8PIN HOOK TN_360581,233.43289593726004,500,592884182.4607918,6YOUNG_GA_361454-8PIN_HOOK_TN_360581,2178,0,497924096.421875,541144044.4375,8.68002740301328,0.48760330578512395,0.3530762167125803,0.14784205693296604,0.01147842056932966,43219948.015625,51462509.505727984,644346691.9665198
8MADISON AL_360060,8PIN HOOK TN_360581,163.89696095415223,500,407051751.5528941,8MADISON_AL_360060-8PIN_HOOK_TN_360581,1610,0,359439066.59375,409349547.484375,13.885658385329469,0.09254658385093167,0.6763975155279504,0.231055900621118,0.0,49910480.890625,56521815.67213491,463573567.22502905
6KENSNGTN GA_361503,8PIN HOOK TN_360581,233.72848034953162,500,593258412.701998,6KENSNGTN_GA_361503-8PIN_HOOK_TN_360581,2173,0,496371421.609375,537000579.046875,8.185233006720827,0.5370455591348366,0.30326737229636447,0.14818223653934653,0.01150483202945237,40629157.4375,48559583.411632,641817996.11363
6ALPHA GA_361502,8PIN HOOK TN_360581,275.6325648000665,500,690055580.8198817,6ALPHA_GA_361502-8PIN_HOOK_TN_360581,2726,0,614069076.0625,663818763.625,8.10164352868934,0.5128393250183418,0.33162142333088773,0.15553925165077037,0.0,49749687.5625,55905843.30785359,745961424.1277353
6CLOUDLANDGA_361633,8PIN HOOK TN_360581,207.4233504943096,500,525508446.22726214,6CLOUDLANDGA_361633-8PIN_HOOK_TN_360581,1918,0,437273533.78125,474015726.65625,8.402564993421402,0.5119916579770595,0.32012513034410844,0.1678832116788321,0.0,36742192.875,44156188.74016466,569664634.9674268
8MAGNOL CC1_360613,8PIN HOOK TN_360581,309.3945581861382,500,761680156.9256791,8MAGNOL_CC1_360613-8PIN_HOOK_TN_360581,2800,0,620717290.78125,850374064.296875,36.99861062780665,0.0,0.13107142857142856,0.3767857142857143,0.49214285714285716,229656773.515625,281811075.4901987,1043491232.4158778
6ROCK SPG GA_361500,8PIN HOOK TN_360581,237.76678554118962,500,602515615.9390056,6ROCK_SPG_GA_361500-8PIN_HOOK_TN_360581,2210,0,503979636.875,545528716.171875,8.244198030401817,0.5257918552036199,0.3171945701357466,0.14570135746606336,0.011312217194570135,41549079.296875,49672580.542106874,652188196.4811125
6WID CRK FP_360068,8PIN HOOK TN_360581,178.08645440399613,500,451563608.93334705,6WID_CRK_FP_360068-8PIN_HOOK_TN_360581,1626,0,370872864.390625,414217765.234375,11.687266717388267,0.2693726937269373,0.5153751537515375,0.21525215252152521,0.0,43344900.84375,52775443.37470438,504339052.3080514
6WRINGOLD GA_361504,8PIN HOOK TN_360581,274.17977259393075,500,686013463.6971042,6WRINGOLD_GA_361504-8PIN_HOOK_TN_360581,2714,0,610967471.875,664790566.484375,8.809486116207976,0.5151068533529846,0.29218865143699335,0.19270449521002211,0.0,53823094.609375,60434260.83971384,746447724.536818
6BATTLFLD GA_361530,8PIN HOOK TN_360581,209.1456881433959,500,532938230.7540339,6BATTLFLD_GA_361530-8PIN_HOOK_TN_360581,1904,0,436560421.640625,478053835.890625,9.50462116883266,0.4942226890756303,0.3009453781512605,0.19642857142857142,0.008403361344537815,41493414.25,50653759.897050165,583591990.6510841
6S HAVEN CC_360594,8PIN HOOK TN_360581,398.2194477645588,500,985411220.7609174,6S_HAVEN_CC_360594-8PIN_HOOK_TN_360581,3707,0,826534564.46875,1159099974.484375,40.23611646893186,0.0,0.09900188831939574,0.28459670892905314,0.6164014027515511,332565410.015625,396491206.48328596,1381902427.2442033
6CONCORD TN_361509,8PIN HOOK TN_360581,281.13535700620236,500,704816662.4027348,6CONCORD_TN_361509-8PIN_HOOK_TN_360581,2783,0,627768171.265625,684129634.359375,8.97806956031577,0.5023356090549767,0.3029105282069709,0.19475386273805245,0.0,56361463.09375,63278930.223213494,768095592.6259482
8BRADLEY TN_360662,8PIN HOOK TN_360581,244.09884404618904,500,611711774.3690401,8BRADLEY_TN_360662-8PIN_HOOK_TN_360581,2439,0,549832002.5625,591546704.046875,7.58680856879248,0.5731857318573186,0.26773267732677325,0.15908159081590817,0.0,41714701.484375,46409401.31414285,658121175.683183
8BENTON MS_360612,8PIN HOOK TN_360581,345.91453875249545,500,854894082.3223746,8BENTON_MS_360612-8PIN_HOOK_TN_360581,3323,0,738137507.65625,1026319604.21875,39.04179012356952,0.0,0.1023171832681312,0.33433644297321696,0.5633463737586518,288182096.5625,333765953.3991171,1188660035.7214918
8FRANKLIN TN_360069,8PIN HOOK TN_360581,127.74784407169791,500,320517558.0464975,8FRANKLIN_TN_360069-8PIN_HOOK_TN_360581,1210,0,273164317.953125,310480753.046875,13.660801444848115,0.2371900826446281,0.4735537190082645,0.2892561983471074,0.0,37316435.09375,43785267.200607836,364302825.24710536
8HAYWOOD TN_360542,8PIN HOOK TN_360581,280.93571413994914,500,693401669.4561841,8HAYWOOD_TN_360542-8PIN_HOOK_TN_360581,2758,0,611468769.03125,836441855.65625,36.792244840472364,0.0,0.12327773749093546,0.4017403915881073,0.4749818709209572,224973086.625,255118039.95424214,948519709.4104263
8HIWASSEE TN_360110,8PIN HOOK TN_360581,216.71746094139772,500,542336241.8412024,8HIWASSEE_TN_360110-8PIN_HOOK_TN_360581,2165,0,487347476.125,520488422.59375,6.8002704625169,0.6387990762124711,0.21247113163972287,0.14872979214780602,0.0,33140946.46875,36880331.261451505,579216573.1026539
8LAG CRK CC_360615,8PIN HOOK TN_360581,296.6899154474295,500,735274212.9936647,8LAG_CRK_CC_360615-8PIN_HOOK_TN_360581,2955,0,657941882.875,923861023.453125,40.416813019432894,0.0,0.09306260575296109,0.27614213197969545,0.6307952622673435,265919140.578125,297174403.84575623,1032448616.839421
8MAURY TN_360050,8PIN HOOK TN_360581,76.71125968493524,500,204259243.35779563,8MAURY_TN_360050-8PIN_HOOK_TN_360581,715,0,171232922.234375,220989581.75,29.057881432123533,0.0,0.15384615384615385,0.73006993006993,0.11608391608391608,49756659.515625,59353408.749060914,263612652.10685652
8JACKSON TN_360019,8PIN HOOK TN_360581,239.28891547293833,500,595746652.6942245,8JACKSON_TN_360019-8PIN_HOOK_TN_360581,2381,0,532650122.1875,735923381.890625,38.16262331233824,0.0,0.11549769004619907,0.3427131457370853,0.5417891642167156,203273259.703125,227352550.96356082,823099203.6577853
8ANDERSON TN_360120,8PIN HOOK TN_360581,264.15533100964905,500,667684505.3475764,8ANDERSON_TN_360120-8PIN_HOOK_TN_360581,2538,0,577388490.796875,609888601.90625,5.628811732031647,0.7029156816390859,0.1702127659574468,0.12687155240346729,0.0,32500111.109375,37582703.76996185,705267209.1175382
8BULL RUN FP_360093,8PIN HOOK TN_360581,353.6419348300544,500,889251807.2088945,8BULL_RUN_FP_360093-8PIN_HOOK_TN_360581,3343,0,756998318.578125,800557338.375,5.754176558633861,0.6221956326652707,0.28148369727789413,0.09632067005683517,0.0,43559019.796875,51169119.03764218,940420926.2465367
8JVILLE FP_360037,8PIN HOOK TN_360581,159.83946745329055,500,406856507.9323126,8JVILLE_FP_360037-8PIN_HOOK_TN_360581,1579,0,361162316.859375,457566313.171875,26.692706246548028,0.07093096896770108,0.21659278024065864,0.5573147561747942,0.1551614946168461,96403996.3125,108601012.50733559,515457520.4396482
8DAVIDSON TN_360048,8PIN HOOK TN_360581,83.4943375980685,500,225891516.3962533,8DAVIDSON_TN_360048-8PIN_HOOK_TN_360581,768,0,186979406.984375,246095738.015625,31.616492952183805,0.0,0.11848958333333333,0.6692708333333334,0.21223958333333334,59116331.03125,71418975.36100253,297310491.7572558
8GLEASON CT_360582,8PIN HOOK TN_360581,225.83524014925692,500,566267654.1741185,8GLEASON_CT_360582-8PIN_HOOK_TN_360581,2234,0,503688228.953125,636148245.671875,26.298017127391947,0.10564010743061773,0.2126230975828111,0.4968666069829902,0.18487018800358102,132460016.71875,148917164.6815903,715184818.8557088
8LAG CRK CT_360568,8PIN HOOK TN_360581,247.41185053257288,500,617693662.4396048,8LAG_CRK_CT_360568-8PIN_HOOK_TN_360581,2458,0,551779933.453125,698667459.703125,26.62067200065703,0.09601301871440195,0.193246541903987,0.5427176566314077,0.1680227827502034,146887526.25,164434203.8468928,782127866.2864976
8CUMBERLAND_360040,8PIN HOOK TN_360581,154.11912975318646,500,397534185.77542174,8CUMBERLAND_360040-8PIN_HOOK_TN_360581,1421,0,329976480.90625,450430852.578125,36.503926383194994,0.0,0.06403940886699508,0.5235749472202674,0.4123856439127375,120454371.671875,145115586.5234936,542649772.2989154
8PHIPPS B NP_360102,8PIN HOOK TN_360581,443.13255167424535,500,1118747706.286953,8PHIPPS_B_NP_360102-8PIN_HOOK_TN_360581,4240,0,964271275.171875,1007830294.96875,4.5172993242084125,0.7021226415094339,0.22193396226415094,0.07594339622641509,0.0,43559019.796875,50537182.57569764,1169284888.8626506
8MONTGOMERY_360044,8PIN HOOK TN_360581,155.21347391416555,500,403367219.744328,8MONTGOMERY_360044-8PIN_HOOK_TN_360581,1446,0,337886184.984375,468562955.734375,38.67478948748464,0.0,0.06293222683264177,0.41839557399723376,0.5186721991701245,130676770.75,156001423.09763843,559368642.8419664
8MARSHALL KY_360015,8PIN HOOK TN_360581,277.3058504305373,500,701058646.4586186,8MARSHALL_KY_360015-8PIN_HOOK_TN_360581,2535,0,577186465.796875,746118617.125,29.268210767016846,0.18895463510848126,0.11715976331360947,0.32465483234714004,0.36923076923076925,168932151.328125,205187322.24590397,906245968.7045226
7SHAWNEE FP_360002,8PIN HOOK TN_360581,339.14069457876195,500,834319111.9136541,7SHAWNEE_FP_360002-8PIN_HOOK_TN_360581,3203,0,709714694.921875,945807928.9375,33.26593569287923,0.07368092413362473,0.14861067748985327,0.3418669996877927,0.43584139868872934,236093234.015625,277544059.2425973,1111863171.1562514
8PARADISE CC_360117,8PIN HOOK TN_360581,229.91566870975308,500,581465736.5366757,8PARADISE_CC_360117-8PIN_HOOK_TN_360581,2252,0,511046690.234375,675907903.34375,32.259520756071566,0.0,0.2588809946714032,0.36989342806394315,0.37122557726465366,164861213.109375,187578059.9674933,769043796.504169
8PARADISE CC_360117,8PIN HOOK TN_360581,229.91566870975308,500,581465736.5366757,8PARADISE_CC_360117-8PIN_HOOK_TN_360581,2252,0,511046690.234375,675907903.34375,32.259520756071566,0.0,0.2588809946714032,0.36989342806394315,0.37122557726465366,164861213.109375,187578059.9674933,769043796.504169
8ACKERMAN CC_360627,8BRADLEY TN_360662,503.0684606607999,500,1229430096.356234,8ACKERMAN_CC_360627-8BRADLEY_TN_360662,4645,0,1022075161.5,1179822155.78125,15.433991571592465,0.23164693218514532,0.4882669537136706,0.17395048439181915,0.10613562970936491,157746994.28125,189750137.45024228,1419180233.8064764
6CENTER PNT_360533,8BRADLEY TN_360662,65.47185709548347,500,163218383.89607537,6CENTER_PNT_360533-8BRADLEY_TN_360662,610,0,136946830.375,157483427.03125,14.996036490961394,0.0,0.7459016393442623,0.2540983606557377,0.0,20536596.65625,24476288.409012917,187694672.30508828
8BR FERRY NP_360052,8BRADLEY TN_360662,281.7703894381217,500,702494050.5534887,8BR_FERRY_NP_360052-8BRADLEY_TN_360662,2701,0,605607995.359375,653452663.046875,7.9002701506786455,0.37430581266197704,0.5431321732691595,0.08256201406886339,0.0,47844667.6875,55498927.786170624,757992978.3396593
6LOOPERS FRM_360602,8BRADLEY TN_360662,57.684435021371165,500,142866819.46495003,6LOOPERS_FRM_360602-8BRADLEY_TN_360662,533,0,118825690.828125,137550172.875,15.757940826078553,0.0,0.7091932457786116,0.29080675422138835,0.0,18724482.046875,22512868.8713873,165379688.33633733
6COUNTY LINE_360013,8BRADLEY TN_360662,49.862383079282345,500,124653280.81465751,6COUNTY_LINE_360013-8BRADLEY_TN_360662,461,0,103731271.5625,121355633.203125,16.990403544803744,0.0,0.6442516268980477,0.3557483731019523,0.0,17624361.640625,21179095.442247733,145832376.25690526
6YOUNG GA_361454,8BRADLEY TN_360662,90.78853890554882,500,227903520.8494054,6YOUNG_GA_361454-8BRADLEY_TN_360662,871,0,196772725.1875,221474552.046875,12.553481096446273,0.1148105625717566,0.6969001148105626,0.18828932261768083,0.0,24701826.859375,28609825.407965597,256513346.257371
6KENSNGTN GA_361503,8BRADLEY TN_360662,96.4111168314365,500,242736183.94967613,6KENSNGTN_GA_361503-8BRADLEY_TN_360662,943,0,213840734.171875,239326562.453125,11.918135419777265,0.14952279957582185,0.6765641569459173,0.17391304347826086,0.0,25485828.28125,28929627.115922045,271665811.0655982
6ALPHA GA_361502,8BRADLEY TN_360662,38.17937659289846,500,94649906.50546783,6ALPHA_GA_361502-8BRADLEY_TN_360662,349,0,77865856.265625,92494353.671875,18.786793220827857,0.0,0.5558739255014327,0.44412607449856734,0.0,14628497.40625,17781682.218889136,112431588.72435696
6CLOUDLANDGA_361633,8BRADLEY TN_360662,113.49787006825125,500,287785617.018439,6CLOUDLANDGA_361633-8BRADLEY_TN_360662,1108,0,253053026.59375,281501001.875,11.241902799653225,0.1624548736462094,0.6895306859205776,0.148014440433213,0.0,28447975.28125,32352579.3365952,320138196.3550342
6ROCK SPG GA_361500,8BRADLEY TN_360662,100.16398046432165,500,250925647.88971516,6ROCK_SPG_GA_361500-8BRADLEY_TN_360662,976,0,220062289.8125,247093073.703125,12.2832421282429,0.10245901639344263,0.7295081967213115,0.1680327868852459,0.0,27030783.890625,30821804.892155934,281747452.7818711
6WID CRK FP_360068,8BRADLEY TN_360662,126.60827263219409,500,348297457.2817356,6WID_CRK_FP_360068-8BRADLEY_TN_360662,1170,0,290926951.34375,311363057.625,7.024480264498889,0.3888888888888889,0.5444444444444444,0.06666666666666667,0.0,20436106.28125,24466086.148506965,372763543.43024254
6WRINGOLD GA_361504,8BRADLEY TN_360662,33.197396077558984,500,81817760.55531013,6WRINGOLD_GA_361504-8BRADLEY_TN_360662,304,0,67417408.265625,81410382.75,20.755728890144496,0.0,0.4605263157894737,0.5394736842105263,0.0,13992974.484375,16981872.564847752,98799633.12015788
6BATTLFLD GA_361530,8BRADLEY TN_360662,115.0529999234733,500,323413981.356887,6BATTLFLD_GA_361530-8BRADLEY_TN_360662,1088,0,276166350.953125,301600328.234375,9.209658306839508,0.29503676470588236,0.5808823529411765,0.109375,0.014705882352941176,25433977.28125,29785322.599514917,353199303.9564019
6S HAVEN CC_360594,8BRADLEY TN_360662,567.4662269979269,500,1381870232.3259828,6S_HAVEN_CC_360594-8BRADLEY_TN_360662,5619,0,1232693536.109375,1555365727.15625,26.176189100925473,0.26837515572165865,0.20501868659903896,0.10624666310731447,0.4203594945719879,322672191.046875,361720965.1430474,1743591197.4690301
6CONCORD TN_361509,8BRADLEY TN_360662,40.15298048983057,500,100620959.26094061,6CONCORD_TN_361509-8BRADLEY_TN_360662,373,0,84218107.65625,100749450.625,19.629202589335513,0.0,0.5093833780160858,0.4906166219839142,0.0,16531342.96875,19751091.940662786,120372051.2016034
8BENTON MS_360612,8BRADLEY TN_360662,520.7675452388793,500,1267541919.7782001,8BENTON_MS_360612-8BRADLEY_TN_360662,5248,0,1149926149.578125,1431179129.90625,24.45835155860301,0.28734756097560976,0.21951219512195122,0.11394817073170732,0.3791920731707317,281252980.328125,310019858.89201796,1577561778.670218
8ANDERSON TN_360120,8BRADLEY TN_360662,132.05085055808178,500,321344501.57247174,8ANDERSON_TN_360120-8BRADLEY_TN_360662,1240,0,271588899.21875,282167980.515625,3.895255412613219,0.7169354838709677,0.22983870967741934,0.0532258064516129,0.0,10579081.296875,12517189.090636676,333861690.6631084
7SHAWNEE FP_360002,8BRADLEY TN_360662,526.5684932202637,500,1283895546.3750057,7SHAWNEE_FP_360002-8BRADLEY_TN_360662,5136,0,1128221329.984375,1361688403.8125,20.693375282255854,0.3181464174454829,0.22683021806853582,0.20327102803738317,0.2517523364485981,233467073.828125,265681323.6435492,1549576870.018555
8ACKERMAN CC_360627,8BULL RUN FP_360093,665.3139279610372,500,1640241913.7697291,8ACKERMAN_CC_360627-8BULL_RUN_FP_360093,5867,0,1302593817.0,1459831614.109375,12.071130313784906,0.45645133799215953,0.29452871995909324,0.15885461053349242,0.09016533151525481,157237797.109375,197995738.87246346,1838237652.6421926
6CENTER PNT_360533,8BULL RUN FP_360093,284.26279851395736,500,719726744.2097101,6CENTER_PNT_360533-8BULL_RUN_FP_360093,2691,0,613151345.28125,632834347.34375,3.2101376298002693,0.6785581568190264,0.32144184318097363,0.0,0.0,19683002.0625,23104219.047612235,742830963.2573223
8BR FERRY NP_360052,8BULL RUN FP_360093,413.64070744949413,500,1028141969.2015262,8BR_FERRY_NP_360052-8BULL_RUN_FP_360093,3740,0,836987890.40625,866527235.40625,3.529244011602417,0.7796791443850267,0.14786096256684492,0.07245989304812835,0.0,29539345.0,36285638.87881603,1064427608.0803422
6LOOPERS FRM_360602,8BULL RUN FP_360093,276.47537643984504,500,699375179.778585,6LOOPERS_FRM_360602-8BULL_RUN_FP_360093,2614,0,595030205.734375,612901093.1875,3.0033580280297123,0.6985462892119357,0.30145371078806427,0.0,0.0,17870887.453125,21004740.607927367,720379920.3865123
6COUNTY LINE_360013,8BULL RUN FP_360093,276.2847790292968,500,692156211.1572448,6COUNTY_LINE_360013-8BULL_RUN_FP_360093,2592,0,584376305.5625,610695167.140625,4.5037523471783025,0.6979166666666666,0.22453703703703703,0.0775462962962963,0.0,26318861.578125,31173001.60613482,723329212.7633796
6YOUNG GA_361454,8BULL RUN FP_360093,317.2109348555633,500,795406451.1919928,6YOUNG_GA_361454-8BULL_RUN_FP_360093,3002,0,677417759.1875,710814085.984375,4.929945568142591,0.6359093937375083,0.2971352431712192,0.06695536309127248,0.0,33396326.796875,39213105.08925991,834619556.2812526
6KENSNGTN GA_361503,8BULL RUN FP_360093,313.0620776835531,500,797102189.618088,6KENSNGTN_GA_361503-8BULL_RUN_FP_360093,2883,0,660605150.5,669790943.140625,1.3905118108256342,0.8969823100936525,0.09434616718695803,0.0,0.008671522719389525,9185792.640625,11083800.090989256,808185989.7090772
6ALPHA GA_361502,8BULL RUN FP_360093,256.97031801137234,500,651158266.8191026,6ALPHA_GA_361502-8BULL_RUN_FP_360093,2430,0,554070371.171875,567845273.984375,2.486128753531025,0.751440329218107,0.248559670781893,0.0,0.0,13774902.8125,16188632.902383983,667346899.7214866
6CLOUDLANDGA_361633,8BULL RUN FP_360093,286.7569478283311,500,729352223.143352,6CLOUDLANDGA_361633-8BULL_RUN_FP_360093,2628,0,601507262.671875,606806090.75,0.8809250373117417,0.9136225266362252,0.08637747336377473,0.0,0.0,5298828.078125,6425046.3438595915,735777269.4872116
6ROCK SPG GA_361500,8BULL RUN FP_360093,317.10038287521115,500,806359392.8550955,6ROCK_SPG_GA_361500-8BULL_RUN_FP_360093,2920,0,668213365.765625,678319080.265625,1.5123484530156217,0.8839041095890411,0.10753424657534247,0.0,0.008561643835616438,10105714.5,12194963.803590197,818554356.6586857
6WID CRK FP_360068,8BULL RUN FP_360093,284.8378049493234,500,724335949.4599717,6WID_CRK_FP_360068-8BULL_RUN_FP_360093,2552,0,583885104.03125,589249771.5625,0.918788216073918,0.929858934169279,0.05995297805642633,0.01018808777429467,0.0,5364667.53125,6655113.34842535,730991062.808397
6WRINGOLD GA_361504,8BULL RUN FP_360093,259.61979202757345,500,649320690.8978975,6WRINGOLD_GA_361504-8BULL_RUN_FP_360093,2435,0,548062442.265625,570749916.6875,4.139578389660792,0.7429158110882957,0.17453798767967146,0.08254620123203285,0.0,22687474.421875,26879139.000005513,676199829.897903
6BATTLFLD GA_361530,8BULL RUN FP_360093,281.5603374450151,500,718420621.5612993,6BATTLFLD_GA_361530-8BULL_RUN_FP_360093,2586,0,594016486.921875,604184823.078125,1.7117935916124427,0.9002320185614849,0.07347254447022429,0.020108275328692964,0.006187161639597835,10168336.15625,12297878.1607086,730718499.7220079
6S HAVEN CC_360594,8BULL RUN FP_360093,678.5229671089204,500,1669931777.5965433,6S_HAVEN_CC_360594-8BULL_RUN_FP_360093,6481,0,1435169389.34375,1748139755.8125,21.807207483143152,0.41320783829655916,0.14041043048912205,0.08193180064804814,0.3644499305662706,312970366.46875,364165487.5674188,2034097265.1639621
6CONCORD TN_361509,8BULL RUN FP_360093,266.57537643984506,500,668123889.6035279,6CONCORD_TN_361509-8BULL_RUN_FP_360093,2504,0,564863141.65625,590088984.5625,4.465832702817996,0.722444089456869,0.1896964856230032,0.0878594249201278,0.0,25225842.90625,29837295.15725395,697961184.7607819
8BRADLEY TN_360662,8BULL RUN FP_360093,229.53886347983175,500,575019001.5698333,8BRADLEY_TN_360662-8BULL_RUN_FP_360093,2160,0,486926972.953125,497506054.25,2.1726217450462437,0.8375,0.13194444444444445,0.030555555555555555,0.0,10579081.296875,12492987.866253998,587511989.4360873
8BENTON MS_360612,8BULL RUN FP_360093,631.8242853498729,500,1555603465.0487604,8BENTON_MS_360612-8BULL_RUN_FP_360093,6110,0,1352402002.8125,1623953158.5625,20.079174327254258,0.43829787234042555,0.14893617021276595,0.08707037643207856,0.32569558101472995,271551155.75,312352331.5879483,1867955796.6367087
8ANDERSON TN_360120,8BULL RUN FP_360093,114.90872718924359,500,294782030.6384865,8ANDERSON_TN_360120-8BULL_RUN_FP_360093,1069,0,246899329.375,246899329.375,0.0,1.0,0.0,0.0,0.0,0.0,0.0,294782030.6384865
7SHAWNEE FP_360002,8BULL RUN FP_360093,604.7621425473919,500,1474556114.2390757,7SHAWNEE_FP_360002-8BULL_RUN_FP_360093,5946,0,1304749364.375,1525140055.375,16.891419686996457,0.35233770602085435,0.29128826101580896,0.17995290951900436,0.17642112344433233,220390691.0,249073461.7763892,1723629576.0154648
8ACKERMAN CC_360627,8CHOCTAW MS_360654,22.7871817973109,500,54555149.45859781,8ACKERMAN_CC_360627-8CHOCTAW_MS_360654,202,0,43523817.125,58536109.21875,34.49213117184744,0.0,0.0,0.7722772277227723,0.22772277227722773,15012292.09375,18817233.712256975,73372383.17085478
6CENTER PNT_360533,8CHOCTAW MS_360654,498.18469447672635,500,1221113887.9194117,6CENTER_PNT_360533-8CHOCTAW_MS_360654,4715,0,1040194913.21875,1215528723.546875,16.855861156403563,0.21908801696712618,0.4721102863202545,0.16542948038176034,0.14337221633085895,175333810.328125,205829261.50925744,1426943149.428669
8BR FERRY NP_360052,8CHOCTAW MS_360654,301.6004737356033,500,735740110.2780946,8BR_FERRY_NP_360052-8CHOCTAW_MS_360654,2626,0,576884790.625,710306614.203125,23.127984260700487,0.021706016755521706,0.5026656511805027,0.28827113480578825,0.18735719725818736,133421823.578125,170161856.90477812,905901967.1828728
6LOOPERS FRM_360602,8CHOCTAW MS_360654,504.9357918745201,500,1239253711.3731446,6LOOPERS_FRM_360602-8CHOCTAW_MS_360654,4778,0,1055432688.140625,1232290276.375,16.756879924379465,0.21619924654667225,0.4790707408957723,0.16324822101297615,0.14148179154457932,176857588.234375,207660256.37321392,1446913967.7463586
6COUNTY LINE_360013,8CHOCTAW MS_360654,488.6669087059566,500,1197571901.7677748,6COUNTY_LINE_360013-8CHOCTAW_MS_360654,4468,0,985781929.578125,1142231125.5625,15.870568458414414,0.22470904207699194,0.4805282005371531,0.18464637421665175,0.11011638316920322,156449195.984375,190061468.50879014,1387633370.276565
6YOUNG GA_361454,8CHOCTAW MS_360654,454.7697983353951,500,1110693164.0534964,6YOUNG_GA_361454-8CHOCTAW_MS_360654,4139,0,910267348.796875,1062398661.171875,16.712816578126866,0.2333897076588548,0.44213578158975597,0.19884029958927277,0.12563421116211645,152131312.375,185628111.25405458,1296321275.307551
6KENSNGTN GA_361503,8CHOCTAW MS_360654,454.9689866445989,500,1111221845.084578,6KENSNGTN_GA_361503-8CHOCTAW_MS_360654,4135,0,909287796.5625,1060342189.015625,16.612385322246247,0.2437726723095526,0.4314389359129383,0.19903264812575575,0.12575574365175332,151054392.453125,184600454.69042438,1295822299.7750025
6ALPHA GA_361502,8CHOCTAW MS_360654,524.0062918617657,500,1285348505.0985806,6ALPHA_GA_361502-8CHOCTAW_MS_360654,4958,0,1094665701.0625,1275446591.796875,16.514712259542442,0.20835014118596207,0.4979830576845502,0.15732150060508268,0.136345300524405,180780890.734375,212271607.1493608,1497620112.2479415
6CLOUDLANDGA_361633,8CHOCTAW MS_360654,435.24399964287545,500,1060356775.9841968,6CLOUDLANDGA_361633-8CHOCTAW_MS_360654,3944,0,864962116.40625,1009918789.6875,16.758730877546046,0.23377281947261663,0.4396551724137931,0.20182555780933062,0.12474645030425964,144956673.28125,177702338.42901534,1238059114.413212
6ROCK SPG GA_361500,8CHOCTAW MS_360654,459.00729183625674,500,1120434661.2914624,6ROCK_SPG_GA_361500-8CHOCTAW_MS_360654,4172,0,916849730.890625,1068827765.265625,16.57611157581613,0.24041227229146692,0.437679769894535,0.19726749760306808,0.12464046021093,151978034.375,185724499.58979037,1306159160.8812528
6WID CRK FP_360068,8CHOCTAW MS_360654,412.15127886348904,500,999790658.3763667,6WID_CRK_FP_360068-8CHOCTAW_MS_360654,3687,0,804949423.84375,938700027.921875,16.616025816808033,0.3159750474640629,0.33468944941687007,0.21589368049905072,0.13344182262001628,133750604.078125,166125473.90985212,1165916132.286219
6WRINGOLD GA_361504,8CHOCTAW MS_360654,496.8983892340505,500,1214826811.8189738,6WRINGOLD_GA_361504-8CHOCTAW_MS_360654,4581,0,1008491248.53125,1164889257.484375,15.50811761439681,0.24208688059375683,0.47042130539183585,0.18009168303863785,0.10740013097576949,156398008.953125,188396770.78811345,1403223582.6070871
6BATTLFLD GA_361530,8CHOCTAW MS_360654,466.5893177817923,500,1141409400.3936005,6BATTLFLD_GA_361530-8CHOCTAW_MS_360654,4185,0,921875304.578125,1067448141.984375,15.790946637069103,0.33930704898446834,0.32951015531660693,0.2069295101553166,0.12425328554360812,145572837.40625,180239349.32664385,1321648749.7202444
6S HAVEN CC_360594,8CHOCTAW MS_360654,219.99712324129368,500,541255369.1243911,6S_HAVEN_CC_360594-8CHOCTAW_MS_360654,2107,0,467338955.328125,641306301.828125,37.22508995165086,0.0,0.11532985287138112,0.4195538680588514,0.46511627906976744,173967346.5,201482798.02469447,742738167.1490855
6CONCORD TN_361509,8CHOCTAW MS_360654,518.6854281778626,500,1270397860.925077,6CONCORD_TN_361509-8CHOCTAW_MS_360654,4780,0,1054242269.34375,1216802738.328125,15.419650085323022,0.22510460251046024,0.49539748953974894,0.17656903765690377,0.10292887029288703,162560468.984375,195890904.84607548,1466288765.7711525
8BRADLEY TN_360662,8CHOCTAW MS_360654,524.6739476497689,500,1282946303.8685184,8BRADLEY_TN_360662-8CHOCTAW_MS_360654,4825,0,1062269670.109375,1232025812.96875,15.980513012472276,0.22300518134715025,0.4700518134715026,0.2049740932642487,0.10196891191709845,169756142.859375,205021401.03274068,1487967704.901259
8BENTON MS_360612,8CHOCTAW MS_360654,245.37958431023594,500,605010858.3522846,8BENTON_MS_360612-8CHOCTAW_MS_360654,2464,0,546296051.140625,765972256.5625,40.21193361423858,0.0,0.0,0.49310064935064934,0.5068993506493507,219676205.421875,243286564.7195557,848297423.0718403
8ANDERSON TN_360120,8CHOCTAW MS_360654,598.8887072454229,500,1463466550.8721447,8ANDERSON_TN_360120-8CHOCTAW_MS_360654,5288,0,1162813143.3125,1329843460.890625,14.364330033482986,0.341338880484115,0.3608169440242057,0.204803328290469,0.09304084720121028,167030317.578125,210217165.29690507,1673683716.1690497
8BULL RUN FP_360093,8CHOCTAW MS_360654,686.919414950006,500,1693758121.2820134,8BULL_RUN_FP_360093-8CHOCTAW_MS_360654,6047,0,1342788325.609375,1512035271.296875,12.60414187848211,0.4428642301967918,0.28576153464527865,0.1840582106829833,0.08731602447494625,169246945.6875,213483676.68469808,1907241797.9667115
7SHAWNEE FP_360002,8CHOCTAW MS_360654,477.94086999172464,500,1153955063.915276,7SHAWNEE_FP_360002-8CHOCTAW_MS_360654,4966,0,1079154289.90625,1575418943.71875,45.98644127667902,0.0,0.0,0.19875151026983487,0.8012484897301652,496264653.8125,530662867.82666224,1684617931.7419384
8CHOCTAW MS_360654,8E POINT AL_360058,306.6015322661115,500,746754039.005126,8CHOCTAW_MS_360654-8E_POINT_AL_360058,2904,0,636149906.6875,772629923.421875,21.454065354664742,0.1690771349862259,0.3681129476584022,0.2699724517906336,0.1928374655647383,136480016.734375,160209099.56675836,906963138.5718844
8ACKERMAN CC_360627,8E POINT AL_360058,284.9960452771427,500,693237831.4928417,8ACKERMAN_CC_360627-8E_POINT_AL_360058,2724,0,595955398.078125,720426266.234375,20.885936859981747,0.1802496328928047,0.3924375917767988,0.22136563876651982,0.20594713656387664,124470868.15625,144789215.77510157,838027047.2679433
8CLAY_360688,8E POINT AL_360058,236.5679089355367,500,575874344.1502419,8CLAY_360688-8E_POINT_AL_360058,2241,0,490879779.765625,581877897.046875,18.537760370715993,0.21909861668897815,0.45917001338688085,0.1142347166443552,0.2074966532797858,90998117.28125,106754205.95500417,682628550.1052461
8COGEN CALED_360606,8E POINT AL_360058,189.3991297531865,500,458553753.4191532,8COGEN_CALED_360606-8E_POINT_AL_360058,1813,0,395249337.5,439858748.703125,11.28639746375919,0.27082184225041367,0.5675675675675675,0.12355212355212356,0.038058466629895205,44609411.203125,51754199.195871875,510307952.6150251
6CENTER PNT_360533,8E POINT AL_360058,223.40232452326512,500,549750354.1170638,6CENTER_PNT_360533-8E_POINT_AL_360058,2103,0,465913898.390625,507139790.96875,8.848392958554975,0.18925344745601522,0.7755587256300523,0.03518782691393248,0.0,41225892.578125,48644071.62332531,598394425.7403891
8BR FERRY NP_360052,8E POINT AL_360058,144.9192986032385,500,352768907.8222916,8BR_FERRY_NP_360052-8E_POINT_AL_360058,1366,0,299500193.6875,329972965.453125,10.174541588918107,0.04172767203513909,0.9282576866764275,0.030014641288433383,0.0,30472771.765625,35892619.23915124,388661527.06144285
6LOOPERS FRM_360602,8E POINT AL_360058,230.1534219210589,500,567890177.5707965,6LOOPERS_FRM_360602-8E_POINT_AL_360058,2166,0,481151673.3125,523901343.796875,8.884863725000457,0.1837488457987073,0.7820867959372114,0.034164358264081256,0.0,42749670.484375,50456268.384828374,618346445.9556248
6COUNTY LINE_360013,8E POINT AL_360058,212.16466217235143,500,529943341.0266801,6COUNTY_LINE_360013-8E_POINT_AL_360058,1945,0,437210890.875,475439044.421875,8.743641648625932,0.18920308483290488,0.7809768637532134,0.02982005141388175,0.0,38228153.546875,46336346.68012855,576279687.7068087
6YOUNG GA_361454,8E POINT AL_360058,182.59724009823913,500,454037633.0759281,6YOUNG_GA_361454-8E_POINT_AL_360058,1626,0,363818658.40625,392655730.4375,7.9262213096970235,0.24292742927429276,0.7398523985239852,0.016605166051660517,0.0006150061500615006,28837072.03125,35988027.62690819,490025660.7028363
6KENSNGTN GA_361503,8E POINT AL_360058,182.79642840744282,500,454566314.10700995,6KENSNGTN_GA_361503-8E_POINT_AL_360058,1622,0,362839106.171875,390599258.28125,7.6508159228639405,0.26942046855733665,0.7133168927250308,0.016646115906288533,0.0006165228113440197,27760152.109375,34778031.93967483,489344346.0466848
6ALPHA GA_361502,8E POINT AL_360058,249.22392190830442,500,613984971.2962325,6ALPHA_GA_361502-8E_POINT_AL_360058,2346,0,520384686.234375,567057659.21875,8.96893667684795,0.16965046888320545,0.7988064791133845,0.03154305200341006,0.0,46672972.984375,55067923.280922145,669052894.5771546
6CLOUDLANDGA_361633,8E POINT AL_360058,164.2930647873121,500,405240325.6063286,6CLOUDLANDGA_361633-8E_POINT_AL_360058,1457,0,323493370.03125,348411377.203125,7.7027875932875745,0.23198352779684284,0.7680164722031572,0.0,0.0,24918007.171875,31214801.523802448,436455127.13013107
6ROCK SPG GA_361500,8E POINT AL_360058,186.8347335991008,500,463779130.3138944,6ROCK_SPG_GA_361500-8E_POINT_AL_360058,1659,0,370401040.5,399084834.53125,7.743983114229391,0.2603978300180832,0.7227245328511152,0.0162748643761302,0.0006027727546714888,28683794.03125,35914977.5388279,499694107.8527223
6WID CRK FP_360068,8E POINT AL_360058,149.76294793036666,500,362866363.8876523,6WID_CRK_FP_360068-8E_POINT_AL_360058,1361,0,296794094.078125,304433996.171875,2.574142223914655,0.742836149889787,0.2571638501102131,0.0,0.0,7639902.09375,9340696.289215857,372207060.17686814
6WRINGOLD GA_361504,8E POINT AL_360058,220.39614270044535,500,547198251.0778792,6WRINGOLD_GA_361504-8E_POINT_AL_360058,2058,0,459920209.828125,498097176.34375,8.300780374467998,0.22983479105928087,0.7419825072886297,0.028182701652089408,0.0,38176966.515625,45421725.03490472,592619976.1127839
6BATTLFLD GA_361530,8E POINT AL_360058,200.76289593726003,500,502365436.0638157,6BATTLFLD_GA_361530-8E_POINT_AL_360058,1815,0,409263061.265625,443909837.96875,8.465649598569103,0.27768595041322314,0.6782369146005509,0.02865013774104683,0.015426997245179064,34646776.703125,42528497.52148634,544893933.5853021
6S HAVEN CC_360594,8E POINT AL_360058,397.2979543657327,500,973161311.0698358,6S_HAVEN_CC_360594-8E_POINT_AL_360058,3966,0,874950024.46875,1165370415.25,33.19279760665037,0.09934442763489662,0.2070095814422592,0.18204740292486132,0.5115985879979829,290420390.78125,323019464.3696358,1296180775.4394717
6CONCORD TN_361509,8E POINT AL_360058,242.1831816442575,500,602769300.1839823,6CONCORD_TN_361509-8E_POINT_AL_360058,2257,0,505671230.640625,550010657.1875,8.768429734612804,0.1949490474080638,0.770934869295525,0.034116083296411165,0.0,44339426.546875,52853402.548449814,655622702.7324321
8BRADLEY TN_360662,8E POINT AL_360058,248.1717011161636,500,615317743.1274238,8BRADLEY_TN_360662-8E_POINT_AL_360058,2302,0,513698631.40625,565233731.828125,10.032166190670534,0.19113814074717636,0.7124239791485665,0.09643788010425716,0.0,51535100.421875,61729698.59122637,677047441.7186501
8BENTON MS_360612,8E POINT AL_360058,365.24928547741735,500,890442268.4166932,8BENTON_MS_360612-8E_POINT_AL_360058,3467,0,761274128.828125,992412296.21875,30.362015289607935,0.11364291895010095,0.23680415344678396,0.22526680126910875,0.42428612633400636,231138167.390625,270356217.6818081,1160798486.0985012
8ANDERSON TN_360120,8E POINT AL_360058,338.894006205786,500,839930560.5658803,8ANDERSON_TN_360120-8E_POINT_AL_360058,3047,0,679441270.375,693100584.015625,2.010374440911744,0.8217919264850673,0.16737774860518542,0.010830324909747292,0.0,13659313.640625,16885749.311023194,856816309.8769035
8BULL RUN FP_360093,8E POINT AL_360058,434.0916359972358,500,1084145154.7166467,8BULL_RUN_FP_360093-8E_POINT_AL_360058,3908,0,878188126.625,891847440.265625,1.5553972123398818,0.8610542476970318,0.13050153531218014,0.008444216990788126,0.0,13659313.640625,16862763.514180623,1101007918.2308273
8DAVIDSON TN_360048,8E POINT AL_360058,273.59802579248213,500,680459075.3905928,8DAVIDSON_TN_360048-8E_POINT_AL_360058,2587,0,578917067.703125,658943431.46875,13.823459046238273,0.2187862388867414,0.5767298028604562,0.12369540007730963,0.08078855817549285,80026363.765625,94062981.61303023,774522057.003623
8CUMBERLAND_360040,8E POINT AL_360058,308.2458309968946,500,744198103.0029671,8CUMBERLAND_360040-8E_POINT_AL_360058,2996,0,651341014.09375,805251779.125,23.629828569201237,0.0,0.4392523364485981,0.43891855807743657,0.12182910547396529,153910765.03125,175852735.9548488,920050838.9578159
7SHAWNEE FP_360002,8E POINT AL_360058,448.05132429368507,500,1074693718.7817254,7SHAWNEE_FP_360002-8E_POINT_AL_360058,4025,0,869013339.296875,1132340653.25,30.301872485200864,0.0,0.3552795031055901,0.2683229813664596,0.3763975155279503,263327313.953125,325652320.2717016,1400346039.053427
8CHOCTAW MS_360654,8MONTGOMERY_360044,471.8168892723138,500,1136461397.570704,8CHOCTAW_MS_360654-8MONTGOMERY_360044,4398,0,953860835.28125,1351914692.640625,41.73081047425615,0.0,0.04320145520691223,0.3256025466120964,0.6311959981809914,398053857.359375,474254551.9333132,1610715949.504017
8ACKERMAN CC_360627,8MONTGOMERY_360044,452.47464904653026,500,1091112955.9511542,8ACKERMAN_CC_360627-8MONTGOMERY_360044,4268,0,926381913.375,1308574240.515625,41.25645391199615,0.0,0.03467666354264293,0.3662136832239925,0.5991096532333646,382192327.140625,450154513.7998068,1541267469.750961
8CLAY_360688,8MONTGOMERY_360044,422.83448675938877,500,1021001211.4593531,8CLAY_360688-8MONTGOMERY_360044,4065,0,884100578.828125,1178518223.875,33.3013745378524,0.0,0.13972939729397293,0.5626076260762608,0.2976629766297663,294417645.046875,340007437.4640896,1361008648.9234426
8COGEN CALED_360606,8MONTGOMERY_360044,385.0138244850018,500,929156954.897938,8COGEN_CALED_360606-8MONTGOMERY_360044,3803,0,826502842.6875,1074015350.9375,29.946963938463345,0.0,0.23981067578227716,0.528530107809624,0.23165921640809886,247512508.25,278254298.2150096,1207411253.1129477
8E POINT AL_360058,8MONTGOMERY_360044,346.31511016649034,500,857096046.8874743,8E_POINT_AL_360058-8MONTGOMERY_360044,3291,0,733606379.40625,877100723.328125,19.560127603853882,0.17198419933151018,0.4576116681859617,0.1835308416894561,0.18687329079307202,143494343.921875,167649080.45877728,1024745127.3462516
6CENTER PNT_360533,8MONTGOMERY_360044,397.97083086935004,500,972906303.884117,6CENTER_PNT_360533-8MONTGOMERY_360044,3674,0,808290330.8125,937130482.984375,15.939835880798414,0.27517691888949375,0.376701143168209,0.2525857376156777,0.09553620032661948,128840152.171875,155079668.11307013,1127985971.9971871
8BR FERRY NP_360052,8MONTGOMERY_360044,236.7859089865545,500,578961733.363728,8BR_FERRY_NP_360052-8MONTGOMERY_360044,2371,0,521982953.234375,658063945.65625,26.070006995185047,0.09869253479544496,0.3441585828764234,0.271193589202868,0.2859552931252636,136080992.421875,150935364.3873685,729897097.7510965
6LOOPERS FRM_360602,8MONTGOMERY_360044,390.18340879523777,500,952554739.4529917,6LOOPERS_FRM_360602-8MONTGOMERY_360044,3597,0,790169191.265625,917197228.828125,16.076055478578887,0.2810675562969141,0.3633583541840423,0.2579927717542396,0.097581317764804,127028037.5625,153133228.3782955,1105687967.8312871
8LIMESTONE_360088,8MONTGOMERY_360044,242.47748037504053,500,594107080.7731702,8LIMESTONE_360088-8MONTGOMERY_360044,2334,0,515166734.09375,660105524.421875,28.13434578284495,0.019280205655526992,0.37532133676092544,0.30119965724078834,0.3041988003427592,144938790.328125,167148140.42508966,761255221.1982598
6COUNTY LINE_360013,8MONTGOMERY_360044,372.6051750303291,500,938121732.7103069,6COUNTY_LINE_360013-8MONTGOMERY_360044,3405,0,771660703.625,930347869.234375,20.564370436892343,0.1697503671071953,0.4593245227606461,0.13333333333333333,0.23759177679882526,158687165.609375,192918828.26354054,1131040560.9738474
6YOUNG GA_361454,8MONTGOMERY_360044,330.17907119716926,500,834528541.2103904,6YOUNG_GA_361454-8MONTGOMERY_360044,3091,0,703611135.4375,852401503.109375,21.14667607972951,0.22322872856680687,0.3736654804270463,0.13749595600129408,0.2656098350048528,148790367.671875,176475047.40265328,1011003588.6130438
8MADISON AL_360060,8MONTGOMERY_360044,247.63635698069342,500,607773100.5780978,8MADISON_AL_360060-8MONTGOMERY_360044,2347,0,518970590.71875,663700527.171875,27.887887876783314,0.02386024712398807,0.37665104388581166,0.2969748615253515,0.3025138474648487,144729936.453125,169495080.8344694,777268181.4125673
6KENSNGTN GA_361503,8MONTGOMERY_360044,330.4746556094409,500,834902771.4515967,6KENSNGTN_GA_361503-8MONTGOMERY_360044,3086,0,702058460.625,848258037.71875,20.824416383159505,0.2576150356448477,0.33862605314322747,0.13771872974724564,0.26604018146467917,146199577.09375,173863629.52161908,1008766400.9732158
6ALPHA GA_361502,8MONTGOMERY_360044,370.678350366765,500,904337826.4935094,6ALPHA_GA_361502-8MONTGOMERY_360044,3413,0,749209356.703125,872141409.625,16.408237807231085,0.2962203340169938,0.3290360386756519,0.271901552886024,0.10284207442133021,122932052.921875,148385901.15179986,1052723727.6453092
6CLOUDLANDGA_361633,8MONTGOMERY_360044,304.1695257542188,500,767152804.9768609,6CLOUDLANDGA_361633-8MONTGOMERY_360044,2831,0,642960572.796875,785273185.328125,22.13395635010571,0.2154715648180855,0.35323207347227126,0.1501236312257153,0.28117273048392794,142312612.53125,169801266.99218997,936954071.9690509
8MAGNOL CC1_360613,8MONTGOMERY_360044,295.54553216407595,500,717618456.0674679,8MAGNOL_CC1_360613-8MONTGOMERY_360044,2526,0,551981755.078125,788309288.984375,42.81437415858089,0.0,0.0855106888361045,0.18725257323832145,0.7272367379255741,236327533.90625,307243850.81175715,1024862306.879225
6ROCK SPG GA_361500,8MONTGOMERY_360044,334.51296080109887,500,844159974.6886044,6ROCK_SPG_GA_361500-8MONTGOMERY_360044,3123,0,709666675.890625,856786174.84375,20.730788685898418,0.25296189561319243,0.34806276016650656,0.13608709574127442,0.2628882484790266,147119498.953125,175001020.52362812,1019160995.2122325
6WID CRK FP_360068,8MONTGOMERY_360044,270.4839413419472,500,679672893.5155551,6WID_CRK_FP_360068-8MONTGOMERY_360044,2465,0,557728555.59375,697429938.609375,25.04827511779468,0.16592292089249494,0.3334685598377282,0.1724137931034483,0.3281947261663286,139701383.015625,170246336.26885194,849919229.7844071
6WRINGOLD GA_361504,8MONTGOMERY_360044,369.22555816062936,500,900295709.3707321,6WRINGOLD_GA_361504-8MONTGOMERY_360044,3401,0,746107752.515625,873113212.484375,17.02240186360886,0.29726551014407526,0.297559541311379,0.301970008820935,0.10320493972361071,127005459.96875,153251953.6099141,1053547662.9806461
6BATTLFLD GA_361530,8MONTGOMERY_360044,308.20627899103346,500,778299414.5659559,6BATTLFLD_GA_361530-8MONTGOMERY_360044,2851,0,647285310.84375,790347697.125,22.10190527802418,0.33005962820063134,0.18133988074359875,0.21290775166608208,0.2756927393896878,143062386.28125,172018999.3867843,950318413.9527402
6S HAVEN CC_360594,8MONTGOMERY_360044,382.27593472801885,500,938986809.162966,6S_HAVEN_CC_360594-8MONTGOMERY_360044,3406,0,754439231.03125,1091995505.140625,44.74267246786281,0.0,0.06341749853200235,0.13887257780387552,0.7977099236641222,337556274.109375,420127792.5402219,1359114601.703188
6CONCORD TN_361509,8MONTGOMERY_360044,376.18114257290085,500,919098908.0763626,6CONCORD_TN_361509-8MONTGOMERY_360044,3470,0,762908451.90625,892452280.359375,16.980258657436398,0.29135446685878963,0.30605187319884725,0.30144092219020174,0.10115273775216138,129543828.453125,156065371.90903994,1075164279.9854026
8BRADLEY TN_360662,8MONTGOMERY_360044,339.14462961288757,500,825994020.0426679,8BRADLEY_TN_360662-8MONTGOMERY_360044,3126,0,684972283.203125,799869350.046875,16.77397314625033,0.32341650671785027,0.27895073576455537,0.2853486884197057,0.11228406909788867,114897066.84375,138552015.11159068,964546035.1542585
8BENTON MS_360612,8MONTGOMERY_360044,324.0188763505639,500,789334546.1302536,8BENTON_MS_360612-8MONTGOMERY_360044,2919,0,639962254.6875,919832661.421875,43.73233025610838,0.0,0.07399794450154162,0.1658102089756766,0.7601918465227818,279870406.734375,345194390.53923666,1134528936.6694903
8FRANKLIN TN_360069,8MONTGOMERY_360044,220.5271686714898,500,549000464.0531058,8FRANKLIN_TN_360069-8MONTGOMERY_360044,2052,0,459617851.375,591830996.328125,28.765885519370936,0.13060428849902533,0.2743664717348928,0.2071150097465887,0.38791423001949316,132213144.953125,157924844.99033162,706925309.0434375
8HAYWOOD TN_360542,8MONTGOMERY_360044,250.4203374450151,500,607424102.4940085,8HAYWOOD_TN_360542-8MONTGOMERY_360044,2240,0,489599250.21875,668543708.296875,36.549169141532325,0.09330357142857143,0.13392857142857142,0.17098214285714286,0.6017857142857143,178944458.078125,222008462.62696984,829432565.1209784
8HIWASSEE TN_360110,8MONTGOMERY_360044,291.940123164767,500,710120359.8138236,8HIWASSEE_TN_360110-8MONTGOMERY_360044,2715,0,594431967.890625,704849816.0625,18.57535498363234,0.2710865561694291,0.2839779005524862,0.3156537753222836,0.1292817679558011,110417848.171875,131907377.646465,842027737.4602885
8LAG CRK CC_360615,8MONTGOMERY_360044,262.85248681040656,500,635388114.5902771,8LAG_CRK_CC_360615-8MONTGOMERY_360044,2415,0,525575901.703125,722444677.484375,37.45772497241562,0.0865424430641822,0.12422360248447205,0.15942028985507245,0.6298136645962733,196868775.78125,238001932.47064295,873390047.06092
8MAURY TN_360050,8MONTGOMERY_360044,122.02977915684133,500,305512444.8926126,8MAURY_TN_360050-8MONTGOMERY_360044,1197,0,269841312.203125,375145449.703125,39.02446835891886,0.0,0.06098579782790309,0.4252297410192147,0.5137844611528822,105304137.5,119224607.389677,424737052.28228956
8JACKSON TN_360019,8MONTGOMERY_360044,205.12986345432287,500,498345043.08853185,8JACKSON_TN_360019-8MONTGOMERY_360044,1825,0,399250055.78125,533019916.359375,33.505282877510176,0.11452054794520548,0.1643835616438356,0.20986301369863014,0.5112328767123288,133769860.578125,166971916.39286256,665316959.4813944
8ANDERSON TN_360120,8MONTGOMERY_360044,311.6338504815551,500,766142114.7461004,8ANDERSON_TN_360120-8MONTGOMERY_360044,3044,0,672517578.484375,776768191.265625,15.50154466091358,0.36136662286465177,0.26872536136662284,0.26412614980289095,0.10578186596583443,104250612.78125,118763862.08343452,884905976.829535
8BULL RUN FP_360093,8MONTGOMERY_360044,366.10988945087615,500,900068661.5657669,8BULL_RUN_FP_360093-8MONTGOMERY_360044,3670,0,811576193.765625,905895574.203125,11.621752974279387,0.5305177111716621,0.19564032697547684,0.18610354223433243,0.08773841961852862,94319380.4375,104603756.44607618,1004672418.0118431
8JVILLE FP_360037,8MONTGOMERY_360044,116.67693495759892,500,284640600.7375314,8JVILLE_FP_360037-8MONTGOMERY_360044,1029,0,226003866.34375,299834515.484375,32.6678699506535,0.15937803692905733,0.09620991253644315,0.2818270165208941,0.46258503401360546,73830649.140625,92986021.27569562,377626622.01322705
8DAVIDSON TN_360048,8MONTGOMERY_360044,79.56832462530072,500,199393207.33279482,8DAVIDSON_TN_360048-8MONTGOMERY_360044,760,0,171460297.0,243320210.75,41.910526814263015,0.0,0.0,0.3986842105263158,0.6013157894736842,71859913.75,83566743.62503003,282959950.9578248
8GLEASON CT_360582,8MONTGOMERY_360044,174.4765778238521,500,425469161.9038136,8GLEASON_CT_360582-8MONTGOMERY_360044,1694,0,372025631.40625,491698073.8125,32.16779498603104,0.16056670602125148,0.09740259740259741,0.29515938606847697,0.44687131050767415,119672442.40625,136864047.73000324,562333209.6338168
8LAG CRK CT_360568,8MONTGOMERY_360044,196.05318820716812,500,476895170.16929984,8LAG_CRK_CT_360568-8MONTGOMERY_360044,1918,0,420117335.90625,554217287.84375,31.91964255610358,0.14181438998957246,0.08602711157455684,0.37747653806047965,0.39468196037539105,134099951.9375,152223233.68536243,629118403.8546623
8CUMBERLAND_360040,8MONTGOMERY_360044,79.85111683143651,500,195477185.14547628,8CUMBERLAND_360040-8MONTGOMERY_360044,759,0,167324533.09375,243913221.59375,45.77253979671245,0.0,0.0,0.2147562582345191,0.7852437417654808,76588688.5,89474872.3642064,284952057.50968266
8MARSHALL KY_360015,8MONTGOMERY_360044,199.69822720199807,500,482101461.53462267,8MARSHALL_KY_360015-8MONTGOMERY_360044,2043,0,443817486.125,564294281.859375,27.145572110343362,0.0,0.3876651982378855,0.36612824278022515,0.24620655898188937,120476795.734375,130869199.88590027,612970661.4205229
7SHAWNEE FP_360002,8MONTGOMERY_360044,287.7820322533571,500,693520619.643349,7SHAWNEE_FP_360002-8MONTGOMERY_360044,2663,0,578052097.375,801357757.078125,38.6307152447299,0.10214044310927525,0.06233571160345475,0.18212542245587682,0.6533984228313932,223305659.703125,267911975.7379085,961432595.3812575
8CHOCTAW MS_360654,8UNION MS_360033,148.24710380765097,500,357920828.85484767,8CHOCTAW_MS_360654-8UNION_MS_360033,1427,0,310266191.828125,432938857.71875,39.53787719113811,0.0,0.0,0.5199719691660827,0.4800280308339173,122672665.890625,141514297.75413328,499435126.60898095
8ACKERMAN CC_360627,8UNION MS_360033,130.55419474456977,500,316575998.4747325,8ACKERMAN_CC_360627-8UNION_MS_360033,1300,0,283946093.671875,398621754.65625,40.386419655025406,0.0,0.0,0.47615384615384615,0.5238461538461539,114675660.984375,127853711.2710923,444429709.7458248
8CLAY_360688,8UNION MS_360033,112.0956038459143,500,269049170.86370087,8CLAY_360688-8UNION_MS_360033,1121,0,242132710.8125,358816237.1875,48.18990626398929,0.0,0.0,0.09099018733273863,0.9090098126672613,116683526.375,129654543.24325785,398703714.10695875
8COGEN CALED_360606,8UNION MS_360033,107.44622069010528,500,259962650.49464163,8COGEN_CALED_360606-8UNION_MS_360033,972,0,211606462.6875,305290554.875,44.272793466545714,0.0,0.0,0.28600823045267487,0.7139917695473251,93684092.1875,115092727.34365076,375055377.83829236
8E POINT AL_360058,8UNION MS_360033,247.6818505325729,500,609323914.1202267,8E_POINT_AL_360058-8UNION_MS_360033,2461,0,544312740.03125,630746983.3125,15.87951868925348,0.3429500203169443,0.36895570906135716,0.12637139374238116,0.16172287687931736,86434243.28125,96757704.82081223,706081618.941039
8TRICO STEEL_360014,8UNION MS_360033,188.83399989796442,500,458403267.25997096,8TRICO_STEEL_360014-8UNION_MS_360033,1844,0,403157890.234375,520196997.671875,29.030588330904195,0.06616052060737528,0.33568329718004336,0.21203904555314534,0.38611713665943603,117039107.4375,133077165.4136567,591480432.6736276
6CENTER PNT_360533,8UNION MS_360033,433.99539587348784,500,1061214624.3631444,6CENTER_PNT_360533-8UNION_MS_360033,4247,0,934837944.078125,1112679071.234375,19.023738636499733,0.13609606781257358,0.5177772545326113,0.17165057687779608,0.17447610077701908,177841127.15625,201882696.511157,1263097320.8743014
8BR FERRY NP_360052,8UNION MS_360033,196.06132454877405,500,478579301.5209838,8BR_FERRY_NP_360052-8UNION_MS_360033,1863,0,409636911.765625,531112526.875,29.65446023547742,0.030595813204508857,0.32796564680622653,0.28073000536768655,0.3607085346215781,121475615.109375,141920108.66476572,620499410.1857495
6LOOPERS FRM_360602,8UNION MS_360033,440.7464932712815,500,1079354447.8168771,6LOOPERS_FRM_360602-8UNION_MS_360033,4310,0,950075719.0,1129440624.0625,18.87901158565446,0.13410672853828307,0.5248259860788863,0.1691415313225058,0.17192575406032481,179364905.0625,203771451.25362495,1283125899.070502
8LIMESTONE_360088,8UNION MS_360033,219.80807778558875,500,535536688.8471298,8LIMESTONE_360088-8UNION_MS_360033,2102,0,461232919.6875,582467030.671875,26.284791438242294,0.1460513796384396,0.285442435775452,0.24881065651760229,0.3196955280685062,121234110.984375,140764701.73873666,676301390.5858665
6COUNTY LINE_360013,8UNION MS_360033,409.02592185728673,500,1002050629.801948,6COUNTY_LINE_360013-8UNION_MS_360033,3994,0,880310344.703125,1043476845.0,18.535111086522683,0.171507260891337,0.4902353530295443,0.1599899849774662,0.17826740110165248,163166500.296875,185731197.37699124,1187781827.178939
6YOUNG GA_361454,8UNION MS_360033,375.12881148672506,500,915171892.0876693,6YOUNG_GA_361454-8UNION_MS_360033,3665,0,804795763.921875,963644380.609375,19.737755068864928,0.17653478854024557,0.4477489768076398,0.17380627557980902,0.2019099590723056,158848616.6875,180634386.519361,1095806278.6070302
8MADISON AL_360060,8UNION MS_360033,259.3656881433958,500,634399000.3691902,8MADISON_AL_360060-8UNION_MS_360033,2462,0,542288215.9375,677026632.34375,24.846274074629516,0.04061738424045491,0.4646628757108042,0.22177091795288384,0.272948822095857,134738416.40625,157624514.3584389,792023514.7276292
6KENSNGTN GA_361503,8UNION MS_360033,375.3279997959288,500,915700573.1187512,6KENSNGTN_GA_361503-8UNION_MS_360033,3661,0,803816211.6875,961587908.453125,19.627832142674183,0.18819994537011744,0.4356733133023764,0.1739961759082218,0.20213056541928434,157771696.765625,179732171.42125398,1095432744.5400052
6ALPHA GA_361502,8UNION MS_360033,459.8169932585271,500,1125449241.542313,6ALPHA_GA_361502-8UNION_MS_360033,4490,0,989308731.921875,1172596939.484375,18.52689677634163,0.1287305122494432,0.5438752783964366,0.1623608017817372,0.16503340757238308,183288207.5625,208510819.25066414,1333960060.7929773
6CLOUDLANDGA_361633,8UNION MS_360033,355.6030127942055,500,864835504.0183699,6CLOUDLANDGA_361633-8UNION_MS_360033,3470,0,759490531.53125,911164509.125,19.970489597540066,0.17377521613832853,0.4452449567723343,0.17579250720461095,0.20518731988472622,151673977.59375,172711884.36582175,1037547388.3841916
8MAGNOL CC1_360613,8UNION MS_360033,65.28125968493524,500,158219992.21730244,8MAGNOL_CC1_360613-8UNION_MS_360033,588,0,128373580.453125,192097031.9375,49.63907001693648,0.0,0.0,0.01870748299319728,0.9812925170068028,63723451.484375,78538932.71753821,236758924.93484065
6ROCK SPG GA_361500,8UNION MS_360033,379.36630498758683,500,924913389.3256356,6ROCK_SPG_GA_361500-8UNION_MS_360033,3698,0,811378146.015625,970073484.703125,19.558739592234954,0.18496484586262846,0.44267171444023795,0.17225527312060573,0.20010816657652786,158695338.6875,180901401.2719153,1105814790.5975509
6WID CRK FP_360068,8UNION MS_360033,332.5102920148191,500,804269386.4105399,6WID_CRK_FP_360068-8UNION_MS_360033,3213,0,699477838.96875,839945747.359375,20.08182397854359,0.26330532212885155,0.32524120759414876,0.18985371926548397,0.22159975101151572,140467908.390625,161511962.49227718,965781348.902817
6WRINGOLD GA_361504,8UNION MS_360033,417.2574023853806,500,1019305539.853147,6WRINGOLD_GA_361504-8UNION_MS_360033,4107,0,903019663.65625,1066134976.921875,18.063317979719827,0.19235451667884101,0.4786949111273436,0.1555880204528853,0.17336255174093013,163115313.265625,184120400.84857377,1203425940.7017207
6BATTLFLD GA_361530,8UNION MS_360033,386.9483309331223,500,945888128.4277735,6BATTLFLD_GA_361530-8UNION_MS_360033,3711,0,816403719.703125,968693861.421875,18.653778521995036,0.29668552950687144,0.32066828348154136,0.18323901913230936,0.1994071678792778,152290141.71875,176443876.54276085,1122332004.9705343
6S HAVEN CC_360594,8UNION MS_360033,162.04953888003993,500,402532307.13367826,6S_HAVEN_CC_360594-8UNION_MS_360033,1599,0,358060824.28125,537091237.28125,50.000000240008106,0.0,0.0,0.0,1.0,179030413.0,201266154.5329493,603798461.6666275
6CONCORD TN_361509,8UNION MS_360033,439.04444132919275,500,1074876588.95925,6CONCORD_TN_361509-8UNION_MS_360033,4306,0,948770684.46875,1118048457.765625,17.841800560233324,0.17580120761727822,0.5060380863910822,0.15281003251277286,0.1653506734788667,169277773.296875,191777337.2707483,1266653926.2299984
8BRADLEY TN_360662,8UNION MS_360033,445.0329608010989,500,1087425031.9026916,8BRADLEY_TN_360662-8UNION_MS_360033,4351,0,956798085.234375,1133271532.40625,18.444168095157345,0.17398299241553666,0.47782119053091243,0.18455527464950586,0.16364054240404505,176473447.171875,200566500.7929508,1287991532.6956425
8RACCOON MTN_360079,8UNION MS_360033,374.0772335353286,500,908471490.5773151,8RACCOON_MTN_360079-8UNION_MS_360033,3580,0,782348208.453125,927720173.390625,18.581491382837378,0.2888268156424581,0.3368715083798883,0.17541899441340783,0.19888268156424582,145371964.9375,168807551.7371581,1077279042.3144732
8BENTON MS_360612,8UNION MS_360033,140.0530907838654,500,346214273.449098,8BENTON_MS_360612-8UNION_MS_360033,1244,0,277345572.25,415555020.09375,49.83293828075526,0.0,0.0,0.008842443729903537,0.9911575562700965,138209447.84375,172528745.20705426,518743018.65615225
8SEQUOYAH NP_360081,8UNION MS_360033,420.715701014128,500,1036133914.7782531,8SEQUOYAH_NP_360081-8UNION_MS_360033,3964,0,879013693.421875,1041717046.609375,18.509763204497887,0.22981836528758828,0.38647830474268413,0.21417759838546924,0.16952573158425832,162703353.1875,191785934.10694858,1227919848.8852017
8FRANKLIN TN_360069,8UNION MS_360033,308.08959718096816,500,745343062.5050654,8FRANKLIN_TN_360069-8UNION_MS_360033,2870,0,625222443.953125,778564801.75,24.526048173723524,0.07979094076655052,0.3902439024390244,0.29581881533101045,0.23414634146341465,153342357.796875,182803198.5694986,928146261.074564
8SHELBY TN_360021,8UNION MS_360033,159.7690323298838,500,389587746.538424,8SHELBY_TN_360021-8UNION_MS_360033,1432,0,314473963.859375,471247607.21875,49.85266234297232,0.0,0.0,0.007681564245810056,0.99231843575419,156773643.359375,194219863.81139538,583807610.3498194
8HAYWOOD TN_360542,8UNION MS_360033,146.58013629058814,500,357720541.75946474,8HAYWOOD_TN_360542-8UNION_MS_360033,1447,0,318224795.390625,474969665.96875,49.256020539103076,0.0,0.0,0.023496890117484452,0.9765031098825155,156744870.578125,176198903.52163276,533919445.28109753
8HIWASSEE TN_360110,8UNION MS_360033,444.0333827986844,500,1077696598.7301679,8HIWASSEE_TN_360110-8UNION_MS_360033,4139,0,904565762.734375,1059649871.84375,17.144591968700816,0.342836433921237,0.28968349842957236,0.2051220101473786,0.16235805750181204,155084109.109375,184766684.51285422,1262463283.243022
8LAG CRK CC_360615,8UNION MS_360033,165.59435703171124,500,402931626.20004827,8LAG_CRK_CC_360615-8UNION_MS_360033,1563,0,343274611.0,514911917.15625,50.00000019117348,0.0,0.0,0.0,1.0,171637306.15625,201465813.87032253,604397440.0703708
8MAURY TN_360050,8UNION MS_360033,246.87196082660776,500,594754848.2598523,8MAURY_TN_360050-8UNION_MS_360033,2213,0,480327548.671875,651752627.25,35.68920397177349,0.0,0.2783551739719837,0.15725259828287394,0.5643922277451423,171425078.578125,212263270.9274706,807018119.1873229
8JACKSON TN_360019,8UNION MS_360033,161.60464930161928,500,394933859.681777,8JACKSON_TN_360019-8UNION_MS_360033,1674,0,368076795.5625,544696257.4375,47.98440542960274,0.0,0.0,0.1003584229390681,0.899641577060932,176619461.875,189506664.40848225,584440524.0902593
8RUTHERFORD_360010,8UNION MS_360033,295.77148027300495,500,717376210.9331001,8RUTHERFORD_360010-8UNION_MS_360033,2671,0,583655283.21875,782698001.0625,34.102786964604604,0.0,0.26244852115312617,0.2661924372894047,0.4713590415574691,199042717.84375,244645280.9492677,962021491.8823678
8ANDERSON TN_360120,8UNION MS_360033,493.3495580585937,500,1206305742.1150336,8ANDERSON_TN_360120-8UNION_MS_360033,4525,0,995565264.453125,1150649373.5625,15.57749297275497,0.3988950276243094,0.2649723756906077,0.18762430939226518,0.14850828729281768,155084109.109375,187912192.20790905,1394217934.3229427
8BULL RUN FP_360093,8UNION MS_360033,581.3802657631767,500,1436597312.5249026,8BULL_RUN_FP_360093-8UNION_MS_360033,5284,0,1175540446.75,1332841183.96875,13.381142065646245,0.5068130204390613,0.19284632853898562,0.16635124905374715,0.1339894019682059,157300737.21875,192233127.30021322,1628830439.8251157
8JVILLE FP_360037,8UNION MS_360033,221.67559728300367,500,529244441.2131594,8JVILLE_FP_360037-8UNION_MS_360033,2165,0,465326001.3125,674528203.453125,44.958201680230324,0.0,0.09330254041570439,0.06420323325635104,0.8424942263279446,209202202.140625,237938783.26202023,767183224.4751797
8PIN HOOK TN_360581,8UNION MS_360033,318.5688049238145,500,785669180.66322,8PIN_HOOK_TN_360581-8UNION_MS_360033,2863,0,636271526.28125,856314835.734375,34.583240073493336,0.0,0.22563744324135523,0.3094655955291652,0.46489696122947954,220043309.453125,271709858.9322095,1057379039.5954295
8PLATEAU TN_360077,8UNION MS_360033,433.59951262839763,500,1052621980.0921426,8PLATEAU_TN_360077-8UNION_MS_360033,3922,0,857694803.296875,1019723019.890625,18.891127236743554,0.28072412034676186,0.31463539010708824,0.22386537480877103,0.1807751147373789,162028216.59375,198852157.58113605,1251474137.6732786
8DAVIDSON TN_360048,8UNION MS_360033,276.44176598000234,500,671684480.3005226,8DAVIDSON_TN_360048-8UNION_MS_360033,2438,0,533710707.203125,754169465.875,41.306789557806376,0.0,0.03773584905660377,0.35438884331419196,0.6078753076292043,220458758.671875,277451294.77018225,949135775.0707048
8GLEASON CT_360582,8UNION MS_360033,225.63522071561417,500,546427538.517455,8GLEASON_CT_360582-8UNION_MS_360033,2349,0,512078327.71875,754113576.59375,47.26527872273743,0.0,0.0,0.1362281822051937,0.8637718177948063,242035248.875,258270499.0980685,804698037.6155235
8LAG CRK CT_360568,8UNION MS_360033,230.05006486383877,500,559450731.827967,8LAG_CRK_CT_360568-8UNION_MS_360033,2379,0,520636560.921875,757639497.84375,45.521762148670696,0.0,0.0,0.22362337116435477,0.7763766288356452,237002936.921875,254671831.4817247,814122563.3096918
8CUMBERLAND_360040,8UNION MS_360033,278.1289089100278,500,667170254.2300239,8CUMBERLAND_360040-8UNION_MS_360033,2639,0,570103657.78125,805699062.421875,41.32501193862248,0.0,0.14399393709738537,0.14475179992421372,0.7112542629784009,235595404.640625,275708187.21149534,942878441.4415193
8PHIPPS B NP_360102,8UNION MS_360033,670.8708826073678,500,1666093211.602961,8PHIPPS_B_NP_360102-8UNION_MS_360033,6181,0,1382813403.34375,1540114140.5625,11.375413113467413,0.5783853745348649,0.16486005500728038,0.14220999838213882,0.1145445720757159,157300737.21875,189524985.67527363,1855618197.2782347
8MONTGOMERY_360044,8UNION MS_360033,327.72257767079867,500,789359884.1796482,8MONTGOMERY_360044-8UNION_MS_360033,3014,0,653573375.578125,935028957.703125,43.06411378462833,0.0,0.0630391506303915,0.22063702720637027,0.7163238221632382,281455582.125,339930838.6933341,1129290722.8729823
8MARSHALL KY_360015,8UNION MS_360033,331.5543570317112,500,801262383.7817258,8MARSHALL_KY_360015-8UNION_MS_360033,3407,0,741297928.109375,1093608515.28125,47.52617993556476,0.0,0.0,0.12327560904021133,0.8767243909597887,352310587.171875,380809402.2720985,1182071786.0538242
7SHAWNEE FP_360002,8UNION MS_360033,347.6052401492569,500,838021771.9615982,7SHAWNEE_FP_360002-8UNION_MS_360033,3587,0,778123003.203125,1137569180.25,46.194004748249725,0.0,0.0,0.19096738221354892,0.8090326177864511,359446177.046875,387115817.1313071,1225137589.0929053
8PARADISE CC_360117,8UNION MS_360033,400.09226596724795,500,961384297.5534619,8PARADISE_CC_360117-8UNION_MS_360033,3780,0,818098158.546875,1145460047.625,40.014989113237064,0.0,0.11878306878306878,0.2613756613756614,0.6198412698412699,327361889.078125,384697822.00238836,1346082119.5558503
8PARADISE CC_360117,8UNION MS_360033,400.09226596724795,500,961384297.5534619,8PARADISE_CC_360117-8UNION_MS_360033,3780,0,818098158.546875,1145460047.625,40.014989113237064,0.0,0.11878306878306878,0.2613756613756614,0.6198412698412699,327361889.078125,384697822.00238836,1346082119.5558503
8CHOCTAW MS_360654,8LAG CRK CT_360568,362.6917076790742,500,879421955.2599002,8CHOCTAW_MS_360654-8LAG_CRK_CT_360568,3748,0,817987648.859375,1186037119.34375,44.99450217831449,0.0,0.0,0.2497331910352188,0.7502668089647813,368049470.484375,395691530.81599164,1275113486.075892
8ACKERMAN CC_360627,8LAG CRK CT_360568,349.4632596339174,500,847786397.9403503,8ACKERMAN_CC_360627-8LAG_CRK_CT_360568,3618,0,790087321.671875,1159619121.78125,46.77100745363465,0.0,0.0,0.15892758430071863,0.8410724156992814,369531800.109375,396518239.371582,1244304637.3119323
8CLAY_360688,8LAG CRK CT_360568,339.832805076868,500,822714550.5013051,8CLAY_360688-8LAG_CRK_CT_360568,3482,0,758705149.125,1110275661.375,46.338226734780896,0.0,0.0,0.1826536473291212,0.8173463526708789,351570512.25,381231333.79132825,1203945884.2926333
8COGEN CALED_360606,8LAG CRK CT_360568,323.6100583009282,500,780094190.7901232,8COGEN_CALED_360606-8LAG_CRK_CT_360568,3245,0,704432875.15625,982252394.328125,39.43874980426658,0.0,0.03420647149460709,0.4554699537750385,0.5103235747303544,277819519.171875,307659396.1433346,1087753586.9334579
8E POINT AL_360058,8LAG CRK CT_360568,340.7036945022353,500,821431330.2655921,8E_POINT_AL_360058-8LAG_CRK_CT_360568,3029,0,657760292.625,857201311.390625,30.321231153934924,0.0,0.35226147243314626,0.2733575437438098,0.3743809838230439,199441018.765625,249068092.4206728,1070499422.6862649
6CENTER PNT_360533,8LAG CRK CT_360568,476.61622043501626,500,1163492981.3503313,6CENTER_PNT_360533-8LAG_CRK_CT_360568,4436,0,974501863.09375,1142821173.640625,17.27234363744692,0.11496844003606853,0.5822813345356177,0.17538322813345356,0.12736699729486023,168319310.546875,200962505.93640542,1364455487.2867367
8BR FERRY NP_360052,8LAG CRK CT_360568,253.2297140379136,500,609360597.7131052,8BR_FERRY_NP_360052-8LAG_CRK_CT_360568,2195,0,475525882.734375,622522185.0625,30.912366217137333,0.028701594533029614,0.20683371298405467,0.46788154897494305,0.29658314350797266,146996302.328125,188367779.54801205,797728377.2611172
6LOOPERS FRM_360602,8LAG CRK CT_360568,483.36731783281004,500,1181632804.8040643,6LOOPERS_FRM_360602-8LAG_CRK_CT_360568,4499,0,989739638.015625,1159582726.46875,17.160380561664823,0.11335852411647032,0.5881306957101579,0.1729273171815959,0.12558346299177595,169843088.453125,202772686.1458515,1384405490.949916
6COUNTY LINE_360013,8LAG CRK CT_360568,447.37882435745735,500,1092417670.407766,6COUNTY_LINE_360013-8LAG_CRK_CT_360568,4177,0,917391596.578125,1071344401.515625,16.781580026647802,0.14340435719415848,0.5635623653339717,0.16471151544170456,0.12832176203016518,153952804.9375,183324945.58472088,1275742615.992487
6YOUNG GA_361454,8LAG CRK CT_360568,405.79250624404943,500,995281260.818108,6YOUNG_GA_361454-8LAG_CRK_CT_360568,3886,0,858786862.359375,1010129585.0625,17.622850248004006,0.1523417395779722,0.5265054040144107,0.16958311888831704,0.15156973751930006,151342722.703125,175396926.14042133,1170678186.9585292
6KENSNGTN GA_361503,8LAG CRK CT_360568,406.0880906563209,500,995655491.0593143,6KENSNGTN_GA_361503-8LAG_CRK_CT_360568,3881,0,857234187.546875,1005986119.671875,17.352543130679333,0.1795928884308168,0.49884050502447824,0.16980159752641072,0.15176500901829426,148751932.125,172771548.5190446,1168427039.578359
6ALPHA GA_361502,8LAG CRK CT_360568,466.37336992795224,500,1145613903.351798,6ALPHA_GA_361502-8LAG_CRK_CT_360568,4678,0,1034523642.015625,1186819994.15625,14.721398908187044,0.3492945703292005,0.3024796921761437,0.2819581017528858,0.06626763574176998,152296352.140625,168650392.6600706,1314264296.0118687
6CLOUDLANDGA_361633,8LAG CRK CT_360568,379.7829608010988,500,927905524.5845784,6CLOUDLANDGA_361633-8LAG_CRK_CT_360568,3626,0,798136299.71875,943001267.28125,18.150404587981782,0.14120242691671264,0.5215113072255929,0.18174296745725319,0.15554329840044126,144864967.5625,168418606.90633574,1096324131.490914
6ROCK SPG GA_361500,8LAG CRK CT_360568,410.1263958479788,500,1004912694.2963219,6ROCK_SPG_GA_361500-8LAG_CRK_CT_360568,3918,0,864842402.8125,1014514256.796875,17.306257590705144,0.17662072485962227,0.5048494129657989,0.16819806023481368,0.1503318019397652,149671853.984375,173912779.43661678,1178825473.7329388
6WID CRK FP_360068,8LAG CRK CT_360568,346.2555387269866,500,840110125.0935488,6WID_CRK_FP_360068-8LAG_CRK_CT_360568,3263,0,712450310.921875,849474596.71875,19.23281998706301,0.12626417407293902,0.5041372969659822,0.2019613852283175,0.16763714373276126,137024285.796875,161576868.0523321,1001686993.1458809
6WRINGOLD GA_361504,8LAG CRK CT_360568,455.61030488555116,500,1109672580.4589653,6WRINGOLD_GA_361504-8LAG_CRK_CT_360568,4290,0,940100915.53125,1094002533.4375,16.37075502891947,0.1641025641025641,0.5505827505827506,0.16037296037296037,0.12494172494172494,153901617.90625,181661779.7700265,1291334360.2289917
6BATTLFLD GA_361530,8LAG CRK CT_360568,388.5389997704198,500,954083786.6995519,6BATTLFLD_GA_361530-8LAG_CRK_CT_360568,3744,0,828805985.875,979860232.640625,18.225525556038512,0.14423076923076922,0.5109508547008547,0.18990384615384615,0.15491452991452992,151054246.765625,173886784.3709468,1127970571.0704987
6S HAVEN CC_360594,8LAG CRK CT_360568,243.65607127369594,500,599916023.6842606,6S_HAVEN_CC_360594-8LAG_CRK_CT_360568,2321,0,514860695.578125,764031324.0,48.39573705312408,0.0,0.0,0.08315381301163291,0.9168461869883671,249170628.421875,290333781.3617923,890249805.0460529
6CONCORD TN_361509,8LAG CRK CT_360568,471.87616213408813,500,1160374984.934651,6CONCORD_TN_361509-8LAG_CRK_CT_360568,4735,0,1048222737.21875,1207174096.171875,15.163891538440645,0.3450897571277719,0.28574445617740235,0.3036958817317846,0.06546990496304118,158951358.953125,175958004.15468743,1336332989.0893383
8BRADLEY TN_360662,8LAG CRK CT_360568,434.8396491740748,500,1067270096.9009564,8BRADLEY_TN_360662-8LAG_CRK_CT_360568,4391,0,970286568.515625,1114547934.578125,14.86791333030566,0.37212480072876336,0.265087679344113,0.2921885675244819,0.07059895240264177,144261366.0625,158680793.00750342,1225950889.90846
8BENTON MS_360612,8LAG CRK CT_360568,165.60624012374802,500,399922693.46158206,8BENTON_MS_360612-8LAG_CRK_CT_360568,1501,0,326577963.3125,481607225.625,47.47082771293838,0.0,0.0,0.12858094603597603,0.871419053964024,155029262.3125,189846612.79809034,589769306.2596724
8FRANKLIN TN_360069,8LAG CRK CT_360568,300.9132530710069,500,724333038.7954308,8FRANKLIN_TN_360069-8LAG_CRK_CT_360568,2905,0,629480419.03125,765384175.34375,21.58983062914832,0.07091222030981068,0.49328743545611015,0.2512908777969019,0.18450946643717728,135903756.3125,156382276.2668967,880715315.0623275
8HAYWOOD TN_360542,8LAG CRK CT_360568,99.33214280248093,500,235726568.6403377,8HAYWOOD_TN_360542-8LAG_CRK_CT_360568,968,0,206689359.015625,301774318.6875,46.00380015919781,0.0,0.0,0.1993801652892562,0.8006198347107438,95084959.671875,108443179.55943522,344169748.19977295
8HIWASSEE TN_360110,8LAG CRK CT_360568,407.7256167166464,500,998072838.7188556,8HIWASSEE_TN_360110-8LAG_CRK_CT_360568,4115,0,907058951.59375,1042259328.4375,14.905357210377112,0.3980558930741191,0.23086269744835966,0.2957472660996355,0.07533414337788578,135200376.84375,148766321.83079648,1146839160.549652
8LAG CRK CC_360615,8LAG CRK CT_360568,95.16784407169794,500,228002517.38294053,8LAG_CRK_CC_360615-8LAG_CRK_CT_360568,848,0,182806625.5,265950218.34375,45.4817174248151,0.0,0.0,0.2275943396226415,0.7724056603773585,83143592.84375,103699460.67757395,331701978.06051445
8JACKSON TN_360019,8LAG CRK CT_360568,71.25305191657992,500,169299535.77017918,8JACKSON_TN_360019-8LAG_CRK_CT_360568,714,0,152677661.9375,219173262.59375,43.55293355453045,0.0,0.0,0.3235294117647059,0.6764705882352942,66495600.65625,73734914.32211465,243034450.09229383
8ANDERSON TN_360120,8LAG CRK CT_360568,454.9179737993755,500,1124014578.2537103,8ANDERSON_TN_360120-8LAG_CRK_CT_360568,4489,0,998316918.96875,1132919691.734375,13.482970207964428,0.45444419692581867,0.2051681889062152,0.2713299175762976,0.06905769659166852,134602772.765625,151550550.71912476,1275565128.972835
8BULL RUN FP_360093,8LAG CRK CT_360568,538.064915319885,500,1318128835.408615,8BULL_RUN_FP_360093-8LAG_CRK_CT_360568,5318,0,1172481714.828125,1376771249.390625,17.42368618451733,0.41726212861978185,0.16603986461075593,0.24050394885295223,0.17619405791650997,204289534.5625,229666631.78923005,1547795467.1978452
8JVILLE FP_360037,8LAG CRK CT_360568,90.45302592002662,500,215070241.18433407,8JVILLE_FP_360037-8LAG_CRK_CT_360568,871,0,186445145.53125,239118377.40625,28.251329217993202,0.06544202066590127,0.2709529276693456,0.3777267508610792,0.28587830080367393,52673231.875,60760201.88691822,275830443.0712523
8DAVIDSON TN_360048,8LAG CRK CT_360568,186.00762979144983,500,454585391.2323502,8DAVIDSON_TN_360048-8LAG_CRK_CT_360568,1871,0,411811030.6875,528245627.546875,28.273792633721516,0.13949759486905397,0.15660074826296097,0.42490646712987706,0.27899518973810794,116434596.859375,128528530.86022636,583113922.0925765
8GLEASON CT_360582,8LAG CRK CT_360568,21.85300648638388,500,52037292.671555884,8GLEASON_CT_360582-8LAG_CRK_CT_360568,226,0,48484099.140625,63029326.96875,29.999996052185086,0.0,0.0,1.0,0.0,14545227.828125,15611185.747130763,67648478.41868664
8CUMBERLAND_360040,8LAG CRK CT_360568,121.39338305377343,500,293658711.79034907,8CUMBERLAND_360040-8LAG_CRK_CT_360568,1192,0,259740347.328125,322554116.421875,24.18329294616619,0.2256711409395973,0.13590604026845637,0.44798657718120805,0.19043624161073824,62813769.09375,71016346.53419799,364675058.32454705
7SHAWNEE FP_360002,8LAG CRK CT_360568,122.3375129345044,500,291023407.73408747,7SHAWNEE_FP_360002-8LAG_CRK_CT_360568,1229,0,262952598.21875,388534293.0625,47.75830157010987,0.0,0.0,0.11228641171684296,0.887713588283157,125581694.84375,138987836.70525596,430011244.43934345
8CHOCTAW MS_360654,8RUTHERFORD_360010,416.12206455773196,500,1010896816.2907419,8CHOCTAW_MS_360654-8RUTHERFORD_360010,3681,0,804891224.46875,992542580.75,23.313877773373036,0.0,0.48193425699538167,0.3765281173594132,0.1415376256452051,187651356.28125,235679248.16494292,1246576064.455685
8ACKERMAN CC_360627,8RUTHERFORD_360010,394.51657756876307,500,957380608.7784576,8ACKERMAN_CC_360627-8RUTHERFORD_360010,3501,0,764696715.859375,940338923.5625,22.96887171873574,0.0,0.5067123678948872,0.34418737503570407,0.14910025706940874,175642207.703125,219899523.89037523,1177280132.6688328
8CLAY_360688,8RUTHERFORD_360010,356.78171398689574,500,863262567.7329174,8CLAY_360688-8RUTHERFORD_360010,3218,0,700481535.765625,850907627.296875,21.474669045606554,0.0,0.5590428837787446,0.31385954008701056,0.12709757613424488,150426091.53125,185382779.41524914,1048645347.1481665
8COGEN CALED_360606,8RUTHERFORD_360010,317.7175906690754,500,765088958.9931456,8COGEN_CALED_360606-8RUTHERFORD_360010,2931,0,635227593.90625,755612034.625,18.951387167937938,0.02490617536676902,0.574547935858069,0.34390992835209827,0.0566359604230638,120384440.71875,144994970.79793695,910083929.7910825
8E POINT AL_360058,8RUTHERFORD_360010,226.8258829900012,500,557474997.8519726,8E_POINT_AL_360058-8RUTHERFORD_360010,2204,0,488256707.703125,532806224.265625,9.12419959821371,0.28901996370235933,0.6084392014519057,0.10254083484573502,0.0,44549516.5625,50865131.51415157,608340129.3661242
6CENTER PNT_360533,8RUTHERFORD_360010,271.36418818165913,500,672230051.7777214,6CENTER_PNT_360533-8RUTHERFORD_360010,2691,0,600306273.21875,638870719.34375,6.424128456666511,0.5195094760312151,0.399108138238573,0.08138238573021182,0.0,38564446.125,43184922.05051663,715414973.828238
8BR FERRY NP_360052,8RUTHERFORD_360010,149.71579212960907,500,362609082.2894218,8BR_FERRY_NP_360052-8RUTHERFORD_360010,1469,0,320145421.953125,374027070.546875,16.830366733040215,0.16201497617426822,0.4622191967324711,0.32947583390061264,0.04628999319264806,53881648.59375,61028438.356621265,423637520.64604306
6LOOPERS FRM_360602,8RUTHERFORD_360010,263.57676610754686,500,651878487.346596,6LOOPERS_FRM_360602-8RUTHERFORD_360010,2614,0,582185133.671875,618937465.1875,6.312825489690188,0.5348125478194338,0.3814078041315991,0.0837796480489671,0.0,36752331.515625,41151951.311022736,693030438.6576188
8LIMESTONE_360088,8RUTHERFORD_360010,139.95567527266365,500,337396444.4727608,8LIMESTONE_360088-8RUTHERFORD_360010,1426,0,309430730.03125,350141288.796875,13.156598493470106,0.03155680224403927,0.7966339410939691,0.1718092566619916,0.0,40710558.765625,44389895.53052495,381786340.00328577
6COUNTY LINE_360013,8RUTHERFORD_360010,248.9104348683178,500,623897674.1652528,6COUNTY_LINE_360013-8RUTHERFORD_360010,2275,0,512829244.046875,558181934.515625,8.843624070823175,0.26681318681318683,0.6567032967032967,0.07648351648351648,0.0,45352690.46875,55175164.88978424,679072839.055037
6YOUNG GA_361454,8RUTHERFORD_360010,201.8720388162677,500,506490176.02802384,6YOUNG_GA_361454-8RUTHERFORD_360010,1882,0,425080319.46875,451206926.796875,6.146275452313832,0.5642933049946866,0.3602550478214665,0.062167906482465465,0.013283740701381509,26126607.328125,31130281.357591543,537620457.3856153
8MADISON AL_360060,8RUTHERFORD_360010,131.68161681868204,500,318826290.7553588,8MADISON_AL_360060-8RUTHERFORD_360010,1303,0,283978501.6875,315965976.5625,11.264048047623042,0.11588641596316193,0.7643898695318496,0.11972371450498849,0.0,31987474.875,35912746.57913796,354739037.3344968
6KENSNGTN GA_361503,8RUTHERFORD_360010,202.16762322853927,500,506864406.2692301,6KENSNGTN_GA_361503-8RUTHERFORD_360010,1877,0,423527644.65625,447063461.40625,5.557091029819916,0.6217368140649974,0.30261054874800214,0.06233351092168354,0.013319126265316995,23535816.75,28166916.454137363,535031322.7233675
6ALPHA GA_361502,8RUTHERFORD_360010,244.07170767907417,500,603661574.3871138,6ALPHA_GA_361502-8RUTHERFORD_360010,2430,0,541225299.109375,573881645.984375,6.033780558436264,0.5753086419753086,0.3345679012345679,0.09012345679012346,0.0,32656346.875,36423614.71411993,640085189.1012337
6CLOUDLANDGA_361633,8RUTHERFORD_360010,175.86249337331722,500,439114439.7944943,6CLOUDLANDGA_361633-8RUTHERFORD_360010,1622,0,364429756.828125,384078609.015625,5.391670635931889,0.6054254007398274,0.32244143033292233,0.0721331689272503,0.0,19648852.1875,23675604.308536563,462790044.10303086
8MAGNOL CC1_360613,8RUTHERFORD_360010,288.78436990244336,500,697491857.9893732,8MAGNOL_CC1_360613-8RUTHERFORD_360010,2641,0,574260683.671875,772807279.25,34.574297217876726,0.0,0.2654297614539947,0.23400227186671715,0.5005679666792882,198546595.578125,241152908.05173656,938644766.0411098
6ROCK SPG GA_361500,8RUTHERFORD_360010,206.20592842019724,500,516121609.5062377,6ROCK_SPG_GA_361500-8RUTHERFORD_360010,1914,0,431135859.921875,455591598.53125,5.6723972378003085,0.6071055381400209,0.3187042842215256,0.061128526645768025,0.013061650992685475,24455738.609375,29276467.921322323,545398077.42756
6WID CRK FP_360068,8RUTHERFORD_360010,146.52559728300375,500,365169602.50057906,6WID_CRK_FP_360068-8RUTHERFORD_360010,1330,0,298029087.4375,324346928.140625,8.830628221362492,0.32706766917293234,0.5639097744360902,0.10902255639097744,0.0,26317840.703125,32246769.974253368,397416372.4748324
6WRINGOLD GA_361504,8RUTHERFORD_360010,242.61891547293834,500,599619457.2643363,6WRINGOLD_GA_361504-8RUTHERFORD_360010,2418,0,538123694.921875,574853448.84375,6.825522508762116,0.5781637717121588,0.2903225806451613,0.1315136476426799,0.0,36729753.921875,40927161.02249452,640546618.2868309
6BATTLFLD GA_361530,8RUTHERFORD_360010,177.58483102240348,500,446544224.32126606,6BATTLFLD_GA_361530-8RUTHERFORD_360010,1608,0,363716644.6875,388116718.25,6.708539166103922,0.5851990049751243,0.2997512437810945,0.10509950248756218,0.009950248756218905,24400073.5625,29956594.182567086,476500818.5038331
6S HAVEN CC_360594,8RUTHERFORD_360010,378.11088286245666,500,923233803.8433927,6S_HAVEN_CC_360594-8RUTHERFORD_360010,3566,0,784751530.71875,1093544949.703125,39.34919613365426,0.0,0.15984296130117778,0.21761076836791923,0.6225462703309029,308793418.984375,363285080.24653345,1286518884.0899262
6CONCORD TN_361509,8RUTHERFORD_360010,249.57449988520992,500,618422655.9699669,6CONCORD_TN_361509-8RUTHERFORD_360010,2487,0,554924394.3125,594192516.71875,7.076301350006342,0.5621230398069964,0.30237233614796943,0.1355046240450342,0.0,39268122.40625,43761450.75314784,662184106.7231147
8BRADLEY TN_360662,8RUTHERFORD_360010,212.53798692519666,500,525317767.93627226,8BRADLEY_TN_360662-8RUTHERFORD_360010,2143,0,476988225.609375,501609586.40625,5.161838275026609,0.652356509566029,0.26224918338777414,0.08539430704619692,0.0,24621360.796875,27116053.61084996,552433821.5471222
8RACCOON MTN_360079,8RUTHERFORD_360010,159.98786350534064,500,396637454.8288584,8RACCOON_MTN_360079-8RUTHERFORD_360010,1451,0,323495178.03125,340356037.984375,5.212090039714967,0.6395589248793935,0.27980702963473464,0.08063404548587182,0.0,16860859.953125,20673101.276913878,417310556.10577226
8BENTON MS_360612,8RUTHERFORD_360010,325.80597385039334,500,792821394.1762114,8BENTON_MS_360612-8RUTHERFORD_360010,3182,0,696418350.609375,961725510.65625,38.095946181591536,0.0,0.17064739157762412,0.2548711502199874,0.5744814582023884,265307160.046875,302032811.64151317,1094854205.8177245
8FRANKLIN TN_360069,8RUTHERFORD_360010,96.18698695070556,500,234123551.6137296,8FRANKLIN_TN_360069-8RUTHERFORD_360010,914,0,200320541.0,220543635.40625,10.095367307464498,0.31400437636761486,0.5273522975929978,0.1586433260393873,0.0,20223094.40625,23635632.48868723,257759184.1024168
8HAYWOOD TN_360542,8RUTHERFORD_360010,260.827149237847,500,631328981.3100209,8HAYWOOD_TN_360542-8RUTHERFORD_360010,2617,0,569749611.984375,771847762.09375,35.47139758559721,0.0,0.20748949178448606,0.3087504776461597,0.48376003056935424,202098150.109375,223941213.03357822,855270194.3435991
8HIWASSEE TN_360110,8RUTHERFORD_360010,185.1566038204054,500,455942235.40843445,8HIWASSEE_TN_360110-8RUTHERFORD_360010,1869,0,414503699.171875,430551304.953125,3.871522935334726,0.7399678972712681,0.19743178170144463,0.06260032102728733,0.0,16047605.78125,17651908.215715386,473594143.62414986
8LAG CRK CC_360615,8RUTHERFORD_360010,277.13478559220744,500,678483426.6658773,8LAG_CRK_CC_360615-8RUTHERFORD_360010,2775,0,610920753.328125,868094664.78125,42.09611640333277,0.0,0.06630630630630631,0.25765765765765763,0.676036036036036,257173911.453125,285615173.06658864,964098599.732466
8MAURY TN_360050,8RUTHERFORD_360010,50.47959087314657,500,126704812.551005,8MAURY_TN_360050-8RUTHERFORD_360010,472,0,106630938.359375,134578898.015625,26.209991289824195,0.0,0.2097457627118644,0.7690677966101694,0.0211864406779661,27947959.65625,33209320.333406486,159914132.88441148
8JACKSON TN_360019,8RUTHERFORD_360010,219.73378561771628,500,538955866.366437,8JACKSON_TN_360019-8RUTHERFORD_360010,2201,0,485628992.640625,680157023.21875,40.05692277974835,0.0,0.08359836437982734,0.32485233984552475,0.5915492957746479,194528030.578125,215889135.20732734,754845001.5737643
8ANDERSON TN_360120,8RUTHERFORD_360010,232.59447388865664,500,581290498.9148084,8ANDERSON_TN_360120-8RUTHERFORD_360010,2242,0,504544713.84375,519951484.265625,3.053598620527076,0.7957181088314005,0.15209634255129348,0.052185548617305975,0.0,15406770.421875,17750278.656117547,599040777.570926
8BULL RUN FP_360093,8RUTHERFORD_360010,322.0810777090621,500,802857800.7761266,8BULL_RUN_FP_360093-8RUTHERFORD_360010,3047,0,684154541.625,710620220.734375,3.8683773181588332,0.6826386609780112,0.27896291434197573,0.03839842468001313,0.0,26465679.109375,31057569.062292513,833915369.8384191
8JVILLE FP_360037,8RUTHERFORD_360010,140.2843375980685,500,350065721.6045251,8JVILLE_FP_360037-8RUTHERFORD_360010,1399,0,314141187.3125,401754188.71875,27.88968939596408,0.08005718370264475,0.17941386704789136,0.557541100786276,0.182987848463188,87613001.40625,97632242.43724237,447697964.0417675
8PIN HOOK TN_360581,8RUTHERFORD_360010,33.23357790037879,500,90607090.20961078,8PIN_HOOK_TN_360581-8RUTHERFORD_360010,316,0,77373616.625,95825908.828125,23.84829998648781,0.0,0.2879746835443038,0.7120253164556962,0.0,18452292.203125,21608250.682215605,112215340.89182638
8PLATEAU TN_360077,8RUTHERFORD_360010,163.71185053257292,500,401535478.28132087,8PLATEAU_TN_360077-8RUTHERFORD_360010,1528,0,337577947.453125,363462334.671875,7.667677173238396,0.3841623036649215,0.5392670157068062,0.07657068062827226,0.0,25884387.21875,30788444.21063046,432323922.49195135
8DAVIDSON TN_360048,8RUTHERFORD_360010,63.93920774284641,500,169100730.06846583,8DAVIDSON_TN_360048-8RUTHERFORD_360010,588,0,139958277.4375,190283613.5625,35.95738461947944,0.0,0.0,0.7040816326530612,0.29591836734693877,50325336.125,60804199.905065976,229904929.9735318
8GLEASON CT_360582,8RUTHERFORD_360010,206.28011029403487,500,509476867.8463311,8GLEASON_CT_360582-8RUTHERFORD_360010,2054,0,456667099.40625,580381887.0,27.090803728712153,0.11489776046738072,0.186952288218111,0.49123661148977604,0.20691333982473223,123714787.59375,138021378.31143975,647498246.1577709
8LAG CRK CT_360568,8RUTHERFORD_360010,227.85672067735084,500,560902876.1118174,8LAG_CRK_CT_360568-8RUTHERFORD_360010,2278,0,504758803.90625,642901101.03125,27.36798170847903,0.10359964881474978,0.16856892010535557,0.5412642669007902,0.1865671641791045,138142297.125,153507796.53661498,714410672.6484324
8CUMBERLAND_360040,8RUTHERFORD_360010,134.5639998979644,500,340743399.4476343,8CUMBERLAND_360040-8RUTHERFORD_360010,1241,0,282955351.359375,394666413.25,39.480102197729195,0.0,0.0,0.5181305398871877,0.48186946011281223,111711061.890625,134525842.33394262,475269241.7815769
8PHIPPS B NP_360102,8RUTHERFORD_360010,411.571694553253,500,1032353699.8541849,8PHIPPS_B_NP_360102-8RUTHERFORD_360010,3944,0,891427498.21875,917893177.328125,2.9689098846803263,0.7548174442190669,0.21551724137931033,0.02966531440162272,0.0,26465679.109375,30649651.03983396,1063003350.8940188
8MONTGOMERY_360044,8RUTHERFORD_360010,135.65834405894347,500,346576433.41654056,8MONTGOMERY_360044-8RUTHERFORD_360010,1266,0,290865055.4375,412750831.28125,41.9045786233817,0.0,0.0,0.3988941548183254,0.6011058451816745,121885775.84375,145231394.03114638,491807827.4476869
8MARSHALL KY_360015,8RUTHERFORD_360010,257.7507205753152,500,644267860.1308311,8MARSHALL_KY_360015-8RUTHERFORD_360010,2355,0,530165336.25,690352258.453125,30.214522008581234,0.20339702760084927,0.08747346072186836,0.3065817409766454,0.40254777070063696,160186922.203125,194662454.3934453,838930314.5242765
7SHAWNEE FP_360002,8RUTHERFORD_360010,319.58556472353985,500,777528325.5858666,7SHAWNEE_FP_360002-8RUTHERFORD_360010,3023,0,662693565.375,890041570.265625,34.306656465266116,0.07806814422758848,0.12735693020178632,0.328812437975521,0.4657624875951042,227348004.890625,266743971.57887906,1044272297.1647456
8PARADISE CC_360117,8RUTHERFORD_360010,210.36053885453103,500,524674950.20888823,8PARADISE_CC_360117-8RUTHERFORD_360010,2072,0,464025560.6875,620141544.671875,33.643832842542906,0.0,0.23745173745173745,0.3532818532818533,0.4092664092664093,156115983.984375,176520763.21497357,701195713.4238617
8PARADISE CC_360117,8RUTHERFORD_360010,210.36053885453103,500,524674950.20888823,8PARADISE_CC_360117-8RUTHERFORD_360010,2072,0,464025560.6875,620141544.671875,33.643832842542906,0.0,0.23745173745173745,0.3532818532818533,0.4092664092664093,156115983.984375,176520763.21497357,701195713.4238617
8CHOCTAW MS_360654,8SEQUOYAH NP_360081,513.3438242299127,500,1261278978.6645362,8CHOCTAW_MS_360654-8SEQUOYAH_NP_360081,4591,0,1015388304.28125,1154900347.59375,13.739772530791017,0.4125462862121542,0.2997168372903507,0.18057068176867785,0.10716619472881725,139512043.3125,173296862.64719144,1434575841.3117278
8ACKERMAN CC_360627,8SEQUOYAH NP_360081,491.73833724094385,500,1207762771.1522517,8ACKERMAN_CC_360627-8SEQUOYAH_NP_360081,4411,0,975193795.671875,1102696690.40625,13.074621198397796,0.4293810927227386,0.3119474042167309,0.14690546361369303,0.11176603944683745,127502894.734375,157910407.30342898,1365673178.4556806
8CLAY_360688,8SEQUOYAH NP_360081,445.0281489572492,500,1095539905.2982984,8CLAY_360688-8SEQUOYAH_NP_360081,3962,0,877978265.046875,976755544.09375,11.250538080416073,0.5118626956082787,0.270570418980313,0.1166077738515901,0.10095911155981828,98777279.046875,123254134.23173924,1218794039.5300376
8COGEN CALED_360606,8SEQUOYAH NP_360081,397.84502561391986,500,980489118.7974757,8COGEN_CALED_360606-8SEQUOYAH_NP_360081,3521,0,781549919.390625,839495483.0,7.4141858596256105,0.547855722806021,0.3257597273501846,0.10678784436239705,0.01959670548139733,57945563.609375,72695285.6010502,1053184404.398526
8E POINT AL_360058,8SEQUOYAH NP_360081,250.95549329679048,500,624354684.1758218,8E_POINT_AL_360058-8SEQUOYAH_NP_360081,2265,0,507232974.515625,520634315.84375,2.642048526305385,0.7682119205298014,0.21721854304635763,0.01456953642384106,0.0,13401341.328125,16495753.732185941,640850437.9080077
6CENTER PNT_360533,8SEQUOYAH NP_360081,133.44342848396948,500,337803936.52551085,6CENTER_PNT_360533-8SEQUOYAH_NP_360081,1265,0,288076069.625,312170707.078125,8.36398437554704,0.3130434782608696,0.6063241106719368,0.08063241106719368,0.0,24094637.453125,28253868.470976572,366057804.99648744
8BR FERRY NP_360052,8SEQUOYAH NP_360081,238.03303879075875,500,605016233.0401196,8BR_FERRY_NP_360052-8SEQUOYAH_NP_360081,2220,0,507492221.109375,526252767.96875,3.6967161424394934,0.6292792792792793,0.3707207207207207,0.0,0.0,18760546.859375,22365732.751173448,627381965.7912931
6LOOPERS FRM_360602,8SEQUOYAH NP_360081,125.65600640985717,500,317452372.0943855,6LOOPERS_FRM_360602-8SEQUOYAH_NP_360081,1188,0,269954930.078125,292237452.921875,8.254164070017712,0.3333333333333333,0.5808080808080808,0.08585858585858586,0.0,22282522.84375,26203039.6368337,343655411.73121923
8LIMESTONE_360088,8SEQUOYAH NP_360081,212.65879205308238,500,543080263.9036155,8LIMESTONE_360088-8SEQUOYAH_NP_360081,1977,0,454134901.953125,472871234.453125,4.125719564697516,0.5842185128983308,0.4157814871016692,0.0,0.0,18736332.5,22405968.69988237,565486232.6034979
6COUNTY LINE_360013,8SEQUOYAH NP_360081,121.36314277697203,500,308028862.27147317,6COUNTY_LINE_360013-8SEQUOYAH_NP_360081,1149,0,262207354.625,288098687.03125,9.874373067559027,0.34464751958224543,0.4804177545691906,0.17493472584856398,0.0,25891332.40625,30415919.01644284,338444781.287916
6YOUNG GA_361454,8SEQUOYAH NP_360081,127.66688952740286,500,332656043.3151497,6YOUNG_GA_361454-8SEQUOYAH_NP_360081,1212,0,284336521.578125,296604425.1875,4.314571881686402,0.6526402640264026,0.32673267326732675,0.0,0.020627062706270627,12267903.609375,14352684.107605988,347008727.4227557
8MADISON AL_360060,8SEQUOYAH NP_360081,175.56910375663318,500,455056243.19054013,8MADISON_AL_360060-8SEQUOYAH_NP_360081,1603,0,373964135.859375,381806334.546875,2.0970456617393385,0.7960074859638179,0.20399251403618215,0.0,0.0,7842198.6875,9542737.206301237,464598980.39684135
6KENSNGTN GA_361503,8SEQUOYAH NP_360081,127.96247393967442,500,333030273.556356,6KENSNGTN_GA_361503-8SEQUOYAH_NP_360081,1207,0,282783846.765625,292460959.796875,3.4220883342288344,0.7423363711681856,0.23695111847555925,0.0,0.020712510356255178,9677113.03125,11396590.140822435,344426863.6971784
6ALPHA GA_361502,8SEQUOYAH NP_360081,106.15094798138446,500,269235459.1349033,6ALPHA_GA_361502-8SEQUOYAH_NP_360081,1004,0,228995095.515625,247181633.71875,7.941889830511273,0.3944223107569721,0.5039840637450199,0.10159362549800798,0.0,18186538.203125,21382383.54916522,290617842.68406856
6CLOUDLANDGA_361633,8SEQUOYAH NP_360081,101.65734408445238,500,265280307.08162016,6CLOUDLANDGA_361633-8SEQUOYAH_NP_360081,952,0,223685958.9375,229476107.40625,2.588516729549317,0.7468487394957983,0.25315126050420167,0.0,0.0,5790148.46875,6866825.12900754,272147132.2106277
8MAGNOL CC1_360613,8SEQUOYAH NP_360081,429.05379848844836,500,1050837784.623246,8MAGNOL_CC1_360613-8SEQUOYAH_NP_360081,4236,0,933185805.5,1162765644.90625,24.601728621798035,0.21506137865911237,0.26628895184135976,0.1763456090651558,0.34230406043437206,229579839.40625,258524260.0283255,1309362044.6515715
6ROCK SPG GA_361500,8SEQUOYAH NP_360081,132.00077913133242,500,342287476.79336363,6ROCK_SPG_GA_361500-8SEQUOYAH_NP_360081,1244,0,290392062.03125,300989096.921875,3.6492164477569755,0.7162379421221865,0.26366559485530544,0.0,0.02009646302250804,10597034.890625,12490810.901755767,354778287.6951194
6WID CRK FP_360068,8SEQUOYAH NP_360081,101.70166224887812,500,264545478.9191466,6WID_CRK_FP_360068-8SEQUOYAH_NP_360081,909,0,212929951.921875,218015381.65625,2.388311126957321,0.823982398239824,0.1474147414741474,0.028602860286028604,0.0,5085429.734375,6318169.108888512,270863648.0280351
6WRINGOLD GA_361504,8SEQUOYAH NP_360081,104.69815577524867,500,265193342.01212585,6WRINGOLD_GA_361504-8SEQUOYAH_NP_360081,992,0,225893491.328125,248153436.578125,9.85417734664431,0.39919354838709675,0.39818548387096775,0.20262096774193547,0.0,22259945.25,26132622.23336787,291325964.2454937
6BATTLFLD GA_361530,8SEQUOYAH NP_360081,96.46073370113639,500,254348705.4995674,6BATTLFLD_GA_361530-8SEQUOYAH_NP_360081,910,0,216195183.1875,226854839.734375,4.930570787800659,0.701098901098901,0.22417582417582418,0.05714285714285714,0.017582417582417582,10659656.546875,12540842.972510798,266889548.47207817
6S HAVEN CC_360594,8SEQUOYAH NP_360081,521.5020776835531,500,1283087875.4139206,6S_HAVEN_CC_360594-8SEQUOYAH_NP_360081,5199,0,1150934793.5,1489389127.9375,29.40690787601079,0.17522600500096172,0.21696480092325446,0.1436814772071552,0.4641277168686286,338454334.4375,377316469.49123573,1660404344.9051564
6CONCORD TN_361509,8SEQUOYAH NP_360081,111.65374018752024,500,283996540.71775633,6CONCORD_TN_361509-8SEQUOYAH_NP_360081,1061,0,242694190.71875,267492504.453125,10.217926379256825,0.37323279924599434,0.4194156456173421,0.20735155513666353,0.0,24798313.734375,29018557.450176477,313015098.1679328
8BRADLEY TN_360662,8SEQUOYAH NP_360081,74.61722722750696,500,190891652.68406168,8BRADLEY_TN_360662-8SEQUOYAH_NP_360081,717,0,164758022.015625,174909574.140625,6.161491865954338,0.5523012552301255,0.35564853556485354,0.09205020920502092,0.0,10151552.125,11761773.652914267,202653426.33697593
8RACCOON MTN_360079,8SEQUOYAH NP_360081,65.7509025511884,500,171820025.96655458,8RACCOON_MTN_360079-8SEQUOYAH_NP_360081,616,0,144985522.171875,146180575.296875,0.8242568686156915,0.926948051948052,0.07305194805194805,0.0,0.0,1195053.125,1416238.3656865908,173236264.33224118
8BENTON MS_360612,8SEQUOYAH NP_360081,479.5857335735919,500,1174525157.1302829,8BENTON_MS_360612-8SEQUOYAH_NP_360081,4848,0,1067831344.5,1345495643.1875,26.002636101444754,0.24979372937293728,0.2238036303630363,0.11592409240924093,0.4104785478547855,277664298.6875,305407502.5285097,1479932659.6587925
8FRANKLIN TN_360069,8SEQUOYAH NP_360081,121.8753635691129,500,309360284.56921655,8FRANKLIN_TN_360069-8SEQUOYAH_NP_360081,1187,0,271104979.0,273212749.4375,0.7774738941626058,0.928390901432182,0.07160909856781802,0.0,0.0,2107770.4375,2405195.451432807,311765480.0206494
8HAYWOOD TN_360542,8SEQUOYAH NP_360081,418.69327906756024,500,1024724792.780934,8HAYWOOD_TN_360542-8SEQUOYAH_NP_360081,4270,0,939716470.109375,1120691510.671875,19.258472775457047,0.3016393442622951,0.32669789227166274,0.11592505854800937,0.25573770491803277,180975040.5625,197346345.24107483,1222071138.022009
8HIWASSEE TN_360110,8SEQUOYAH NP_360081,79.9000908603921,500,206938017.14629632,8HIWASSEE_TN_360110-8SEQUOYAH_NP_360081,767,0,178487251.90625,179588727.3125,0.6171171299273137,0.9465449804432855,0.05345501955671447,0.0,0.0,1101475.40625,1277049.9521417161,208215067.09843802
8LAG CRK CC_360615,8SEQUOYAH NP_360081,441.56671411444023,500,1079478071.6706543,8LAG_CRK_CC_360615-8SEQUOYAH_NP_360081,4479,0,984838170.640625,1188374061.953125,20.666937714254363,0.2875641884349185,0.3114534494306765,0.11051574012056263,0.2904666220138424,203535891.3125,223095060.7112082,1302573132.3818624
8MAURY TN_360050,8SEQUOYAH NP_360081,211.8989414694917,500,530743267.9898773,8MAURY_TN_360050-8SEQUOYAH_NP_360081,2133,0,480213610.6875,514277128.984375,7.093409586643706,0.5700890764181903,0.2883263009845288,0.14158462259728083,0.0,34063518.296875,37647793.85206005,568391061.8419373
8JACKSON TN_360019,8SEQUOYAH NP_360081,384.6891751833826,500,945929245.1939063,8JACKSON_TN_360019-8SEQUOYAH_NP_360081,3922,0,867364608.921875,1056502023.109375,21.8059870372848,0.3100458949515553,0.23151453340132586,0.15527791942886282,0.303161652218256,189137414.1875,206269208.58886918,1152198453.7827754
8RUTHERFORD_360010,8SEQUOYAH NP_360081,174.349753160288,500,437827525.45152605,8RUTHERFORD_360010-8SEQUOYAH_NP_360081,1722,0,388803509.390625,405476268.875,4.2882224778542755,0.7061556329849012,0.2259001161440186,0.06794425087108014,0.0,16672759.484375,18775018.360645488,456602543.8121715
8ANDERSON TN_360120,8SEQUOYAH NP_360081,129.2162661203013,500,336061423.7009705,8ANDERSON_TN_360120-8SEQUOYAH_NP_360081,1153,0,269885657.984375,270987133.390625,0.40812669130931845,0.9644405897658282,0.03555941023417172,0.0,0.0,1101475.40625,1371556.3693177605,337432980.07028824
8BULL RUN FP_360093,8SEQUOYAH NP_360081,224.41389591175118,500,580276017.851737,8BULL_RUN_FP_360093-8SEQUOYAH_NP_360081,2014,0,468632514.234375,469733989.640625,0.23504032963856947,0.9796425024826216,0.02035749751737835,0.0,0.0,1101475.40625,1363882.665172287,581639900.5169094
8JVILLE FP_360037,8SEQUOYAH NP_360081,309.0790323298838,500,768942699.9089179,8JVILLE_FP_360037-8SEQUOYAH_NP_360081,3091,0,691484235.703125,777310936.015625,12.411953285562394,0.4296344225169848,0.2772565512779036,0.24749272080232934,0.04561630540278227,85826700.3125,95440808.70543711,864383508.614355
8PIN HOOK TN_360581,8SEQUOYAH NP_360081,205.91061028128038,500,524221531.88429403,8PIN_HOOK_TN_360581-8SEQUOYAH_NP_360081,2018,0,461647286.34375,495413386.515625,7.314263761691908,0.6025768087215064,0.23785926660059464,0.1595639246778989,0.0,33766100.171875,38342945.53759911,562564477.4218931
8PLATEAU TN_360077,8SEQUOYAH NP_360081,107.14295449327726,500,271138404.66885877,8PLATEAU_TN_360077-8SEQUOYAH_NP_360081,1061,0,240956233.890625,242874393.296875,0.7960613324993648,0.9283694627709708,0.07163053722902922,0.0,0.0,1918159.40625,2158427.9971244372,273296832.6659832
8DAVIDSON TN_360048,8SEQUOYAH NP_360081,233.25206481282095,500,592107012.3481412,8DAVIDSON_TN_360048-8SEQUOYAH_NP_360081,2287,0,521465397.546875,585240030.03125,12.229887694253438,0.5317009182334936,0.1853957149103629,0.20288587669435942,0.080017490161784,63774632.484375,72414022.63997701,664521034.9881182
8GLEASON CT_360582,8SEQUOYAH NP_360081,375.07480502585014,500,928353846.1507239,8GLEASON_CT_360582-8SEQUOYAH_NP_360081,3746,0,834010147.796875,955895403.015625,14.614361173029211,0.38761345435130806,0.26454885210891615,0.2650827549386012,0.08275493860117458,121885255.21875,135672984.04017472,1064026830.1908987
8LAG CRK CT_360568,8SEQUOYAH NP_360081,396.6514154091661,500,979779854.4162102,8LAG_CRK_CT_360568-8SEQUOYAH_NP_360081,3970,0,882101852.296875,1018414617.046875,15.453177475487646,0.36574307304785897,0.24962216624685138,0.3065491183879093,0.07808564231738035,136312764.75,151407119.77201143,1131186974.1882217
8CUMBERLAND_360040,8SEQUOYAH NP_360081,303.8768569679389,500,763749681.7273096,8CUMBERLAND_360040-8SEQUOYAH_NP_360081,2940,0,664462471.46875,789575144.59375,18.829155670514663,0.41360544217687073,0.14421768707482993,0.23605442176870747,0.20612244897959184,125112673.125,143807616.5054954,907557298.232805
8PHIPPS B NP_360102,8SEQUOYAH NP_360081,313.9045127559421,500,809771916.9297953,8PHIPPS_B_NP_360102-8SEQUOYAH_NP_360081,2911,0,675905470.828125,677006946.234375,0.16296293694744168,0.9859154929577465,0.014084507042253521,0.0,0.0,1101475.40625,1319628.0984043921,811091545.0281997
8MONTGOMERY_360044,8SEQUOYAH NP_360081,304.2378763760728,500,747171455.1103703,8MONTGOMERY_360044-8SEQUOYAH_NP_360081,2763,0,610334869.40625,717068185.78125,17.487664841897853,0.3242851972493666,0.249728555917481,0.2989504162142599,0.1270358306188925,106733316.375,130662839.86403282,877834294.9744031
8MARSHALL KY_360015,8SEQUOYAH NP_360081,432.5799931820004,500,1058565718.4541689,8MARSHALL_KY_360015-8SEQUOYAH_NP_360081,3996,0,879617178.734375,1030282266.8125,17.128484040626326,0.22422422422422422,0.37762762762762764,0.3180680680680681,0.08008008008008008,150665088.078125,181316260.1449637,1239881978.5991325
7SHAWNEE FP_360002,8SEQUOYAH NP_360081,488.3802594553552,500,1196405303.8902593,7SHAWNEE_FP_360002-8SEQUOYAH_NP_360081,4715,0,1040036613.765625,1265555086.28125,21.683705124485762,0.30795334040296923,0.21039236479321316,0.20742311770943797,0.27423117709437966,225518472.515625,259424998.18927157,1455830302.0795307
8PARADISE CC_360117,8SEQUOYAH NP_360081,312.5491360610081,500,768369709.6631105,8PARADISE_CC_360117-8SEQUOYAH_NP_360081,2717,0,601436251.8125,661484009.203125,9.98406019086211,0.3297754876702245,0.49981597350018403,0.17040853882959145,0.0,60047757.390625,76714494.30111739,845084203.9642279
8PARADISE CC_360117,8SEQUOYAH NP_360081,312.5491360610081,500,768369709.6631105,8PARADISE_CC_360117-8SEQUOYAH_NP_360081,2717,0,601436251.8125,661484009.203125,9.98406019086211,0.3297754876702245,0.49981597350018403,0.17040853882959145,0.0,60047757.390625,76714494.30111739,845084203.9642279
8CHOCTAW MS_360654,8JVILLE FP_360037,365.76990888451894,500,876345954.6042153,8CHOCTAW_MS_360654-8JVILLE_FP_360037,3549,0,765613461.015625,1091413938.390625,42.55417308661333,0.0,0.05691744153282615,0.25528317836010145,0.6877993801070724,325800477.375,372921774.3598116,1249267728.964027
8ACKERMAN CC_360627,8JVILLE FP_360037,348.0024413802106,500,835716360.0783381,8ACKERMAN_CC_360627-8JVILLE_FP_360037,3422,0,740129296.9375,1063885639.921875,43.74321410110515,0.0,0.05902980713033314,0.19199298655756866,0.7489772063120982,323756342.984375,365569196.66703033,1201285556.7453685
8CLAY_360688,8JVILLE FP_360037,322.51132454877404,500,779367441.2198372,8CLAY_360688-8JVILLE_FP_360037,3268,0,710909422.546875,1016080639.625,42.926877517649295,0.0,0.07068543451652387,0.21236230110159118,0.716952264381885,305171217.078125,334558106.9048769,1113925548.1247141
8COGEN CALED_360606,8JVILLE FP_360037,290.6041687480165,500,706031951.1955439,8COGEN_CALED_360606-8JVILLE_FP_360037,3022,0,660995649.84375,913298031.140625,38.17005170253627,0.0,0.11317008603573792,0.36465916611515553,0.5221707478491066,252302381.296875,269492760.80776477,975524712.0033087
8E POINT AL_360058,8JVILLE FP_360037,282.8686686332264,500,680607927.5526316,8E_POINT_AL_360058-8JVILLE_FP_360037,2649,0,573895673.03125,697990305.40625,21.62320404326219,0.04303510758776897,0.5028312570781427,0.3020007550018875,0.15213288033220082,124094632.375,147169240.90932366,827777168.4619553
6CENTER PNT_360533,8JVILLE FP_360037,391.09684384211783,500,960575422.1092708,6CENTER_PNT_360533-8JVILLE_FP_360037,3562,0,787738406.640625,879199013.015625,11.610530298381816,0.17518248175182483,0.6617069062324537,0.15496911847276812,0.008141493542953397,91460606.375,111527900.4228059,1072103322.5320767
8BR FERRY NP_360052,8JVILLE FP_360037,189.4493894636306,500,454005762.4168043,8BR_FERRY_NP_360052-8JVILLE_FP_360037,1739,0,375330128.890625,473499649.21875,26.155512912935542,0.10178263369752731,0.28924669350201265,0.35480161012075906,0.25416906267970096,98169520.328125,118747535.8143987,572753298.2312031
6LOOPERS FRM_360602,8JVILLE FP_360037,397.8479412399117,500,978715245.5630035,6LOOPERS_FRM_360602-8JVILLE_FP_360037,3625,0,802976181.5625,895960565.84375,11.57996792636029,0.17213793103448277,0.6675862068965517,0.1522758620689655,0.008,92984384.28125,113334911.52659416,1092050157.0895977
6COUNTY LINE_360013,8JVILLE FP_360037,361.8594477645588,500,889500111.1667056,6COUNTY_LINE_360013-8JVILLE_FP_360037,3303,0,730628140.125,807722240.890625,10.551756294581715,0.21586436572812595,0.644262791401756,0.13987284287011809,0.0,77094100.765625,93857883.9703442,983357995.1370498
6YOUNG GA_361454,8JVILLE FP_360037,320.1240127686965,500,792103805.2352923,6YOUNG_GA_361454-8JVILLE_FP_360037,3012,0,672150464.15625,745375015.65625,10.894071402884276,0.23439575033200533,0.6138778220451527,0.1341301460823373,0.01759628154050465,73224551.5,86292354.12729615,878396159.3625884
6KENSNGTN GA_361503,8JVILLE FP_360037,320.41959718096814,500,792478035.4764986,6KENSNGTN_GA_361503-8JVILLE_FP_360037,3007,0,670597789.34375,741231550.265625,10.532954633059187,0.26970402394413034,0.578317259727303,0.13435317592284668,0.017625540405719987,70633760.921875,83471351.95369829,875949387.4301969
6ALPHA GA_361502,8JVILLE FP_360037,378.80098684866994,500,934776748.8445058,6ALPHA_GA_361502-8JVILLE_FP_360037,3799,0,843906025.421875,945716313.125,12.064173573382098,0.39747301921558303,0.337193998420637,0.22821795209265597,0.03711503027112398,101810287.703125,112773089.5042192,1047549838.348725
6CLOUDLANDGA_361633,8JVILLE FP_360037,294.11446732574603,500,724728069.0017629,6CLOUDLANDGA_361633-8JVILLE_FP_360037,2752,0,611499901.515625,678246697.875,10.91525872595247,0.22747093023255813,0.6155523255813954,0.14680232558139536,0.010174418604651164,66746796.359375,79105943.79114176,803834012.7929046
6ROCK SPG GA_361500,8JVILLE FP_360037,324.4579023726261,500,801735238.7135062,6ROCK_SPG_GA_361500-8JVILLE_FP_360037,3044,0,678206004.609375,749759687.390625,10.550434867126057,0.2647831800262812,0.5850854139290408,0.13272010512483573,0.01741130091984231,71553682.78125,84586554.16726609,886321792.8807724
6WID CRK FP_360068,8JVILLE FP_360037,260.58704525163375,500,636932669.5107332,6WID_CRK_FP_360068-8JVILLE_FP_360037,2389,0,525813912.71875,584720027.3125,11.202844422501613,0.22017580577647552,0.6061113436584344,0.1691084135621599,0.0046044370029300966,58906114.59375,71354576.04137382,708287245.5521071
6WRINGOLD GA_361504,8JVILLE FP_360037,370.09092829265273,500,906755021.2179046,6WRINGOLD_GA_361504-8JVILLE_FP_360037,3416,0,753337459.078125,830380372.8125,10.226879442402081,0.23946135831381732,0.6252927400468384,0.13524590163934427,0.0,77042913.734375,92732742.85788251,999487764.0757871
6BATTLFLD GA_361530,8JVILLE FP_360037,302.8705062950671,500,750906331.1167364,6BATTLFLD_GA_361530-8JVILLE_FP_360037,2870,0,642169587.671875,715105663.234375,11.357759221660245,0.22787456445993032,0.5979094076655053,0.1588850174216028,0.015331010452961672,72936075.5625,85286133.06844175,836192464.1851782
6S HAVEN CC_360594,8JVILLE FP_360037,272.22436990244336,500,666247975.5329964,6S_HAVEN_CC_360594-8JVILLE_FP_360037,2457,0,542795177.9375,788428460.703125,45.25340178941464,0.0231990231990232,0.07244607244607244,0.0407000407000407,0.8636548636548637,245633282.765625,301499873.2817878,967747848.8147843
6CONCORD TN_361509,8JVILLE FP_360037,384.30377905480583,500,949537830.4273589,6CONCORD_TN_361509-8JVILLE_FP_360037,3856,0,857605120.625,966027183.859375,12.642422558689926,0.391597510373444,0.3163900414937759,0.2554460580912863,0.03656639004149378,108422063.234375,120044584.87724331,1069582415.3046021
8BRADLEY TN_360662,8JVILLE FP_360037,347.2672660947924,500,856432942.3936641,8BRADLEY_TN_360662-8JVILLE_FP_360037,3512,0,779668951.921875,873444253.546875,12.02757931989531,0.4299544419134396,0.29328018223234625,0.23661731207289294,0.040148063781321186,93775301.625,103008151.46811125,959441093.8617754
8BENTON MS_360612,8JVILLE FP_360037,209.28950632057607,500,508985201.52114594,8BENTON_MS_360612-8JVILLE_FP_360037,1894,0,414664465.125,596065234.265625,43.7463984491514,0.03009503695881732,0.09398099260823653,0.054910242872228086,0.8210137275607181,181400769.140625,222662694.3046567,731647895.8258027
8FRANKLIN TN_360069,8JVILLE FP_360037,215.18299336056273,500,520076428.24767315,8FRANKLIN_TN_360069-8JVILLE_FP_360037,2027,0,441022572.9375,496535162.796875,12.58724456882665,0.15786877158362111,0.6319684262456833,0.2101628021706956,0.0,55512589.859375,65463291.96835287,585539720.2160261
8HAYWOOD TN_360542,8JVILLE FP_360037,135.5599414439828,500,325891496.53862107,8HAYWOOD_TN_360542-8JVILLE_FP_360037,1221,0,264549419.296875,369678332.125,39.73885601697362,0.04668304668304668,0.16298116298116297,0.07452907452907453,0.7158067158067158,105128912.828125,129505552.5810432,455397049.11966425
8HIWASSEE TN_360110,8JVILLE FP_360037,320.1532336373641,500,787235684.2115633,8HIWASSEE_TN_360110-8JVILLE_FP_360037,3236,0,716441335.0,801155647.40625,11.82431948964111,0.46786155747836833,0.2521631644004944,0.23640296662546353,0.04357231149567367,84714312.40625,93085262.43763742,880320946.6492008
8JACKSON TN_360019,8JVILLE FP_360037,90.26946745329056,500,216812437.13314444,8JACKSON_TN_360019-8JVILLE_FP_360037,806,0,174200224.859375,234154540.1875,34.41689893140136,0.0707196029776675,0.24689826302729528,0.11290322580645161,0.5694789081885856,59954315.328125,74620117.35882244,291432554.49196684
8ANDERSON TN_360120,8JVILLE FP_360037,367.3455907200931,500,913177423.746418,8ANDERSON_TN_360120-8JVILLE_FP_360037,3610,0,807699302.375,891772779.421875,10.409007015316352,0.5307479224376731,0.21828254847645429,0.21191135734072022,0.03905817174515235,84073477.046875,95052702.10004978,1008230125.8464677
8BULL RUN FP_360093,8JVILLE FP_360037,458.6886620703158,500,1125874265.9768467,8BULL_RUN_FP_360093-8JVILLE_FP_360037,4429,0,978368245.265625,1122388477.03125,14.720452392291605,0.4766312937457665,0.18446601941747573,0.19078798825920074,0.14811469857755702,144020231.765625,165733785.3201843,1291608051.297031
8DAVIDSON TN_360048,8JVILLE FP_360037,99.10627268321188,500,244488584.5661227,8DAVIDSON_TN_360048-8JVILLE_FP_360037,992,0,220291211.4375,285681167.828125,29.683415858456573,0.11290322580645161,0.2127016129032258,0.3185483870967742,0.3558467741935484,65389956.390625,72572563.28321648,317061147.8493392
8GLEASON CT_360582,8JVILLE FP_360037,69.54744150775505,500,165830960.4046023,8GLEASON_CT_360582-8JVILLE_FP_360037,647,0,138861731.546875,175010337.90625,26.032086707180714,0.08809891808346214,0.36476043276661513,0.24420401854714066,0.3029366306027821,36148606.359375,43169259.39987659,209000219.80447888
8CUMBERLAND_360040,8JVILLE FP_360037,59.21224022578361,500,142907589.43490082,8CUMBERLAND_360040-8JVILLE_FP_360037,574,0,124800067.0625,141200234.046875,13.14115238108149,0.3693379790940767,0.3885017421602787,0.14111498257839722,0.10104529616724739,16400166.984375,18779704.09177063,161687293.52667144
7SHAWNEE FP_360002,8JVILLE FP_360037,184.1868115377429,500,440033026.16173065,7SHAWNEE_FP_360002-8JVILLE_FP_360037,1671,0,359429694.484375,500105555.75,39.13863084335132,0.07719928186714542,0.10532615200478755,0.12806702573309395,0.6894075403949731,140675861.265625,172222901.69826728,612255927.859998
8CHOCTAW MS_360654,8HIWASSEE TN_360110,549.5725319855136,500,1334857407.487279,8CHOCTAW_MS_360654-8HIWASSEE_TN_360110,4902,0,1071813641.59375,1238843959.171875,15.583895473634456,0.2894736842105263,0.38922888616891066,0.22093023255813954,0.1003671970624235,167030317.578125,208022783.1048843,1542880190.5921633
8ACKERMAN CC_360627,8HIWASSEE TN_360110,527.9670449965447,500,1281341199.9749944,8ACKERMAN_CC_360627-8HIWASSEE_TN_360110,4722,0,1031619132.984375,1186640301.984375,15.02697691846202,0.3005082592121982,0.4040660736975858,0.19102075391783144,0.10440491317238458,155021169.0,192546846.3669867,1473888046.3419812
8CLAY_360688,8HIWASSEE TN_360110,483.6504866063354,500,1182506638.303491,8CLAY_360688-8HIWASSEE_TN_360110,4358,0,959187059.1875,1058243576.03125,10.327132324706078,0.5518586507572281,0.2503441945846719,0.10601193207893529,0.09178522257916476,99056516.84375,122119025.286035,1304625663.5895262
8COGEN CALED_360606,8HIWASSEE TN_360110,436.4673632630061,500,1067455851.8026683,8COGEN_CALED_360606-8HIWASSEE_TN_360110,3917,0,862758713.53125,920983514.9375,6.748677294482186,0.5887158539698749,0.297676793464386,0.09599183048251213,0.017615522083226958,58224801.40625,72039150.6992281,1139495002.5018964
8E POINT AL_360058,8HIWASSEE TN_360110,289.57783094587677,500,711321417.1810145,8E_POINT_AL_360058-8HIWASSEE_TN_360110,2661,0,588441768.65625,602122347.78125,2.324882401913886,0.795565576850808,0.19203307027433295,0.012401352874859075,0.0,13680579.125,16537386.449085863,727858803.6301004
6CENTER PNT_360533,8HIWASSEE TN_360110,132.62858433574488,500,326223611.9149683,6CENTER_PNT_360533-8HIWASSEE_TN_360110,1275,0,282360848.421875,306131724.90625,8.41861632631835,0.32235294117647056,0.5976470588235294,0.08,0.0,23770876.484375,27463514.252978936,353687126.16794723
8BR FERRY NP_360052,8HIWASSEE TN_360110,273.21418161874857,500,664694369.3615049,8BR_FERRY_NP_360052-8HIWASSEE_TN_360110,2538,0,555962391.21875,584169943.328125,5.073643928960725,0.652876280535855,0.26556343577620173,0.08156028368794327,0.0,28207552.109375,33724225.51725377,698418594.8787587
6LOOPERS FRM_360602,8HIWASSEE TN_360110,124.84116226163256,500,305872047.48384297,6LOOPERS_FRM_360602-8HIWASSEE_TN_360110,1198,0,264239708.875,286198470.75,8.31016729790135,0.34307178631051755,0.5717863105175293,0.08514190317195326,0.0,21958761.875,25418478.863423605,331290526.34726655
6COUNTY LINE_360013,8HIWASSEE TN_360110,120.5482986287474,500,296448537.66093063,6COUNTY_LINE_360013-8HIWASSEE_TN_360110,1159,0,256492133.421875,282059704.859375,9.968169821195572,0.3546160483175151,0.4719585849870578,0.1734253666954271,0.0,25567571.4375,29550493.666492477,325999031.3274231
6YOUNG GA_361454,8HIWASSEE TN_360110,161.4744544550139,500,399698777.6956786,6YOUNG_GA_361454-8HIWASSEE_TN_360110,1569,0,349533587.046875,382178623.703125,9.33959935926616,0.325685149776928,0.5462077756532824,0.12810707456978968,0.0,32645036.65625,37330264.480660275,437029042.17633885
6KENSNGTN GA_361503,8HIWASSEE TN_360110,167.0970323809016,500,414531440.7959493,6KENSNGTN_GA_361503-8HIWASSEE_TN_360110,1641,0,366601596.03125,400030634.109375,9.118628625739934,0.33638025594149906,0.5411334552102377,0.12248628884826325,0.0,33429038.078125,37799582.62311161,452331023.4190609
6ALPHA GA_361502,8HIWASSEE TN_360110,105.33610383315985,500,257655134.52436078,6ALPHA_GA_361502-8HIWASSEE_TN_360110,1014,0,223279874.3125,241142651.546875,8.000173454672609,0.40532544378698226,0.4940828402366864,0.10059171597633136,0.0,17862777.234375,20612857.67681891,278267992.2011797
6CLOUDLANDGA_361633,8HIWASSEE TN_360110,142.24314277697204,500,356528485.6077198,6CLOUDLANDGA_361633-8HIWASSEE_TN_360110,1381,0,311760904.703125,317059732.78125,1.699644823385027,0.835626357711803,0.16437364228819695,0.0,0.0,5298828.078125,6059717.94952464,362588203.5572444
6ROCK SPG GA_361500,8HIWASSEE TN_360110,170.84989601378675,500,422720904.7359883,6ROCK_SPG_GA_361500-8HIWASSEE_TN_360110,1674,0,372823151.671875,407797145.359375,9.380853504044428,0.3052568697729988,0.5746714456391876,0.12007168458781362,0.0,34973993.6875,39654828.80425426,462375733.54024255
6WID CRK FP_360068,8HIWASSEE TN_360110,140.32399989796443,500,351512211.9243393,6WID_CRK_FP_360068-8HIWASSEE_TN_360110,1305,0,294138746.0625,299503413.59375,1.8238561233650197,0.8628352490421456,0.11724137931034483,0.01992337164750958,0.0,5364667.53125,6411077.001557887,357923288.9258972
6WRINGOLD GA_361504,8HIWASSEE TN_360110,103.88331162702406,500,253613017.4015833,6WRINGOLD_GA_361504-8HIWASSEE_TN_360110,1002,0,220178270.125,242114454.40625,9.962919714464258,0.4101796407185629,0.38922155688622756,0.20059880239520958,0.0,21936184.28125,25267261.309150014,278880278.71073335
6BATTLFLD GA_361530,8HIWASSEE TN_360110,137.04653239365604,500,345596884.025667,6BATTLFLD_GA_361530-8HIWASSEE_TN_360110,1339,0,304270128.953125,314438465.109375,3.3418778870062837,0.8073188946975355,0.14189693801344286,0.038834951456310676,0.01194921583271098,10168336.15625,11549425.845436519,357146309.8711035
6S HAVEN CC_360594,8HIWASSEE TN_360110,540.6376360992715,500,1313047017.442637,6S_HAVEN_CC_360594-8HIWASSEE_TN_360110,5347,0,1170062476.84375,1483673678.671875,26.802944973852426,0.2835234711052927,0.17542547222741725,0.09930802319057415,0.4417430334767159,313611201.828125,351935269.56596047,1664982287.0085974
6CONCORD TN_361509,8HIWASSEE TN_360110,110.83889603929562,500,272416216.1072138,6CONCORD_TN_361509-8HIWASSEE_TN_360110,1071,0,236978969.515625,261453522.28125,10.327731956827213,0.38375350140056025,0.41083099906629317,0.20541549953314658,0.0,24474552.765625,28134416.606484197,300550632.71369797
8BRADLEY TN_360662,8HIWASSEE TN_360110,73.80238307928232,500,179311328.07351917,8BRADLEY_TN_360662-8HIWASSEE_TN_360110,727,0,159042800.8125,168870591.96875,6.1793373268346,0.5653370013755158,0.343878954607978,0.0907840440165062,0.0,9827791.15625,11080251.826889819,190391579.90040898
8BENTON MS_360612,8HIWASSEE TN_360110,493.93895434022386,500,1198718704.894854,8BENTON_MS_360612-8HIWASSEE_TN_360110,4976,0,1087295090.3125,1359487081.421875,25.033865556326962,0.3046623794212219,0.1885048231511254,0.10691318327974277,0.39991961414790994,272191991.109375,300085628.9819215,1498804333.8767755
8FRANKLIN TN_360069,8HIWASSEE TN_360110,141.39650639710277,500,344926173.72615206,8FRANKLIN_TN_360069-8HIWASSEE_TN_360110,1331,0,292279485.59375,293257693.203125,0.33468226734689743,0.9669421487603306,0.03305785123966942,0.0,0.0,978207.609375,1154406.7388995842,346080580.46505165
8HAYWOOD TN_360542,8HIWASSEE TN_360110,430.05292193381337,500,1043391820.3823342,8HAYWOOD_TN_360542-8HIWASSEE_TN_360110,4419,0,965270127.0625,1145132779.71875,18.633400911681175,0.33446481104322245,0.30640416383797237,0.1120162932790224,0.24711473183978275,179862652.65625,194419380.97152865,1237811201.3538628
8ANDERSON TN_360120,8HIWASSEE TN_360110,63.55207137573156,500,155787997.39958036,8ANDERSON_TN_360120-8HIWASSEE_TN_360110,575,0,126881763.234375,126881763.234375,0.0,1.0,0.0,0.0,0.0,0.0,0.0,155787997.39958036
8BULL RUN FP_360093,8HIWASSEE TN_360110,160.5038310479124,500,408806560.51586014,8BULL_RUN_FP_360093-8HIWASSEE_TN_360110,1482,0,339922397.53125,339922397.53125,0.0,1.0,0.0,0.0,0.0,0.0,0.0,408806560.51586014
8DAVIDSON TN_360048,8HIWASSEE TN_360110,244.32626612030128,500,610399996.6507864,8DAVIDSON_TN_360048-8HIWASSEE_TN_360110,2432,0,546422496.84375,609084741.421875,11.467727800388005,0.5764802631578947,0.15748355263157895,0.19078947368421054,0.07524671052631579,62662244.578125,69999010.10948968,680399006.7602761
8GLEASON CT_360582,8HIWASSEE TN_360110,386.1490063333305,500,946646830.4533694,8GLEASON_CT_360582-8HIWASSEE_TN_360110,3891,0,858967247.09375,979740114.40625,14.06024126311285,0.4209714726291442,0.24415317399126188,0.25520431765612955,0.0796710357234644,120772867.3125,133100828.27135459,1079747658.724724
8CUMBERLAND_360040,8HIWASSEE TN_360110,314.95105827541937,500,782042666.029955,8CUMBERLAND_360040-8HIWASSEE_TN_360110,3085,0,689419570.765625,813419855.984375,17.986185840509748,0.45445705024311184,0.12414910858995137,0.22495948136142627,0.19643435980551052,124000285.21875,140659647.2642247,922702313.2941797
7SHAWNEE FP_360002,8HIWASSEE TN_360110,499.45446076283554,500,1214698288.192905,7SHAWNEE_FP_360002-8HIWASSEE_TN_360110,4860,0,1064993713.0625,1289399797.671875,21.071118247644115,0.337037037037037,0.195679012345679,0.20123456790123456,0.2660493827160494,224406084.609375,255950512.65723592,1470648800.8501408
8CHOCTAW MS_360654,8PLATEAU TN_360077,539.1386618152268,500,1309782788.8492534,8CHOCTAW_MS_360654-8PLATEAU_TN_360077,4685,0,1024942682.15625,1198917107.21875,16.97406382730562,0.23500533617929562,0.4147278548559232,0.23735325506937033,0.11291355389541088,173974425.0625,222323366.57833588,1532106155.4275894
8ACKERMAN CC_360627,8PLATEAU TN_360077,517.533174826258,500,1256266581.3369691,8ACKERMAN_CC_360627-8PLATEAU_TN_360077,4505,0,984748173.546875,1146713450.03125,16.44738023742729,0.2443951165371809,0.4312985571587125,0.20665926748057714,0.11764705882352941,161965276.484375,206622941.4282201,1462889522.7651892
8CLAY_360688,8PLATEAU TN_360077,479.7983112443907,500,1162148540.2914288,8CLAY_360688-8PLATEAU_TN_360077,4222,0,920532993.453125,1057282153.765625,14.855432807413372,0.2607768829938418,0.4661297963050687,0.1743249644718143,0.09876835622927523,136749160.3125,172642195.52532852,1334790735.8167572
8COGEN CALED_360606,8PLATEAU TN_360077,440.7341879265702,500,1063974931.551657,8COGEN_CALED_360606-8PLATEAU_TN_360077,3935,0,855279051.59375,961986561.09375,12.476338488725801,0.29834815756035576,0.47090216010165187,0.18653113087674714,0.04421855146124524,106707509.5,132745113.89557336,1196720045.4472303
8E POINT AL_360058,8PLATEAU TN_360077,303.0383569296756,500,744809464.645329,8E_POINT_AL_360058-8PLATEAU_TN_360077,2835,0,626996997.21875,634636899.3125,1.218491017921819,0.8765432098765432,0.12345679012345678,0.0,0.0,7639902.09375,9075436.42733492,753884901.0726639
6CENTER PNT_360533,8PLATEAU TN_360077,196.40898689968773,500,485139568.62861496,6CENTER_PNT_360533-8PLATEAU_TN_360077,1900,0,422295529.65625,446105375.703125,5.638195144110636,0.5457894736842105,0.4005263157894737,0.05368421052631579,0.0,23809846.046875,27353115.600577854,512492684.2291928
8BR FERRY NP_360052,8PLATEAU TN_360077,265.85995431471497,500,644166636.768766,8BR_FERRY_NP_360052-8PLATEAU_TN_360077,2378,0,519142246.953125,553366747.390625,6.592509208866271,0.5630782169890665,0.3229604709840202,0.11396131202691337,0.0,34224500.4375,42466744.84942505,686633381.6181911
6LOOPERS FRM_360602,8PLATEAU TN_360077,188.6215648255755,500,464788004.1974896,6LOOPERS_FRM_360602-8PLATEAU_TN_360077,1823,0,404174390.109375,426172121.546875,5.442633668983121,0.5688425671969282,0.3752057048820625,0.055951727921009324,0.0,21997731.4375,25296708.405847255,490084712.6033369
8LIMESTONE_360088,8PLATEAU TN_360077,245.14697382488438,500,604343287.3355511,8LIMESTONE_360088-8PLATEAU_TN_360077,2222,0,492589737.6875,513830320.09375,4.312022923166348,0.5693069306930693,0.4261926192619262,0.004500450045004501,0.0,21240582.40625,26059421.084526032,630402708.4200772
6COUNTY LINE_360013,8PLATEAU TN_360077,184.3287011926903,500,455364494.3745774,6COUNTY_LINE_360013-8PLATEAU_TN_360077,1784,0,396426814.65625,422033355.65625,6.459336264173743,0.5812780269058296,0.3060538116591928,0.11266816143497758,0.0,25606541.0,29413523.91930848,484778018.2938859
6YOUNG GA_361454,8PLATEAU TN_360077,187.8513051151313,500,473319826.5038908,6YOUNG_GA_361454-8PLATEAU_TN_360077,1889,0,428291466.015625,440285819.078125,2.800511804282002,0.7803070407623081,0.20645844362096347,0.0,0.013234515616728428,11994353.0625,13255377.613248555,486575204.11713934
8MADISON AL_360060,8PLATEAU TN_360077,208.45566214684254,500,523620973.1437378,8MADISON_AL_360060-8PLATEAU_TN_360077,1840,0,415741286.0,427349333.015625,2.7921323685001997,0.782608695652174,0.20434782608695654,0.0,0.013043478260869565,11608047.015625,14620190.679402042,538241163.8231398
6KENSNGTN GA_361503,8PLATEAU TN_360077,188.14688952740292,500,473694056.74509716,6KENSNGTN_GA_361503-8PLATEAU_TN_360077,1884,0,426738791.203125,436142353.6875,2.2035874587035043,0.8381104033970276,0.14861995753715498,0.0,0.01326963906581741,9403562.484375,10438262.827058822,484132319.57215595
6ALPHA GA_361502,8PLATEAU TN_360077,169.11650639710277,500,416571091.2380075,6ALPHA_GA_361502-8PLATEAU_TN_360077,1639,0,363214555.546875,381116302.34375,4.928697521474934,0.6327028676021964,0.3050640634533252,0.06223306894447834,0.0,17901746.796875,20531529.04902876,437102620.28703624
6CLOUDLANDGA_361633,8PLATEAU TN_360077,161.8417596721808,500,405944090.27036124,6CLOUDLANDGA_361633-8PLATEAU_TN_360077,1629,0,367640903.375,373157501.296875,1.500539758017072,0.8557397176181707,0.14426028238182934,0.0,0.0,5516597.921875,6091352.4698274825,412035442.7401887
8MAGNOL CC1_360613,8PLATEAU TN_360077,433.95803866321427,500,1046744987.9702561,8MAGNOL_CC1_360613-8PLATEAU_TN_360077,4078,0,885616835.453125,1098143184.640625,23.997550710377034,0.14394310936733692,0.4031387935262383,0.12358999509563512,0.3293281020107896,212526349.1875,251193159.2964922,1297938147.2667482
6ROCK SPG GA_361500,8PLATEAU TN_360077,192.18519471906092,500,482951259.9821047,6ROCK_SPG_GA_361500-8PLATEAU_TN_360077,1921,0,434347006.46875,444670490.8125,2.3767826622497434,0.8193649141072358,0.16762103071317022,0.0,0.013014055179593961,10323484.34375,11478701.814371347,494429961.79647607
6WID CRK FP_360068,8PLATEAU TN_360077,158.73872718924363,500,391653763.133425,6WID_CRK_FP_360068-8PLATEAU_TN_360077,1556,0,345785434.359375,345808590.34375,0.006696633829550436,0.9993573264781491,0.0006426735218508997,0.0,0.0,23155.984375,26227.618396700273,391679990.7518217
6WRINGOLD GA_361504,8PLATEAU TN_360077,167.66371419096694,500,412528974.11523,6WRINGOLD_GA_361504-8PLATEAU_TN_360077,1627,0,360112951.359375,382088105.203125,6.102294783010986,0.6373693915181315,0.2390903503380455,0.12354025814382298,0.0,21975153.84375,25173734.065842424,437702708.1810725
6BATTLFLD GA_361530,8PLATEAU TN_360077,156.64514928886481,500,395012488.6883085,6BATTLFLD_GA_361530-8PLATEAU_TN_360077,1587,0,360150127.625,370536233.625,2.8838268275762857,0.8323881537492124,0.12476370510396975,0.03276622558286074,0.010081915563957152,10386106.0,11391476.12107018,406403964.8093787
6S HAVEN CC_360594,8PLATEAU TN_360077,526.4063178583191,500,1278995078.760931,6S_HAVEN_CC_360594-8PLATEAU_TN_360077,5041,0,1103365823.453125,1424766667.671875,29.129128108471303,0.11644514977187066,0.3261257686966872,0.09998016266613767,0.4574489188653045,321400844.21875,372560114.99331504,1651555193.754246
6CONCORD TN_361509,8PLATEAU TN_360077,174.61929860323855,500,431332172.8208605,6CONCORD_TN_361509-8PLATEAU_TN_360077,1696,0,376913650.75,401427173.078125,6.5037502036200845,0.6114386792452831,0.25884433962264153,0.12971698113207547,0.0,24513522.328125,28052767.068115648,459384939.88897616
8BRADLEY TN_360662,8PLATEAU TN_360077,137.5827856432252,500,338227284.7871659,8BRADLEY_TN_360662-8PLATEAU_TN_360077,1352,0,298977482.046875,308844242.765625,3.3001685114208756,0.7670118343195266,0.1841715976331361,0.04881656804733728,0.0,9866760.71875,11162070.34957986,349389355.13674575
8BENTON MS_360612,8PLATEAU TN_360077,476.1182335098197,500,1157044148.7445576,8BENTON_MS_360612-8PLATEAU_TN_360077,4650,0,1017198211.09375,1277820524.1875,25.62158586707637,0.12623655913978496,0.4012903225806452,0.09956989247311827,0.37290322580645163,260622313.09375,296453060.0905697,1453497208.8351274
8FRANKLIN TN_360069,8PLATEAU TN_360077,138.54227909306908,500,344317862.5916493,8FRANKLIN_TN_360069-8PLATEAU_TN_360077,1221,0,272804601.734375,273520419.96875,0.2623922873089768,0.972972972972973,0.02702702702702703,0.0,0.0,715818.234375,903463.5152676083,345221326.1069169
8HAYWOOD TN_360542,8PLATEAU TN_360077,412.2758764270907,500,998879897.4475602,8HAYWOOD_TN_360542-8PLATEAU_TN_360077,4091,0,892024471.84375,1085290030.359375,21.665948033483783,0.14348570031777072,0.46198973356147643,0.1275971645074554,0.2669274016132975,193265558.515625,216416799.4979045,1215296696.9454646
8HIWASSEE TN_360110,8PLATEAU TN_360077,76.93228565597967,500,189547281.13847566,8HIWASSEE_TN_360110-8PLATEAU_TN_360077,710,0,157451858.421875,159546029.84375,1.3300391896702068,0.956338028169014,0.0,0.04366197183098591,0.0,2094171.421875,2521053.12209609,192068334.26057175
8LAG CRK CC_360615,8PLATEAU TN_360077,432.19785694243006,500,1051031646.2041814,8LAG_CRK_CC_360615-8PLATEAU_TN_360077,4302,0,941489112.765625,1202489866.046875,27.722121237765585,0.13644816364481638,0.3121803812180381,0.14156206415620642,0.4098093909809391,261000753.28125,291368267.2080066,1342399913.412188
8MAURY TN_360050,8PLATEAU TN_360077,202.00662325404815,500,496318108.7007121,8MAURY_TN_360050-8PLATEAU_TN_360077,1939,0,429046353.84375,472327330.359375,10.0877157276547,0.30273336771531717,0.5415162454873647,0.1557503867973182,0.0,43280976.515625,50067159.91060008,546385268.6113122
8JACKSON TN_360019,8PLATEAU TN_360077,374.79685696793894,500,911504085.9047412,8JACKSON_TN_360019-8PLATEAU_TN_360077,3728,0,816197352.078125,1014552224.484375,24.302317558519082,0.15745708154506438,0.3602467811158798,0.16335836909871246,0.31893776824034337,198354872.40625,221516617.51544678,1133020703.420188
8ANDERSON TN_360120,8PLATEAU TN_360077,92.81641553671062,500,236361404.76691854,8ANDERSON_TN_360120-8PLATEAU_TN_360077,913,0,209524178.828125,209524178.828125,0.0,1.0,0.0,0.0,0.0,0.0,0.0,236361404.76691854
8BULL RUN FP_360093,8PLATEAU TN_360077,160.68894146949168,500,406947368.9160129,8BULL_RUN_FP_360093-8PLATEAU_TN_360077,1564,0,356842344.640625,356842344.640625,0.0,1.0,0.0,0.0,0.0,0.0,0.0,406947368.9160129
8JVILLE FP_360037,8PLATEAU TN_360077,299.18671411444024,500,734517540.6197529,8JVILLE_FP_360037-8PLATEAU_TN_360077,2897,0,640316978.859375,735361137.390625,14.843298189680421,0.2412840869865378,0.44597859855022437,0.2640662754573697,0.04867103900586814,95044158.53125,109026628.80969694,843544169.4294498
8PIN HOOK TN_360581,8PLATEAU TN_360077,195.27270765356528,500,487929484.7140888,8PIN_HOOK_TN_360581-8PLATEAU_TN_360077,1824,0,410421724.40625,453399452.3125,10.471601611348703,0.3218201754385965,0.5016447368421053,0.17653508771929824,0.0,42977727.90625,51094031.78356595,539023516.4976548
8DAVIDSON TN_360048,8PLATEAU TN_360077,223.35974659737744,500,557681853.0589759,8DAVIDSON_TN_360048-8PLATEAU_TN_360077,2093,0,470298140.703125,543290231.40625,15.520386832488287,0.2804586717630196,0.4104156712852365,0.22169135212613472,0.08743430482560917,72992090.703125,86554380.88934198,644236233.9483179
8GLEASON CT_360582,8PLATEAU TN_360077,365.18248681040654,500,893928686.8615588,8GLEASON_CT_360582-8PLATEAU_TN_360077,3552,0,782842890.953125,913945604.390625,16.747001850892484,0.23170045045045046,0.40146396396396394,0.2795608108108108,0.08727477477477477,131102713.4375,149706253.73436412,1043634940.595923
8LAG CRK CT_360568,8PLATEAU TN_360077,386.75909719372254,500,945354695.127045,8LAG_CRK_CT_360568-8PLATEAU_TN_360077,3776,0,830934595.453125,976464818.421875,17.514040667591836,0.21795550847457626,0.3776483050847458,0.3222987288135593,0.08209745762711865,145530222.96875,165569805.75753948,1110924500.8845844
8CUMBERLAND_360040,8PLATEAU TN_360077,290.5292660437746,500,707806042.6367252,8CUMBERLAND_360040-8PLATEAU_TN_360077,2754,0,603887278.890625,763923757.765625,26.50105151560669,0.09876543209876543,0.31190994916485115,0.2970225127087872,0.2923021060275962,160036478.875,187576043.9897356,895382086.6264608
8PHIPPS B NP_360102,8PLATEAU TN_360077,250.17955831368263,500,636443267.9940711,8PHIPPS_B_NP_360102-8PLATEAU_TN_360077,2461,0,564115301.234375,564115301.234375,0.0,1.0,0.0,0.0,0.0,0.0,0.0,636443267.9940711
8MONTGOMERY_360044,8PLATEAU TN_360077,234.7763115504974,500,571163853.8177006,8MONTGOMERY_360044-8PLATEAU_TN_360077,2265,0,495774560.640625,603352148.828125,21.698892345039145,0.12008830022075055,0.3792494481236203,0.3456953642384106,0.15496688741721854,107577588.1875,123936229.75367962,695100083.5713803
8MARSHALL KY_360015,8PLATEAU TN_360077,356.2852790165424,500,864048093.9444871,8MARSHALL_KY_360015-8PLATEAU_TN_360077,3449,0,752470404.59375,885918757.984375,17.73469794638265,0.07886343867787765,0.5679907219483908,0.2766019135981444,0.07654392577558712,133448353.390625,153236319.57253137,1017284413.5170184
7SHAWNEE FP_360002,8PLATEAU TN_360077,474.77591529437603,500,1147288321.9063296,7SHAWNEE_FP_360002-8PLATEAU_TN_360077,4551,0,989780305.25,1228285737.796875,24.09680524878024,0.05976708415732806,0.43045484508899146,0.27927927927927926,0.23049879147440122,238505432.546875,276459832.57176715,1423748154.4780967
8PARADISE CC_360117,8PLATEAU TN_360077,235.07117513236474,500,570991668.4108336,8PARADISE_CC_360117-8PLATEAU_TN_360077,2132,0,466125843.265625,521556669.921875,11.891815795474425,0.1275797373358349,0.7101313320825516,0.1622889305816135,0.0,55430826.65625,67901277.41492246,638892945.8257561
8PARADISE CC_360117,8PLATEAU TN_360077,235.07117513236474,500,570991668.4108336,8PARADISE_CC_360117-8PLATEAU_TN_360077,2132,0,466125843.265625,521556669.921875,11.891815795474425,0.1275797373358349,0.7101313320825516,0.1622889305816135,0.0,55430826.65625,67901277.41492246,638892945.8257561
8CHOCTAW MS_360654,8PHIPPS B NP_360102,776.410031794197,500,1923254020.3600717,8CHOCTAW_MS_360654-8PHIPPS_B_NP_360102,6944,0,1550061282.203125,1719308227.890625,10.918726093651387,0.5148329493087558,0.2488479262672811,0.16028225806451613,0.07603686635944701,169246945.6875,209994838.5682545,2133248858.9283261
8ACKERMAN CC_360627,8PHIPPS B NP_360102,754.804544805228,500,1869737812.8477874,8ACKERMAN_CC_360627-8PHIPPS_B_NP_360102,6764,0,1509866773.59375,1667104570.703125,10.41401796895769,0.5285334121821408,0.2554701360141928,0.13778829095209935,0.07820816085156712,157237797.109375,194714831.80236506,2064452644.6501524
8CLAY_360688,8PHIPPS B NP_360102,717.0696812233607,500,1775619771.802247,8CLAY_360688-8PHIPPS_B_NP_360102,6481,0,1445651593.5,1577673274.4375,9.132330468219418,0.5516124054929795,0.270482950162012,0.11371701897855269,0.0641876253664558,132021680.9375,162155465.42002472,1937775237.2222717
8COGEN CALED_360606,8PHIPPS B NP_360102,670.471785158556,500,1669775488.416359,8COGEN_CALED_360606-8PHIPPS_B_NP_360102,6061,0,1359778028.09375,1417981564.015625,4.280370378058662,0.7343672661277016,0.19221250618709784,0.06203596766210196,0.011384260023098499,58203535.921875,71472575.38625817,1741248063.802617
8E POINT AL_360058,8PHIPPS B NP_360102,523.5822528414268,500,1313641053.794705,8E_POINT_AL_360058-8PHIPPS_B_NP_360102,4805,0,1085461083.21875,1099120396.859375,1.2583881496811111,0.8869927159209157,0.10613943808532779,0.006867845993756503,0.0,13659313.640625,16530703.350298636,1330171757.1450036
6CENTER PNT_360533,8PHIPPS B NP_360102,373.75341535814835,500,949222643.2877684,6CENTER_PNT_360533-8PHIPPS_B_NP_360102,3588,0,820424301.875,840107303.9375,2.399124698953514,0.7589186176142698,0.2410813823857302,0.0,0.0,19683002.0625,22773034.883176263,971995678.1709446
8BR FERRY NP_360052,8PHIPPS B NP_360102,503.1313242936851,500,1257637868.2795844,8BR_FERRY_NP_360052-8PHIPPS_B_NP_360102,4637,0,1044260847.0,1073800192.0,2.8287324076988973,0.8222989001509596,0.11925814103946517,0.05844295880957515,0.0,29539345.0,35575209.95151817,1293213078.2311025
6LOOPERS FRM_360602,8PHIPPS B NP_360102,365.9659932840361,500,928871078.8566431,6LOOPERS_FRM_360602-8PHIPPS_B_NP_360102,3511,0,802303162.328125,820174049.78125,2.227448213125216,0.7755625178011962,0.22443748219880377,0.0,0.0,17870887.453125,20690122.248229213,949561201.1048723
8LIMESTONE_360088,8PHIPPS B NP_360102,480.47361651257523,500,1203390991.4466243,8LIMESTONE_360088-8PHIPPS_B_NP_360102,4413,0,995362533.234375,1015987259.1875,2.0720818058226564,0.7858599592114208,0.2141400407885792,0.0,0.0,20624725.953125,24935245.78667438,1228326237.2332988
6COUNTY LINE_360013,8PHIPPS B NP_360102,365.7753958734878,500,921652110.2353032,6COUNTY_LINE_360013-8PHIPPS_B_NP_360102,3489,0,791649262.15625,817968123.734375,3.3245608675790628,0.7755803955288049,0.16680997420464316,0.05760963026655202,0.0,26318861.578125,30640885.392099533,952292995.6274027
6YOUNG GA_361454,8PHIPPS B NP_360102,406.7015516997543,500,1024902350.270051,6YOUNG_GA_361454-8PHIPPS_B_NP_360102,3899,0,884690715.78125,918087042.578125,3.774915481890573,0.71967171069505,0.22877660938702232,0.051551679917927674,0.0,33396326.796875,38689197.4946045,1063591547.7646555
8MADISON AL_360060,8PHIPPS B NP_360102,439.27325937882847,500,1117057613.9463704,8MADISON_AL_360060-8PHIPPS_B_NP_360102,3978,0,910829878.375,922437925.390625,1.2744473244921117,0.8994469582704877,0.09451985922574158,0.0,0.006033182503770739,11608047.015625,14236310.873974938,1131293924.8203454
6KENSNGTN GA_361503,8PHIPPS B NP_360102,402.55269452774417,500,1026598088.6961465,6KENSNGTN_GA_361503-8PHIPPS_B_NP_360102,3780,0,867878107.09375,877063899.734375,1.0584196750146546,0.9214285714285714,0.07195767195767196,0.0,0.006613756613756613,9185792.640625,10865716.154084409,1037463804.8502309
6ALPHA GA_361502,8PHIPPS B NP_360102,346.4609348555634,500,880654165.8971609,6ALPHA_GA_361502-8PHIPPS_B_NP_360102,3327,0,761343327.765625,775118230.578125,1.8092892273616323,0.8184550646227833,0.18154493537721672,0.0,0.0,13774902.8125,15933580.953888768,896587746.8510497
6CLOUDLANDGA_361633,8PHIPPS B NP_360102,376.2475646725221,500,958848122.2214105,6CLOUDLANDGA_361633-8PHIPPS_B_NP_360102,3525,0,808780219.265625,814079047.34375,0.6551629171811735,0.9356028368794326,0.06439716312056738,0.0,0.0,5298828.078125,6282017.328882697,965130139.5502932
8MAGNOL CC1_360613,8PHIPPS B NP_360102,675.5653047580067,500,1667177585.8839269,8MAGNOL_CC1_360613-8PHIPPS_B_NP_360102,6415,0,1424693357.9375,1628789229.375,14.325599982649283,0.5572876071706937,0.14185502727981295,0.08277474668745129,0.21808261886204208,204095871.4375,238833191.95412055,1906010777.8380475
6ROCK SPG GA_361500,8PHIPPS B NP_360102,406.59099971940213,500,1035855291.9331539,6ROCK_SPG_GA_361500-8PHIPPS_B_NP_360102,3817,0,875486322.359375,885592036.859375,1.154297245074698,0.9111867959130207,0.08226355776788054,0.0,0.006549646319098768,10105714.5,11956849.097744865,1047812141.0308987
6WID CRK FP_360068,8PHIPPS B NP_360102,374.32842179351445,500,953831848.5380299,6WID_CRK_FP_360068-8PHIPPS_B_NP_360102,3449,0,791158060.625,796522728.15625,0.6780778454070324,0.9481008988112496,0.044360684256306175,0.007538416932444187,0.0,5364667.53125,6467722.447372742,960299570.9854027
6WRINGOLD GA_361504,8PHIPPS B NP_360102,349.11040887176443,500,878816589.9759557,6WRINGOLD_GA_361504-8PHIPPS_B_NP_360102,3332,0,755335398.859375,778022873.28125,3.0036291766724066,0.812124849939976,0.12755102040816327,0.06032412965186074,0.0,22687474.421875,26396391.50595532,905212981.4819111
6BATTLFLD GA_361530,8PHIPPS B NP_360102,371.050954289206,500,947916520.6393576,6BATTLFLD_GA_361530-8PHIPPS_B_NP_360102,3483,0,801289443.515625,811457779.671875,1.268996645161935,0.9259259259259259,0.05455067470571347,0.014929658340511054,0.004593741027849555,10168336.15625,12029028.84584919,959945549.4852067
6S HAVEN CC_360594,8PHIPPS B NP_360102,768.0135839531114,500,1899427676.6746016,6S_HAVEN_CC_360594-8PHIPPS_B_NP_360102,7378,0,1642442345.9375,1955412712.40625,19.055181281879797,0.4845486581729466,0.12333965844402277,0.07197072377338032,0.32014095960965033,312970366.46875,361939387.10854304,2261367063.7831445
6CONCORD TN_361509,8PHIPPS B NP_360102,356.06599328403604,500,897619788.6815863,6CONCORD_TN_361509-8PHIPPS_B_NP_360102,3401,0,772136098.25,797361941.15625,3.2670202783450897,0.7956483387239047,0.13966480446927373,0.06468685680682153,0.0,25225842.90625,29325420.51866577,926945209.200252
8BRADLEY TN_360662,8PHIPPS B NP_360102,319.02948032402276,500,804514900.6478915,8BRADLEY_TN_360662-8PHIPPS_B_NP_360102,3057,0,694199929.546875,704779010.84375,1.5239242827034483,0.8851815505397449,0.09322865554465162,0.021589793915603533,0.0,10579081.296875,12260197.92894074,816775098.5768323
8BENTON MS_360612,8PHIPPS B NP_360102,721.3149021940638,500,1785099364.1268187,8BENTON_MS_360612-8PHIPPS_B_NP_360102,7007,0,1559674959.40625,1831226115.15625,17.41075306186721,0.5102040816326531,0.12987012987012986,0.07592407592407592,0.28400171257314116,271551155.75,310799242.1970822,2095898606.323901
8FRANKLIN TN_360069,8PHIPPS B NP_360102,371.8904737356032,500,939866641.3791465,8FRANKLIN_TN_360069-8PHIPPS_B_NP_360102,3407,0,775369014.359375,775706386.609375,0.043511185480982206,0.9953037863222777,0.004696213677722336,0.0,0.0,337372.25,408947.1176043583,940275588.4967508
8HAYWOOD TN_360542,8PHIPPS B NP_360102,659.101324293685,500,1617267979.9135327,8HAYWOOD_TN_360542-8PHIPPS_B_NP_360102,6370,0,1408939224.640625,1658073265.34375,17.682383764045674,0.4530612244897959,0.1598116169544741,0.14725274725274726,0.23987441130298273,249134040.703125,285971530.70133996,1903239510.6148727
8HIWASSEE TN_360110,8PHIPPS B NP_360102,249.99444789210335,500,638302459.5939186,8HIWASSEE_TN_360110-8PHIPPS_B_NP_360102,2379,0,547195354.125,547195354.125,0.0,1.0,0.0,0.0,0.0,0.0,0.0,638302459.5939186
8LAG CRK CC_360615,8PHIPPS B NP_360102,671.5334736590765,500,1645231992.0098014,8LAG_CRK_CC_360615-8PHIPPS_B_NP_360102,6545,0,1444915876.125,1712016089.03125,18.48551997522263,0.44094728800611155,0.15553857906799085,0.14346829640947287,0.26004583651642477,267100212.90625,304129688.521725,1949361680.5315263
8MAURY TN_360050,8PHIPPS B NP_360102,449.8664672747283,500,1127136330.2735763,8MAURY_TN_360050-8PHIPPS_B_NP_360102,4355,0,982895904.609375,1026758173.015625,4.462554803672902,0.6835820895522388,0.24707233065442022,0.06934557979334098,0.0,43862268.40625,50299076.45056595,1177435406.7241423
8JACKSON TN_360019,8PHIPPS B NP_360102,613.8108503029929,500,1508188920.5080562,8JACKSON_TN_360019-8PHIPPS_B_NP_360102,5955,0,1318590030.203125,1522549473.40625,15.467995247294986,0.48463476070528966,0.1709487825356843,0.15751469353484468,0.18690176322418137,203959443.203125,233286590.5444157,1741475511.0524719
8ANDERSON TN_360120,8PHIPPS B NP_360102,204.39934403343455,500,524277929.7165448,8ANDERSON_TN_360120-8PHIPPS_B_NP_360102,1966,0,454172285.96875,454172285.96875,0.0,1.0,0.0,0.0,0.0,0.0,0.0,524277929.7165448
8BULL RUN FP_360093,8PHIPPS B NP_360102,151.64810378214204,500,386586835.87620956,8BULL_RUN_FP_360093-8PHIPPS_B_NP_360102,1401,0,321807213.90625,321807213.90625,0.0,1.0,0.0,0.0,0.0,0.0,0.0,386586835.87620956
8JVILLE FP_360037,8PHIPPS B NP_360102,525.3579218062689,500,1294484478.1570559,8JVILLE_FP_360037-8PHIPPS_B_NP_360102,5159,0,1145343840.765625,1289364072.53125,12.574410115075318,0.550688117852297,0.15836402403566582,0.16379143244814887,0.12715642566388835,144020231.765625,162773787.15946078,1457258265.3165166
8DAVIDSON TN_360048,8PHIPPS B NP_360102,471.2195906180575,500,1188500074.63184,8DAVIDSON_TN_360048-8PHIPPS_B_NP_360102,4509,0,1024147691.46875,1097721074.0625,7.18386451550137,0.660235085384786,0.19627411842980705,0.10290530051009093,0.04058549567531603,73573382.59375,85380235.12818405,1273880309.760024
8GLEASON CT_360582,8PHIPPS B NP_360102,583.157564672522,500,1435313039.3233378,8GLEASON_CT_360582-8PHIPPS_B_NP_360102,5824,0,1291365605.828125,1481227630.859375,14.70242231745793,0.506353021978022,0.15161401098901098,0.18114697802197802,0.16088598901098902,189862025.03125,211025784.61885816,1646338823.942196
8LAG CRK CT_360568,8PHIPPS B NP_360102,604.7341750558379,500,1486739047.588824,8LAG_CRK_CT_360568-8PHIPPS_B_NP_360102,6048,0,1339457310.328125,1543746844.890625,15.251664460471348,0.48759920634920634,0.14599867724867724,0.21147486772486773,0.15492724867724866,204289534.5625,226752450.94105488,1713491498.5298789
8CUMBERLAND_360040,8PHIPPS B NP_360102,488.53210368010645,500,1205321062.5650005,8CUMBERLAND_360040-8PHIPPS_B_NP_360102,4889,0,1086664507.515625,1233442778.640625,13.507229702437806,0.5475557373696053,0.1468602986295766,0.1468602986295766,0.15872366537124155,146778271.125,162805484.57251874,1368126547.1375194
8MONTGOMERY_360044,8PHIPPS B NP_360102,432.77914918682916,500,1068678873.745976,8MONTGOMERY_360044-8PHIPPS_B_NP_360102,4400,0,978551789.265625,1072871169.703125,9.63867027500751,0.6084090909090909,0.16318181818181818,0.1552272727272727,0.07318181818181818,94319380.4375,103006432.93903841,1171685306.6850145
8MARSHALL KY_360015,8PHIPPS B NP_360102,547.8121296766599,500,1343501450.1593156,8MARSHALL_KY_360015-8PHIPPS_B_NP_360102,5604,0,1237233705.6875,1343378583.078125,8.57920996677366,0.520699500356888,0.32441113490364026,0.11277658815132048,0.042112776588151324,106144877.390625,115261810.31581667,1458763260.4751322
7SHAWNEE FP_360002,8PHIPPS B NP_360102,666.3027659544936,500,1626741678.1211576,7SHAWNEE_FP_360002-8PHIPPS_B_NP_360102,6706,0,1474543606.34375,1685745562.890625,14.323208594052183,0.4351327169698777,0.27110050700864896,0.14151506113927825,0.15225171488219505,211201956.546875,233001603.84367836,1859743281.9648361
8PARADISE CC_360117,8PHIPPS B NP_360102,415.65511672940096,500,1021807747.5634205,8PARADISE_CC_360117-8PHIPPS_B_NP_360102,4235,0,937630342.921875,965954496.921875,3.020823100896597,0.6890200708382527,0.3109799291617473,0.0,0.0,28324154.0,30867004.48514699,1052674752.0485675
8PARADISE CC_360117,8PHIPPS B NP_360102,415.65511672940096,500,1021807747.5634205,8PARADISE_CC_360117-8PHIPPS_B_NP_360102,4235,0,937630342.921875,965954496.921875,3.020823100896597,0.6890200708382527,0.3109799291617473,0.0,0.0,28324154.0,30867004.48514699,1052674752.0485675
8CHOCTAW MS_360654,8WEST POINT_360035,87.0449090120634,500,215977165.3433323,8CHOCTAW_MS_360654-8WEST_POINT_360035,771,0,172230811.53125,239344739.0,38.967433801223585,0.0,0.0,0.5499351491569391,0.45006485084306097,67113927.46875,84160758.93092221,300137924.2742545
8ACKERMAN CC_360627,8WEST POINT_360035,65.43942202309451,500,162460957.83104804,8ACKERMAN_CC_360627-8WEST_POINT_360035,591,0,132036302.921875,187141081.8125,41.73456668445961,0.0,0.0,0.41116751269035534,0.5888324873096447,55104778.890625,67802376.78221054,230263334.6132586
8CLAY_360688,8WEST POINT_360035,22.205058428472704,500,56444938.78096882,8CLAY_360688-8WEST_POINT_360035,215,0,49341619.75,74012430.0,50.00000076000748,0.0,0.0,0.0,1.0,24670810.25,28222469.819470167,84667408.60043898
8COGEN CALED_360606,8WEST POINT_360035,35.17785063460849,500,85508528.91876927,8COGEN_CALED_360606-8WEST_POINT_360035,355,0,77585148.890625,113877442.96875,46.777372470197555,0.0,0.0,0.15774647887323945,0.8422535211267606,36292294.078125,39998643.06611929,125507171.98488855
8E POINT AL_360058,8WEST POINT_360035,220.6094868869333,500,533542219.8800087,8E_POINT_AL_360058-8WEST_POINT_360035,2137,0,465301347.03125,536776123.46875,15.360964865786153,0.22976134768366868,0.48525970987365463,0.18437061300889096,0.10060832943378568,71474776.4375,81957232.93990365,615499452.8199123
8UNION MS_360033,8WEST POINT_360035,94.00560384591434,500,224461276.81175816,8UNION_MS_360033-8WEST_POINT_360035,920,0,197762619.703125,292261100.25,47.783792856674914,0.0,0.0,0.1108695652173913,0.8891304347826087,94498480.546875,107256111.55517821,331717388.3669364
8TRICO STEEL_360014,8WEST POINT_360035,199.47749980868326,500,481362162.8813026,8TRICO_STEEL_360014-8WEST_POINT_360035,1739,0,378035701.0625,442955979.15625,17.173054796487808,0.07418056354226567,0.6279470960322024,0.1932144910868315,0.1046578493387004,64920278.09375,82664588.00116499,564026750.8824676
6CENTER PNT_360533,8WEST POINT_360035,411.850740008958,500,1006889611.028507,6CENTER_PNT_360533-8WEST_POINT_360035,3950,0,869302087.25,978169560.546875,12.523549050856708,0.26177215189873415,0.5632911392405063,0.09012658227848101,0.08481012658227848,108867473.296875,126098314.32513538,1132987925.3536425
8BR FERRY NP_360052,8WEST POINT_360035,220.8714608393622,500,533610431.377274,8BR_FERRY_NP_360052-8WEST_POINT_360035,1956,0,425473853.984375,498494295.78125,17.162145479227632,0.029141104294478526,0.6876278118609407,0.1901840490797546,0.09304703476482618,73020441.796875,91578998.52530189,625189429.9025759
6LOOPERS FRM_360602,8WEST POINT_360035,418.6018374067518,500,1025029434.4822398,6LOOPERS_FRM_360602-8WEST_POINT_360035,4013,0,884539862.171875,994931113.375,12.480076469597812,0.2576625965611762,0.5701470221779218,0.08871168701719412,0.08347869424370795,110391251.203125,127924457.25926952,1152953891.7415094
8LIMESTONE_360088,8WEST POINT_360035,244.61821407617686,500,590567818.7034199,8LIMESTONE_360088-8WEST_POINT_360035,2195,0,477069861.90625,549848799.578125,15.255404602812028,0.1398633257403189,0.607744874715262,0.1694760820045558,0.08291571753986332,72778937.671875,90093510.19720812,680661328.9006281
6COUNTY LINE_360013,8WEST POINT_360035,403.04765553291423,500,985619627.287969,6COUNTY_LINE_360013-8WEST_POINT_360035,3701,0,814877672.203125,911780845.375,11.89174479525068,0.3074844636584707,0.49797352067008915,0.13726019994596056,0.0572818157254796,96903173.171875,117207370.7289862,1102826998.0169551
6YOUNG GA_361454,8WEST POINT_360035,369.15054516235267,500,898740889.5736904,6YOUNG_GA_361454-8WEST_POINT_360035,3372,0,739363091.421875,831948380.984375,12.52230340365632,0.3262158956109134,0.4525504151838671,0.15005931198102015,0.0711743772241993,92585289.5625,112543061.00513732,1011283950.5788277
8MADISON AL_360060,8WEST POINT_360035,284.175824433984,500,689430130.2254803,8MADISON_AL_360060-8WEST_POINT_360035,2555,0,558125158.15625,644408401.25,15.45947926425395,0.03913894324853229,0.7350293542074364,0.15459882583170254,0.07123287671232877,86283243.09375,106582308.02372713,796012438.2492075
6KENSNGTN GA_361503,8WEST POINT_360035,369.3497334715563,500,899269570.6047722,6KENSNGTN_GA_361503-8WEST_POINT_360035,3368,0,738383539.1875,829891908.828125,12.393067394394874,0.33907363420427555,0.43942992874109266,0.1502375296912114,0.07125890736342043,91508369.640625,111447083.94233483,1010716654.547107
6ALPHA GA_361502,8WEST POINT_360035,437.67233739399734,500,1071124228.2076757,6ALPHA_GA_361502-8WEST_POINT_360035,4193,0,923772875.09375,1038087428.796875,12.374746735394627,0.24660147865490104,0.5886000476985452,0.0849034104459814,0.07989506320057238,114314553.703125,132548910.46215025,1203673138.669826
6CLOUDLANDGA_361633,8WEST POINT_360035,349.62474646983287,500,848404501.5043911,6CLOUDLANDGA_361633-8WEST_POINT_360035,3177,0,694057859.03125,779468509.5,12.305984199640685,0.3323890462700661,0.45011016682404786,0.1507711677683349,0.06672961913755115,85410650.46875,104404523.90417069,952809025.4085617
8MAGNOL CC1_360613,8WEST POINT_360035,156.44149339882608,500,373860377.4994772,8MAGNOL_CC1_360613-8WEST_POINT_360035,1470,0,316176287.734375,465206633.09375,47.13520625701631,0.0,0.0,0.1435374149659864,0.8564625850340136,149030345.359375,176219860.04763836,550080237.5471156
6ROCK SPG GA_361500,8WEST POINT_360035,373.3880386632143,500,908482386.8116566,6ROCK_SPG_GA_361500-8WEST_POINT_360035,3405,0,745945473.515625,838377485.078125,12.391255774617127,0.333920704845815,0.44698972099853157,0.1486049926578561,0.07048458149779736,92432011.5625,112572376.2171789,1021054763.0288355
6WID CRK FP_360068,8WEST POINT_360035,326.5320256904466,500,787838383.8965609,6WID_CRK_FP_360068-8WEST_POINT_360035,2920,0,634045166.46875,708249747.734375,11.703358875661785,0.4448630136986301,0.3184931506849315,0.16404109589041097,0.07260273972602739,74204581.265625,92203553.42762852,880041937.3241894
6WRINGOLD GA_361504,8WEST POINT_360035,411.2791360610081,500,1002874537.3391681,6WRINGOLD_GA_361504-8WEST_POINT_360035,3814,0,837586991.15625,934438977.296875,11.563215184004383,0.3259045621394861,0.48531725222863137,0.1331934976402727,0.05558468799160986,96851986.140625,115964540.77811638,1118839078.1172845
6BATTLFLD GA_361530,8WEST POINT_360035,380.97006460874985,500,929457125.9137945,6BATTLFLD_GA_361530-8WEST_POINT_360035,3418,0,750971047.203125,836997861.796875,11.455410287006874,0.45465184318314805,0.3145114101813926,0.16062024575775308,0.07021650087770626,86026814.59375,106473127.21524724,1035930253.1290418
6S HAVEN CC_360594,8WEST POINT_360035,226.2011037056154,500,554283394.3794141,6S_HAVEN_CC_360594-8WEST_POINT_360035,2038,0,450576479.453125,654196853.75,45.191079335524506,0.0,0.019136408243375858,0.2070657507360157,0.7737978410206084,203620374.296875,250486648.4976392,804770042.8770533
6CONCORD TN_361509,8WEST POINT_360035,433.0661750048203,500,1058445586.445271,6CONCORD_TN_361509-8WEST_POINT_360035,4013,0,883338011.96875,986352458.140625,11.661951005853389,0.3015200598056317,0.5143284325940692,0.1313231996012958,0.05282830799900324,103014446.171875,123435405.71486509,1181880992.1601362
8BRADLEY TN_360662,8WEST POINT_360035,439.05469447672635,500,1070994029.3887126,8BRADLEY_TN_360662-8WEST_POINT_360035,4058,0,891365412.734375,1001575532.78125,12.364190765355332,0.29817644159684575,0.48398225726959093,0.16559881715130606,0.05224248398225727,110210120.046875,132419744.87918617,1203413774.2678988
8RACCOON MTN_360079,8WEST POINT_360035,368.09896721095606,500,892040488.0633361,8RACCOON_MTN_360079-8WEST_POINT_360035,3287,0,716915535.953125,796024173.765625,11.034582715148812,0.45238819592333435,0.3319135990264679,0.15120170368116823,0.06449650136902951,79108637.8125,98432945.50796598,990473433.5713022
8BENTON MS_360612,8WEST POINT_360035,229.22647383763885,500,554447497.9317167,8BENTON_MS_360612-8WEST_POINT_360035,2077,0,452381766.6875,666895925.03125,47.418833856744236,0.0,0.0,0.13047664901299952,0.8695233509870005,214514158.34375,262912537.86711615,817360035.7988329
8SEQUOYAH NP_360081,8WEST POINT_360035,427.7245710568704,500,1049326704.1847304,8SEQUOYAH_NP_360081-8WEST_POINT_360035,3824,0,844484046.90625,924450067.40625,9.469216238359257,0.5303347280334728,0.2803347280334728,0.13389121338912133,0.05543933054393305,79966020.5,99363014.6661005,1148689718.850831
8FRANKLIN TN_360069,8WEST POINT_360035,332.8997334715563,500,800374192.3613554,8FRANKLIN_TN_360069-8WEST_POINT_360035,2963,0,641059386.171875,745946570.65625,16.361539468397023,0.07728653391832602,0.6257171785352683,0.23557205534930814,0.061424232197097535,104887184.484375,130953539.37806708,931327731.7394226
8SHELBY TN_360021,8WEST POINT_360035,248.94241538365725,500,597820971.0210426,8SHELBY_TN_360021-8WEST_POINT_360035,2265,0,489510158.296875,722588512.15625,47.61461021979836,0.0,0.0,0.1196467991169978,0.8803532008830022,233078353.859375,284650125.16388315,882471096.1849258
8HAYWOOD TN_360542,8WEST POINT_360035,239.9568375342962,500,577929357.1767237,8HAYWOOD_TN_360542-8WEST_POINT_360035,2347,0,509204575.671875,752381538.375,47.756240678368364,0.0,0.0,0.1043885811674478,0.8956114188325522,243176962.703125,275997334.76426333,853926691.9409871
8HIWASSEE TN_360110,8WEST POINT_360035,468.84351908927255,500,1132727728.586458,8HIWASSEE_TN_360110-8WEST_POINT_360035,4232,0,920402704.953125,1027031640.75,11.585030685270038,0.3353024574669187,0.45675803402646503,0.16493383742911152,0.04300567107750473,106628935.796875,131226854.93730347,1263954583.5237615
8LAG CRK CC_360615,8WEST POINT_360035,258.40547386314773,500,622107071.9337766,8LAG_CRK_CC_360615-8WEST_POINT_360035,2465,0,535052756.609375,793521338.125,48.30712080684123,0.0,0.0,0.08559837728194726,0.9144016227180527,258468581.515625,300522014.7869522,922629086.7207289
8MAURY TN_360050,8WEST POINT_360035,300.27613613753476,500,717964909.9525678,8MAURY_TN_360050-8WEST_POINT_360035,2772,0,596846416.609375,759417380.234375,27.23832448363339,0.0,0.2683982683982684,0.601010101010101,0.1305916305916306,162570963.625,195561611.85150674,913526521.8040745
8JACKSON TN_360019,8WEST POINT_360035,250.45137654188065,500,612258653.9219296,8JACKSON_TN_360019-8WEST_POINT_360035,2580,0,567288231.140625,841614131.75,48.35741084524145,0.0,0.0,0.08294573643410853,0.9170542635658915,274325900.609375,296072432.7125725,908331086.6345022
8RUTHERFORD_360010,8WEST POINT_360035,335.393051661491,500,808767137.3899212,8RUTHERFORD_360010-8WEST_POINT_360035,3011,0,653480287.828125,780730262.328125,19.4726569217446,0.0,0.597475921620724,0.33244769179674527,0.07007638658253072,127249974.5,157488449.95975417,966255587.3496754
8ANDERSON TN_360120,8WEST POINT_360035,518.1596943491818,500,1261336871.9713237,8ANDERSON_TN_360120-8WEST_POINT_360035,4618,0,1011402206.671875,1118031142.46875,10.54268372102416,0.39086184495452575,0.41857947163274145,0.15114768297964487,0.039411000433087914,106628935.796875,132978757.0685961,1394315629.0399199
8BULL RUN FP_360093,8WEST POINT_360035,606.190402053765,500,1491628442.3811927,8BULL_RUN_FP_360093-8WEST_POINT_360035,5377,0,1191377388.96875,1300222952.875,9.136111270373037,0.4980472382369351,0.3260182257764553,0.13539148223916683,0.04054305374744281,108845563.90625,136276834.23647794,1627905276.6176705
8JVILLE FP_360037,8WEST POINT_360035,301.3207531347792,500,726910903.7822914,8JVILLE_FP_360037-8WEST_POINT_360035,3069,0,666481340.328125,942609069.84375,41.4306767207737,0.0,0.07526881720430108,0.2776148582600195,0.6471163245356794,276127729.515625,301164106.59409547,1028075010.3763869
8PIN HOOK TN_360581,8WEST POINT_360035,364.76083086935006,500,890530077.009557,8PIN_HOOK_TN_360581-8WEST_POINT_360035,3305,0,726491395.78125,869581193.6875,19.696007239338996,0.0,0.5718608169440242,0.37307110438729196,0.05506807866868381,143089797.90625,175398868.43629348,1065928945.4458505
8PLATEAU TN_360077,8WEST POINT_360035,458.4096489189858,500,1107653109.9484327,8PLATEAU_TN_360077-8WEST_POINT_360035,4015,0,873531745.515625,987104788.796875,13.001593114879938,0.2742216687422167,0.49016189290161893,0.18107098381070985,0.05454545454545454,113573043.28125,144012550.47980893,1251665660.4282417
8DAVIDSON TN_360048,8WEST POINT_360035,340.9210517125087,500,819035548.2073789,8DAVIDSON_TN_360048-8WEST_POINT_360035,3200,0,692387907.828125,884225376.734375,27.706646337600517,0.0,0.2375,0.6409375,0.1215625,191837468.90625,226927282.72104606,1045962830.928425
8VOLUNTEER_360097,8WEST POINT_360035,636.2345059379427,500,1567899106.3809237,8VOLUNTEER_360097-8WEST_POINT_360035,5681,0,1260768449.921875,1369614013.828125,8.633271550616195,0.5249075866924837,0.308572434430558,0.12814645308924486,0.03837352578771343,108845563.90625,135360987.49354985,1703260093.8744736
8GLEASON CT_360582,8WEST POINT_360035,314.4819479558756,500,763752332.7576075,8GLEASON_CT_360582-8WEST_POINT_360035,3255,0,711289763.296875,1051031450.90625,47.76417504374728,0.0,0.0,0.11244239631336406,0.8875576036866359,339741687.609375,364800001.1190468,1128552333.8766541
8LAG CRK CT_360568,8WEST POINT_360035,318.89679210410014,500,776775526.0681195,8LAG_CRK_CT_360568-8WEST_POINT_360035,3285,0,719847996.5,1054557372.15625,46.49722959342153,0.0,0.0,0.17595129375951293,0.8240487062404871,334709375.65625,361179099.78140146,1137954625.849521
8CUMBERLAND_360040,8WEST POINT_360035,353.1935647745577,500,849003892.1001279,8CUMBERLAND_360040-8WEST_POINT_360035,3524,0,762654907.953125,1063673837.015625,39.46987371659338,0.0,0.10783200908059024,0.3090238365493757,0.5831441543700341,301018929.0625,335100764.0608833,1184104656.1610112
8PHIPPS B NP_360102,8WEST POINT_360035,695.6810188979559,500,1721124341.459251,8PHIPPS_B_NP_360102-8WEST_POINT_360035,6274,0,1398650345.5625,1507495909.46875,7.78218546555145,0.5698119222186803,0.27940707682499205,0.11603442779725853,0.03474657315906918,108845563.90625,133941088.34510994,1855065429.8043609
8MONTGOMERY_360044,8WEST POINT_360035,401.4985452133704,500,966680572.2239099,8MONTGOMERY_360044-8WEST_POINT_360035,3859,0,836736716.390625,1107472429.9375,32.35614121425547,0.0,0.14718839077481213,0.5926405804612594,0.2601710287639285,270735713.546875,312780531.0395411,1279461103.263451
8MARSHALL KY_360015,8WEST POINT_360035,422.0956427131997,500,1013659535.2132379,8MARSHALL_KY_360015-8WEST_POINT_360035,4331,0,936174546.390625,1362204394.890625,45.507523158212024,0.0,0.008081274532440544,0.20688062803047794,0.7850380974370815,426029848.5,461291347.7325886,1474950882.9458265
7SHAWNEE FP_360002,8WEST POINT_360035,436.4519673895183,500,1055346566.2017508,7SHAWNEE_FP_360002-8WEST_POINT_360035,4493,0,977334438.78125,1434487054.5625,46.77545348256895,0.0,0.0,0.16269752949031827,0.8373024705096818,457152615.78125,493643142.15358865,1548989708.3553395
8PARADISE CC_360117,8WEST POINT_360035,475.1569218317777,500,1143217935.4235659,8PARADISE_CC_360117-8WEST_POINT_360035,4665,0,1010649408.71875,1403434822.21875,38.864655746244715,0.0,0.0962486602357985,0.3633440514469453,0.5404072883172562,392785413.5,444307715.0316951,1587525650.455261
8PARADISE CC_360117,8WEST POINT_360035,475.1569218317777,500,1143217935.4235659,8PARADISE_CC_360117-8WEST_POINT_360035,4665,0,1010649408.71875,1403434822.21875,38.864655746244715,0.0,0.0962486602357985,0.3633440514469453,0.5404072883172562,392785413.5,444307715.0316951,1587525650.455261
8ACKERMAN CC_360627,8BENTON MS_360612,238.36662325404814,500,582698781.8027761,8ACKERMAN_CC_360627-8BENTON_MS_360612,2343,0,515830193.4375,743911846.3125,44.216421562115336,0.0,0.0,0.2893725992317542,0.7106274007682458,228081652.875,257648549.79922608,840347331.6020021
6CENTER PNT_360533,8BENTON MS_360612,525.5787594936185,500,1289493801.8335848,6CENTER_PNT_360533-8BENTON_MS_360612,5224,0,1152583172.421875,1485275783.40625,28.864954733401316,0.09839203675344564,0.27852220520673815,0.24119448698315468,0.38189127105666154,332692610.984375,372211802.1892799,1661705604.0228648
6LOOPERS FRM_360602,8BENTON MS_360612,532.3298568914123,500,1307633625.2873175,6LOOPERS_FRM_360602-8BENTON_MS_360612,5287,0,1167820947.34375,1502037336.234375,28.618804077013003,0.09721959523359183,0.28711934934745603,0.2383204085492718,0.37734064686968033,334216388.890625,374229105.2661198,1681862730.5534372
6COUNTY LINE_360013,8BENTON MS_360612,497.98100628231276,500,1222621843.4013727,6COUNTY_LINE_360013-8BENTON_MS_360612,5006,0,1105319374.40625,1422294411.0,28.677235189514438,0.1278465840990811,0.2516979624450659,0.2277267279264882,0.3927287255293648,316975036.59375,350614141.5105885,1573235984.911961
6YOUNG GA_361454,8BENTON MS_360612,464.0838959117512,500,1135743105.687094,6YOUNG_GA_361454-8BENTON_MS_360612,4677,0,1029804793.625,1342461946.609375,30.360817401499496,0.12871498824032498,0.2016249732734659,0.24331836647423563,0.4263416720119735,312657152.984375,344820890.467778,1480563996.154872
6KENSNGTN GA_361503,8BENTON MS_360612,464.28308422095483,500,1136271786.718176,6KENSNGTN_GA_361503-8BENTON_MS_360612,4673,0,1028825241.390625,1340405474.453125,30.285049445457666,0.13781296811470148,0.19195377701690564,0.2435266424138669,0.426706612454526,311580233.0625,344120472.4423849,1480392259.1605608
6ALPHA GA_361502,8BENTON MS_360612,546.9193569041668,500,1340545687.295192,6ALPHA_GA_361502-8BENTON_MS_360612,5481,0,1208534465.796875,1538103397.796875,27.27013099975524,0.12990330231709543,0.28735632183908044,0.22404670680532748,0.35869366903849664,329568932.0,365568565.03696805,1706114252.33216
6CLOUDLANDGA_361633,8BENTON MS_360612,436.1170972447404,500,1071824827.4015039,6CLOUDLANDGA_361633-8BENTON_MS_360612,4452,0,984711584.390625,1273603708.546875,29.33773997743987,0.13634321653189577,0.2416891284815813,0.19070080862533692,0.431266846361186,288892124.15625,314449180.8766969,1386274008.2782009
6ROCK SPG GA_361500,8BENTON MS_360612,468.32138941261275,500,1145484602.9250603,6ROCK_SPG_GA_361500-8BENTON_MS_360612,4710,0,1036387175.71875,1348891050.703125,30.153197791901356,0.1356687898089172,0.19936305732484078,0.2416135881104034,0.42335456475583866,312503874.984375,345400237.99576926,1490884840.9208295
6WID CRK FP_360068,8BENTON MS_360612,402.66423361185525,500,983779165.1178086,6WID_CRK_FP_360068-8BENTON_MS_360612,4089,0,898659457.71875,1181944902.421875,31.523113930414315,0.10760577158229397,0.21765712888236732,0.20763022743947177,0.467106872095867,283285444.703125,310117827.04376554,1293896992.1615741
6WRINGOLD GA_361504,8BENTON MS_360612,506.2124868104066,500,1239876753.4525719,6WRINGOLD_GA_361504-8BENTON_MS_360612,5119,0,1128028693.359375,1444952542.921875,28.095371281617943,0.14553623754639577,0.24770462981050986,0.22269974604414924,0.3840593865989451,316923849.5625,348347977.3169708,1588224730.7695427
6BATTLFLD GA_361530,8BENTON MS_360612,444.87313621406145,500,1098003089.5164776,6BATTLFLD_GA_361530-8BENTON_MS_360612,4570,0,1015381270.546875,1310462673.90625,29.061143032552383,0.1389496717724289,0.24026258205689277,0.19715536105032822,0.4236323851203501,295081403.359375,319092248.3462277,1417095337.8627052
6S HAVEN CC_360594,8BENTON MS_360612,104.138967466045,500,269137168.6313381,6S_HAVEN_CC_360594-8BENTON_MS_360612,992,0,231302469.953125,346953705.5625,50.00000027358658,0.0,0.0,0.0,1.0,115651235.609375,134568585.05199224,403705753.68333036
6CONCORD TN_361509,8BENTON MS_360612,527.9995257542188,500,1295447802.5586748,6CONCORD_TN_361509-8BENTON_MS_360612,5318,0,1173779714.171875,1496866023.765625,27.525293348734834,0.13388491914253478,0.2784881534411433,0.21793907484016548,0.36968785257615644,323086309.59375,356575807.83401453,1652023610.3926892
8ANDERSON TN_360120,8BENTON MS_360612,542.0478503795196,500,1326436732.3319235,8ANDERSON_TN_360120-8BENTON_MS_360612,5349,0,1177910047.296875,1449461203.046875,23.053641181953477,0.3583847448121144,0.1701252570573939,0.09945784258739951,0.37203215554309216,271551155.75,305791964.7774303,1632228697.1093538
7SHAWNEE FP_360002,8BENTON MS_360612,270.8742596084086,500,649974688.6481798,7SHAWNEE_FP_360002-8BENTON_MS_360612,2681,0,578630337.71875,828505777.1875,43.18395064695084,0.0,0.0,0.3435285341290563,0.6564714658709436,249875439.46875,280684748.76350236,930659437.4116821
8CHOCTAW MS_360654,8JACKSON TN_360019,302.05089598827783,500,734491127.0740902,8CHOCTAW_MS_360654-8JACKSON_TN_360019,3068,0,671161026.84375,973754298.125,45.085048025545646,0.0,0.0,0.24445893089960888,0.7555410691003911,302593271.28125,331145677.3847251,1065636804.4588153
8ACKERMAN CC_360627,8JACKSON TN_360019,287.2823050896224,500,700023803.9934365,8ACKERMAN_CC_360627-8JACKSON_TN_360019,2930,0,642744342.828125,933408139.34375,45.22230335574511,0.0,0.0,0.23754266211604094,0.7624573378839591,290663796.515625,316566888.2043384,1016590692.1977749
8CLAY_360688,8JACKSON TN_360019,271.3873895146484,500,658197678.3551152,8CLAY_360688-8JACKSON_TN_360019,2777,0,606145383.765625,897332420.96875,48.03914126907163,0.0,0.0,0.09794742527907814,0.9020525747209218,291187037.203125,316192512.53476346,974390190.8898786
8COGEN CALED_360606,8JACKSON TN_360019,258.922805076868,500,625976086.3472543,8COGEN_CALED_360606-8JACKSON_TN_360019,2583,0,562361197.59375,783418639.859375,39.30880068032663,0.0,0.0429732868757259,0.4456058846302749,0.5114208284939993,221057442.265625,246063692.0887515,872039778.4360058
8E POINT AL_360058,8JACKSON TN_360019,291.30611014098145,500,707724893.6788943,8E_POINT_AL_360058-8JACKSON_TN_360019,2616,0,572723820.234375,743319329.0,29.786696962562598,0.0,0.4197247706422018,0.16399082568807338,0.41628440366972475,170595508.765625,210807869.40875056,918532763.0876448
6CENTER PNT_360533,8JACKSON TN_360019,446.4757984374306,500,1092638900.605557,6CENTER_PNT_360533-8JACKSON_TN_360019,4302,0,947471542.921875,1133751625.140625,19.66075747713618,0.1194793119479312,0.50185960018596,0.20339377033937703,0.17526731752673175,186280082.21875,214821084.3489056,1307459984.9544625
8BR FERRY NP_360052,8JACKSON TN_360019,212.7297920275735,500,509922660.8850688,8BR_FERRY_NP_360052-8JACKSON_TN_360019,1914,0,413093696.453125,572067971.296875,38.48382974824436,0.032915360501567396,0.1071055381400209,0.27324973876698017,0.5867293625914316,158974274.84375,196237768.66272733,706160429.5477961
6LOOPERS FRM_360602,8JACKSON TN_360019,453.2268958352244,500,1110778724.05929,6LOOPERS_FRM_360602-8JACKSON_TN_360019,4365,0,962709317.84375,1150513177.96875,19.507846931993768,0.11775486827033219,0.509049255441008,0.2004581901489118,0.172737686139748,187803860.125,216689013.24263972,1327467737.3019297
6COUNTY LINE_360013,8JACKSON TN_360019,419.219954314715,500,1024508273.2689834,6COUNTY_LINE_360013-8JACKSON_TN_360019,4082,0,897009797.6875,1060087564.171875,18.180154431399863,0.14674179323860853,0.5330720235178834,0.14674179323860853,0.17344439000489956,163077766.484375,186257186.24276933,1210765459.5117526
6YOUNG GA_361454,8JACKSON TN_360019,377.3572400982391,500,927691939.867594,6YOUNG_GA_361454-8JACKSON_TN_360019,3790,0,839278618.09375,995875461.3125,18.658505035482477,0.1812664907651715,0.47229551451187335,0.1503957783641161,0.19604221635883906,156596843.21875,173093447.3139601,1100785387.181554
6KENSNGTN GA_361503,8JACKSON TN_360019,377.65282451051075,500,928066170.1088004,6KENSNGTN_GA_361503-8JACKSON_TN_360019,3785,0,837725943.28125,991731995.921875,18.38382276158308,0.20924702774108322,0.4438573315719947,0.15059445178335534,0.1963011889035667,154006052.640625,170614039.823014,1098680209.9318144
6ALPHA GA_361502,8JACKSON TN_360019,454.4111297021687,500,1111763294.1294942,6ALPHA_GA_361502-8JACKSON_TN_360019,4630,0,1019786398.640625,1224950631.5,20.118353523135713,0.3019438444924406,0.28747300215982724,0.15377969762419005,0.25680345572354213,205164232.859375,223668469.85343075,1335431763.982925
6CLOUDLANDGA_361633,8JACKSON TN_360019,351.3476946552886,500,860316203.6340644,6CLOUDLANDGA_361633-8JACKSON_TN_360019,3530,0,778628055.453125,928747143.53125,19.279948497458488,0.17195467422096317,0.4631728045325779,0.16147308781869688,0.20339943342776204,150119088.078125,165868520.97593772,1026184724.6100022
6ROCK SPG GA_361500,8JACKSON TN_360019,381.69112970216867,500,937323373.3458079,6ROCK_SPG_GA_361500-8JACKSON_TN_360019,3822,0,845334158.546875,1000260133.046875,18.327187294349613,0.20591313448456305,0.45054945054945056,0.14913657770800628,0.1944008372579801,154925974.5,171785010.1868021,1109108383.53261
6WID CRK FP_360068,8JACKSON TN_360019,317.8948310224034,500,772270541.3503691,6WID_CRK_FP_360068-8JACKSON_TN_360019,3167,0,692575928.78125,837088337.40625,20.86593001857624,0.13893274392169244,0.4575307862330281,0.17998105462582886,0.22355541521945058,144512408.625,161141430.7122479,933411972.0626171
6WRINGOLD GA_361504,8JACKSON TN_360019,427.45143484280885,500,1041763183.3201826,6WRINGOLD_GA_361504-8JACKSON_TN_360019,4195,0,919719116.640625,1082745696.09375,17.725692170952968,0.16781883194278904,0.5206197854588797,0.14278903456495828,0.16877234803337307,163026579.453125,184659735.025656,1226422918.3458385
6BATTLFLD GA_361530,8JACKSON TN_360019,360.10373362460973,500,886494465.749038,6BATTLFLD_GA_361530-8JACKSON_TN_360019,3648,0,809297741.609375,965606108.890625,19.31407431959642,0.17406798245614036,0.45422149122807015,0.17050438596491227,0.2012061403508772,156308367.28125,171218199.9538784,1057712665.7029164
6S HAVEN CC_360594,8JACKSON TN_360019,195.37065571147645,500,488198496.90963995,6S_HAVEN_CC_360594-8JACKSON_TN_360019,1840,0,414660300.203125,621990450.5625,50.00000006217438,0.0,0.0,0.0,1.0,207330150.359375,244099248.75835437,732297745.6679943
6CONCORD TN_361509,8JACKSON TN_360019,449.23847378662106,500,1097334232.4262855,6CONCORD_TN_361509-8JACKSON_TN_360019,4394,0,965470137.453125,1134659176.9375,17.524005447821466,0.1527082385070551,0.5455166135639509,0.1406463359126081,0.16112881201638599,169189039.484375,192296910.67119214,1289631143.0974777
8BRADLEY TN_360662,8JACKSON TN_360019,422.87740894829113,500,1033419487.6786525,8BRADLEY_TN_360662-8JACKSON_TN_360019,4343,0,955549325.140625,1152635340.640625,20.625415173726957,0.32189730600967076,0.24890628597743494,0.15542251899608567,0.27377388901680866,197086015.5,213147059.81992418,1246566547.4985766
8BENTON MS_360612,8JACKSON TN_360019,125.98576613305578,500,308252460.80860436,8BENTON_MS_360612-8JACKSON_TN_360019,1149,0,253299931.359375,379949896.9375,49.99999995990425,0.0,0.0,0.0,1.0,126649965.578125,154126230.28070605,462378691.0893104
8FRANKLIN TN_360069,8JACKSON TN_360019,273.7891557497398,500,660227880.7555835,8FRANKLIN_TN_360069-8JACKSON_TN_360019,2807,0,609562105.65625,751394871.5,23.267976228780473,0.07338795867474172,0.48022800142500893,0.18703241895261846,0.2593516209476309,141832765.84375,153621666.34999025,813849547.1055738
8HAYWOOD TN_360542,8JACKSON TN_360019,49.97641553671063,500,121737912.64442536,8HAYWOOD_TN_360542-8JACKSON_TN_360019,437,0,96216928.09375,144325392.34375,50.000000211111505,0.0,0.0,0.0,1.0,48108464.25,60868956.57921542,182606869.2236408
8HIWASSEE TN_360110,8JACKSON TN_360019,395.76337649086287,500,964222229.4965518,8HIWASSEE_TN_360110-8JACKSON_TN_360019,4067,0,892321708.21875,1080346734.5,21.07143920734429,0.3447258421440865,0.21317924760265552,0.14974182444061962,0.2923530858126383,188025026.28125,203175500.91206565,1167397730.4086175
8ANDERSON TN_360120,8JACKSON TN_360019,442.9557335735919,500,1090163969.0314064,8ANDERSON_TN_360120-8JACKSON_TN_360019,4441,0,983579675.59375,1171007097.796875,19.05564204445178,0.40621481648277413,0.1886962395856789,0.13735645124971854,0.2677324926818284,187427422.203125,207737743.63621294,1297901712.6676192
8BULL RUN FP_360093,8JACKSON TN_360019,533.166084144428,500,1312826408.3995469,8BULL_RUN_FP_360093-8JACKSON_TN_360019,5247,0,1162773946.25,1361753341.828125,17.112474545877365,0.3964170001905851,0.2607204116638079,0.1162569087097389,0.22660567943586812,198979395.578125,224657084.9689285,1537483493.3684754
8DAVIDSON TN_360048,8JACKSON TN_360019,188.80111026852592,500,458270440.5734465,8DAVIDSON_TN_360048-8JACKSON_TN_360019,1796,0,392510281.78125,559574627.546875,42.56304956075818,0.0,0.008351893095768375,0.35467706013363026,0.6369710467706013,167064345.765625,195053874.7435809,653324315.3170274
8GLEASON CT_360582,8JACKSON TN_360019,68.30004543019604,500,164485382.45920047,8GLEASON_CT_360582-8JACKSON_TN_360019,699,0,151460128.0,212082592.1875,40.025361782013015,0.0,0.0,0.49356223175965663,0.5064377682403434,60622464.1875,65835869.40782276,230321251.86702323
8CUMBERLAND_360040,8JACKSON TN_360019,139.12970116718137,500,336189006.78142214,8CUMBERLAND_360040-8JACKSON_TN_360019,1218,0,265224346.75,344786546.75,29.998075582026097,0.2200328407224959,0.1535303776683087,0.1330049261083744,0.493431855500821,79562200.0,100850232.35275385,437039239.134176
7SHAWNEE FP_360002,8JACKSON TN_360019,190.09381161426964,500,451885146.87847745,7SHAWNEE_FP_360002-8JACKSON_TN_360019,1928,0,412305788.375,603385742.71875,46.34423278335329,0.0,0.0,0.18360995850622408,0.8163900414937759,191079954.34375,209422704.3827595,661307851.2612369
8CHOCTAW MS_360654,8SHELBY TN_360021,265.09552585625437,500,648384331.4416106,8CHOCTAW_MS_360654-8SHELBY_TN_360021,2652,0,583424442.75,821664843.6875,40.83483369578107,0.0,0.0,0.4581447963800905,0.5418552036199095,238240400.9375,264766663.4536836,913150994.8952942
8ACKERMAN CC_360627,8SHELBY TN_360021,258.08256480006656,500,626072254.8921021,8ACKERMAN_CC_360627-8SHELBY_TN_360021,2531,0,552958585.046875,799604433.4375,44.604759752435456,0.0,0.0,0.26787830896878706,0.7321216910312129,246645848.390625,279258025.1712775,905330280.0633796
8CLAY_360688,8SHELBY TN_360021,263.6236556349497,500,635326125.1738216,8CLAY_360688-8SHELBY_TN_360021,2407,0,522547029.28125,779993338.96875,49.26758650634964,0.0,0.0,0.03697548815953469,0.9630245118404653,257446309.6875,313009848.3174517,948335973.4912733
8COGEN CALED_360606,8SHELBY TN_360021,264.28472703619013,500,637359436.5588925,8COGEN_CALED_360606-8SHELBY_TN_360021,2346,0,509424744.6875,744920661.28125,46.22781265527492,0.0,0.0,0.1888320545609548,0.8111679454390451,235495916.59375,294637326.2731606,931996762.8320531
8E POINT AL_360058,8SHELBY TN_360021,378.17264909754806,500,912821298.2921131,8E_POINT_AL_360058-8SHELBY_TN_360021,3570,0,776051869.390625,1009875592.5,30.129909137771826,0.1103641456582633,0.23865546218487396,0.2319327731092437,0.41904761904761906,233823723.109375,275032227.76564276,1187853526.057756
6CENTER PNT_360533,8SHELBY TN_360021,525.5046556094408,500,1285436549.597764,6CENTER_PNT_360533-8SHELBY_TN_360021,5253,0,1155497396.90625,1489647120.875,28.91825848014964,0.09784884827717495,0.27698458023986294,0.23986293546544832,0.38530363601751383,334149723.96875,371725864.0109983,1657162413.6087623
8BR FERRY NP_360052,8SHELBY TN_360021,285.91750637159384,500,687508378.3890121,8BR_FERRY_NP_360052-8SHELBY_TN_360021,2873,0,621723792.90625,890196468.453125,43.1819850888927,0.021928297946397494,0.0713539853811347,0.1392272885485555,0.7674904281239123,268472675.546875,296879765.44083124,984388143.8298433
6LOOPERS FRM_360602,8SHELBY TN_360021,532.2557530072345,500,1303576373.051497,6LOOPERS_FRM_360602-8SHELBY_TN_360021,5316,0,1170735171.828125,1506408673.703125,28.672026770225024,0.09668924003009782,0.28555304740406323,0.23702031602708803,0.38073739653875094,335673501.875,373761766.65165365,1677338139.7031507
8LIMESTONE_360088,8SHELBY TN_360021,309.0007271382258,500,743576118.6524065,8LIMESTONE_360088-8SHELBY_TN_360021,3098,0,670994720.453125,937643510.6875,39.7393276141288,0.12007746933505488,0.03905745642349903,0.1291155584247902,0.7117495158166559,266648790.234375,295492149.85170287,1039068268.5041094
6COUNTY LINE_360013,8SHELBY TN_360021,497.906902398135,500,1218564591.1655521,6COUNTY_LINE_360013-8SHELBY_TN_360021,5035,0,1108233598.890625,1426665748.46875,28.73330585689562,0.12711022840119166,0.2502482621648461,0.22641509433962265,0.39622641509433965,318432149.578125,350133891.0434277,1568698482.2089798
6YOUNG GA_361454,8SHELBY TN_360021,464.00979202757344,500,1131685853.4512734,6YOUNG_GA_361454-8SHELBY_TN_360021,4706,0,1032719018.109375,1346833284.078125,30.41623718170767,0.12792180195495112,0.20038249043773906,0.24181895452613686,0.42987675308117296,314114265.96875,344216253.33757204,1475902106.7888455
8MADISON AL_360060,8SHELBY TN_360021,334.3333050641135,500,807337693.7525306,8MADISON_AL_360060-8SHELBY_TN_360021,3389,0,736290159.09375,1018893861.3125,38.38211046669262,0.016524048391856005,0.1616996164060195,0.20891118323989377,0.6128651519622308,282603702.21875,309873245.4553449,1117210939.2078755
6KENSNGTN GA_361503,8SHELBY TN_360021,464.2089803367772,500,1132214534.482355,6KENSNGTN_GA_361503-8SHELBY_TN_360021,4702,0,1031739465.875,1344776811.921875,30.340735854413946,0.1369629944704381,0.1907698851552531,0.24202467035304126,0.43024245002126754,313037346.046875,343522221.2125739,1475736755.6949291
6ALPHA GA_361502,8SHELBY TN_360021,546.8452530199891,500,1336488435.0593715,6ALPHA_GA_361502-8SHELBY_TN_360021,5510,0,1211448690.28125,1542474735.265625,27.32480934933563,0.12921960072595282,0.28584392014519056,0.22286751361161525,0.3620689655172414,331026044.984375,365192916.85589254,1701681351.9152641
6CLOUDLANDGA_361633,8SHELBY TN_360021,436.0429933605627,500,1067767575.1656833,6CLOUDLANDGA_361633-8SHELBY_TN_360021,4481,0,987625808.875,1277975046.015625,29.398708957531248,0.1354608346351261,0.24012497210444098,0.1894666369114037,0.4349475563490292,290349237.140625,313909881.7658479,1381677456.9315312
8MAGNOL CC1_360613,8SHELBY TN_360021,95.14225965942634,500,232702130.56456694,8MAGNOL_CC1_360613-8SHELBY_TN_360021,856,0,188487466.71875,282731200.0625,49.99999999171032,0.0,0.0,0.0,1.0,94243733.34375,116351065.2629932,349053195.8275601
6ROCK SPG GA_361500,8SHELBY TN_360021,468.2472855284352,500,1141427350.6892397,6ROCK_SPG_GA_361500-8SHELBY_TN_360021,4739,0,1039301400.203125,1353262388.171875,30.208848742760107,0.13483857353872125,0.19814306815783922,0.24013504958852078,0.42688330871491875,313960987.96875,344812061.87820643,1486239412.5674462
6WID CRK FP_360068,8SHELBY TN_360021,402.5901297276776,500,979721912.881988,6WID_CRK_FP_360068-8SHELBY_TN_360021,4118,0,901573682.203125,1186316239.890625,31.58283824253727,0.10684798445847499,0.21612433220009714,0.20616804273919379,0.4708596406022341,284742557.6875,309423986.97221017,1289145899.8541982
6WRINGOLD GA_361504,8SHELBY TN_360021,506.1383829262289,500,1235819501.216751,6WRINGOLD_GA_361504-8SHELBY_TN_360021,5148,0,1130942917.84375,1449323880.390625,28.15181540319458,0.14471639471639472,0.2463092463092463,0.22144522144522144,0.38752913752913754,318380962.546875,347905624.69921976,1583725125.9159708
6BATTLFLD GA_361530,8SHELBY TN_360021,444.7990323298838,500,1093945837.2806568,6BATTLFLD_GA_361530-8SHELBY_TN_360021,4599,0,1018295495.03125,1314834011.375,29.12106729242181,0.1380734942378778,0.23874755381604695,0.1959121548162644,0.4272667971298108,296538516.34375,318568703.4171473,1412514540.697804
6S HAVEN CC_360594,8SHELBY TN_360021,123.85490901206339,500,312510641.72066414,6S_HAVEN_CC_360594-8SHELBY_TN_360021,1180,0,268430861.5625,402646292.6875,50.00000012805905,0.0,0.0,0.0,1.0,134215431.125,156255321.26053023,468765962.9811944
6CONCORD TN_361509,8SHELBY TN_360021,527.9254218700412,500,1291390550.3228543,6CONCORD_TN_361509-8SHELBY_TN_360021,5347,0,1176693938.65625,1501237361.234375,27.580954733967957,0.13315878062464934,0.2769777445296428,0.21675706003366374,0.37310641481204415,324543422.578125,356177843.1232861,1647568393.4461403
8BRADLEY TN_360662,8SHELBY TN_360021,519.0366166911375,500,1262391677.04884,8BRADLEY_TN_360662-8SHELBY_TN_360021,5288,0,1157484358.75,1411074227.859375,21.908708069561644,0.2779878971255673,0.29652042360060515,0.10665658093797277,0.31883509833585477,253589869.109375,276573707.2190738,1538965384.2679138
8RACCOON MTN_360079,8SHELBY TN_360021,431.3570518145444,500,1054569610.0995089,8RACCOON_MTN_360079-8SHELBY_TN_360021,4460,0,981829463.234375,1272098333.765625,29.56408229745282,0.13094170403587443,0.24170403587443945,0.19035874439461883,0.4369955156950673,290268870.53125,311773827.4137461,1366343437.5132551
8BENTON MS_360612,8SHELBY TN_360021,32.819759723198594,500,82933228.98008704,8BENTON_MS_360612-8SHELBY_TN_360021,323,0,73326234.78125,109989352.3125,50.000000191779925,0.0,0.0,0.0,1.0,36663117.53125,41466614.64909281,124399843.62917985
8SEQUOYAH NP_360081,8SHELBY TN_360021,479.51162968941424,500,1170467904.894462,8SEQUOYAH_NP_360081-8SHELBY_TN_360021,4877,0,1070745568.984375,1349866980.65625,26.06794926423348,0.24830838630305516,0.22247283165880663,0.1152347754767275,0.4139840065614107,279121411.671875,305116979.602025,1475584884.4964871
8FRANKLIN TN_360069,8SHELBY TN_360021,363.8436167676643,500,876238110.2366593,8FRANKLIN_TN_360069-8SHELBY_TN_360021,3755,0,813949391.328125,1090160945.328125,33.93473315942952,0.05619174434087883,0.25645805592543275,0.1496671105193076,0.5376830892143808,276211554.0,297349064.5500382,1173587174.7866974
8HAYWOOD TN_360542,8SHELBY TN_360021,80.97744150775505,500,194527904.51039505,8HAYWOOD_TN_360542-8SHELBY_TN_360021,774,0,167188880.90625,250783321.0625,49.99999982243138,0.0,0.0,0.0,1.0,83594440.15625,97263951.90977702,291791856.4201721
8HIWASSEE TN_360110,8SHELBY TN_360021,492.20802579248215,500,1193568462.1654944,8HIWASSEE_TN_360110-8SHELBY_TN_360021,5016,0,1094853299.484375,1339382179.375,22.334396764003618,0.29465709728867623,0.2699362041467305,0.09928229665071771,0.3361244019138756,244528879.890625,266576315.99005795,1460144778.1555524
8LAG CRK CC_360615,8SHELBY TN_360021,57.68973372664527,500,137700184.66181225,8LAG_CRK_CC_360615-8SHELBY_TN_360021,543,0,116679593.28125,175019390.375,50.00000038834982,0.0,0.0,0.0,1.0,58339797.09375,68850092.86566454,206550277.5274768
8MAURY TN_360050,8SHELBY TN_360021,274.0827336501186,500,658884260.4199333,8MAURY_TN_360050-8SHELBY_TN_360021,2756,0,596005049.859375,835151787.9375,40.124951648404775,0.0,0.16618287373004353,0.1625544267053701,0.6712626995645864,239146738.078125,264376990.91244763,923261251.332381
8JACKSON TN_360019,8SHELBY TN_360021,115.20056485108434,500,277825479.40620524,8JACKSON_TN_360019-8SHELBY_TN_360021,1071,0,232172874.234375,348259311.46875,50.00000005047425,0.0,0.0,0.0,1.0,116086437.234375,138912739.84333295,416738219.2495382
8RUTHERFORD_360010,8SHELBY TN_360021,322.98225309651576,500,781505623.0931811,8RUTHERFORD_360010-8SHELBY_TN_360021,3214,0,699332784.40625,966097161.75,38.14555577717398,0.0,0.16894835096453018,0.2523335407591786,0.5787181082762912,266764377.34375,298109663.3587605,1079615286.4519415
8ANDERSON TN_360120,8SHELBY TN_360021,540.3169218317778,500,1321286489.6025636,8ANDERSON_TN_360120-8SHELBY_TN_360021,5389,0,1185468256.46875,1429356301.0,20.573140039847114,0.34867322323251065,0.24605678233438485,0.0924104657635925,0.31285952866951194,243888044.53125,271830119.8335154,1593116609.436079
8BULL RUN FP_360093,8SHELBY TN_360021,632.8002074622485,500,1550378861.725526,8BULL_RUN_FP_360093-8SHELBY_TN_360021,6207,0,1368184238.4375,1626697316.078125,18.894610124719268,0.3351055260190108,0.3086837441598196,0.0845819236346061,0.27162880618656354,258513077.640625,292938041.3790986,1843316903.1046247
8JVILLE FP_360037,8SHELBY TN_360021,200.78409075835654,500,481979063.300401,8JVILLE_FP_360037-8SHELBY_TN_360021,1855,0,400505365.4375,573612251.25,43.22211404668781,0.030727762803234502,0.10727762803234502,0.04905660377358491,0.8129380053908356,173106885.8125,208321540.42085692,690300603.7212579
8PIN HOOK TN_360581,8SHELBY TN_360021,343.09081799861787,500,843578311.2393444,8PIN_HOOK_TN_360581-8SHELBY_TN_360021,3355,0,741051941.453125,1030691255.3125,39.084886990704426,0.0,0.10134128166915052,0.33114754098360655,0.5675111773472429,289639313.859375,329711629.6259906,1173289940.865335
8PLATEAU TN_360077,8SHELBY TN_360021,474.43098028575935,500,1149056539.2307205,8PLATEAU_TN_360077-8SHELBY_TN_360021,4688,0,1021607644.265625,1279539430.015625,25.247636624274893,0.12521331058020477,0.4031569965870307,0.11198805460750853,0.35964163822525597,257931785.75,290109619.632441,1439166158.8631616
8DAVIDSON TN_360048,8SHELBY TN_360021,292.9502205880697,500,710225998.8463632,8DAVIDSON_TN_360048-8SHELBY_TN_360021,2778,0,605945274.484375,879601757.640625,45.161913902062544,0.0,0.005399568034557235,0.23038156947444205,0.7642188624910007,273656483.15625,320751654.10905826,1030977652.9554214
8GLEASON CT_360582,8SHELBY TN_360021,158.51122712547138,500,379956118.33234644,8GLEASON_CT_360582-8SHELBY_TN_360021,1394,0,300779926.53125,441262437.71875,46.706079360952415,0.0,0.0,0.16284074605451937,0.8371592539454806,140482511.1875,177462606.16509998,557418724.4974464
8LAG CRK CT_360568,8SHELBY TN_360021,151.76853234263825,500,362916398.424189,8LAG_CRK_CT_360568-8SHELBY_TN_360021,1375,0,295862972.96875,435534740.21875,47.20826193575516,0.0,0.0,0.14036363636363636,0.8596363636363636,139671767.25,171326523.97589993,534242922.4000889
8CUMBERLAND_360040,8SHELBY TN_360021,248.24270109065466,500,598176210.5848299,8CUMBERLAND_360040-8SHELBY_TN_360021,2239,0,485798050.484375,675647100.6875,39.07982957400344,0.11969629298794104,0.08351942831621259,0.07235372934345691,0.7244305493523895,189849050.203125,233766243.64878345,831942454.2336134
8PHIPPS B NP_360102,8SHELBY TN_360021,724.3254736080588,500,1773355546.6753125,8PHIPPS_B_NP_360102-8SHELBY_TN_360021,7004,0,1544895170.78125,1862007184.46875,20.526442161582857,0.4120502569960023,0.1453455168475157,0.13392347230154197,0.30868075385494004,317112013.6875,364006800.6075295,2137362347.2828422
8MONTGOMERY_360044,8SHELBY TN_360021,315.6444867593888,500,763511669.2557883,8MONTGOMERY_360044-8SHELBY_TN_360021,2874,0,625555196.359375,872477627.421875,39.47252496654918,0.07272094641614475,0.10438413361169102,0.13326374391092555,0.6896311760612387,246922431.0625,301377334.26950747,1064889003.5252957
8MARSHALL KY_360015,8SHELBY TN_360021,267.976733548083,500,642020830.8127912,8MARSHALL_KY_360015-8SHELBY_TN_360021,2433,0,524716877.046875,760187869.90625,44.87581840031791,0.0,0.0,0.25729551993423755,0.7427044800657624,235470992.859375,288112102.1277605,930132932.9405518
7SHAWNEE FP_360002,8SHELBY TN_360021,254.75676610754687,500,607901714.9290818,7SHAWNEE_FP_360002-8SHELBY_TN_360021,2516,0,540063972.8125,770656229.0,42.69721140379738,0.0,0.0,0.36605723370429255,0.6339427662957074,230592256.1875,259557080.35057977,867458795.2796615
8PARADISE CC_360117,8SHELBY TN_360021,371.75059059254863,500,896133496.0903473,8PARADISE_CC_360117-8SHELBY_TN_360021,3340,0,724921459.8125,974216448.734375,34.38924114432409,0.13652694610778443,0.12335329341317365,0.18712574850299402,0.5529940119760479,249294988.921875,308173508.9455716,1204307005.035919
8PARADISE CC_360117,8SHELBY TN_360021,371.75059059254863,500,896133496.0903473,8PARADISE_CC_360117-8SHELBY_TN_360021,3340,0,724921459.8125,974216448.734375,34.38924114432409,0.13652694610778443,0.12335329341317365,0.18712574850299402,0.5529940119760479,249294988.921875,308173508.9455716,1204307005.035919
6CENTER PNT_360533,8SHAWNEE FP_360001,570.3980709675892,500,1388038026.090612,6CENTER_PNT_360533-8SHAWNEE_FP_360001,5186,0,1136290784.703125,1367486394.5625,20.346518071936902,0.14423447743925955,0.4803316621673737,0.1477053605861936,0.22772849980717316,231195609.859375,282417407.8238826,1670455433.9144945
6LOOPERS FRM_360602,8SHAWNEE FP_360001,577.1491683653829,500,1406177849.544345,6LOOPERS_FRM_360602-8SHAWNEE_FP_360001,5249,0,1151528559.625,1384247947.390625,20.209606250791644,0.14250333396837492,0.4865688702610021,0.14593255858258716,0.22499523718803582,232719387.765625,284183006.57876146,1690360856.1231065
6COUNTY LINE_360013,8SHAWNEE FP_360001,541.1606748900301,500,1316962715.148047,6COUNTY_LINE_360013-8SHAWNEE_FP_360001,4927,0,1079180518.1875,1296009622.4375,20.092014319732886,0.16988025167444692,0.45910290237467016,0.13720316622691292,0.23381367972396996,216829104.25,264604337.3130886,1581567052.4611356
6YOUNG GA_361454,8SHAWNEE FP_360001,499.42523989416793,500,1219566409.2166338,6YOUNG_GA_361454-8SHAWNEE_FP_360001,4636,0,1020702842.21875,1233662397.203125,20.864011167192874,0.17903364969801552,0.42773943054357205,0.13330457290767903,0.2599223468507334,212959554.984375,254450471.81029165,1474016881.0269256
6KENSNGTN GA_361503,8SHAWNEE FP_360001,499.7208243064395,500,1219940639.4578402,6KENSNGTN_GA_361503-8SHAWNEE_FP_360001,4631,0,1019150167.40625,1229518931.8125,20.64158660167237,0.20190023752969122,0.4044482833081408,0.13344849924422372,0.2602029799179443,210368764.40625,251815103.58268577,1471755743.040526
6ALPHA GA_361502,8SHAWNEE FP_360001,558.1022139741413,500,1362239352.8258471,6ALPHA_GA_361502-8SHAWNEE_FP_360001,5423,0,1192458403.484375,1433960463.390625,20.25245150695225,0.3013092384289139,0.261110086667896,0.19915176101788679,0.23842891388530335,241502059.90625,275886864.3396749,1638126217.165522
6CLOUDLANDGA_361633,8SHAWNEE FP_360001,473.41569445121746,500,1152190672.9831042,6CLOUDLANDGA_361633-8SHAWNEE_FP_360001,4376,0,960052279.578125,1166534079.421875,21.507349572096658,0.17138939670932357,0.41773308957952465,0.14122486288848263,0.2696526508226691,206481799.84375,247805675.77556926,1399996348.7586734
6ROCK SPG GA_361500,8SHAWNEE FP_360001,503.7591294980974,500,1229197842.6948478,6ROCK_SPG_GA_361500-8SHAWNEE_FP_360001,4668,0,1026758382.671875,1238047068.9375,20.578228513294473,0.19922879177377892,0.4102399314481577,0.13239074550128535,0.25814053127677805,211288686.265625,252947140.9502317,1482144983.6450796
6WID CRK FP_360068,8SHAWNEE FP_360001,439.8882723771051,500,1064395273.4920746,6WID_CRK_FP_360068-8SHAWNEE_FP_360001,4013,0,874366290.78125,1073007408.859375,22.718295544152124,0.1619735858460005,0.39421878893595813,0.15399950161973586,0.2898081235983055,198641118.078125,241812463.98991582,1306207737.4819903
6WRINGOLD GA_361504,8SHAWNEE FP_360001,549.3921554181242,500,1334217625.1992462,6WRINGOLD_GA_361504-8SHAWNEE_FP_360001,5040,0,1101889837.140625,1318667754.359375,19.673284017328175,0.1869047619047619,0.4503968253968254,0.13412698412698412,0.22857142857142856,216777917.21875,262484422.81469882,1596702048.013945
6BATTLFLD GA_361530,8SHAWNEE FP_360001,482.17173342053843,500,1178368935.0980778,6BATTLFLD_GA_361530-8SHAWNEE_FP_360001,4494,0,990721965.734375,1203393044.78125,21.466272718525236,0.17311971517578995,0.41165999109924345,0.14908767245215843,0.2661326212728082,212671079.046875,252951889.23853502,1431320824.3366127
6S HAVEN CC_360594,8SHAWNEE FP_360001,324.27725953188184,500,775201635.838223,6S_HAVEN_CC_360594-8SHAWNEE_FP_360001,3083,0,662901830.53125,978908568.8125,47.67021657309378,0.0,0.0,0.11644502108336037,0.8835549789166396,316006738.28125,369540298.6822467,1144741934.5204697
6CONCORD TN_361509,8SHAWNEE FP_360001,563.6050061802771,500,1377000434.4087002,6CONCORD_TN_361509-8SHAWNEE_FP_360001,5480,0,1206157498.6875,1454271334.125,20.570600083943358,0.29817518248175184,0.24726277372262773,0.2186131386861314,0.23594890510948904,248113835.4375,283257252.5163765,1660257686.9250767
6CENTER PNT_360533,8BHAM STEEL_360075,576.8831490847937,500,1415931625.4860106,6CENTER_PNT_360533-8BHAM_STEEL_360075,5746,0,1269873587.6875,1607148623.265625,26.559733098498327,0.10059171597633136,0.38270100939784196,0.1583710407239819,0.35833623390184477,337275035.578125,376067660.5863133,1791999286.0723238
6LOOPERS FRM_360602,8BHAM STEEL_360075,583.6342464825874,500,1434071448.9397433,6LOOPERS_FRM_360602-8BHAM_STEEL_360075,5809,0,1285111362.609375,1623910176.09375,26.36338167584602,0.09950077466001032,0.3893957651919435,0.15665346875537958,0.35444999139266653,338798813.484375,378069729.5883198,1812141178.528063
6COUNTY LINE_360013,8BHAM STEEL_360075,551.9136750685924,500,1356767630.9248142,6COUNTY_LINE_360013-8BHAM_STEEL_360075,5493,0,1215345988.3125,1537946397.03125,26.543915216001878,0.1247041689422902,0.3564536683051156,0.14928090296741306,0.3695612597851811,322600408.71875,360139249.63084,1716906880.5556543
6YOUNG GA_361454,8BHAM STEEL_360075,518.0165646980308,500,1269888893.2105355,6YOUNG_GA_361454-8BHAM_STEEL_360075,5164,0,1139831407.53125,1458113932.640625,27.92364932273099,0.12529047250193648,0.3177769171185128,0.15840433772269558,0.39852827265685514,318282525.109375,354599321.3284198,1624488214.5389552
6KENSNGTN GA_361503,8BHAM STEEL_360075,518.2157530072345,500,1270417574.2416172,6KENSNGTN_GA_361503-8BHAM_STEEL_360075,5160,0,1138851855.296875,1456057460.484375,27.853105187663864,0.13352713178294573,0.30910852713178294,0.15852713178294572,0.3988372093023256,317205605.1875,353850743.27608526,1624268317.5177026
6ALPHA GA_361502,8BHAM STEEL_360075,602.7047464698329,500,1480166242.6651793,6ALPHA_GA_361502-8BHAM_STEEL_360075,5989,0,1324344375.53125,1667066491.515625,25.87862510058192,0.09651026882618133,0.4077475371514443,0.15194523292703288,0.34379696109534147,342722115.984375,383046672.8046914,1863212915.4698706
6CLOUDLANDGA_361633,8BHAM STEEL_360075,498.4907660055112,500,1219552505.141236,6CLOUDLANDGA_361633-8BHAM_STEEL_360075,4969,0,1094526175.140625,1405634061.15625,28.42397862030608,0.12135238478567116,0.3109277520627893,0.1591869591467096,0.40853290400482994,311107886.015625,346645343.3247521,1566197848.4659882
6ROCK SPG GA_361500,8BHAM STEEL_360075,522.2540581988926,500,1279630390.4485016,6ROCK_SPG_GA_361500-8BHAM_STEEL_360075,5197,0,1146413789.625,1464543036.734375,27.749949450053045,0.1316143929189917,0.3149894169713296,0.15739849913411583,0.3959976909755628,318129247.109375,355096786.49697554,1634727176.945477
6WID CRK FP_360068,8BHAM STEEL_360075,446.516902398135,500,1092332189.8417606,6WID_CRK_FP_360068-8BHAM_STEEL_360075,4464,0,983276755.09375,1315677419.390625,33.80540245408146,0.0985663082437276,0.1935483870967742,0.16733870967741934,0.5405465949820788,332400664.296875,369267292.9114883,1461599482.753249
6WRINGOLD GA_361504,8BHAM STEEL_360075,560.1451555966864,500,1374022540.9760132,6WRINGOLD_GA_361504-8BHAM_STEEL_360075,5606,0,1238055307.265625,1560604528.953125,26.05289277422378,0.1409204423831609,0.3506956831965751,0.14627185158758474,0.3621120228326793,322549221.6875,357972619.29414564,1731995160.2701588
6BATTLFLD GA_361530,8BHAM STEEL_360075,488.72580500034127,500,1206556114.2404296,6BATTLFLD_GA_361530-8BHAM_STEEL_360075,4945,0,1099998567.921875,1444195190.875,31.290642823597814,0.12841253791708795,0.21678463094034378,0.161577350859454,0.49322548028311425,344196622.953125,377539164.17325366,1584095278.4136834
6CONCORD TN_361509,8BHAM STEEL_360075,581.9321945404986,500,1429593590.0821161,6CONCORD_TN_361509-8BHAM_STEEL_360075,5805,0,1283806328.078125,1612518009.796875,25.604460309121222,0.13040482342807924,0.3753660637381568,0.1445305770887166,0.3496985357450474,328711681.71875,366039723.35431653,1795633313.4364326
8CHOCTAW MS_360654,8WILSON TN_360071,496.33291511581376,500,1206953264.6899242,8CHOCTAW_MS_360654-8WILSON_TN_360071,4344,0,951043995.140625,1145695932.53125,20.467185365261997,0.01289134438305709,0.5828729281767956,0.2826887661141805,0.12154696132596685,194651937.390625,247029361.95616806,1453982626.6460924
8ACKERMAN CC_360627,8WILSON TN_360071,474.727428126845,500,1153437057.17764,8ACKERMAN_CC_360627-8WILSON_TN_360071,4164,0,910849486.53125,1093492275.34375,20.05191763438885,0.013448607108549471,0.6080691642651297,0.25144092219020175,0.1270413064361191,182642788.8125,231286248.66977897,1384723305.847419
8CLAY_360688,8WILSON TN_360071,436.9925645449776,500,1059319016.1320996,8CLAY_360688-8WILSON_TN_360071,3881,0,846634306.4375,1004060979.078125,18.594412185238628,0.014429270806493172,0.6588508116464828,0.21953104869878898,0.10718886884823499,157426672.640625,196974144.21621707,1256293160.3483167
8WEST POINT_360035,8WILSON TN_360071,415.6039022195727,500,1004823585.7891034,8WEST_POINT_360035-8WILSON_TN_360071,3674,0,799633058.5,933883614.109375,16.789020186485317,0.015242242787152967,0.695971692977681,0.22945019052803484,0.05933587370713119,134250555.609375,168700034.65669817,1173523620.4458015
8COGEN CALED_360606,8WILSON TN_360071,397.9284412271572,500,961145407.3923277,8COGEN_CALED_360606-8WILSON_TN_360071,3594,0,781380364.578125,908765386.40625,16.302562439856217,0.03589315525876461,0.679465776293823,0.23650528658875905,0.04813578185865331,127385021.828125,156691330.17794463,1117836737.5702722
8E POINT AL_360058,8WILSON TN_360071,279.28418818165915,500,689832724.5671699,8E_POINT_AL_360058-8WILSON_TN_360071,2779,0,618102406.96875,663664210.5,7.371238651972045,0.344008636200072,0.6146095717884131,0.041381792011514935,0.0,45561803.53125,50849216.427247085,740681940.994417
8UNION MS_360033,8WILSON TN_360071,390.9565841316736,500,945502772.935587,8UNION_MS_360033-8WILSON_TN_360071,3635,0,791644956.046875,1012699467.109375,27.92344085236753,0.0,0.45199449793672625,0.19587345254470426,0.35213204951856947,221054511.0625,264016907.55816352,1209519680.4937506
8TRICO STEEL_360014,8WILSON TN_360071,268.45716210857915,500,652128387.5474705,8TRICO_STEEL_360014-8WILSON_TN_360071,2411,0,527468560.703125,600059709.59375,13.762175473332427,0.10120282040647034,0.6744089589382,0.20945665698880134,0.01493156366652841,72591148.890625,89747053.00569622,741875440.5531666
6CENTER PNT_360533,8WILSON TN_360071,289.41418161874856,500,715487308.1744928,6CENTER_PNT_360533-8WILSON_TN_360071,2718,0,604828453.3125,649428841.40625,7.374055874766539,0.43303899926416484,0.4830757910228109,0.08388520971302428,0.0,44600388.09375,52760433.881650165,768247742.056143
8BR FERRY NP_360052,8WILSON TN_360071,223.6250907328476,500,542309267.6279855,8BR_FERRY_NP_360052-8WILSON_TN_360071,2045,0,446594239.15625,500725432.46875,12.120889291982362,0.16772616136919316,0.643520782396088,0.18875305623471883,0.0,54131193.3125,65732705.94934846,608041973.5773339
6LOOPERS FRM_360602,8WILSON TN_360071,281.6267595446363,500,695135743.7433674,6LOOPERS_FRM_360602-8WILSON_TN_360071,2641,0,586707313.765625,629495587.25,7.2929504167503545,0.4456645210147671,0.4680045437334343,0.08633093525179857,0.0,42788273.484375,50695905.120312594,745831648.86368
8LIMESTONE_360088,8WILSON TN_360071,208.9004414312284,500,506904284.22873837,8LIMESTONE_360088-8WILSON_TN_360071,2004,0,437691339.21875,483731026.40625,10.518756726984325,0.0748502994011976,0.8642714570858283,0.06087824351297405,0.0,46039687.1875,53320028.49668216,560224312.7254205
6COUNTY LINE_360013,8WILSON TN_360071,277.33389591175114,500,685712233.9204551,6COUNTY_LINE_360013-8WILSON_TN_360071,2602,0,578959738.3125,625356821.359375,8.013870391421186,0.4523443504996157,0.42198308993082245,0.1256725595695619,0.0,46397083.046875,54952089.68450414,740664323.6049592
6YOUNG GA_361454,8WILSON TN_360071,230.1972855284352,500,574542602.129514,6YOUNG_GA_361454-8WILSON_TN_360071,2094,0,470822710.796875,503331319.171875,6.904638971212473,0.47039159503342887,0.46275071633237824,0.054918815663801336,0.011938872970391595,32508608.375,39670092.41285265,614212694.5423666
8MADISON AL_360060,8WILSON TN_360071,190.3937856177163,500,464157237.4332082,8MADISON_AL_360060-8WILSON_TN_360071,1875,0,411408597.453125,445809288.875,8.361685106931805,0.2896,0.6490666666666667,0.06133333333333333,0.0,34400691.421875,38811366.59519867,502968604.0284069
6KENSNGTN GA_361503,8WILSON TN_360071,230.4928699407067,500,574916832.3707204,6KENSNGTN_GA_361503-8WILSON_TN_360071,2089,0,469270035.984375,499187853.78125,6.375394869207285,0.5217807563427477,0.4112015318334131,0.05505026328386788,0.011967448539971278,29917817.796875,36653218.233171955,611570050.6038923
6ALPHA GA_361502,8WILSON TN_360071,262.1217011161636,500,646918830.7838852,6ALPHA_GA_361502-8WILSON_TN_360071,2457,0,545747479.203125,584439768.046875,7.089778756330056,0.479039479039479,0.4281644281644282,0.0927960927960928,0.0,38692288.84375,45865113.83561468,692783944.6194999
6CLOUDLANDGA_361633,8WILSON TN_360071,204.18774008548468,500,507166865.8959844,6CLOUDLANDGA_361633-8WILSON_TN_360071,1834,0,410172148.15625,436203001.390625,6.3463239401761795,0.49345692475463465,0.44383860414394766,0.06270447110141766,0.0,26030853.234375,32186452.226998076,539353318.1229825
8MAGNOL CC1_360613,8WILSON TN_360071,383.96947376111217,500,925635478.7762628,8MAGNOL_CC1_360613-8WILSON_TN_360071,3605,0,782248667.328125,1002806211.609375,28.19532374974749,0.0,0.45575589459084603,0.17170596393897364,0.37253814147018033,220557544.28125,260985919.9834925,1186621398.7597551
6ROCK SPG GA_361500,8WILSON TN_360071,234.53117513236475,500,584174035.607728,6ROCK_SPG_GA_361500-8WILSON_TN_360071,2126,0,476878251.25,507715990.90625,6.466585459793506,0.5103480714957667,0.4238005644402634,0.05409219190968956,0.011759172154280339,30837739.65625,37776113.24649827,621950148.8542262
6WID CRK FP_360068,8WILSON TN_360071,182.78454531540604,500,452761826.97901094,6WID_CRK_FP_360068-8WILSON_TN_360071,1684,0,375485816.421875,396977438.71875,5.723684186442934,0.5641330166270784,0.3675771971496437,0.06828978622327792,0.0,21491622.296875,25914657.093047768,478676484.0720587
8WID CRK FP_360065,8WILSON TN_360071,182.4991037566332,500,451851719.4804871,8WID_CRK_FP_360065-8WILSON_TN_360071,1680,0,374393123.65625,395884745.953125,5.740389162864967,0.5630952380952381,0.368452380952381,0.06845238095238096,0.0,21491622.296875,25938047.13727689,477789766.617764
6WRINGOLD GA_361504,8WILSON TN_360071,260.66890891002777,500,642876713.6611078,6WRINGOLD_GA_361504-8WILSON_TN_360071,2445,0,542645875.015625,585411570.90625,7.880958440786756,0.48139059304703474,0.3848670756646217,0.13374233128834356,0.0,42765695.890625,50664846.62912758,693541560.2902354
6BATTLFLD GA_361530,8WILSON TN_360071,205.91007773457096,500,514596650.42275625,6BATTLFLD_GA_361530-8WILSON_TN_360071,1820,0,409459036.015625,440241110.625,7.5177421675462375,0.4747252747252747,0.4247252747252747,0.09175824175824175,0.008791208791208791,30782074.609375,38686049.38161205,553282699.8043683
6S HAVEN CC_360594,8WILSON TN_360071,476.4177529562168,500,1157885569.5669374,6S_HAVEN_CC_360594-8WILSON_TN_360071,4568,0,999997655.328125,1329471435.296875,32.947455247846676,0.0,0.35967600700525393,0.13528896672504379,0.5050350262697023,329473779.96875,381493829.85434127,1539379399.4212787
6CONCORD TN_361509,8WILSON TN_360071,267.6244933222994,500,661679912.3667383,6CONCORD_TN_361509-8WILSON_TN_360071,2514,0,559446574.40625,604750638.78125,8.098014439195023,0.46817820206841687,0.3941925218774861,0.13762927605409706,0.0,45304064.375,53582934.84471144,715262847.2114497
8BRADLEY TN_360662,8WILSON TN_360071,230.58798036228606,500,568575024.3330436,8BRADLEY_TN_360662-8WILSON_TN_360071,2170,0,481510405.703125,512167708.46875,6.366903477580665,0.5423963133640552,0.36912442396313366,0.08847926267281106,0.0,30657302.765625,36200622.99691567,604775647.3299593
8RACCOON MTN_360079,8WILSON TN_360071,188.31311021750813,500,464689880.93034863,8RACCOON_MTN_360079-8WILSON_TN_360071,1663,0,369237569.359375,392480430.359375,6.294825588936193,0.5117257967528562,0.4191220685508118,0.06915213469633193,0.0,23242861.0,29251417.53400071,493941298.4643493
8BENTON MS_360612,8WILSON TN_360071,426.1296686077175,500,1035934639.5505643,8BENTON_MS_360612-8WILSON_TN_360071,4177,0,913830042.96875,1182483551.15625,29.398629455727686,0.0,0.44649269810869047,0.1383768254728274,0.41513047641848216,268653508.1875,304550586.0849986,1340485225.635563
8SEQUOYAH NP_360081,8WILSON TN_360071,192.62342192105893,500,482068407.6120094,8SEQUOYAH_NP_360081-8WILSON_TN_360071,1749,0,393719416.1875,416609281.953125,5.813750814545604,0.5643224699828473,0.36363636363636365,0.07204116638078903,0.0,22889865.765625,28026255.974210218,510094663.5862196
8FRANKLIN TN_360069,8WILSON TN_360071,142.97237651637175,500,348926325.058542,8FRANKLIN_TN_360069-8WILSON_TN_360071,1322,0,290326465.046875,311923384.90625,7.438839533932273,0.4402420574886536,0.47276853252647505,0.08698940998487141,0.0,21596919.859375,25956069.412751857,374882394.47129387
8SHELBY TN_360021,8WILSON TN_360071,424.4424153836572,500,1027947030.036727,8SHELBY_TN_360021-8WILSON_TN_360071,4215,0,918239476.140625,1184202456.984375,28.964446394920486,0.0,0.4481613285883749,0.15183867141162516,0.4,265962980.84375,297739166.48316497,1325686196.519892
8HAYWOOD TN_360542,8WILSON TN_360071,341.19562958737856,500,837514783.454361,8HAYWOOD_TN_360542-8WILSON_TN_360071,3085,0,682185273.40625,921765063.328125,35.11946083585451,0.06774716369529984,0.15105348460291734,0.26288492706645056,0.5183144246353323,239579789.921875,294130676.369746,1131645459.824107
8HIWASSEE TN_360110,8WILSON TN_360071,185.77929860323852,500,456319674.744532,8HIWASSEE_TN_360110-8WILSON_TN_360071,1820,0,402316722.921875,427138084.625,6.16960724944684,0.6197802197802198,0.260989010989011,0.11923076923076924,0.0,24821361.703125,28153131.733690888,484472806.47822285
8LAG CRK CC_360615,8WILSON TN_360071,353.6277789527701,500,865478795.5506294,8LAG_CRK_CC_360615-8WILSON_TN_360071,3260,0,718161924.890625,975707887.015625,35.86182352457963,0.06411042944785277,0.14294478527607363,0.249079754601227,0.5438650306748466,257545962.125,310376478.30302405,1175855273.8536534
8MAURY TN_360050,8WILSON TN_360071,152.01805835194602,500,375208599.50671875,8MAURY_TN_360050-8WILSON_TN_360071,1466,0,325678185.71875,376990357.328125,15.755483130112768,0.0,0.7155525238744884,0.2844474761255116,0.0,51312171.609375,59115927.59801346,434324527.1047322
8JACKSON TN_360019,8WILSON TN_360071,295.9051555966864,500,728435724.0488843,8JACKSON_TN_360019-8WILSON_TN_360071,2670,0,591836078.96875,786241271.390625,32.84781028568216,0.07827715355805244,0.1745318352059925,0.3037453183520599,0.4434456928838951,194405192.421875,239275184.6887127,967710908.737597
8RUTHERFORD_360010,8WILSON TN_360071,113.52144796863001,500,279705958.4670384,8RUTHERFORD_360010-8WILSON_TN_360071,1054,0,233788456.609375,267661906.765625,14.488931852117659,0.0,0.7798861480075902,0.22011385199240988,0.0,33873450.15625,40526405.70860172,320232364.1756401
8ANDERSON TN_360120,8WILSON TN_360071,224.64979859048407,500,560841921.9145532,8ANDERSON_TN_360120-8WILSON_TN_360071,2220,0,499055784.9375,533475782.078125,6.89702397597407,0.4981981981981982,0.40225225225225225,0.09954954954954955,0.0,34419997.140625,38681401.821760505,599523323.7363137
8BULL RUN FP_360093,8WILSON TN_360071,295.70960374387874,500,739504797.369339,8BULL_RUN_FP_360093-8WILSON_TN_360071,2906,0,654353082.375,689230653.25,5.330084294615145,0.6097728836889195,0.3141775636613902,0.0760495526496903,0.0,34877570.875,39416229.06250869,778921026.4318477
8JVILLE FP_360037,8WILSON TN_360071,207.45222709996247,500,514731281.6978839,8JVILLE_FP_360037-8WILSON_TN_360071,1874,0,418589889.53125,553055870.515625,32.12356159269738,0.08751334044823907,0.14140875133404482,0.3831376734258271,0.387940234791889,134465980.984375,165350020.31310037,680081302.0109843
8PIN HOOK TN_360581,8WILSON TN_360071,145.0823050896224,500,366099964.8998064,8PIN_HOOK_TN_360581-8WILSON_TN_360071,1350,0,306632233.5625,357599024.40625,16.621471999734027,0.0,0.6762962962962963,0.3237037037037037,0.0,50966790.84375,60851203.156857416,426951168.0566638
8PLATEAU TN_360077,8WILSON TN_360071,138.7426427897265,500,341208820.97997797,8PLATEAU_TN_360077-8WILSON_TN_360071,1374,0,304143894.5,339021465.375,11.467457182508056,0.17467248908296942,0.6644832605531296,0.16084425036390101,0.0,34877570.875,39127975.44881954,380336796.4287975
8DAVIDSON TN_360048,8WILSON TN_360071,173.3711816952753,500,436572343.8649826,8DAVIDSON_TN_360048-8WILSON_TN_360071,1620,0,366929972.578125,447953258.375,22.081402952064355,0.0,0.5296296296296297,0.3574074074074074,0.11296296296296296,81023285.796875,96401298.42609882,532973642.2910814
8VOLUNTEER_360097,8WILSON TN_360071,325.75370762805636,500,815775461.3690698,8VOLUNTEER_360097-8WILSON_TN_360071,3210,0,723744143.328125,758621714.203125,4.819047061937676,0.6467289719626168,0.28442367601246105,0.06884735202492212,0.0,34877570.875,39312603.40311468,855088064.7721845
8GLEASON CT_360582,8WILSON TN_360071,265.2518699662156,500,655559842.864166,8GLEASON_CT_360582-8WILSON_TN_360071,2539,0,564611654.59375,744919428.84375,31.934830388815705,0.10712879086254432,0.1303662859393462,0.36549822764868056,0.3970066955494289,180307774.25,209351923.91585815,864911766.7800242
8LAG CRK CT_360568,8WILSON TN_360071,286.8284803495316,500,706985851.1296523,8LAG_CRK_CT_360568-8WILSON_TN_360071,2763,0,612703359.09375,807438642.875,31.782963303691215,0.09844372059355773,0.11979732175171914,0.4169381107491857,0.36482084690553745,194735283.78125,224701053.62682638,931686904.7564787
8CUMBERLAND_360040,8WILSON TN_360071,170.62640897380004,500,425567866.10582876,8CUMBERLAND_360040-8WILSON_TN_360071,1604,0,359910556.28125,497134576.625,38.12725632768523,0.0,0.10349127182044887,0.36845386533665836,0.5280548628428927,137224020.34375,162257351.1584296,587825217.2642584
8PHIPPS B NP_360102,8WILSON TN_360071,380.49281794760014,500,950723274.7134392,8PHIPPS_B_NP_360102-8WILSON_TN_360071,3643,0,820738198.796875,858900969.5,4.649810470509119,0.6738951413670052,0.2530881141916003,0.07301674444139446,0.0,38162770.703125,44206830.373192675,994930105.0866319
8MONTGOMERY_360044,8WILSON TN_360071,119.42992201034006,500,298950617.0580286,8MONTGOMERY_360044-8WILSON_TN_360071,1159,0,260611115.03125,352886458.15625,35.40729378097907,0.0,0.14322691975841242,0.4167385677308024,0.4400345125107852,92275343.125,105850323.24178591,404800940.29981446
8MARSHALL KY_360015,8WILSON TN_360071,257.05967517062805,500,631516676.9902648,8MARSHALL_KY_360015-8WILSON_TN_360071,2472,0,546258434.015625,677104693.375,23.9531787907612,0.0,0.42192556634304207,0.4571197411003236,0.12095469255663431,130846259.359375,151268318.73295203,782784995.7232168
7SHAWNEE FP_360002,8WILSON TN_360071,375.5503114484618,500,914756904.9521071,7SHAWNEE_FP_360002-8WILSON_TN_360071,3574,0,783568334.671875,1019471673.1875,30.1062878726986,0.0,0.29182988248461106,0.40486849468382763,0.30330162283156126,235903338.515625,275399347.1402693,1190156252.0923762
8PARADISE CC_360117,8WILSON TN_360071,145.41891547293838,500,360660797.21202517,8PARADISE_CC_360117-8WILSON_TN_360071,1338,0,298767450.171875,357696478.203125,19.724045573689274,0.0,0.5455904334828101,0.4282511210762332,0.026158445440956652,58929028.03125,71136900.0085309,431797697.2205561
8PARADISE CC_360117,8WILSON TN_360071,145.41891547293838,500,360660797.21202517,8PARADISE_CC_360117-8WILSON_TN_360071,1338,0,298767450.171875,357696478.203125,19.724045573689274,0.0,0.5455904334828101,0.4282511210762332,0.026158445440956652,58929028.03125,71136900.0085309,431797697.2205561
8CHOCTAW MS_360654,8MAGNOL CC1_360613,185.75772721475252,500,449558313.64306045,8CHOCTAW_MS_360654-8MAGNOL_CC1_360613,1920,0,418418324.5625,594942853.03125,42.18852715241972,0.0,0.0,0.38697916666666665,0.6130208333333333,176524528.46875,189662031.21726277,639220344.8603232
8ACKERMAN CC_360627,8MAGNOL CC1_360613,172.52927916959578,500,417922756.32351065,8ACKERMAN_CC_360627-8MAGNOL_CC1_360613,1790,0,390517997.375,568524855.46875,45.582241866004594,0.0,0.0,0.21340782122905028,0.7865921787709497,178006858.09375,190498561.60045564,608421317.9239663
8CLAY_360688,8MAGNOL CC1_360613,173.43495444225948,500,417128922.3787303,8CLAY_360688-8MAGNOL_CC1_360613,1670,0,361776743.078125,532525086.03125,47.19715852941167,0.0,0.0,0.14131736526946106,0.858682634730539,170748342.953125,196872998.76711586,614001921.1458461
8COGEN CALED_360606,8MAGNOL CC1_360613,171.15490244915284,500,413113193.6855227,8COGEN_CALED_360606-8MAGNOL_CC1_360613,1532,0,332782770.359375,486591678.78125,46.21901195659122,0.0,0.0,0.18864229765013055,0.8113577023498695,153808908.421875,190936836.38376755,604050030.0692902
8E POINT AL_360058,8MAGNOL CC1_360613,291.2645193188527,500,704552530.9818298,8E_POINT_AL_360058-8MAGNOL_CC1_360613,2833,0,616951003.734375,776666345.59375,25.88784861238991,0.13907518531591953,0.2897987998588069,0.27003176844334625,0.3010942463819273,159715341.859375,182393492.6153376,886946023.5971674
6CENTER PNT_360533,8MAGNOL CC1_360613,470.8497140379136,500,1147322845.3980048,6CENTER_PNT_360533-8MAGNOL_CC1_360613,4613,0,1011874566.953125,1218444553.609375,20.414584317328654,0.12529807066984608,0.47669629308476047,0.20659007153696077,0.19141556470843268,206569986.65625,234221189.66574997,1381544035.0637548
8BR FERRY NP_360052,8MAGNOL CC1_360613,228.37817520889143,500,550122743.1903636,8BR_FERRY_NP_360052-8MAGNOL_CC1_360613,2249,0,487805900.15625,687997720.828125,41.039237247386964,0.028012449977767896,0.09115162294353046,0.19030680302356603,0.6905291240551357,200191820.671875,225766177.72972664,775888920.9200903
6LOOPERS FRM_360602,8MAGNOL CC1_360613,477.6008114357073,500,1165462668.8517373,6LOOPERS_FRM_360602-8MAGNOL_CC1_360613,4676,0,1027112341.875,1235206106.4375,20.26007828731018,0.12360992301112061,0.48374679213002564,0.2038066723695466,0.1888366124893071,208093764.5625,236123649.11873657,1401586317.9704738
8LIMESTONE_360088,8MAGNOL CC1_360613,251.46139597552343,500,606190483.4537582,8LIMESTONE_360088-8MAGNOL_CC1_360613,2474,0,537076827.703125,735444763.0625,36.9347410141897,0.15036378334680678,0.04890864995957963,0.17299919159256266,0.627728375101051,198367935.359375,223894885.11631003,830085368.5700682
6COUNTY LINE_360013,8MAGNOL CC1_360613,445.8802400217124,500,1088158850.8368082,6COUNTY_LINE_360013-8MAGNOL_CC1_360613,4360,0,957346967.578125,1149242327.375,20.044494451403306,0.15711009174311927,0.44908256880733943,0.19793577981651375,0.19587155963302752,191895359.796875,218115940.478438,1306274791.315246
6YOUNG GA_361454,8MAGNOL CC1_360613,411.98312965115093,500,1001280113.1225295,6YOUNG_GA_361454-8MAGNOL_CC1_360613,4031,0,881832386.796875,1069409862.984375,21.27132990304963,0.16050607789630364,0.407095013644257,0.2135946415281568,0.21880426693128255,187577476.1875,212985596.1159218,1214265709.2384512
8MADISON AL_360060,8MAGNOL CC1_360613,277.15022715098024,500,670121939.7063689,8MADISON_AL_360060-8MAGNOL_CC1_360613,2776,0,604056415.046875,826745771.09375,36.86565534273718,0.020172910662824207,0.19812680115273776,0.19956772334293948,0.5821325648414986,222689356.046875,247044844.66821498,917166784.374584
6KENSNGTN GA_361503,8MAGNOL CC1_360613,412.1823179603546,500,1001808794.1536113,6KENSNGTN_GA_361503-8MAGNOL_CC1_360613,4027,0,880852834.5625,1067353390.828125,21.17272590242112,0.1710951080208592,0.39607648373479015,0.21380680407251054,0.21902160417184008,186500556.265625,212110230.05249435,1213919024.2061057
6ALPHA GA_361502,8MAGNOL CC1_360613,496.6713114229529,500,1211557462.5771732,6ALPHA_GA_361502-8MAGNOL_CC1_360613,4856,0,1066345354.796875,1278362421.859375,19.882589267047223,0.11902800658978584,0.5028830313014827,0.1962520593080725,0.18183690280065898,212017067.0625,240888994.01847875,1452446456.595652
6CLOUDLANDGA_361633,8MAGNOL CC1_360613,387.52148683591554,500,948127761.3347813,6CLOUDLANDGA_361633-8MAGNOL_CC1_360613,3864,0,851579893.765625,1080712742.484375,26.906794112474984,0.1570910973084886,0.2717391304347826,0.19332298136645962,0.3778467908902691,229132848.71875,255110784.6655678,1203238546.000349
6ROCK SPG GA_361500,8MAGNOL CC1_360613,416.2206231520126,500,1011021610.3604957,6ROCK_SPG_GA_361500-8MAGNOL_CC1_360613,4064,0,888414768.890625,1075838967.078125,21.096474839284696,0.16830708661417323,0.4028051181102362,0.21186023622047245,0.2170275590551181,187424198.1875,213289919.6494329,1224311530.0099287
6WID CRK FP_360068,8MAGNOL CC1_360613,354.06862320303037,500,860082099.0510861,6WID_CRK_FP_360068-8MAGNOL_CC1_360613,3501,0,765527767.09375,989053936.359375,29.19896297350779,0.12567837760639816,0.2467866323907455,0.2133676092544987,0.4141673807483576,223526169.265625,251135053.64369524,1111217152.6947813
6WRINGOLD GA_361504,8MAGNOL CC1_360613,454.11172054980636,500,1105413760.8880072,6WRINGOLD_GA_361504-8MAGNOL_CC1_360613,4473,0,980056286.53125,1171900459.296875,19.57481171256259,0.17661524703778225,0.439526045159848,0.1929353901184887,0.19092331768388107,191844172.765625,216382662.33858424,1321796423.2265913
6BATTLFLD GA_361530,8MAGNOL CC1_360613,396.2775258052366,500,974306023.449755,6BATTLFLD_GA_361530-8MAGNOL_CC1_360613,3982,0,882249579.921875,1117571707.84375,26.672965709171926,0.15946760421898543,0.2692114515318935,0.200652938221999,0.3706680060271221,235322127.921875,259876311.53714973,1234182334.9869046
6S HAVEN CC_360594,8MAGNOL CC1_360613,115.20942202309452,500,289282510.902915,6S_HAVEN_CC_360594-8MAGNOL_CC1_360613,1144,0,259063770.078125,388595655.84375,50.000000280457016,0.0,0.0,0.0,1.0,129531885.765625,144641256.2627706,433923767.1656856
6CONCORD TN_361509,8MAGNOL CC1_360613,475.89875949361857,500,1160984809.99411,6CONCORD_TN_361509-8MAGNOL_CC1_360613,4672,0,1025807307.34375,1223813940.140625,19.30251728364054,0.1620291095890411,0.4663955479452055,0.18878424657534246,0.18279109589041095,198006632.796875,224099293.6095544,1385084103.6036644
8BRADLEY TN_360662,8MAGNOL CC1_360613,475.0179478028222,500,1149620141.5353081,8BRADLEY_TN_360662-8MAGNOL_CC1_360613,4656,0,1014944548.109375,1228742244.125,21.06496324492648,0.3238831615120275,0.24742268041237114,0.12822164948453607,0.3004725085910653,213797696.015625,242167060.27068442,1391787201.8059926
8BENTON MS_360612,8MAGNOL CC1_360613,75.42631811340796,500,189328657.47524092,8BENTON_MS_360612-8MAGNOL_CC1_360613,668,0,151359075.109375,227038612.9375,50.000000180654844,0.0,0.0,0.0,1.0,75679537.828125,94664329.07965185,283992986.5548928
8FRANKLIN TN_360069,8MAGNOL CC1_360613,315.94041543467506,500,758469364.7800584,8FRANKLIN_TN_360069-8MAGNOL_CC1_360613,3137,0,677908276.875,896644212.765625,32.26630258874357,0.06726171501434491,0.27765380937201145,0.1590691743704176,0.496015301243226,218735935.890625,244730020.28285488,1003199385.0629133
8HAYWOOD TN_360542,8MAGNOL CC1_360613,86.93004543019606,500,214074863.80730832,8HAYWOOD_TN_360542-8MAGNOL_CC1_360613,906,0,200925853.75,299021253.5,48.82169114585633,0.0,0.0,0.037527593818984545,0.9624724061810155,98095399.75,104514968.82891664,318589832.636225
8HIWASSEE TN_360110,8MAGNOL CC1_360613,448.18935690416674,500,1080796926.6519623,8HIWASSEE_TN_360110-8MAGNOL_CC1_360613,4384,0,952313488.84375,1157050195.640625,21.49887712348333,0.3458029197080292,0.21395985401459855,0.12112226277372262,0.31911496350364965,204736706.796875,232359203.21528962,1313156129.8672519
8LAG CRK CC_360615,8MAGNOL CC1_360613,103.52751293450443,500,254704114.87144405,8LAG_CRK_CC_360615-8MAGNOL_CC1_360613,1020,0,226611738.140625,339917608.78125,50.00000069295285,0.0,0.0,0.0,1.0,113305870.640625,127352059.20070145,382056174.07214546
8JACKSON TN_360019,8MAGNOL CC1_360613,121.38498043881275,500,297110874.218235,8JACKSON_TN_360019-8MAGNOL_CC1_360613,1148,0,252722050.84375,379083076.71875,50.00000017929778,0.0,0.0,0.0,1.0,126361025.875,148555437.6418307,445666311.8600657
8ANDERSON TN_360120,8MAGNOL CC1_360613,496.2982529434624,500,1208514954.0890317,8ANDERSON_TN_360120-8MAGNOL_CC1_360613,4757,0,1042928445.828125,1247024317.265625,19.5694989674426,0.40298507462686567,0.19129703594702543,0.11162497372293462,0.29409291570317425,204095871.4375,236500321.46184245,1445015275.5508742
8BULL RUN FP_360093,8MAGNOL CC1_360613,586.0746879138158,500,1437681686.8058686,8BULL_RUN_FP_360093-8MAGNOL_CC1_360613,5518,0,1217420401.34375,1421516272.78125,16.7646173180789,0.4853207683943458,0.1649148242116709,0.09623051830373323,0.2535338890902501,204095871.4375,241021833.04510552,1678703519.850974
8JVILLE FP_360037,8MAGNOL CC1_360613,188.4004608648711,500,453812353.00964105,8JVILLE_FP_360037-8MAGNOL_CC1_360613,1659,0,359485130.296875,520198801.484375,44.70662557162717,0.0,0.12176009644364075,0.02109704641350211,0.8571428571428571,160713671.1875,202884189.45781118,656696542.4674523
8DAVIDSON TN_360048,8MAGNOL CC1_360613,261.4448438931356,500,637694005.8572925,8DAVIDSON_TN_360048-8MAGNOL_CC1_360613,2249,0,494423686.8125,729761317.75,47.598373058276835,0.0,0.0,0.11827478879502001,0.88172521120498,235337630.9375,303531971.87822384,941225977.7355163
8GLEASON CT_360582,8MAGNOL CC1_360613,182.7457921296091,500,443730162.5731895,8GLEASON_CT_360582-8MAGNOL_CC1_360613,1836,0,401447757.203125,588204372.21875,46.52077677971176,0.0,0.0,0.17538126361655773,0.8246187363834423,186756615.015625,206426718.4349256,650156881.008115
8LAG CRK CT_360568,8MAGNOL CC1_360613,177.06125968493524,500,430153618.678203,8LAG_CRK_CT_360568-8MAGNOL_CC1_360613,1830,0,399980180.46875,591710550.59375,47.9349676527234,0.0,0.0,0.10546448087431694,0.8945355191256831,191730370.125,206193997.97041577,636347616.6486187
8CUMBERLAND_360040,8MAGNOL CC1_360613,245.89914262391866,500,594690202.0673816,8CUMBERLAND_360040-8MAGNOL_CC1_360613,2150,0,467762903.40625,659043798.671875,40.89270309225406,0.0,0.1786046511627907,0.09813953488372093,0.7232558139534884,191280895.265625,243184898.65014008,837875100.7175217
7SHAWNEE FP_360002,8MAGNOL CC1_360613,292.31042199758565,500,704686727.3335788,7SHAWNEE_FP_360002-8MAGNOL_CC1_360613,3048,0,661146821.515625,981092374.96875,48.39251177517212,0.0,0.0,0.08005249343832022,0.9199475065616798,319945553.453125,341015607.5029772,1045702334.836556
8CHOCTAW MS_360654,8LAG CRK CC_360615,286.8993700299879,500,702659604.5724417,8CHOCTAW_MS_360654-8LAG_CRK_CC_360615,2939,0,648695162.34375,933453041.65625,43.897025265868095,0.0,0.0,0.3052058523307247,0.6947941476692753,284757879.3125,308446664.1522136,1011106268.7246553
8ACKERMAN CC_360627,8LAG CRK CC_360615,275.92951288348655,500,672152050.3436222,8ACKERMAN_CC_360627-8LAG_CRK_CC_360615,2808,0,616576456.921875,907612546.03125,47.20194646456497,0.0,0.0,0.13603988603988604,0.863960113960114,291036089.109375,317268850.96367234,989420901.3072946
8CLAY_360688,8LAG CRK CC_360615,275.39893490658113,500,665375616.8130298,8CLAY_360688-8LAG_CRK_CC_360615,2665,0,580653211.953125,860839791.0625,48.253686252233095,0.0,0.0,0.08855534709193245,0.9114446529080675,280186579.109375,321068262.53582007,986443879.3488498
8COGEN CALED_360606,8LAG CRK CC_360615,267.98093485556325,500,656403712.003859,8COGEN_CALED_360606-8LAG_CRK_CC_360615,2455,0,542255772.515625,778651314.296875,43.59484098888746,0.0,0.014256619144602852,0.28635437881873727,0.6993890020366599,236395541.78125,286158154.49323714,942561866.4970962
8E POINT AL_360058,8LAG CRK CC_360615,329.085824433984,500,795224932.2732928,8E_POINT_AL_360058-8LAG_CRK_CC_360615,3054,0,664688792.734375,881604333.703125,32.63415049867322,0.0,0.35396201702685004,0.15062213490504256,0.4954158480681074,216915540.96875,259514901.20103854,1054739833.4743314
6CENTER PNT_360533,8LAG CRK CC_360615,494.49522702343575,500,1209240385.3071969,6CENTER_PNT_360533-8LAG_CRK_CC_360615,4872,0,1072043982.078125,1364466998.375,27.277147317223104,0.1055008210180624,0.2986453201970443,0.25862068965517243,0.33723316912972084,292423016.296875,329846281.31960034,1539086666.6267972
8BR FERRY NP_360052,8LAG CRK CC_360615,258.2759998469466,500,619888615.890897,8BR_FERRY_NP_360052-8LAG_CRK_CC_360615,2488,0,537999678.234375,763341576.859375,41.88513631913953,0.02532154340836013,0.08239549839228295,0.17282958199356913,0.7194533762057878,225341898.625,259641191.7927294,879529807.6836264
6LOOPERS FRM_360602,8LAG CRK CC_360615,501.24632442122953,500,1227380208.7609298,6LOOPERS_FRM_360602-8LAG_CRK_CC_360615,4935,0,1087281757.0,1381228551.203125,27.035015745520784,0.10415400202634245,0.30759878419452885,0.2553191489361702,0.33292806484295845,293946794.203125,331822432.6959232,1559202641.456853
6COUNTY LINE_360013,8LAG CRK CC_360615,466.89747381213,500,1142368426.874985,6COUNTY_LINE_360013-8LAG_CRK_CC_360615,4654,0,1024780184.0625,1301485625.96875,27.001443451932914,0.13751611516974646,0.2707348517404383,0.24495058014611087,0.3467984529437043,276705441.90625,308455964.79538465,1450824391.6703696
6YOUNG GA_361454,8LAG CRK CC_360615,429.293636201307,500,1054051251.5668805,6YOUNG_GA_361454-8LAG_CRK_CC_360615,4365,0,964955538.046875,1185501771.5625,22.85558503161951,0.15738831615120275,0.41580756013745707,0.11248568155784651,0.3143184421534937,220546233.515625,240909580.07871804,1294960831.6455984
6KENSNGTN GA_361503,8LAG CRK CC_360615,429.5892206135786,500,1054425481.8080869,6KENSNGTN_GA_361503-8LAG_CRK_CC_360615,4360,0,963402863.234375,1181358306.171875,22.6234996028319,0.181651376146789,0.39105504587155965,0.11261467889908257,0.3146788990825688,217955442.9375,238547944.6890109,1292973426.4970977
6ALPHA GA_361502,8LAG CRK CC_360615,511.28866863322634,500,1245312120.6062422,6ALPHA_GA_361502-8LAG_CRK_CC_360615,5187,0,1137259960.359375,1356779439.0625,19.302488995898237,0.2834008097165992,0.3506844033159823,0.11509543088490456,0.250819356082514,219519478.703125,240376235.0446069,1485688355.650849
6CLOUDLANDGA_361633,8LAG CRK CC_360615,403.28409075835657,500,986675515.3333509,6CLOUDLANDGA_361633-8LAG_CRK_CC_360615,4105,0,904304975.40625,1118373453.78125,23.672155323355582,0.14786845310596833,0.4043848964677223,0.11961023142509135,0.32813641900121804,214068478.375,233567360.52722996,1220242875.860581
6ROCK SPG GA_361500,8LAG CRK CC_360615,433.62752580523653,500,1063682685.0450944,6ROCK_SPG_GA_361500-8LAG_CRK_CC_360615,4397,0,971011078.5,1189886443.296875,22.54097503552581,0.1789856720491244,0.3973163520582215,0.11166704571298612,0.31203093017966793,218875364.796875,239764448.49322537,1303447133.5383198
6WID CRK FP_360068,8LAG CRK CC_360615,369.83122712547134,500,898629853.0496556,6WID_CRK_FP_360068-8LAG_CRK_CC_360615,3742,0,818252848.734375,1026714647.65625,25.47645257139175,0.11758417958311064,0.3939070016034206,0.13121325494388028,0.35729556386958844,208461798.921875,228939008.30456287,1127568861.3542185
6WRINGOLD GA_361504,8LAG CRK CC_360615,475.12895434022386,500,1159623336.926184,6WRINGOLD_GA_361504-8LAG_CRK_CC_360615,4767,0,1047489503.015625,1324143757.890625,26.41117205265906,0.1562827774281519,0.2659953849381162,0.23914411579609818,0.33857772183763374,276654254.875,306270114.6783607,1465893451.6045446
6BATTLFLD GA_361530,8LAG CRK CC_360615,412.04012972767754,500,1012853777.4483246,6BATTLFLD_GA_361530-8LAG_CRK_CC_360615,4223,0,934974661.5625,1155232419.140625,23.557617829988796,0.15036703765095905,0.39829505091167416,0.1285815770779067,0.3227563343594601,220257757.578125,238604222.06788155,1251457999.516206
6S HAVEN CC_360594,8LAG CRK CC_360615,150.83572070285973,500,382709151.63029456,6S_HAVEN_CC_360594-8LAG_CRK_CC_360615,1486,0,339227835.5625,508841754.09375,50.000000221090346,0.0,0.0,0.0,1.0,169613918.53125,191354576.66128024,574063728.2915748
6CONCORD TN_361509,8LAG CRK CC_360615,496.91599328403606,500,1215194386.0322871,6CONCORD_TN_361509-8LAG_CRK_CC_360615,4966,0,1093240523.828125,1376057238.734375,25.86957844518334,0.14337494965767217,0.2982279500604108,0.23338703181635118,0.32501006846556585,282816714.90625,314365664.9560866,1529560050.9883738
8BRADLEY TN_360662,8LAG CRK CC_360615,479.75494787934883,500,1166968314.1554005,8BRADLEY_TN_360662-8LAG_CRK_CC_360615,4900,0,1073022886.859375,1284507379.484375,19.70922477189585,0.3,0.32,0.11448979591836735,0.2655102040816327,211484492.625,230000408.0536916,1396968722.2090921
8BENTON MS_360612,8LAG CRK CC_360615,71.52744150775506,500,174706479.69920537,8BENTON_MS_360612-8LAG_CRK_CC_360615,669,0,147394583.625,221091875.78125,50.000000233217534,0.0,0.0,0.0,1.0,73697292.15625,87353240.25704883,262059719.95625418
8FRANKLIN TN_360069,8LAG CRK CC_360615,327.6331882071681,500,790745123.6167183,8FRANKLIN_TN_360069-8LAG_CRK_CC_360615,3380,0,734398393.140625,938649302.875,27.812003898987882,0.06094674556213018,0.3988165680473373,0.15532544378698224,0.3849112426035503,204250909.734375,219922064.61133823,1010667188.2280566
8HAYWOOD TN_360542,8LAG CRK CC_360615,29.71124025129251,500,71189792.19916175,8HAYWOOD_TN_360542-8LAG_CRK_CC_360615,310,0,66876831.71875,100315247.21875,49.999999462631536,0.0,0.0,0.0,1.0,33438415.5,35594895.717029385,106784687.91619113
8HIWASSEE TN_360110,8LAG CRK CC_360615,452.9263569806934,500,1098145099.2720547,8HIWASSEE_TN_360110-8LAG_CRK_CC_360615,4628,0,1010391827.59375,1212815331.0,20.034158816221016,0.31936041486603284,0.29256698357821953,0.10695764909248055,0.28111495246326706,202423503.40625,220004133.22071135,1318149232.492766
8JACKSON TN_360019,8LAG CRK CC_360615,61.89040256394287,500,150002542.14646265,8JACKSON_TN_360019-8LAG_CRK_CC_360615,605,0,131695888.171875,197543832.53125,50.000000207627984,0.0,0.0,0.0,1.0,65847944.359375,75001271.38467859,225003813.53114122
8ANDERSON TN_360120,8LAG CRK CC_360615,501.03525301998906,500,1225863126.709124,8ANDERSON_TN_360120-8LAG_CRK_CC_360615,5001,0,1101006784.578125,1302789452.625,18.327104871037882,0.3757248550289942,0.26514697060587883,0.09898020395920816,0.2601479704059188,201782668.046875,224665220.80736515,1450528347.5164893
8BULL RUN FP_360093,8LAG CRK CC_360615,590.5670841189192,500,1452353968.6989872,8BULL_RUN_FP_360093-8LAG_CRK_CC_360615,5821,0,1288065706.9375,1549647752.109375,20.308128984647176,0.35732691977323483,0.23518295825459543,0.1046211991066827,0.30286892286548706,261582045.171875,294945917.2770326,1747299885.9760199
8JVILLE FP_360037,8LAG CRK CC_360615,147.9920908093743,500,353855508.63488966,8JVILLE_FP_360037-8LAG_CRK_CC_360615,1396,0,300526070.78125,423621155.8125,40.95986904272599,0.04083094555873926,0.14255014326647564,0.0659025787965616,0.7507163323782235,123095085.03125,144938752.93732277,498794261.57221246
8DAVIDSON TN_360048,8LAG CRK CC_360615,246.20211024301705,500,597798000.8728869,8DAVIDSON_TN_360048-8LAG_CRK_CC_360615,2370,0,517802042.46875,747512269.109375,44.36255707787949,0.0,0.006329113924050633,0.2687763713080169,0.7248945147679325,229710226.640625,265198479.34765697,862996480.2205439
8GLEASON CT_360582,8LAG CRK CC_360615,101.91053885453104,500,245042237.291098,8GLEASON_CT_360582-8LAG_CRK_CC_360615,867,0,187723579.0625,271677915.84375,44.72231842186354,0.0,0.0,0.2618223760092272,0.7381776239907728,83954336.78125,109588569.6293833,354630806.9204813
8CUMBERLAND_360040,8LAG CRK CC_360615,192.92914918682925,500,464114859.616242,8CUMBERLAND_360040-8LAG_CRK_CC_360615,1735,0,376011365.03125,510967072.25,35.8913904656935,0.15446685878962535,0.10778097982708934,0.09337175792507205,0.6443804034582132,134955707.21875,166577276.47417066,630692136.0904126
7SHAWNEE FP_360002,8LAG CRK CC_360615,200.99395446776833,500,477036636.7811957,7SHAWNEE_FP_360002-8LAG_CRK_CC_360615,2040,0,435813941.8125,614281182.5,40.95032846936362,0.0,0.0,0.4514705882352941,0.5485294117647059,178467240.6875,195348069.6811047,672384706.4623004
8ACKERMAN CC_360627,8ANDERSON TN_360120,577.283220256454,500,1409950343.3598604,8ACKERMAN_CC_360627-8ANDERSON_TN_360120,5108,0,1122618634.703125,1277639803.703125,13.808889698414383,0.3533672670321065,0.3735317149569303,0.17658574784651526,0.09651527016444793,155021169.0,194698487.71697798,1604648831.0768385
6CENTER PNT_360533,8ANDERSON TN_360120,185.58029857772965,500,461873023.1887902,6CENTER_PNT_360533-8ANDERSON_TN_360120,1754,0,393015148.65625,412698150.71875,5.008204424129126,0.5068415051311288,0.49315849486887114,0.0,0.0,19683002.0625,23131545.18119993,485004568.3699901
6LOOPERS FRM_360602,8ANDERSON TN_360120,177.79287650361732,500,441521458.7576648,6LOOPERS_FRM_360602-8ANDERSON_TN_360120,1677,0,374894009.109375,392764896.5625,4.766917320332853,0.530113297555158,0.469886702444842,0.0,0.0,17870887.453125,21046962.890505396,462568421.6481702
6COUNTY LINE_360013,8ANDERSON TN_360120,178.7967661075469,500,438481711.15988326,6COUNTY_LINE_360013-8ANDERSON_TN_360120,1672,0,369038231.828125,395357093.40625,7.131743897576093,0.5316985645933014,0.3480861244019139,0.12021531100478469,0.0,26318861.578125,31271392.6776322,469753103.8375155
6YOUNG GA_361454,8ANDERSON TN_360120,219.72292193381338,500,541731951.1946312,6YOUNG_GA_361454-8ANDERSON_TN_360120,2082,0,462079685.453125,495476012.25,7.227395587435503,0.4750240153698367,0.42843419788664744,0.09654178674351585,0.0,33396326.796875,39153111.136369035,580885062.3310002
6KENSNGTN GA_361503,8ANDERSON TN_360120,217.86444789210336,500,552887595.4673214,6KENSNGTN_GA_361503-8ANDERSON_TN_360120,2022,0,461858294.25,471044086.890625,1.9888768384124456,0.8531157270029673,0.13452027695351138,0.0,0.012363996043521267,9185792.640625,10996253.328705054,563883848.7960265
6ALPHA GA_361502,8ANDERSON TN_360120,158.2878180751446,500,393304545.7981826,6ALPHA_GA_361502-8ANDERSON_TN_360120,1493,0,333934174.546875,347709077.359375,4.1250353699771924,0.595445411922304,0.4045545880776959,0.0,0.0,13774902.8125,16223951.625903178,409528497.4240858
6CLOUDLANDGA_361633,8ANDERSON TN_360120,191.5593180368813,500,485137628.99258554,6CLOUDLANDGA_361633-8ANDERSON_TN_360120,1767,0,402760406.421875,408059234.5,1.3156278506121888,0.8715336728919072,0.1284663271080928,0.0,0.0,5298828.078125,6382605.7608260885,491520234.75341165
6ROCK SPG GA_361500,8ANDERSON TN_360120,221.90275308376133,500,562144798.704329,6ROCK_SPG_GA_361500-8ANDERSON_TN_360120,2059,0,469466509.515625,479572224.015625,2.1525954024764538,0.8353569694026226,0.1525012141816416,0.0,0.012141816415735794,10105714.5,12100703.092169903,574245501.7964989
6WID CRK FP_360068,8ANDERSON TN_360120,189.64017515787364,500,480121355.30920506,6WID_CRK_FP_360068-8ANDERSON_TN_360120,1691,0,385138247.78125,390502915.3125,1.3929199611192544,0.8941454760496748,0.0904790065050266,0.01537551744529864,0.0,5364667.53125,6687706.195698216,486809061.50490326
6WRINGOLD GA_361504,8ANDERSON TN_360120,162.13177910582354,500,395646190.90053594,6WRINGOLD_GA_361504-8ANDERSON_TN_360120,1515,0,332724368.53125,355411842.953125,6.8186993702999965,0.5867986798679868,0.28052805280528054,0.13267326732673268,0.0,22687474.421875,26977924.327550765,422624115.2280867
6BATTLFLD GA_361530,8ANDERSON TN_360120,186.36270765356528,500,474206027.41053283,6BATTLFLD_GA_361530-8ANDERSON_TN_360120,1725,0,395269630.671875,405437966.828125,2.5725063013229743,0.8504347826086956,0.11014492753623188,0.030144927536231884,0.00927536231884058,10168336.15625,12198979.936389308,486405007.34692216
6S HAVEN CC_360594,8ANDERSON TN_360120,588.7465321385671,500,1440765044.8797064,6S_HAVEN_CC_360594-8ANDERSON_TN_360120,5720,0,1260677433.828125,1573647800.296875,24.825570607573756,0.33513986013986014,0.1590909090909091,0.09283216783216783,0.41293706293706295,312970366.46875,357678143.5058532,1798443188.3855596
6CONCORD TN_361509,8ANDERSON TN_360120,169.0873635180951,500,414449389.60616636,6CONCORD_TN_361509-8ANDERSON_TN_360120,1584,0,349525067.921875,374750910.828125,7.217177027167732,0.5612373737373737,0.29987373737373735,0.1388888888888889,0.0,25225842.90625,29911546.135893125,444360935.74205947
7SHAWNEE FP_360002,8ANDERSON TN_360120,546.6468178455646,500,1340640027.7277594,7SHAWNEE_FP_360002-8ANDERSON_TN_360120,5234,0,1156251680.4375,1380060160.96875,19.356380995404553,0.3897592663354987,0.1761559037065342,0.18704623614826138,0.24703859380970578,223808480.53125,259499391.54388234,1600139419.2716417
8CHOCTAW MS_360654,8VOLUNTEER_360097,716.9635188341837,500,1770028785.2817445,8CHOCTAW_MS_360654-8VOLUNTEER_360097,6351,0,1412179386.5625,1581426332.25,11.984804997010867,0.46953235710911667,0.2720831365139348,0.1752479924421351,0.08313651393481342,169246945.6875,212134498.30697727,1982163283.5887218
8ACKERMAN CC_360627,8VOLUNTEER_360097,695.3580318452148,500,1716512577.7694602,8ACKERMAN_CC_360627-8VOLUNTEER_360097,6171,0,1371984877.953125,1529222675.0625,11.46060715654238,0.4832280019445795,0.2800194457948469,0.15102900664397992,0.08572354561659375,157237797.109375,196722763.33079684,1913235341.100257
8CLAY_360688,8VOLUNTEER_360097,657.6231682633475,500,1622394536.7239199,8CLAY_360688-8VOLUNTEER_360097,5888,0,1307769697.859375,1439791378.796875,10.095178161231289,0.506453804347826,0.2977241847826087,0.12516983695652173,0.07065217391304347,132021680.9375,163783618.9603627,1786178155.6842825
8COGEN CALED_360606,8VOLUNTEER_360097,611.0252721985428,500,1516550253.3380315,8COGEN_CALED_360606-8VOLUNTEER_360097,5468,0,1221896132.453125,1280120933.859375,4.765118724891582,0.7053767373811266,0.21324067300658375,0.06876371616678859,0.012618873445501097,58224801.40625,72265420.09420127,1588815673.4322329
8E POINT AL_360058,8VOLUNTEER_360097,464.1357398814135,500,1160415818.7163777,8E_POINT_AL_360058-8VOLUNTEER_360097,4212,0,947579187.578125,961238501.21875,1.4414957419586427,0.8710826210826211,0.12108262108262108,0.007834757834757835,0.0,13659313.640625,16727344.615811108,1177143163.3321888
8UNION MS_360033,8VOLUNTEER_360097,611.4243696473543,500,1512867976.5246334,8UNION_MS_360033-8VOLUNTEER_360097,5588,0,1244931507.703125,1402232244.921875,12.635292483597492,0.5336435218324982,0.18235504652827486,0.15730136005726558,0.12670007158196134,157300737.21875,191155293.72457045,1704023270.249204
8TRICO STEEL_360014,8VOLUNTEER_360097,489.08776582694895,500,1215203908.1392908,8TRICO_STEEL_360014-8VOLUNTEER_360097,4418,0,988603952.125,1035790109.3125,4.773009159641073,0.7175192394748755,0.1860570393843368,0.0882752376641014,0.008148483476686284,47186157.1875,58001793.843804635,1273205701.9830954
6CENTER PNT_360533,8VOLUNTEER_360097,285.36372706169914,500,728921506.5027522,6CENTER_PNT_360533-8VOLUNTEER_360097,2644,0,607724714.984375,631045581.28125,3.8374062666637787,0.6145990922844176,0.38540090771558244,0.0,0.0,23320866.296875,27971679.569596633,756893186.0723488
8BR FERRY NP_360052,8VOLUNTEER_360097,443.6848113336718,500,1104412633.201257,8BR_FERRY_NP_360052-8VOLUNTEER_360097,4044,0,906378951.359375,935918296.359375,3.259050197017177,0.7962413452027696,0.1367457962413452,0.06701285855588526,0.0,29539345.0,35993362.09822816,1140405995.2994852
6LOOPERS FRM_360602,8VOLUNTEER_360097,277.5763049875868,500,708569942.0716269,6LOOPERS_FRM_360602-8VOLUNTEER_360097,2567,0,589603575.4375,611112327.125,3.64800224821229,0.6330346708219712,0.3669653291780288,0.0,0.0,21508751.6875,25848647.41692947,734418589.4885564
8LIMESTONE_360088,8VOLUNTEER_360097,421.0271035525619,500,1050165756.3682969,8LIMESTONE_360088-8VOLUNTEER_360097,3820,0,857480637.59375,878105363.546875,2.405270165749962,0.7526178010471204,0.24738219895287958,0.0,0.0,20624725.953125,25259323.628849078,1075425079.997146
6COUNTY LINE_360013,8VOLUNTEER_360097,306.3288829134745,500,768426875.1569757,6COUNTY_LINE_360013-8VOLUNTEER_360097,2896,0,653767366.515625,680086228.09375,4.025722745752258,0.7296270718232044,0.20096685082872928,0.0694060773480663,0.0,26318861.578125,30934735.49766768,799361610.6546434
6YOUNG GA_361454,8VOLUNTEER_360097,347.255038739741,500,871677115.1917236,6YOUNG_GA_361454-8VOLUNTEER_360097,3306,0,746808820.140625,780205146.9375,4.471870965662461,0.6693889897156685,0.26981246218995764,0.060798548094373864,0.0,33396326.796875,38980275.82858281,910657391.0203063
8MADISON AL_360060,8VOLUNTEER_360097,379.82674641881516,500,963832378.868043,8MADISON_AL_360060-8VOLUNTEER_360097,3385,0,772947982.734375,784556029.75,1.5017889010539243,0.8818316100443131,0.11107828655834565,0.0,0.0070901033973412115,11608047.015625,14474727.690604279,978307106.5586473
6KENSNGTN GA_361503,8VOLUNTEER_360097,343.10618156773086,500,873372853.6178188,6KENSNGTN_GA_361503-8VOLUNTEER_360097,3187,0,729996211.453125,739182004.09375,1.2583342894807448,0.9068089112017571,0.08534672105428302,0.0,0.007844367743959836,9185792.640625,10989950.092089485,884362803.7099084
6ALPHA GA_361502,8VOLUNTEER_360097,258.07124655911406,500,660353029.1121447,6ALPHA_GA_361502-8VOLUNTEER_360097,2383,0,548643740.875,566056507.921875,3.1737839602625106,0.6819135543432648,0.3180864456567352,0.0,0.0,17412767.046875,20958178.519068874,681311207.6312135
6CLOUDLANDGA_361633,8VOLUNTEER_360097,316.8010517125087,500,805622887.143083,6CLOUDLANDGA_361633-8VOLUNTEER_360097,2932,0,670898323.625,676197151.703125,0.7898108985418872,0.9225784447476125,0.07742155525238745,0.0,0.0,5298828.078125,6362897.3638038775,811985784.5068868
8MAGNOL CC1_360613,8VOLUNTEER_360097,616.1187917979935,500,1513952350.8055995,8MAGNOL_CC1_360613-8VOLUNTEER_360097,5822,0,1286811462.296875,1490907333.734375,15.860588549095,0.5121951219512195,0.15630367571281348,0.0912057712126417,0.24029543112332533,204095871.4375,240121753.1906275,1754074103.996227
6ROCK SPG GA_361500,8VOLUNTEER_360097,347.1444867593888,500,882630056.8548265,6ROCK_SPG_GA_361500-8VOLUNTEER_360097,3224,0,737604426.71875,747710141.21875,1.3700723767284817,0.8948511166253101,0.09739454094292804,0.0,0.007754342431761787,10105714.5,12092670.59767087,894722727.4524974
6WID CRK FP_360068,8VOLUNTEER_360097,314.8819088335011,500,800606613.4597025,6WID_CRK_FP_360068-8VOLUNTEER_360097,2856,0,653276164.984375,658640832.515625,0.8211944379416192,0.9373249299719888,0.05357142857142857,0.009103641456582634,0.0,5364667.53125,6574536.979523835,807181150.4392263
6WRINGOLD GA_361504,8VOLUNTEER_360097,289.6638959117511,500,725591354.8976284,6WRINGOLD_GA_361504-8VOLUNTEER_360097,2739,0,617453503.21875,640140977.640625,3.6743616002834933,0.7714494341000365,0.1551661190215407,0.07338444687842278,0.0,22687474.421875,26660850.11933518,752252205.0169636
6BATTLFLD GA_361530,8VOLUNTEER_360097,311.60444132919275,500,794691285.5610303,6BATTLFLD_GA_361530-8VOLUNTEER_360097,2890,0,663407547.875,673575884.03125,1.5327435132175937,0.9107266435986159,0.0657439446366782,0.017993079584775088,0.005536332179930796,10168336.15625,12180579.129542196,806871864.6905725
6S HAVEN CC_360594,8VOLUNTEER_360097,708.5670709930982,500,1746202441.596274,6S_HAVEN_CC_360594-8VOLUNTEER_360097,6785,0,1504560450.296875,1817530816.765625,20.801448450076943,0.43949889462048636,0.13411938098747236,0.0782608695652174,0.34812085482682387,312970366.46875,363235400.7226339,2109437842.3189077
6CONCORD TN_361509,8VOLUNTEER_360097,296.61948032402273,500,744394553.6032588,6CONCORD_TN_361509-8VOLUNTEER_360097,2808,0,634254202.609375,659480045.515625,3.9772448968361296,0.7524928774928775,0.16915954415954415,0.07834757834757834,0.0,25225842.90625,29606394.395511698,774000947.9987706
8BRADLEY TN_360662,8VOLUNTEER_360097,259.58296736400945,500,651289665.5695641,8BRADLEY_TN_360662-8VOLUNTEER_360097,2464,0,556318033.90625,566897115.203125,1.901624727602802,0.8575487012987013,0.11566558441558442,0.026785714285714284,0.0,10579081.296875,12385085.328792425,663674750.8983566
8RACCOON MTN_360079,8VOLUNTEER_360097,280.89461017924475,500,712162606.0280175,8RACCOON_MTN_360079-8VOLUNTEER_360097,2596,0,592197886.859375,592901619.59375,0.11883405023735971,0.9880585516178737,0.011941448382126348,0.0,0.0,703732.734375,846291.6690190245,713008897.6970365
8BENTON MS_360612,8VOLUNTEER_360097,661.8683892340505,500,1631874129.0484915,8BENTON_MS_360612-8VOLUNTEER_360097,6414,0,1421793063.765625,1693344219.515625,19.099203862395807,0.46492048643592143,0.14187714374805113,0.08294356096039912,0.3102588088556283,271551155.75,311674966.6846674,1943549095.7331588
8SEQUOYAH NP_360081,8VOLUNTEER_360097,254.45799979592883,500,656546681.8514678,8SEQUOYAH_NP_360081-8VOLUNTEER_360097,2318,0,538023575.1875,539125050.59375,0.20472623450862315,0.9823123382226057,0.017687661777394306,0.0,0.0,1101475.40625,1344123.29954582,657890805.1510136
8FRANKLIN TN_360069,8VOLUNTEER_360097,312.4439607755899,500,786641406.3008192,8FRANKLIN_TN_360069-8VOLUNTEER_360097,2814,0,637487118.71875,637824490.96875,0.05292220659738334,0.994314143567875,0.005685856432125089,0.0,0.0,337372.25,416307.9902230812,787057714.2910422
8SHELBY TN_360021,8VOLUNTEER_360097,662.8443113464263,500,1626649525.725257,8SHELBY_TN_360021-8VOLUNTEER_360097,6511,0,1437575299.390625,1696088377.03125,17.982576477921274,0.36614959299646754,0.29427123329749655,0.08063277530333282,0.2589463984027031,258513077.640625,292513494.991288,1919163020.7165449
8HAYWOOD TN_360542,8VOLUNTEER_360097,600.6892074877575,500,1476472883.9420967,8HAYWOOD_TN_360542-8VOLUNTEER_360097,5914,0,1307992126.96875,1501838977.375,14.8201848015314,0.4031112614135949,0.3239770037199865,0.08826513358133244,0.18464660128508623,193846850.40625,218816009.94471896,1695288893.8868155
8HIWASSEE TN_360110,8VOLUNTEER_360097,190.54793493209004,500,485077224.515591,8HIWASSEE_TN_360110-8VOLUNTEER_360097,1786,0,409313458.484375,409313458.484375,0.0,1.0,0.0,0.0,0.0,0.0,0.0,485077224.515591
8LAG CRK CC_360615,8VOLUNTEER_360097,620.6111880030969,500,1528624632.698718,8LAG_CRK_CC_360615-8VOLUNTEER_360097,6125,0,1357456767.890625,1619038813.0625,19.27000928201579,0.3892244897959184,0.22351020408163266,0.09942857142857142,0.28783673469387755,261582045.171875,294566108.6082227,1823190741.3069408
8MAURY TN_360050,8VOLUNTEER_360097,390.41995431471486,500,973911095.1952486,8MAURY_TN_360050-8VOLUNTEER_360097,3762,0,845014008.96875,888876277.375,5.1907149397179,0.633705475810739,0.2860180754917597,0.08027644869750133,0.0,43862268.40625,50552948.71786999,1024464043.9131186
8JACKSON TN_360019,8VOLUNTEER_360097,563.2101880286058,500,1389097072.3992777,8JACKSON_TN_360019-8VOLUNTEER_360097,5551,0,1232165007.203125,1431144402.78125,16.148762090702906,0.4294721671770852,0.24644208250765628,0.10989010989010989,0.21419564042514863,198979395.578125,224321981.43067846,1613419053.829956
8RUTHERFORD_360010,8VOLUNTEER_360097,352.1251815932397,500,879128464.7758574,8RUTHERFORD_360010-8VOLUNTEER_360097,3351,0,753545602.578125,780011281.6875,3.5121536133748688,0.7114294240525216,0.25365562518651147,0.03491495076096687,0.0,26465679.109375,30876342.14183229,910004806.9176897
8ANDERSON TN_360120,8VOLUNTEER_360097,144.95283107342127,500,371052694.6382174,8ANDERSON_TN_360120-8VOLUNTEER_360097,1373,0,316290390.328125,316290390.328125,0.0,1.0,0.0,0.0,0.0,0.0,0.0,371052694.6382174
8BULL RUN FP_360093,8VOLUNTEER_360097,90.70137654188068,500,230685008.69919848,8BULL_RUN_FP_360093-8VOLUNTEER_360097,805,0,184341714.671875,184341714.671875,0.0,1.0,0.0,0.0,0.0,0.0,0.0,230685008.69919848
8JVILLE FP_360037,8VOLUNTEER_360097,488.7327659544934,500,1202144929.9765775,8JVILLE_FP_360037-8VOLUNTEER_360097,4733,0,1047759306.21875,1191779537.984375,13.745545461712805,0.510247200507078,0.1726177899852102,0.17853369955630677,0.13860130995140502,144020231.765625,165241377.865606,1367386307.8421836
8PIN HOOK TN_360581,8VOLUNTEER_360097,383.68603871423204,500,965522471.2086253,8PIN_HOOK_TN_360581-8VOLUNTEER_360097,3647,0,826389379.53125,869948399.328125,5.271004308112337,0.6536879627090759,0.2580202906498492,0.08829174664107485,0.0,43559019.796875,50892731.053199336,1016415202.2618246
8PLATEAU TN_360077,8VOLUNTEER_360097,190.73304535366938,500,483218032.91574377,8PLATEAU_TN_360077-8VOLUNTEER_360097,1868,0,426233405.59375,426233405.59375,0.0,1.0,0.0,0.0,0.0,0.0,0.0,483218032.91574377
8DAVIDSON TN_360048,8VOLUNTEER_360097,411.77307765804426,500,1035274839.5535126,8DAVIDSON_TN_360048-8VOLUNTEER_360097,3916,0,886265795.828125,959839178.421875,8.301503108895592,0.6087844739530133,0.2259959141981614,0.118488253319714,0.04673135852911134,73573382.59375,85943372.9911487,1121218212.5446613
8GLEASON CT_360582,8VOLUNTEER_360097,546.5324088207467,500,1342973491.1428595,8GLEASON_CT_360582-8VOLUNTEER_360097,5398,0,1193781071.28125,1383643096.3125,15.904258293145546,0.4673953316042979,0.16357910337161913,0.1954427565765098,0.17358280844757318,189862025.03125,213589972.83983448,1556563463.982694
8LAG CRK CT_360568,8VOLUNTEER_360097,568.1090192040626,500,1394399499.408346,8LAG_CRK_CT_360568-8VOLUNTEER_360097,5622,0,1241872775.78125,1446162310.34375,16.45011780163901,0.4487726787620064,0.15706154393454286,0.22749911063678407,0.16666666666666666,204289534.5625,229380360.27813756,1623779859.6864834
8CUMBERLAND_360040,8VOLUNTEER_360097,451.9069478283311,500,1112981514.3845224,8CUMBERLAND_360040-8VOLUNTEER_360097,4463,0,989079972.96875,1135858244.09375,14.83987899223569,0.5043692583464038,0.16087833295989246,0.16087833295989246,0.17387407573381133,146778271.125,165165109.9406154,1278146624.3251379
8PHIPPS B NP_360102,8VOLUNTEER_360097,111.6325453664238,500,288941349.6350915,8PHIPPS_B_NP_360102-8VOLUNTEER_360097,1021,0,237847887.921875,237847887.921875,0.0,1.0,0.0,0.0,0.0,0.0,0.0,288941349.6350915
8MONTGOMERY_360044,8VOLUNTEER_360097,396.1539933350538,500,976339325.5654979,8MONTGOMERY_360044-8VOLUNTEER_360097,3974,0,880967254.71875,975286635.15625,10.70634350281403,0.566431806743835,0.18067438349270257,0.17186713638651233,0.08102667337695017,94319380.4375,104530241.94810002,1080869567.513598
8MARSHALL KY_360015,8VOLUNTEER_360097,516.3156101537359,500,1267586550.2769642,8MARSHALL_KY_360015-8VOLUNTEER_360097,5148,0,1136830524.671875,1252119003.296875,10.141219480210207,0.466006216006216,0.3366355866355866,0.14607614607614608,0.05128205128205128,115288478.625,128548734.16521204,1396135284.4421763
7SHAWNEE FP_360002,8VOLUNTEER_360097,634.8062464315695,500,1550826778.2388067,7SHAWNEE_FP_360002-8VOLUNTEER_360097,6250,0,1374140425.328125,1594531116.328125,16.03844024509895,0.38384,0.27712,0.1712,0.16784,220390691.0,248728426.13282424,1799555204.371631
8PARADISE CC_360117,8VOLUNTEER_360097,387.9099088845189,500,954619308.3001201,8PARADISE_CC_360117-8VOLUNTEER_360097,3795,0,840203407.875,868527561.875,3.3711067742079326,0.6529644268774704,0.34703557312252964,0.0,0.0,28324154.0,32181236.17000226,986800544.4701223
8PARADISE CC_360117,8VOLUNTEER_360097,387.9099088845189,500,954619308.3001201,8PARADISE_CC_360117-8VOLUNTEER_360097,3795,0,840203407.875,868527561.875,3.3711067742079326,0.6529644268774704,0.34703557312252964,0.0,0.0,28324154.0,32181236.17000226,986800544.4701223
8CHOCTAW MS_360654,8COGEN CALED_360606,121.77540899930897,500,299385453.2611393,8CHOCTAW_MS_360654-8COGEN_CALED_360606,1125,0,248823483.828125,351043959.46875,41.081522558873054,0.0,0.0,0.448,0.552,102220475.640625,122992102.51945926,422377555.7805985
8ACKERMAN CC_360627,8COGEN CALED_360606,99.11550642261165,500,245233100.28834864,8ACKERMAN_CC_360627-8COGEN_CALED_360606,925,0,205828329.90625,293300844.875,42.497801448708096,0.0,0.0,0.3762162162162162,0.6237837837837837,87472514.96875,104218676.0470536,349451776.33540225
8CLAY_360688,8COGEN CALED_360606,49.968922035848955,500,124764975.78648047,8CLAY_360688-8COGEN_CALED_360606,451,0,101183427.84375,150037818.8125,48.282996543853194,0.0,0.0,0.08869179600886919,0.9113082039911308,48854390.96875,60240268.94692564,185005244.73340613
6CENTER PNT_360533,8COGEN CALED_360606,380.1184737866211,500,930950104.8637742,6CENTER_PNT_360533-8COGEN_CALED_360606,3626,0,799491379.5,875988521.265625,9.568225965546517,0.2851627137341423,0.6136238279095422,0.0821842250413679,0.019029233314947602,76497141.765625,89075409.65985817,1020025514.5236323
8BR FERRY NP_360052,8COGEN CALED_360606,203.19599984694662,500,489932252.9804983,8BR_FERRY_NP_360052-8COGEN_CALED_360606,1876,0,407221160.0625,473376068.078125,16.24544952562672,0.06929637526652452,0.6556503198294243,0.20202558635394458,0.0730277185501066,66154908.015625,79591696.86771268,569523949.848211
6LOOPERS FRM_360602,8COGEN CALED_360606,386.86957118441484,500,949089928.3175068,6LOOPERS_FRM_360602-8COGEN_CALED_360606,3689,0,814729154.421875,892750074.09375,9.576301430778923,0.2802927622661968,0.6202222824613717,0.08078069937652481,0.01870425589590675,78020919.671875,90887712.38484806,1039977640.7023549
6COUNTY LINE_360013,8COGEN CALED_360606,373.1681100899637,500,916782041.9007143,6COUNTY_LINE_360013-8COGEN_CALED_360606,3398,0,751943544.6875,826826260.96875,9.958555640286871,0.3057680988816951,0.5644496762801648,0.10947616244849911,0.020306062389640965,74882716.28125,91298249.74284072,1008080291.643555
6YOUNG GA_361454,8COGEN CALED_360606,339.2709997194021,500,829903304.1864357,6YOUNG_GA_361454-8COGEN_CALED_360606,3069,0,676428963.90625,746993796.578125,10.431964986297505,0.32616487455197135,0.5216682958618443,0.1205604431410883,0.03160638644509612,70564832.671875,86575222.11285505,916478526.2992908
6KENSNGTN GA_361503,8COGEN CALED_360606,339.47018802860583,500,830431985.2175175,6KENSNGTN_GA_361503-8COGEN_CALED_360606,3065,0,675449411.671875,744937324.421875,10.287656121870503,0.3402936378466558,0.5073409461663948,0.12071778140293637,0.03164763458401305,69487912.75,85431986.96520069,915863972.1827182
6ALPHA GA_361502,8COGEN CALED_360606,405.9400711716604,500,995184722.0429428,6ALPHA_GA_361502-8COGEN_CALED_360606,3869,0,853962167.34375,935906389.515625,9.595767272309331,0.26725252003101574,0.6378909278883432,0.07702248643060222,0.01783406565003877,81944222.171875,95495609.85681929,1090680331.8997622
6CLOUDLANDGA_361633,8COGEN CALED_360606,319.74520102688246,500,779566916.1171362,6CLOUDLANDGA_361633-8COGEN_CALED_360606,2874,0,631123731.515625,694513925.09375,10.044019961964556,0.33298538622129437,0.52366040361865,0.11934585942936674,0.024008350730688934,63390193.578125,78299856.67167665,857866772.7888129
6ROCK SPG GA_361500,8COGEN CALED_360606,343.5084932202638,500,839644801.4244018,6ROCK_SPG_GA_361500-8COGEN_CALED_360606,3102,0,683011346.0,753422900.671875,10.308987556976113,0.3346228239845261,0.5148291424887169,0.11927788523533205,0.03127014829142489,70411554.671875,86558878.10163838,926203679.5260401
6WID CRK FP_360068,8COGEN CALED_360606,296.652480247496,500,719000798.5093062,6WID_CRK_FP_360068-8COGEN_CALED_360606,2617,0,571111038.953125,623295163.328125,9.137299196782479,0.4585403133358808,0.3840275124188002,0.13106610622850592,0.026366068016813144,52184124.375,65697254.18705045,784698052.6963567
6WRINGOLD GA_361504,8COGEN CALED_360606,381.3995906180575,500,934036951.9519134,6WRINGOLD_GA_361504-8COGEN_CALED_360606,3511,0,774652863.640625,849484392.890625,9.660008083919713,0.32583309598405014,0.5485616633437767,0.10595272002278554,0.019652520649387637,74831529.25,90228045.06535211,1024264997.0172654
6BATTLFLD GA_361530,8COGEN CALED_360606,351.0905191657993,500,860619540.5265399,6BATTLFLD_GA_361530-8COGEN_CALED_360606,3115,0,688036919.6875,752043277.390625,9.302750458826559,0.46709470304975925,0.36918138041733545,0.13258426966292136,0.03113964686998395,64006357.703125,80061288.25508371,940680828.7816236
6S HAVEN CC_360594,8COGEN CALED_360606,255.84043486831777,500,623216217.4320049,6S_HAVEN_CC_360594-8COGEN_CALED_360606,2352,0,516656055.171875,746155962.09375,44.42024914341276,0.0,0.0,0.2848639455782313,0.7151360544217688,229499906.921875,276834196.48544955,900050413.9174545
6CONCORD TN_361509,8COGEN CALED_360606,403.1866295618697,500,989608001.0580165,6CONCORD_TN_361509-8COGEN_CALED_360606,3710,0,820403884.453125,901397873.734375,9.87245316801979,0.29946091644204853,0.5765498652291106,0.10539083557951483,0.018598382749326146,80993989.28125,97698586.45142949,1087306587.5094461
8BRADLEY TN_360662,8COGEN CALED_360606,409.17514903377577,500,1002156444.0014579,8BRADLEY_TN_360662-8COGEN_CALED_360606,3755,0,828431285.21875,916620948.375,10.645380580112107,0.2958721704394141,0.5430093209054594,0.14274300932090547,0.01837549933422104,88189663.15625,106683367.47207327,1108839811.4735312
8BENTON MS_360612,8COGEN CALED_360606,244.56878549017182,500,593985963.4695666,8BENTON_MS_360612-8COGEN_CALED_360606,2158,0,472296353.078125,689228074.15625,45.93127168234585,0.0,0.0,0.20528266913809082,0.7947173308619092,216931721.078125,272825306.6362062,866811270.1057727
8ANDERSON TN_360120,8COGEN CALED_360606,485.7835385229153,500,1196064995.187534,8ANDERSON_TN_360120-8COGEN_CALED_360606,4303,0,953758215.25,1011961751.171875,6.1025462209642445,0.6258424355101092,0.2707413432488961,0.08738089704857077,0.01603532419242389,58203535.921875,72990419.16409303,1269055414.351627
8BULL RUN FP_360093,8COGEN CALED_360606,580.9811683143652,500,1440279589.3383007,8BULL_RUN_FP_360093-8COGEN_CALED_360606,5164,0,1152505071.5,1210729872.90625,5.052021274879914,0.6880325329202169,0.2257939581719597,0.07281177381874517,0.013361735089078234,58224801.40625,72763231.271124,1513042820.6094246
7SHAWNEE FP_360002,8COGEN CALED_360606,441.0816296894142,500,1058565409.8838928,7SHAWNEE_FP_360002-8COGEN_CALED_360606,4450,0,961556562.640625,1364084874.984375,41.86215642253301,0.0,0.0249438202247191,0.35258426966292133,0.6224719101123596,402528312.34375,443138307.7204229,1501703717.6043158
8CHOCTAW MS_360654,8TRICO STEEL_360014,281.0500451751071,500,685308377.4621753,8CHOCTAW_MS_360654-8TRICO_STEEL_360014,2425,0,532770594.1875,658070297.421875,23.518509580181114,0.053195876288659794,0.44989690721649483,0.29402061855670103,0.20288659793814434,125299703.234375,161174316.40722543,846482693.8694007
8ACKERMAN CC_360627,8TRICO STEEL_360014,259.4445581861382,500,631792169.9498911,8ACKERMAN_CC_360627-8TRICO_STEEL_360014,2245,0,492576085.578125,605866640.234375,22.999605131719612,0.05746102449888642,0.48596881959910915,0.23697104677060132,0.21959910913140313,113290554.65625,145309704.34159786,777101874.2914889
8CLAY_360688,8TRICO STEEL_360014,217.89196082660777,500,535358278.6078358,8CLAY_360688-8TRICO_STEEL_360014,1891,0,418809738.453125,503984161.5,20.337259434670017,0.06821787414066631,0.5901639344262295,0.14331041776837652,0.19830777366472765,85174423.046875,108877202.02545908,644235480.6332949
8COGEN CALED_360606,8TRICO STEEL_360014,176.2317271127169,500,426749416.43162024,8COGEN_CALED_360606-8TRICO_STEEL_360014,1559,0,339902984.703125,391128532.703125,15.070637889438053,0.13277742142398974,0.6318152661962797,0.14753046824887747,0.08787684413085312,51225548.0,64313859.24569954,491063275.67731977
8E POINT AL_360058,8TRICO STEEL_360014,73.00737008100567,500,180480152.1829149,8E_POINT_AL_360058-8TRICO_STEEL_360014,690,0,153729147.765625,166051234.03125,8.015452140807566,0.26811594202898553,0.6942028985507246,0.03768115942028986,0.0,12322086.265625,14466300.221878206,194946452.4047931
6CENTER PNT_360533,8TRICO STEEL_360014,277.81943489382667,500,686787457.9244018,6CENTER_PNT_360533-8TRICO_STEEL_360014,2660,0,592411533.359375,644488131.328125,8.79061176838345,0.2725563909774436,0.6650375939849624,0.05150375939849624,0.010902255639097745,52076597.96875,60372819.10008399,747160277.0244857
8BR FERRY NP_360052,8TRICO STEEL_360014,73.72472072836862,500,180915233.13564098,8BR_FERRY_NP_360052-8TRICO_STEEL_360014,693,0,153309356.1875,164670391.265625,7.410529507560026,0.35353535353535354,0.5974025974025974,0.049062049062049064,0.0,11361035.078125,13406776.73518769,194322009.87082866
6LOOPERS FRM_360602,8TRICO STEEL_360014,284.57053229162045,500,704927281.3781346,6LOOPERS_FRM_360602-8TRICO_STEEL_360014,2723,0,607649308.28125,661249684.15625,8.82093917404594,0.2662504590525156,0.6727873668747705,0.050312155710613295,0.010650018362100624,53600375.875,62181206.71162092,767108488.0897555
8LIMESTONE_360088,8TRICO STEEL_360014,97.47147396518336,500,237872620.461787,8LIMESTONE_360088-8TRICO_STEEL_360014,932,0,204905364.109375,216024895.0625,5.426666598727792,0.5311158798283262,0.43240343347639487,0.03648068669527897,0.0,11119530.953125,12908554.042118326,250781174.5039053
6COUNTY LINE_360013,8TRICO STEEL_360014,252.8499608776255,500,627623463.3632053,6COUNTY_LINE_360013-8TRICO_STEEL_360014,2407,0,537883933.984375,575285905.09375,6.953539369045636,0.3456584960531782,0.6348151225592024,0.019526381387619442,0.0,37401971.109375,43642044.61432819,671265507.9775335
6YOUNG GA_361454,8TRICO STEEL_360014,218.95285050706403,500,540744725.6489267,6YOUNG_GA_361454-8TRICO_STEEL_360014,2078,0,462369353.203125,495453440.703125,7.155337452797328,0.38209817131857554,0.582771896053898,0.02165543792107796,0.013474494706448507,33084087.5,38692109.878383815,579436835.5273106
8MADISON AL_360060,8TRICO STEEL_360014,137.02908432299043,500,336734931.9838474,8MADISON_AL_360060-8TRICO_STEEL_360014,1292,0,285960660.359375,310584496.734375,8.610917440201217,0.22291021671826625,0.7329721362229102,0.04411764705882353,0.0,24623836.375,28995966.985446822,365730898.9692942
6KENSNGTN GA_361503,8TRICO STEEL_360014,219.1520388162677,500,541273406.6800085,6KENSNGTN_GA_361503-8TRICO_STEEL_360014,2074,0,461389800.96875,493396968.546875,6.937120740623581,0.4030858244937319,0.5617164898746384,0.021697203471552556,0.013500482160077145,32007167.578125,37548789.7582787,578822196.4382873
6ALPHA GA_361502,8TRICO STEEL_360014,303.64103227886596,500,751022075.0873903,6ALPHA_GA_361502-8TRICO_STEEL_360014,2903,0,646882321.203125,704405999.578125,8.892448671036913,0.2497416465725112,0.6930761281433,0.047192559421288326,0.009989665862900447,57523678.375,66784252.53530249,817806327.6226928
6CLOUDLANDGA_361633,8TRICO STEEL_360014,199.42705181454434,500,490408337.57962734,6CLOUDLANDGA_361633-8TRICO_STEEL_360014,1883,0,417064120.8125,442973569.21875,6.2123417271604975,0.3983005841741901,0.5921402018056293,0.009559214020180564,0.0,25909448.40625,30465841.788933307,520874179.3685607
8MAGNOL CC1_360613,8TRICO STEEL_360014,225.68831806239018,500,544511488.2948313,8MAGNOL_CC1_360613-8TRICO_STEEL_360014,2210,0,480194513.109375,625962480.046875,30.35602510191493,0.05520361990950226,0.28009049773755657,0.27828054298642535,0.38642533936651585,145767966.9375,165292044.06958956,709803532.3644209
6ROCK SPG GA_361500,8TRICO STEEL_360014,223.19034400792566,500,550486222.8868929,6ROCK_SPG_GA_361500-8TRICO_STEEL_360014,2111,0,468951735.296875,501882544.796875,7.022217217972937,0.39365229748934155,0.5717669351018475,0.021316911416390336,0.013263855992420654,32930809.5,38656338.326132275,589142561.2130252
6WID CRK FP_360068,8TRICO STEEL_360014,176.33433103515793,500,429842219.9717972,6WID_CRK_FP_360068-8TRICO_STEEL_360014,1626,0,357051428.25,371754807.453125,4.118000388680709,0.6107011070110702,0.37822878228782286,0.01107011070110701,0.0,14703379.203125,17700904.2891524,447543124.2609496
6WRINGOLD GA_361504,8TRICO STEEL_360014,261.08144140571943,500,644878373.4144044,6WRINGOLD_GA_361504-8TRICO_STEEL_360014,2520,0,560593252.9375,597944037.015625,6.662724512363916,0.37182539682539684,0.6095238095238096,0.01865079365079365,0.0,37350784.078125,42966469.46041523,687844842.8748196
6BATTLFLD GA_361530,8TRICO STEEL_360014,230.77236995346118,500,571460961.9890308,6BATTLFLD_GA_361530-8TRICO_STEEL_360014,2124,0,473977308.984375,500502921.515625,5.596388693814958,0.5875706214689266,0.3578154425612053,0.04143126177024482,0.013182674199623353,26525612.53125,31981176.666320313,603442138.6553512
6S HAVEN CC_360594,8TRICO STEEL_360014,331.72175310927025,500,813120268.3828373,6S_HAVEN_CC_360594-8TRICO_STEEL_360014,3343,0,738193533.84375,1014666549.703125,37.4526466548398,0.03649416691594376,0.18516302722105893,0.17110379898294945,0.6072390068800478,276473015.859375,304535060.9963091,1117655329.3791463
6CONCORD TN_361509,8TRICO STEEL_360014,282.86848034953164,500,700449422.5043273,6CONCORD_TN_361509-8TRICO_STEEL_360014,2719,0,606344273.75,649857517.859375,7.17632638637169,0.3324751746965796,0.643251195292387,0.024273630011033467,0.0,43513244.109375,50266536.73036616,750715959.2346934
8BRADLEY TN_360662,8TRICO STEEL_360014,288.8569998214377,500,712997865.463949,8BRADLEY_TN_360662-8TRICO_STEEL_360014,2764,0,614371674.515625,665080592.5,8.253785141438087,0.32706222865412443,0.5965991316931982,0.07633863965267727,0.0,50708917.984375,58849311.878434144,771847177.3423831
8RACCOON MTN_360079,8TRICO STEEL_360014,217.90127255566742,500,534044324.1385725,8RACCOON_MTN_360079-8TRICO_STEEL_360014,1993,0,439921797.734375,459529233.484375,4.4570275560291694,0.5925740090316106,0.38936276969392875,0.01806322127446061,0.0,19607435.75,23802502.688265916,557846826.8268384
8BENTON MS_360612,8TRICO STEEL_360014,286.4422530965158,500,695535259.0561125,8BENTON_MS_360612-8TRICO_STEEL_360014,2808,0,613883789.109375,847723753.671875,38.09189437983953,0.06517094017094018,0.15313390313390313,0.12321937321937322,0.6584757834757835,233839964.5625,264942556.25419766,960477815.3103101
8SEQUOYAH NP_360081,8TRICO STEEL_360014,277.5268764015817,500,691330540.2599666,8SEQUOYAH_NP_360081-8TRICO_STEEL_360014,2530,0,567490308.6875,587955127.125,3.6061969912457803,0.6806324110671936,0.2992094861660079,0.02015810276679842,0.0,20464818.4375,24930741.142418113,716261281.4023848
8FRANKLIN TN_360069,8TRICO STEEL_360014,185.75299336056275,500,447678994.1197225,8FRANKLIN_TN_360069-8TRICO_STEEL_360014,1700,0,368894888.375,412122666.140625,11.718182910054797,0.24529411764705883,0.5429411764705883,0.21176470588235294,0.0,43227777.765625,52459843.38084254,500138837.50056505
8SHELBY TN_360021,8TRICO STEEL_360014,291.38695439124166,500,702949812.0819459,8SHELBY_TN_360021-8TRICO_STEEL_360014,2853,0,619386880.484375,855978389.671875,38.19769463028986,0.06414300736067298,0.1507185418857343,0.12127584998247459,0.6638626007711181,236591509.1875,268510622.6232581,971460434.705204
8HAYWOOD TN_360542,8TRICO STEEL_360014,240.81554528989707,500,580707498.1126403,8HAYWOOD_TN_360542-8TRICO_STEEL_360014,2265,0,491813961.15625,664619012.515625,35.13626391432889,0.08079470198675497,0.18984547461368653,0.15275938189845475,0.5766004415011038,172805051.359375,204038919.10715374,784746417.219794
8HIWASSEE TN_360110,8TRICO STEEL_360014,321.69677897827904,500,780032530.344825,8HIWASSEE_TN_360110-8TRICO_STEEL_360014,2969,0,648238207.15625,693207736.234375,6.937192004680104,0.5412596833950826,0.33748736948467495,0.12125294712024251,0.0,44969529.078125,54112354.32898511,834144884.6738101
8LAG CRK CC_360615,8TRICO STEEL_360014,264.40368163150305,500,636649373.1529586,8LAG_CRK_CC_360615-8TRICO_STEEL_360014,2472,0,536101068.515625,731049674.203125,36.364151675220555,0.07402912621359223,0.1739482200647249,0.13996763754045308,0.6120550161812298,194948605.6875,231512143.69268277,868161516.8456414
8MAURY TN_360050,8TRICO STEEL_360014,158.61144796863002,500,383768852.6962213,8MAURY_TN_360050-8TRICO_STEEL_360014,1555,0,338873281.03125,391586803.484375,15.555526329107039,0.12090032154340837,0.5376205787781351,0.3414790996784566,0.0,52713522.453125,59697264.92407271,443466117.620294
8JACKSON TN_360019,8TRICO STEEL_360014,223.68969460427084,500,539344751.5125043,8JACKSON_TN_360019-8TRICO_STEEL_360014,1984,0,430853023.671875,586298390.578125,36.07851363824537,0.09475806451612903,0.10735887096774194,0.23487903225806453,0.5630040322580645,155445366.90625,194587569.73159945,733932321.2441038
8RUTHERFORD_360010,8TRICO STEEL_360014,188.2463115504974,500,456071939.14828825,8RUTHERFORD_360010-8TRICO_STEEL_360014,1748,0,381315790.03125,446906357.8125,17.201115058958006,0.10755148741418764,0.4965675057208238,0.3792906178489702,0.016590389016018305,65590567.78125,78449459.004518,534521398.1528063
8ANDERSON TN_360120,8TRICO STEEL_360014,371.0129542381883,500,908641673.7296909,8ANDERSON_TN_360120-8TRICO_STEEL_360014,3355,0,739237708.875,784207237.953125,6.083229864796991,0.5940387481371088,0.2986587183308495,0.10730253353204174,0.0,44969529.078125,55274761.66031579,963916435.3900067
8BULL RUN FP_360093,8TRICO STEEL_360014,459.0436619427714,500,1138933244.1395597,8BULL_RUN_FP_360093-8TRICO_STEEL_360014,4114,0,919212891.171875,966399048.359375,5.133321958457726,0.6966456003889159,0.19980554205153137,0.09479824987846379,0.008750607681088965,47186157.1875,58465110.313590966,1197398354.4531507
8JVILLE FP_360037,8TRICO STEEL_360014,211.67409075835647,500,508754252.865981,8JVILLE_FP_360037-8TRICO_STEEL_360014,1976,0,427704835.53125,532687731.21875,24.54564151866585,0.152834008097166,0.24190283400809717,0.40131578947368424,0.20394736842105263,104982895.6875,124876995.11945048,633631247.9854314
8PIN HOOK TN_360581,8TRICO STEEL_360014,217.61409075835653,500,537834878.7679241,8PIN_HOOK_TN_360581-8TRICO_STEEL_360014,2042,0,454326897.984375,535757289.171875,17.92330402376936,0.0920666013712047,0.46963761018609207,0.4382957884427032,0.0,81430391.1875,96397780.4674464,634232659.2353705
8PLATEAU TN_360077,8TRICO STEEL_360014,311.26290880799223,500,754957911.7067996,8PLATEAU_TN_360077-8TRICO_STEEL_360014,2752,0,601367247.71875,653238560.34375,8.625563301255701,0.46838662790697677,0.37681686046511625,0.14171511627906977,0.01308139534883721,51871312.625,65119372.57210813,820077284.2789078
8DAVIDSON TN_360048,8TRICO STEEL_360014,202.56407132471375,500,493273315.8679782,8DAVIDSON_TN_360048-8TRICO_STEEL_360014,1992,0,436766620.21875,519178838.34375,18.868707980414044,0.09437751004016064,0.42168674698795183,0.4799196787148594,0.004016064257028112,82412218.125,93074301.51643418,586347617.3844124
8GLEASON CT_360582,8TRICO STEEL_360014,255.37957118441483,500,615534073.0368705,8GLEASON_CT_360582-8TRICO_STEEL_360014,2228,0,483421187.0,623795349.34375,29.03765207621114,0.0843806104129264,0.19254937163375224,0.4488330341113106,0.2742369838420108,140374162.34375,178736642.5389778,794270715.5758483
8LAG CRK CT_360568,8TRICO STEEL_360014,269.5091166273653,500,649577655.5789413,8LAG_CRK_CT_360568-8TRICO_STEEL_360014,2356,0,511569455.125,691984983.859375,35.26706431100175,0.07979626485568761,0.0904074702886248,0.34762308998302205,0.48217317487266553,180415528.734375,229086969.54292268,878664625.1218641
8CUMBERLAND_360040,8TRICO STEEL_360014,237.05125312202466,500,572344428.3163164,8CUMBERLAND_360040-8TRICO_STEEL_360014,2323,0,505150176.59375,639949204.9375,26.684941348077086,0.08092983211364614,0.19888075764098148,0.5630650021523892,0.1571244080929832,134799028.34375,152729775.00519612,725074203.3215125
8PHIPPS B NP_360102,8TRICO STEEL_360014,548.5342787869623,500,1368429143.217618,8PHIPPS_B_NP_360102-8TRICO_STEEL_360014,5011,0,1126485847.765625,1173672004.953125,4.188792720396206,0.7509479145879066,0.1640391139493115,0.07782877669127919,0.007184194771502694,47186157.1875,57320660.33487975,1425749803.5524976
8MONTGOMERY_360044,8TRICO STEEL_360014,267.8206557114764,500,653619544.1099107,8MONTGOMERY_360044-8TRICO_STEEL_360014,2645,0,581264038.015625,734368731.203125,26.339956228873795,0.07107750472589792,0.33686200378071834,0.3383742911153119,0.2536862003780718,153104693.1875,172163101.82191494,825782645.9318256
8MARSHALL KY_360015,8TRICO STEEL_360014,344.52498674663434,500,829891935.5986664,8MARSHALL_KY_360015-8TRICO_STEEL_360014,3163,0,685764838.703125,908188748.0625,32.434428947977125,0.05943724312361682,0.18210559595320897,0.36294656971229844,0.39551059121087573,222423909.359375,269170710.1967415,1099062645.795408
7SHAWNEE FP_360002,8TRICO STEEL_360014,376.8567464188152,500,902840044.0950748,7SHAWNEE_FP_360002-8TRICO_STEEL_360014,3352,0,722822501.796875,966993727.515625,33.78024689488237,0.05608591885441527,0.17213603818615753,0.3198090692124105,0.4519689737470167,244171225.71875,304981595.9611811,1207821640.0562558
8PARADISE CC_360117,8TRICO STEEL_360014,343.4063115504974,500,834871714.4189138,8PARADISE_CC_360117-8TRICO_STEEL_360014,3472,0,759900386.28125,955207425.5,25.70166336860684,0.05414746543778802,0.3983294930875576,0.2891705069124424,0.25835253456221197,195307039.21875,214575917.5996659,1049447632.0185797
8PARADISE CC_360117,8TRICO STEEL_360014,343.4063115504974,500,834871714.4189138,8PARADISE_CC_360117-8TRICO_STEEL_360014,3472,0,759900386.28125,955207425.5,25.70166336860684,0.05414746543778802,0.3983294930875576,0.2891705069124424,0.25835253456221197,195307039.21875,214575917.5996659,1049447632.0185797
8CHOCTAW MS_360654,8LIMESTONE_360088,325.34722697241796,500,792697497.6042407,8CHOCTAW_MS_360654-8LIMESTONE_360088,2865,0,628480798.546875,761661118.0,21.190833476703563,0.10715532286212914,0.4568935427574171,0.2642233856893543,0.17172774869109947,133180319.453125,167979206.69131085,960676704.2955515
8ACKERMAN CC_360627,8LIMESTONE_360088,303.7417399834491,500,739181290.0919564,8ACKERMAN_CC_360627-8LIMESTONE_360088,2685,0,588286289.9375,709457460.8125,20.597313408047178,0.11433891992551211,0.48752327746741153,0.21452513966480447,0.18361266294227188,121171170.875,152251486.97388664,891432777.065843
8CLAY_360688,8LIMESTONE_360088,266.00687640158174,500,645063249.0464162,8CLAY_360688-8LIMESTONE_360088,2402,0,524071109.84375,620026164.546875,18.309548628187812,0.12781015820149874,0.5553705245628643,0.15861781848459616,0.1582014987510408,95955054.703125,118108169.26672181,763171418.313138
8COGEN CALED_360606,8LIMESTONE_360088,226.94275308376132,500,546889640.3066443,8COGEN_CALED_360606-8LIMESTONE_360088,2115,0,458817167.984375,524730571.875,14.365941052334307,0.17966903073286053,0.5763593380614658,0.17919621749408984,0.06477541371158392,65913403.890625,78565843.34777564,625455483.6544199
8E POINT AL_360058,8LIMESTONE_360088,171.55664925060148,500,425011244.0693131,8E_POINT_AL_360058-8LIMESTONE_360088,1657,0,369718534.25,392166486.75,6.07163299117186,0.38503319251659623,0.6149668074834037,0.0,0.0,22447952.5,25805122.91110237,450816366.98041546
6CENTER PNT_360533,8LIMESTONE_360088,247.14423361185519,500,619025985.9467032,6CENTER_PNT_360533-8LIMESTONE_360088,2361,0,532205316.59375,581655740.203125,9.291606466066593,0.24777636594663277,0.6768318509106311,0.06310885218127912,0.01228293096145701,49450423.609375,57517458.53685635,676543444.4835596
8BR FERRY NP_360052,8LIMESTONE_360088,26.97770778110976,500,65816537.995169066,8BR_FERRY_NP_360052-8LIMESTONE_360088,273,0,59888183.078125,59888183.078125,0.0,1.0,0.0,0.0,0.0,0.0,0.0,65816537.995169066
6LOOPERS FRM_360602,8LIMESTONE_360088,253.89533100964903,500,637165809.4004359,6LOOPERS_FRM_360602-8LIMESTONE_360088,2424,0,547443091.515625,598417293.03125,9.311324282949718,0.24133663366336633,0.6852310231023102,0.06146864686468647,0.011963696369636964,50974201.515625,59328574.7333559,696494384.1337918
6COUNTY LINE_360013,8LIMESTONE_360088,220.38910375663315,500,555183679.316241,6COUNTY_LINE_360013-8LIMESTONE_360088,2101,0,475762935.671875,510300265.5625,7.259356982454124,0.33127082341742026,0.6406473108043789,0.028081865778200855,0.0,34537329.890625,40302765.18988925,595486444.5061302
6YOUNG GA_361454,8LIMESTONE_360088,186.49199338607164,500,468304941.60196245,6YOUNG_GA_361454-8LIMESTONE_360088,1772,0,400248354.890625,430443977.734375,7.544221600111634,0.3718961625282167,0.5801354401805869,0.03216704288939052,0.01580135440180587,30195622.84375,35329962.558725424,503634904.16068786
6KENSNGTN GA_361503,8LIMESTONE_360088,186.6911816952753,500,468833622.63304424,6KENSNGTN_GA_361503-8LIMESTONE_360088,1768,0,399268802.65625,428387505.578125,7.293007299381893,0.39649321266968324,0.5554298642533937,0.03223981900452489,0.01583710407239819,29118702.921875,34192070.320584476,503025692.9536287
6ALPHA GA_361502,8LIMESTONE_360088,272.96583099689457,500,683260603.1258719,6ALPHA_GA_361502-8LIMESTONE_360088,2604,0,586676104.4375,641573608.453125,9.357378560400086,0.22465437788018433,0.706989247311828,0.057219662058371736,0.011136712749615975,54897504.015625,63935281.18856066,747195884.3144325
6CLOUDLANDGA_361633,8LIMESTONE_360088,160.5940973212671,500,402238302.72525245,6CLOUDLANDGA_361633-8LIMESTONE_360088,1582,0,356875877.234375,375218913.109375,5.139892339361829,0.4854614412136536,0.5145385587863464,0.0,0.0,18343035.875,20674615.70775429,422912918.43300676
6ROCK SPG GA_361500,8LIMESTONE_360088,190.7294868869333,500,478046438.8399286,6ROCK_SPG_GA_361500-8LIMESTONE_360088,1805,0,406830736.984375,436873081.828125,7.384482565510742,0.385595567867036,0.5673130193905818,0.031578947368421054,0.01551246537396122,30042344.84375,35301255.9311795,513347694.77110815
6WID CRK FP_360068,8LIMESTONE_360088,135.29925317304247,500,338907630.52708113,6WID_CRK_FP_360068-8LIMESTONE_360088,1320,0,297966765.0,312027155.3125,4.7187780531496415,0.5234848484848484,0.4765151515151515,0.0,0.0,14060390.3125,15992298.889761379,354899929.4168425
6WRINGOLD GA_361504,8LIMESTONE_360088,228.62058428472707,500,572438589.3674402,6WRINGOLD_GA_361504-8LIMESTONE_360088,2214,0,498472254.625,532958397.484375,6.9183675800208455,0.3617886178861789,0.6115627822944896,0.026648599819331528,0.0,34486142.859375,39603405.78232564,612041995.1497658
6BATTLFLD GA_361530,8LIMESTONE_360088,177.83481158876072,500,456697329.4990727,6BATTLFLD_GA_361530-8LIMESTONE_360088,1728,0,399746347.40625,424329323.765625,6.149643772577629,0.5069444444444444,0.44675925925925924,0.03009259259259259,0.016203703703703703,24582976.359375,28085258.883068055,484782588.38214076
6S HAVEN CC_360594,8LIMESTONE_360088,343.9096751706281,500,838440574.2444329,6S_HAVEN_CC_360594-8LIMESTONE_360088,3437,0,754825815.703125,1062068246.09375,40.70375230932275,0.10823392493453593,0.03520512074483561,0.1245272039569392,0.7320337503636892,307242430.390625,341276774.6013173,1179717348.8457503
6CONCORD TN_361509,8LIMESTONE_360088,250.40762322853925,500,628009638.4735432,6CONCORD_TN_361509-8LIMESTONE_360088,2413,0,544223275.4375,584871878.328125,7.469104083787603,0.3182760049730626,0.6493990882718608,0.03232490675507667,0.0,40648602.890625,46906693.55380717,674916332.0273503
8BRADLEY TN_360662,8LIMESTONE_360088,256.3961427004453,500,640558081.4169847,8BRADLEY_TN_360662-8LIMESTONE_360088,2458,0,552250676.203125,600094952.96875,8.663507140374648,0.3124491456468674,0.596826688364524,0.09072416598860862,0.0,47844276.765625,55494795.121807314,696052876.538792
8BENTON MS_360612,8LIMESTONE_360088,304.1305842847271,500,737573696.5870421,8BENTON_MS_360612-8LIMESTONE_360088,3053,0,666549663.296875,930963543.6875,39.669044176361325,0.12184736324926301,0.03963314772355061,0.13101867016049787,0.7075008188666885,264413880.390625,292588435.532335,1030162132.1193771
8FRANKLIN TN_360069,8LIMESTONE_360088,116.99197395242889,500,283434011.48690856,8FRANKLIN_TN_360069-8LIMESTONE_360088,1117,0,243587634.921875,262724304.109375,7.856174306071662,0.21217547000895254,0.7878245299910475,0.0,0.0,19136669.1875,22267069.98510271,305701081.47201127
8HAYWOOD TN_360542,8LIMESTONE_360088,257.9638764781084,500,620071379.8654369,8HAYWOOD_TN_360542-8LIMESTONE_360088,2504,0,542170871.9375,743139017.21875,37.06730768531901,0.1485623003194888,0.04832268370607029,0.17172523961661343,0.6313897763578274,200968145.28125,229843766.2433247,849915146.1087615
8HIWASSEE TN_360110,8LIMESTONE_360088,241.17683097138567,500,603965872.1504638,8HIWASSEE_TN_360110-8LIMESTONE_360088,2187,0,492356340.25,515007211.6875,4.600503656761834,0.5880201188843164,0.40100594421582075,0.0,0.010973936899862825,22650871.4375,27785472.03387559,631751344.1843394
8LAG CRK CC_360615,8LIMESTONE_360088,281.3592206135786,500,675956356.1542915,8LAG_CRK_CC_360615-8LIMESTONE_360088,2713,0,587270605.78125,810788619.09375,38.06048031556977,0.13711758201253224,0.044600073719130114,0.158496129745669,0.6597862145226686,223518013.3125,257272235.87594682,933228592.0302384
8JACKSON TN_360019,8LIMESTONE_360088,235.81301279420546,500,565990401.1484634,8JACKSON_TN_360019-8LIMESTONE_360088,2139,0,462364624.0,619515013.53125,33.98841117465119,0.17391304347826086,0.0565684899485741,0.2445067788686302,0.5250116877045349,157150389.53125,192371144.75139743,758361545.8998609
8ANDERSON TN_360120,8LIMESTONE_360088,290.4930062312949,500,732575015.5353298,8ANDERSON_TN_360120-8LIMESTONE_360088,2573,0,583355841.96875,606006713.40625,3.8828567073325715,0.6498251068791294,0.34084726000777305,0.0,0.009327633113097552,22650871.4375,28444838.12695618,761019853.662286
8BULL RUN FP_360093,8LIMESTONE_360088,390.9829996683843,500,973895092.3685658,8BULL_RUN_FP_360093-8LIMESTONE_360088,3516,0,788089576.640625,808714302.59375,2.61705351326198,0.7312286689419796,0.2687713310580205,0.0,0.0,20624725.953125,25487355.730317555,999382448.0988834
8JVILLE FP_360037,8LIMESTONE_360088,201.53580500034124,500,488574295.342962,8JVILLE_FP_360037-8LIMESTONE_360088,1754,0,382812856.671875,445930046.6875,16.487740397320415,0.09064994298745724,0.5427594070695553,0.36259977194982895,0.003990877993158495,63117190.015625,80554861.4641851,569129156.8071471
8DAVIDSON TN_360048,8LIMESTONE_360088,175.67855833919157,500,430124636.9340714,8DAVIDSON_TN_360048-8LIMESTONE_360088,1697,0,374367204.71875,446197691.5625,19.187173966724448,0.026517383618149676,0.5279905715969357,0.42192103712433704,0.02357100766057749,71830486.84375,82528762.3622822,512653399.29635364
8GLEASON CT_360582,8LIMESTONE_360088,255.34183740675175,500,614120310.7738831,8GLEASON_CT_360582-8LIMESTONE_360088,2199,0,476051398.4375,606923428.25,27.491155417681632,0.17871759890859482,0.15097771714415645,0.3747157798999545,0.2955889040472942,130872029.8125,168828769.08639765,782949079.8602808
8LAG CRK CT_360568,8LIMESTONE_360088,275.4166815549763,500,662695325.8992945,8LAG_CRK_CT_360568-8LIMESTONE_360088,2403,0,520530800.8125,664838345.96875,27.723152007719687,0.16354556803995007,0.138160632542655,0.4273824386183937,0.27091136079900124,144307545.15625,183720032.5471148,846415358.4464092
8CUMBERLAND_360040,8LIMESTONE_360088,223.09678554118963,500,540812053.2344141,8CUMBERLAND_360040-8LIMESTONE_360088,2047,0,446747387.375,556276680.46875,24.51705285560206,0.021983390327308255,0.42501221299462627,0.3707865168539326,0.18221787982413287,109529293.09375,132591176.94094805,673403230.1753621
7SHAWNEE FP_360002,8LIMESTONE_360088,376.81901264115214,500,901426281.8320875,7SHAWNEE_FP_360002-8LIMESTONE_360088,3323,0,715452713.234375,950121806.421875,32.800084316770885,0.11826662654228107,0.14444778814324405,0.26963587120072224,0.4676497141137526,234669093.1875,295668580.4944575,1197094862.326545
8CHOCTAW MS_360654,8HAYWOOD TN_360542,272.560493424335,500,663343200.3890057,8CHOCTAW_MS_360654-8HAYWOOD_TN_360542,2824,0,618933322.140625,893347822.25,44.336682206783266,0.0,0.0,0.27514164305949007,0.7248583569405099,274414500.109375,294104366.69677895,957447567.0857847
8ACKERMAN CC_360627,8HAYWOOD TN_360542,259.3320453791782,500,631707643.0694557,8ACKERMAN_CC_360627-8HAYWOOD_TN_360542,2694,0,591032994.953125,866929824.6875,46.680444592819455,0.0,0.0,0.1544172234595397,0.8455827765404603,275896829.734375,294883936.311643,926591579.3810987
8CLAY_360688,8HAYWOOD TN_360542,256.9502985777296,500,621197902.0559767,8CLAY_360688-8HAYWOOD_TN_360542,2547,0,554805031.015625,819699991.3125,47.74559448604112,0.0,0.0,0.10600706713780919,0.8939929328621908,264894960.296875,296594631.2714416,917792533.3274183
8COGEN CALED_360606,8HAYWOOD TN_360542,249.07590242364395,500,610847685.0056615,8COGEN_CALED_360606-8HAYWOOD_TN_360542,2334,0,515410166.609375,736015377.265625,42.8018741088289,0.0,0.014995715509854327,0.3157669237360754,0.6692373607540703,220605210.65625,261454257.1328189,872301942.1384804
8E POINT AL_360058,8HAYWOOD TN_360542,305.4976880923781,500,739283057.2329743,8E_POINT_AL_360058-8HAYWOOD_TN_360542,2847,0,620401685.375,815173672.015625,31.3944966998108,0.0,0.37969792764313315,0.16157358623112048,0.4587284861257464,194771986.640625,232094195.0052665,971377252.2382407
6CENTER PNT_360533,8HAYWOOD TN_360542,471.0998828879655,500,1153355409.0183425,6CENTER_PNT_360533-8HAYWOOD_TN_360542,4663,0,1026944248.234375,1296817396.5,26.27924044850709,0.11022946600900707,0.31203088140681967,0.27021230967188503,0.3075273429122882,269873148.265625,303093041.16179264,1456448450.1801353
8BR FERRY NP_360052,8HAYWOOD TN_360542,234.88065571147646,500,564003639.6020424,8BR_FERRY_NP_360052-8HAYWOOD_TN_360542,2279,0,492899944.390625,695691974.984375,41.142636127594415,0.027643703378674857,0.08995173321632295,0.18867924528301888,0.6937253181219833,202792030.59375,232045965.18785733,796049604.7898998
6LOOPERS FRM_360602,8HAYWOOD TN_360542,477.85098028575936,500,1171495232.472075,6LOOPERS_FRM_360602-8HAYWOOD_TN_360542,4726,0,1042182023.15625,1313578949.328125,26.041221220641386,0.10876005078290309,0.32120186203977996,0.2666102412187897,0.3034278459585273,271396926.171875,305071665.07732016,1476566897.549395
6COUNTY LINE_360013,8HAYWOOD TN_360542,443.5021296766598,500,1086483450.5861301,6COUNTY_LINE_360013-8HAYWOOD_TN_360542,4445,0,979680450.21875,1233836024.09375,25.94270140005859,0.1439820022497188,0.28346456692913385,0.25646794150731156,0.3160854893138358,254155573.875,281863157.3466129,1368346607.932743
6YOUNG GA_361454,8HAYWOOD TN_360542,406.420201154427,500,999297972.67716,6YOUNG_GA_361454-8HAYWOOD_TN_360542,4156,0,919833837.515625,1117819220.28125,21.524037787124996,0.1653031761308951,0.43671799807507217,0.11814244465832531,0.2798363811357074,197985382.765625,215089273.24500597,1214387245.9221659
6KENSNGTN GA_361503,8HAYWOOD TN_360542,406.71578556669846,500,999672202.9183663,6KENSNGTN_GA_361503-8HAYWOOD_TN_360542,4151,0,918281162.703125,1113675754.890625,21.278296901171423,0.19079739821729705,0.41074439894001447,0.11828475066249097,0.28017345218019757,195394592.1875,212713219.37545082,1212385422.293817
6ALPHA GA_361502,8HAYWOOD TN_360542,488.41523358634635,500,1190558841.7165217,6ALPHA_GA_361502-8HAYWOOD_TN_360542,4978,0,1092138259.828125,1289096887.78125,18.034221050375198,0.295299316994777,0.36540779429489756,0.11992768179991965,0.21936520691040579,196958627.953125,214708013.24994412,1405266854.966466
6CLOUDLANDGA_361633,8HAYWOOD TN_360542,380.41065571147647,500,931922236.4436305,6CLOUDLANDGA_361633-8HAYWOOD_TN_360542,3896,0,859183274.875,1050690902.5,22.28949669124576,0.15580082135523615,0.4260780287474333,0.12602669404517453,0.29209445585215604,191507627.625,207720776.0570865,1139643012.500717
6ROCK SPG GA_361500,8HAYWOOD TN_360542,410.75409075835654,500,1008929406.1553739,6ROCK_SPG_GA_361500-8HAYWOOD_TN_360542,4188,0,925889377.96875,1122203892.015625,21.202804429785882,0.1879178605539637,0.4171442215854823,0.11723973256924547,0.2776981852913085,196314514.046875,213921328.82172403,1222850734.977098
6WID CRK FP_360068,8HAYWOOD TN_360542,346.9577920785913,500,843876574.1599351,6WID_CRK_FP_360068-8HAYWOOD_TN_360542,3533,0,773131148.203125,959032096.375,24.045202240776,0.12454005094820265,0.4172091706764789,0.13897537503538068,0.3192754033399377,185900948.171875,202911828.91928846,1046788403.0792236
6WRINGOLD GA_361504,8HAYWOOD TN_360542,451.73361020475363,500,1103738360.6373293,6WRINGOLD_GA_361504-8HAYWOOD_TN_360542,4558,0,1002389769.171875,1256494156.015625,25.349858374320643,0.16344888108819658,0.2781921895568232,0.25010969723562965,0.30824923211935057,254104386.84375,279796111.2446114,1383534471.8819408
6BATTLFLD GA_361530,8HAYWOOD TN_360542,389.1666946807976,500,958100498.558604,6BATTLFLD_GA_361530-8HAYWOOD_TN_360542,4014,0,889852961.03125,1087549867.859375,22.216806088841267,0.15819631290483308,0.4190333831589437,0.1352765321375187,0.28749377179870456,197696906.828125,212859329.9009865,1170959828.4595904
6S HAVEN CC_360594,8HAYWOOD TN_360542,154.27135054532735,500,388621660.81051505,6S_HAVEN_CC_360594-8HAYWOOD_TN_360542,1455,0,331103760.046875,494288112.0,49.2849588690937,0.0,0.0,0.02336769759450172,0.9766323024054983,163184351.953125,191532025.68685114,580153686.4973662
6CONCORD TN_361509,8HAYWOOD TN_360542,473.52064914856584,500,1159309409.7434325,6CONCORD_TN_361509-8HAYWOOD_TN_360542,4757,0,1048140789.984375,1308407636.859375,24.83128691889569,0.149674164389321,0.3113306705907084,0.24364095017868403,0.29535421484128654,260266846.875,287871445.81114775,1447180855.5545802
8BRADLEY TN_360662,8HAYWOOD TN_360542,456.88151283246884,500,1112215035.26568,8BRADLEY_TN_360662-8HAYWOOD_TN_360542,4691,0,1027901186.328125,1216824828.203125,18.37955285856554,0.31336602003837133,0.33425708804092946,0.1195907056064805,0.2327861863142187,188923641.875,204420150.307569,1316635185.573249
8BENTON MS_360612,8HAYWOOD TN_360542,84.8917596721808,500,212689627.61649477,8BENTON_MS_360612-8HAYWOOD_TN_360542,774,0,175450649.15625,260808445.78125,48.65060177063434,0.0,0.0,0.04392764857881137,0.9560723514211886,85357796.625,103474783.73914598,316164411.35564077
8FRANKLIN TN_360069,8HAYWOOD TN_360542,304.759753160288,500,735991844.7269977,8FRANKLIN_TN_360069-8HAYWOOD_TN_360542,3171,0,689276692.609375,870966751.59375,26.35952454689221,0.06496373383790602,0.4251024913276569,0.16556291390728478,0.3443708609271523,181690058.984375,194003950.97393775,929995795.7009355
8ANDERSON TN_360120,8HAYWOOD TN_360542,478.161817973109,500,1171109847.8194034,8ANDERSON_TN_360120-8HAYWOOD_TN_360542,4792,0,1055885084.046875,1235106901.34375,16.973610102528802,0.3921118530884808,0.2767111853088481,0.10329716193656094,0.2278797996661102,179221817.296875,198779619.44118392,1369889467.2605872
8BULL RUN FP_360093,8HAYWOOD TN_360542,570.6451036035799,500,1400202219.942366,8BULL_RUN_FP_360093-8HAYWOOD_TN_360542,5610,0,1238601066.015625,1432447916.421875,15.650466944116491,0.37076648841354726,0.3415329768270945,0.09304812834224599,0.1946524064171123,193846850.40625,219138185.58286527,1619340405.5252311
8DAVIDSON TN_360048,8HAYWOOD TN_360542,230.51872062633302,500,558634510.7960148,8DAVIDSON_TN_360048-8HAYWOOD_TN_360542,2180,0,475596660.375,684204195.453125,43.86227920810912,0.0,0.006880733944954129,0.2922018348623853,0.7009174311926606,208607535.078125,245029828.87820253,803664339.6742173
8GLEASON CT_360582,8HAYWOOD TN_360542,105.10402589451773,500,250767645.9120061,8GLEASON_CT_360582-8HAYWOOD_TN_360542,970,0,208303493.5,298223907.9375,43.167981931853674,0.0,0.0,0.3402061855670103,0.6597938144329897,89920414.4375,108251332.0782296,359018977.9902357
8CUMBERLAND_360040,8HAYWOOD TN_360542,183.45311021750814,500,444268665.5710186,8CUMBERLAND_360040-8HAYWOOD_TN_360542,1609,0,351347885.140625,473971854.4375,34.90101249586159,0.1665630826600373,0.11622125543816035,0.10068365444375388,0.6165320074580485,122623969.296875,155054262.48613873,599322928.0571573
7SHAWNEE FP_360002,8HAYWOOD TN_360542,212.5629284967239,500,506493784.0301517,7SHAWNEE_FP_360002-8HAYWOOD_TN_360542,2176,0,466537090.234375,689177777.25,47.72196930875885,0.0,0.0,0.11213235294117647,0.8878676470588235,222640687.015625,241708808.16564032,748202592.1957921
8CHOCTAW MS_360654,8CLAY_360688,79.82882461254628,500,194718920.87022147,8CHOCTAW_MS_360654-8CLAY_360688,731,0,160412697.8125,220852520.53125,37.67770478456494,0.0,0.0,0.612859097127223,0.387140902872777,60439822.71875,73365620.16517264,268084541.0353941
8ACKERMAN CC_360627,8CLAY_360688,57.16892203584896,500,140566567.89743084,8ACKERMAN_CC_360627-8CLAY_360688,531,0,117417543.890625,163109405.9375,38.91399916305283,0.0,0.0,0.5499058380414312,0.4500941619585687,45691862.046875,54700073.05513832,195266640.95256916
6CENTER PNT_360533,8CLAY_360688,427.28725296897125,500,1048270695.5948627,6CENTER_PNT_360533-8CLAY_360688,4054,0,895121821.765625,1018007669.609375,13.7283937063849,0.25505673408978785,0.5488406512086828,0.08140108534780464,0.11470152935372471,122885847.84375,143910728.19992232,1192181423.794785
8BR FERRY NP_360052,8CLAY_360688,242.26012316476704,500,588105861.7202702,8BR_FERRY_NP_360052-8CLAY_360688,2163,0,472475101.921875,568671660.75,20.360132933318333,0.026352288488210817,0.6218215441516413,0.17614424410540916,0.17568192325473878,96196558.828125,119739135.2348843,707844996.9551544
6LOOPERS FRM_360602,8CLAY_360688,434.0383503667651,500,1066410519.0485955,6LOOPERS_FRM_360602-8CLAY_360688,4117,0,910359596.6875,1034769222.4375,13.665987177230377,0.2511537527325723,0.5557444741316493,0.0801554529997571,0.11294632013602138,124409625.75,145735524.78981698,1212146043.8384125
6COUNTY LINE_360013,8CLAY_360688,420.3512334332931,500,1031832828.4015372,6COUNTY_LINE_360013-8CLAY_360688,3839,0,848371890.34375,964086322.0625,13.639588137681447,0.29643136233394113,0.4800729356603282,0.11930190153685856,0.1041938004688721,115714431.71875,140737748.06335902,1172570576.4648962
6YOUNG GA_361454,8CLAY_360688,386.4541230627314,500,944954090.6872586,6YOUNG_GA_361454-8CLAY_360688,3510,0,772857309.5625,884253857.671875,14.413598309943465,0.31339031339031337,0.43475783475783475,0.12991452991452992,0.12193732193732194,111396548.109375,136201886.84504035,1081155977.532299
6KENSNGTN GA_361503,8CLAY_360688,386.65331137193516,500,945482771.7183404,6KENSNGTN_GA_361503-8CLAY_360688,3506,0,771877757.328125,882197385.515625,14.292370409710253,0.3257273245864233,0.42213348545350826,0.13006274957216202,0.12207644038790645,110319628.1875,135131899.8939804,1080614671.612321
6ALPHA GA_361502,8CLAY_360688,453.1088503540106,500,1112505312.7740316,6ALPHA_GA_361502-8CLAY_360688,4297,0,949592609.609375,1077925537.859375,13.514524750017909,0.2406329997672795,0.5743542006050734,0.0767977658831743,0.10821503374447289,128332928.25,150349805.84011066,1262855118.6141424
6CLOUDLANDGA_361633,8CLAY_360688,366.9283243702118,500,894617702.617959,6CLOUDLANDGA_361633-8CLAY_360688,3315,0,727552077.171875,831773986.1875,14.32501016569896,0.318552036199095,0.43137254901960786,0.12941176470588237,0.12066365007541478,104221909.015625,128154076.84416512,1022771779.4621241
6ROCK SPG GA_361500,8CLAY_360688,390.69161656359313,500,954695587.9252248,6ROCK_SPG_GA_361500-8CLAY_360688,3543,0,779439691.65625,890682961.765625,14.27221006323036,0.32091447925486877,0.4295794524414338,0.12870448772226925,0.12080158058142818,111243270.109375,136256159.7730802,1090951747.698305
6WID CRK FP_360068,8CLAY_360688,343.8356035908253,500,834051585.010129,6WID_CRK_FP_360068-8CLAY_360688,3058,0,667539384.609375,760555224.421875,13.934135117275549,0.4247874427730543,0.30412034009156313,0.14028776978417265,0.13080444735120994,93015839.8125,116217874.80308971,950269459.8132187
6WRINGOLD GA_361504,8CLAY_360688,428.58271396138684,500,1049087738.4527361,6WRINGOLD_GA_361504-8CLAY_360688,3952,0,871081209.296875,986744453.984375,13.278124180966078,0.3145242914979757,0.4683704453441296,0.11589068825910931,0.10121457489878542,115663244.6875,139299172.6790429,1188386911.131779
6BATTLFLD GA_361530,8CLAY_360688,398.27364250912865,500,975670327.0273627,6BATTLFLD_GA_361530-8CLAY_360688,3556,0,784465265.34375,889303338.484375,13.364272170124103,0.43700787401574803,0.30230596175478064,0.14032620922384703,0.1203599550056243,104838073.140625,130391237.98707667,1106061565.0144393
6S HAVEN CC_360594,8CLAY_360688,233.3644673257461,500,574394120.3982632,6S_HAVEN_CC_360594-8CLAY_360688,2077,0,461201855.84375,667693422.3125,44.77249253279394,0.0,0.018777082330284064,0.23062108810784784,0.750601829561868,206491566.46875,257170564.66411984,831564685.062383
6CONCORD TN_361509,8CLAY_360688,450.36975290519905,500,1104658787.558839,6CONCORD_TN_361509-8CLAY_360688,4151,0,916832230.109375,1038657934.828125,13.287676929094939,0.2914960250542038,0.4972295832329559,0.11491206938087208,0.0963623223319682,121825704.71875,146783490.85967574,1251442278.4185147
8BRADLEY TN_360662,8CLAY_360688,456.35827237710515,500,1117207230.5022807,8BRADLEY_TN_360662-8CLAY_360688,4196,0,924859630.875,1053881009.46875,13.950374120198571,0.28836987607244996,0.4680648236415634,0.14823641563393708,0.09532888465204957,129021378.59375,155854588.35297737,1273061818.855258
8BENTON MS_360612,8CLAY_360688,243.90771408893136,500,591952652.0844955,8BENTON_MS_360612-8CLAY_360688,2219,0,485418637.671875,724300751.84375,49.21156618904905,0.0,0.0,0.04010815682739973,0.9598918431726002,238882114.171875,291309171.1883928,883261823.2728884
8ANDERSON TN_360120,8CLAY_360688,532.9666618662446,500,1311115781.6883569,8ANDERSON_TN_360120-8CLAY_360688,4744,0,1050186560.90625,1149221812.265625,9.430253161296731,0.5885328836424958,0.22976391231028667,0.09738617200674536,0.08431703204047218,99035251.359375,123641537.45092663,1434757319.1392834
8BULL RUN FP_360093,8CLAY_360688,627.5790643791697,500,1546123872.7241888,8BULL_RUN_FP_360093-8CLAY_360688,5584,0,1238378636.90625,1370400317.84375,10.66084935600311,0.4795845272206304,0.313932664756447,0.13198424068767908,0.07449856733524356,132021680.9375,164829936.92832702,1710953809.652516
7SHAWNEE FP_360002,8CLAY_360688,457.38798036228604,500,1101285590.6349363,7SHAWNEE_FP_360002-8CLAY_360688,4690,0,1016191591.40625,1490289233.84375,46.65435597448933,0.0,0.0,0.16780383795309167,0.8321961620469083,474097642.4375,513797699.75058055,1615083290.385517
8CHOCTAW MS_360654,8RACCOON MTN_360079,453.7182203839985,500,1103992762.5431418,8CHOCTAW_MS_360654-8RACCOON_MTN_360079,4054,0,887819793.328125,1026474453.953125,15.617432914536899,0.333744449925999,0.34410458806117417,0.2007893438579181,0.12136161815490873,138654660.625,172415329.07151783,1276408091.6146598
8ACKERMAN CC_360627,8RACCOON MTN_360079,432.1127333950296,500,1050476555.0308577,8ACKERMAN_CC_360627-8RACCOON_MTN_360079,3874,0,847625284.71875,974270796.765625,14.94121451189332,0.34925141972121837,0.3600929272070212,0.16339700567888488,0.12725864739287557,126645512.046875,156953955.48430753,1207430510.5151653
8CLAY_360688,8RACCOON MTN_360079,385.4025451113348,500,938253689.1769042,8CLAY_360688-8RACCOON_MTN_360079,3425,0,750409754.09375,848329650.453125,13.04885708443786,0.43416058394160584,0.3185401459854015,0.1305109489051095,0.11678832116788321,97919896.359375,122431382.99016005,1060685072.1670642
8COGEN CALED_360606,8RACCOON MTN_360079,338.21942176800553,500,823202902.6760814,8COGEN_CALED_360606-8RACCOON_MTN_360079,2984,0,653981408.4375,711069589.359375,8.72932780432869,0.4651474530831099,0.39075067024128685,0.12097855227882037,0.023123324396782843,57088180.921875,71860079.86934403,895062982.5454254
8E POINT AL_360058,8RACCOON MTN_360079,191.3298894508762,500,467068468.0544275,8E_POINT_AL_360058-8RACCOON_MTN_360079,1728,0,379664463.5625,392208422.203125,3.3039591124545797,0.6938657407407407,0.2957175925925926,0.010416666666666666,0.0,12543958.640625,15431751.211686265,482500219.26611376
6CENTER PNT_360533,8RACCOON MTN_360079,142.83586355635848,500,371310620.7944863,6CENTER_PNT_360533-8RACCOON_MTN_360079,1388,0,324918021.125,357304836.40625,9.967688209202286,0.1585014409221902,0.7809798270893372,0.04250720461095101,0.018011527377521614,32386815.28125,37011084.96844783,408321705.7629341
8BR FERRY NP_360052,8RACCOON MTN_360079,189.2850972957582,500,479288928.1879753,8BR_FERRY_NP_360052-8RACCOON_MTN_360079,1837,0,418966044.078125,437316503.609375,4.379939565658009,0.5557974959172564,0.4442025040827436,0.0,0.0,18350459.53125,20992565.39952333,500281493.5874986
6LOOPERS FRM_360602,8RACCOON MTN_360079,136.0454804260583,500,368464413.6169311,6LOOPERS_FRM_360602-8RACCOON_MTN_360079,1279,0,312865962.03125,341266840.3125,9.077650408775773,0.19859265050820954,0.7208756841282252,0.08053166536356529,0.0,28400878.28125,33447911.348890595,401912324.9658217
8LIMESTONE_360088,8RACCOON MTN_360079,163.9108505580818,500,417352959.05147123,8LIMESTONE_360088-8RACCOON_MTN_360079,1594,0,365608724.921875,383934970.09375,5.012529494691642,0.4887076537013802,0.5112923462986199,0.0,0.0,18326245.171875,20919940.169423327,438272899.2208946
6COUNTY LINE_360013,8RACCOON MTN_360079,111.63720123095362,500,291045775.46047896,6COUNTY_LINE_360013-8RACCOON_MTN_360079,1072,0,251543331.15625,273180425.171875,8.601736295757645,0.23134328358208955,0.7453358208955224,0.0,0.02332089552238806,21637094.015625,25034990.105053317,316080765.56553227
6YOUNG GA_361454,8RACCOON MTN_360079,62.04326619682802,500,161356710.5208645,6YOUNG_GA_361454-8RACCOON_MTN_360079,598,0,139999577.640625,151115915.125,7.940265014877634,0.36789297658862874,0.5903010033444817,0.0,0.04180602006688963,11116337.484375,12812150.434645582,174168860.95551008
8MADISON AL_360060,8RACCOON MTN_360079,126.9266038204054,500,329162084.47424316,8MADISON_AL_360060-8RACCOON_MTN_360079,1222,0,285567830.328125,293347802.421875,2.7243867367030106,0.7250409165302782,0.27495908346972175,0.0,0.0,7779972.09375,8967648.17167144,338129732.6459146
6KENSNGTN GA_361503,8RACCOON MTN_360079,62.338850609099595,500,161730940.7620708,6KENSNGTN_GA_361503-8RACCOON_MTN_360079,593,0,138446902.828125,146972449.734375,6.157990342936048,0.5480607082630692,0.40978077571669475,0.0,0.04215851602023609,8525546.90625,9959375.71366794,171690316.47573873
6ALPHA GA_361502,8RACCOON MTN_360079,116.54042199758561,500,320247500.6574489,6ALPHA_GA_361502-8RACCOON_MTN_360079,1095,0,271906127.46875,296211021.109375,8.93870758518245,0.2319634703196347,0.673972602739726,0.09406392694063927,0.0,24304893.640625,28625987.632624596,348873488.2900735
6CLOUDLANDGA_361633,8RACCOON MTN_360079,36.033720753877525,500,93980974.28733489,6CLOUDLANDGA_361633-8RACCOON_MTN_360079,338,0,79349015.0,83987597.34375,5.8457970067429255,0.41420118343195267,0.5857988165680473,0.0,0.0,4638582.34375,5493936.981796862,99474911.26913175
8MAGNOL CC1_360613,8RACCOON MTN_360079,382.8355452898971,500,934929796.2686071,8MAGNOL_CC1_360613-8RACCOON_MTN_360079,3843,0,845783548.125,1074836030.234375,27.081690417974748,0.15196461098100442,0.27374447046578193,0.19437939110070257,0.37991152745251106,229052482.109375,253194793.05086622,1188124589.3194733
6ROCK SPG GA_361500,8RACCOON MTN_360079,66.37715580075758,500,170988143.99907836,6ROCK_SPG_GA_361500-8RACCOON_MTN_360079,630,0,146055118.09375,155500586.859375,6.467057703217316,0.5079365079365079,0.4523809523809524,0.0,0.03968253968253968,9445468.765625,11057901.938080713,182046045.93715906
6WID CRK FP_360068,8RACCOON MTN_360079,42.0760584029638,500,107259262.79775232,6WID_CRK_FP_360068-8RACCOON_MTN_360079,372,0,85361440.96875,89610753.5,4.978023429578271,0.5564516129032258,0.41397849462365593,0.02956989247311828,0.0,4249312.53125,5339391.232465041,112598654.03021736
6WRINGOLD GA_361504,8RACCOON MTN_360079,119.86868175904758,500,308300685.5116781,6WRINGOLD_GA_361504-8RACCOON_MTN_360079,1185,0,274252650.109375,295838557.09375,7.870810719884136,0.2978902953586498,0.6810126582278481,0.0,0.02109704641350211,21585906.984375,24265763.404729437,332566448.9164075
6BATTLFLD GA_361530,8RACCOON MTN_360079,30.837110370561536,500,83049372.70528215,6BATTLFLD_GA_361530-8RACCOON_MTN_360079,296,0,71858239.25,81366329.671875,13.231733091588382,0.22635135135135134,0.543918918918919,0.17567567567567569,0.05405405405405406,9508090.421875,10988871.330601387,94038244.03588355
6S HAVEN CC_360594,8RACCOON MTN_360079,475.2838244850018,500,1167179887.0592818,6S_HAVEN_CC_360594-8RACCOON_MTN_360079,4806,0,1063532536.125,1401459513.265625,31.774014020470688,0.12151477320016646,0.2188930503537245,0.15543071161048688,0.5041614648356222,337926977.140625,370859900.95833015,1538039788.017612
6CONCORD TN_361509,8RACCOON MTN_360079,122.04321420372138,500,335008582.24030185,6CONCORD_TN_361509-8RACCOON_MTN_360079,1152,0,285605222.671875,316521891.84375,10.824966323320506,0.2204861111111111,0.5876736111111112,0.1918402777777778,0.0,30916669.171875,36264566.207746156,371273148.448048
8BRADLEY TN_360662,8RACCOON MTN_360079,85.0067012437081,500,241903694.20660728,8BRADLEY_TN_360662-8RACCOON_MTN_360079,808,0,207669053.96875,223938961.53125,7.834536370040146,0.31435643564356436,0.6027227722772277,0.08292079207920793,0.0,16269907.5625,18952032.903087344,260855727.10969463
8BENTON MS_360612,8RACCOON MTN_360079,431.431155698722,500,1058626862.3353295,8BENTON_MS_360612-8RACCOON_MTN_360079,4431,0,978915238.75,1267726996.296875,29.503244623678103,0.1317986910403972,0.24328593996840442,0.1916046039268788,0.4333107650643196,288811757.546875,312329272.8467603,1370956135.1820898
8FRANKLIN TN_360069,8RACCOON MTN_360079,86.67302592002662,500,219101871.32337523,8FRANKLIN_TN_360069-8RACCOON_MTN_360079,829,0,188616688.625,191721493.1875,1.6460921804606787,0.8311218335343787,0.16887816646562123,0.0,0.0,3104804.5625,3606618.771097098,222708490.09447232
8HAYWOOD TN_360542,8RACCOON MTN_360079,375.7247141654581,500,918724271.3774561,8HAYWOOD_TN_360542-8RACCOON_MTN_360079,3875,0,853386929.234375,1044814190.25,22.431473281101933,0.15070967741935484,0.4289032258064516,0.12670967741935485,0.2936774193548387,191427261.015625,206083389.46103248,1124807660.8384886
8HIWASSEE TN_360110,8RACCOON MTN_360079,106.3367012437081,500,263068204.4926542,8HIWASSEE_TN_360110-8RACCOON_MTN_360079,1045,0,233060467.9375,233764200.671875,0.30195285395364646,0.970334928229665,0.02966507177033493,0.0,0.0,703732.734375,794341.9513101842,263862546.4439644
8LAG CRK CC_360615,8RACCOON MTN_360079,398.5981492123382,500,973477550.2671766,8LAG_CRK_CC_360615-8RACCOON_MTN_360079,4084,0,898508629.765625,1112496741.53125,23.815921703661715,0.14299706170421156,0.4069539666993144,0.12022526934378061,0.3298237022526934,213988111.765625,231842651.1743549,1205320201.4415317
8MAURY TN_360050,8RACCOON MTN_360079,185.75125312202468,500,463904074.60226953,8MAURY_TN_360050-8RACCOON_MTN_360079,1753,0,395569069.578125,426249045.890625,7.755908808851064,0.2789503707929264,0.7050770108385624,0.0,0.015972618368511125,30679976.3125,35979976.98669644,499884051.58896595
8JACKSON TN_360019,8RACCOON MTN_360079,346.66175310927025,500,847118238.56789,8JACKSON_TN_360019-8RACCOON_MTN_360079,3509,0,772831709.8125,922870431.28125,19.41415182163677,0.1664291821031633,0.4665146765460245,0.16243944143630665,0.20461669991450557,150038721.46875,164460820.94434536,1011579059.5122354
8ANDERSON TN_360120,8RACCOON MTN_360079,155.65287650361734,500,391677347.87752,8ANDERSON_TN_360120-8RACCOON_MTN_360079,1431,0,324059969.65625,324763702.390625,0.217161266515431,0.9783368273934312,0.02166317260656883,0.0,0.0,703732.734375,850571.489304873,392527919.3668249
8BULL RUN FP_360093,8RACCOON MTN_360079,250.8505062950671,500,635891942.0282865,8BULL_RUN_FP_360093-8RACCOON_MTN_360079,2292,0,522806825.90625,523510558.640625,0.13460664618429874,0.9864746945898778,0.013525305410122163,0.0,0.0,703732.734375,855952.8165204816,636747894.8448069
8JVILLE FP_360037,8RACCOON MTN_360079,289.4285257797277,500,711530103.9355884,8JVILLE_FP_360037-8RACCOON_MTN_360079,2731,0,605703555.875,672369985.625,11.006445166677882,0.22079824240205054,0.6210179421457341,0.14793116074697912,0.010252654705236177,66666429.75,78314170.73407668,789844274.6696651
8PIN HOOK TN_360581,8RACCOON MTN_360079,191.54872062633302,500,483031461.26162636,8PIN_HOOK_TN_360581-8RACCOON_MTN_360079,1747,0,396338954.984375,430293155.625,8.566960227758491,0.5311963365769892,0.28448769318832284,0.18431597023468804,0.0,33954200.640625,41381113.173844196,524412574.4354706
8PLATEAU TN_360077,8RACCOON MTN_360079,125.93531813891684,500,312483809.1552957,8PLATEAU_TN_360077-8RACCOON_MTN_360079,1293,0,288940466.609375,289861969.1875,0.31892472139278816,0.9698375870069605,0.030162412993039442,0.0,0.0,921502.578125,996588.1177460988,313480397.27304184
8DAVIDSON TN_360048,8RACCOON MTN_360079,218.89017515787364,500,550916941.7254735,8DAVIDSON_TN_360048-8RACCOON_MTN_360079,2016,0,456157066.1875,520119799.140625,14.02208530665041,0.4603174603174603,0.21875,0.23015873015873015,0.09077380952380952,63962732.953125,77250043.53753543,628166985.263009
8GLEASON CT_360582,8RACCOON MTN_360079,354.1914348428089,500,865468278.7386723,8GLEASON_CT_360582-8RACCOON_MTN_360079,3381,0,744756540.09375,873016515.53125,17.221732006724586,0.14463176574977818,0.5598935226264419,0.1443359952676723,0.15113871635610765,128259975.4375,149048627.5675863,1014516906.3062586
8LAG CRK CT_360568,8RACCOON MTN_360079,375.09701925508045,500,914707559.518404,8LAG_CRK_CT_360568-8RACCOON_MTN_360079,3605,0,792339954.078125,937124555.03125,18.27304053114167,0.13564493758668517,0.5251040221914008,0.18280166435506243,0.1564493758668516,144784600.953125,167144883.0922148,1081852442.6106188
8CUMBERLAND_360040,8RACCOON MTN_360079,289.51496731299164,500,722559611.1046419,8CUMBERLAND_360040-8RACCOON_MTN_360079,2669,0,599154140.109375,724454913.703125,20.912944634059684,0.347695766204571,0.1652304233795429,0.2600224803297115,0.2270513300861746,125300773.59375,151108491.41839072,873668102.5230327
8PHIPPS B NP_360102,8RACCOON MTN_360079,340.34112313925806,500,865387841.1063448,8PHIPPS_B_NP_360102-8RACCOON_MTN_360079,3189,0,730079782.5,730783515.234375,0.09639120973399251,0.9902790843524616,0.009720915647538414,0.0,0.0,703732.734375,834157.8089332867,866221998.9152781
8MONTGOMERY_360044,8RACCOON MTN_360079,290.6093114739707,500,728392645.0735482,8MONTGOMERY_360044-8RACCOON_MTN_360079,2694,0,607063844.1875,742587016.859375,22.324369004920808,0.34446919079435784,0.16369710467706014,0.20601336302895323,0.2858203414996288,135523172.671875,162609061.89092204,891001706.9644703
8MARSHALL KY_360015,8RACCOON MTN_360079,412.70168799034246,500,1026084071.7878388,8MARSHALL_KY_360015-8RACCOON_MTN_360079,3783,0,846364125.0,1020188444.03125,20.537770198051586,0.3719270420301348,0.1710282844303463,0.20407084324610097,0.2529738302934179,173824319.03125,210734788.70259702,1236818860.4904358
7SHAWNEE FP_360002,8RACCOON MTN_360079,468.72975290519906,500,1138992707.9169297,7SHAWNEE_FP_360002-8RACCOON_MTN_360079,4355,0,954255933.9375,1160657367.171875,21.629567697075846,0.1669345579793341,0.42020665901262916,0.14190585533869116,0.2709529276693456,206401433.234375,246359198.82364967,1385351906.7405794
8PARADISE CC_360117,8RACCOON MTN_360079,318.67689583522446,500,779021297.218743,8PARADISE_CC_360117-8RACCOON_MTN_360079,2870,0,631907932.5625,693289593.5,9.713703179605027,0.36689895470383277,0.45818815331010454,0.17491289198606272,0.0,61381660.9375,75671816.51773736,854693113.7364804
8PARADISE CC_360117,8RACCOON MTN_360079,318.67689583522446,500,779021297.218743,8PARADISE_CC_360117-8RACCOON_MTN_360079,2870,0,631907932.5625,693289593.5,9.713703179605027,0.36689895470383277,0.45818815331010454,0.17491289198606272,0.0,61381660.9375,75671816.51773736,854693113.7364804
8CHOCTAW MS_360654,8PARADISE CC_360117,544.1865775687631,500,1308485810.9445179,8CHOCTAW_MS_360654-8PARADISE_CC_360117,5164,0,1118385618.25,1562345782.5625,39.696519435504655,0.0,0.08694810224632069,0.3398528272656855,0.5731990704879938,443960164.3125,519423324.2524112,1827909135.196929
8CHOCTAW MS_360654,8PARADISE CC_360117,544.1865775687631,500,1308485810.9445179,8CHOCTAW_MS_360654-8PARADISE_CC_360117,5164,0,1118385618.25,1562345782.5625,39.696519435504655,0.0,0.08694810224632069,0.3398528272656855,0.5731990704879938,443960164.3125,519423324.2524112,1827909135.196929
8ACKERMAN CC_360627,8PARADISE CC_360117,524.8443373429795,500,1264115480.8178566,8ACKERMAN_CC_360627-8PARADISE_CC_360117,5034,0,1091621755.828125,1519598740.71875,39.20561152300903,0.0,0.08919348430671434,0.35975367500993244,0.5510528406833533,427976984.890625,495604204.6116666,1759719685.4295232
8ACKERMAN CC_360627,8PARADISE CC_360117,524.8443373429795,500,1264115480.8178566,8ACKERMAN_CC_360627-8PARADISE_CC_360117,5034,0,1091621755.828125,1519598740.71875,39.20561152300903,0.0,0.08919348430671434,0.35975367500993244,0.5510528406833533,427976984.890625,495604204.6116666,1759719685.4295232
8CLAY_360688,8PARADISE CC_360117,496.3474932457727,500,1195674472.8611116,8CLAY_360688-8PARADISE_CC_360117,4864,0,1055077490.9375,1476906392.0,39.980845453131565,0.0,0.0923108552631579,0.3159950657894737,0.5916940789473685,421828901.0625,478040763.11714655,1673715235.9782581
8CLAY_360688,8PARADISE CC_360117,496.3474932457727,500,1195674472.8611116,8CLAY_360688-8PARADISE_CC_360117,4864,0,1055077490.9375,1476906392.0,39.980845453131565,0.0,0.0923108552631579,0.3159950657894737,0.5916940789473685,421828901.0625,478040763.11714655,1673715235.9782581
8COGEN CALED_360606,8PARADISE CC_360117,461.274253045498,500,1110882809.3513947,8COGEN_CALED_360606-8PARADISE_CC_360117,4623,0,1002569502.75,1285765296.671875,28.246998651473287,0.0,0.3036988968202466,0.4838849232100368,0.21241617996971662,283195793.921875,313791052.17693704,1424673861.5283318
8COGEN CALED_360606,8PARADISE CC_360117,461.274253045498,500,1110882809.3513947,8COGEN_CALED_360606-8PARADISE_CC_360117,4623,0,1002569502.75,1285765296.671875,28.246998651473287,0.0,0.3036988968202466,0.4838849232100368,0.21241617996971662,283195793.921875,313791052.17693704,1424673861.5283318
8E POINT AL_360058,8PARADISE CC_360117,420.090168594963,500,1027877098.3409328,8E_POINT_AL_360058-8PARADISE_CC_360117,4078,0,899007502.09375,995777207.15625,10.764059792285096,0.23246689553702796,0.6093673369298676,0.15816576753310446,0.0,96769705.0625,110641305.45662308,1138518403.797556
8E POINT AL_360058,8PARADISE CC_360117,420.090168594963,500,1027877098.3409328,8E_POINT_AL_360058-8PARADISE_CC_360117,4078,0,899007502.09375,995777207.15625,10.764059792285096,0.23246689553702796,0.6093673369298676,0.15816576753310446,0.0,96769705.0625,110641305.45662308,1138518403.797556
6CENTER PNT_360533,8PARADISE CC_360117,406.2820905542854,500,994104558.4368572,6CENTER_PNT_360533-8PARADISE_CC_360117,3628,0,799391713.21875,881546306.40625,10.27713845777869,0.27866593164277836,0.565600882028666,0.15573318632855568,0.0,82154593.1875,102165501.8856453,1096270060.3225026
6CENTER PNT_360533,8PARADISE CC_360117,406.2820905542854,500,994104558.4368572,6CENTER_PNT_360533-8PARADISE_CC_360117,3628,0,799391713.21875,881546306.40625,10.27713845777869,0.27866593164277836,0.565600882028666,0.15573318632855568,0.0,82154593.1875,102165501.8856453,1096270060.3225026
8BR FERRY NP_360052,8PARADISE CC_360117,312.37156482557543,500,760213903.6727314,8BR_FERRY_NP_360052-8PARADISE_CC_360117,3198,0,700619301.5,878902639.953125,25.446535382543267,0.07317073170731707,0.4090056285178236,0.23514696685428393,0.28267667292057536,178283338.453125,193448099.98109496,953662003.6538264
8BR FERRY NP_360052,8PARADISE CC_360117,312.37156482557543,500,760213903.6727314,8BR_FERRY_NP_360052-8PARADISE_CC_360117,3198,0,700619301.5,878902639.953125,25.446535382543267,0.07317073170731707,0.4090056285178236,0.23514696685428393,0.28267667292057536,178283338.453125,193448099.98109496,953662003.6538264
6LOOPERS FRM_360602,8PARADISE CC_360117,398.494668480173,500,973752994.0057318,6LOOPERS_FRM_360602-8PARADISE_CC_360117,3551,0,781270573.671875,861613052.25,10.283566447476101,0.2847085328076598,0.5561813573641228,0.1591101098282174,0.0,80342478.578125,100136536.17286742,1073889530.1785994
6LOOPERS FRM_360602,8PARADISE CC_360117,398.494668480173,500,973752994.0057318,6LOOPERS_FRM_360602-8PARADISE_CC_360117,3551,0,781270573.671875,861613052.25,10.283566447476101,0.2847085328076598,0.5561813573641228,0.1591101098282174,0.0,80342478.578125,100136536.17286742,1073889530.1785994
8LIMESTONE_360088,8PARADISE CC_360117,318.06313621406144,500,775359251.0821735,8LIMESTONE_360088-8PARADISE_CC_360117,3161,0,693803082.359375,880944218.71875,26.973235074565437,0.014236001265422335,0.43277443846883895,0.25688073394495414,0.29610882632078456,187141136.359375,209139473.46678472,984498724.5489582
8LIMESTONE_360088,8PARADISE CC_360117,318.06313621406144,500,775359251.0821735,8LIMESTONE_360088-8PARADISE_CC_360117,3161,0,693803082.359375,880944218.71875,26.973235074565437,0.014236001265422335,0.43277443846883895,0.25688073394495414,0.29610882632078456,187141136.359375,209139473.46678472,984498724.5489582
6COUNTY LINE_360013,8PARADISE CC_360117,394.20180484728786,500,964329484.1828195,6COUNTY_LINE_360013-8PARADISE_CC_360117,3512,0,773522998.21875,857474286.359375,10.853108224829256,0.28787015945330297,0.5230637813211845,0.18906605922551253,0.0,83951288.140625,104659722.56229912,1068989206.7451186
6COUNTY LINE_360013,8PARADISE CC_360117,394.20180484728786,500,964329484.1828195,6COUNTY_LINE_360013-8PARADISE_CC_360117,3512,0,773522998.21875,857474286.359375,10.853108224829256,0.28787015945330297,0.5230637813211845,0.18906605922551253,0.0,83951288.140625,104659722.56229912,1068989206.7451186
6YOUNG GA_361454,8PARADISE CC_360117,365.93768152946745,500,900485413.4440565,6YOUNG_GA_361454-8PARADISE_CC_360117,3345,0,741629392.171875,818009524.84375,10.298962457271866,0.33124065769805683,0.49177877428998507,0.16950672645739912,0.007473841554559043,76380132.671875,92740654.66381273,993226068.1078693
6YOUNG GA_361454,8PARADISE CC_360117,365.93768152946745,500,900485413.4440565,6YOUNG_GA_361454-8PARADISE_CC_360117,3345,0,741629392.171875,818009524.84375,10.298962457271866,0.33124065769805683,0.49177877428998507,0.16950672645739912,0.007473841554559043,76380132.671875,92740654.66381273,993226068.1078693
8MADISON AL_360060,8PARADISE CC_360117,323.2220128197144,500,789025270.8871012,8MADISON_AL_360060-8PARADISE_CC_360117,3174,0,697606938.984375,884539221.46875,26.796218907530367,0.017643352236925015,0.4335223692501575,0.25393824826717076,0.2948960302457467,186932282.484375,211428938.8226421,1000454209.7097433
8MADISON AL_360060,8PARADISE CC_360117,323.2220128197144,500,789025270.8871012,8MADISON_AL_360060-8PARADISE_CC_360117,3174,0,697606938.984375,884539221.46875,26.796218907530367,0.017643352236925015,0.4335223692501575,0.25393824826717076,0.2948960302457467,186932282.484375,211428938.8226421,1000454209.7097433
6KENSNGTN GA_361503,8PARADISE CC_360117,366.2332659417391,500,900859643.6852628,6KENSNGTN_GA_361503-8PARADISE_CC_360117,3340,0,740076717.359375,813866059.453125,9.970499052724357,0.36317365269461077,0.4595808383233533,0.16976047904191616,0.0074850299401197605,73789342.09375,89820202.24001515,990679845.925278
6KENSNGTN GA_361503,8PARADISE CC_360117,366.2332659417391,500,900859643.6852628,6KENSNGTN_GA_361503-8PARADISE_CC_360117,3340,0,740076717.359375,813866059.453125,9.970499052724357,0.36317365269461077,0.4595808383233533,0.16976047904191616,0.0074850299401197605,73789342.09375,89820202.24001515,990679845.925278
6ALPHA GA_361502,8PARADISE CC_360117,378.9896100517003,500,925536081.0462497,6ALPHA_GA_361502-8PARADISE_CC_360117,3367,0,740310739.109375,816557233.046875,10.299255422017485,0.30026730026730025,0.531927531927532,0.1678051678051678,0.0,76246493.9375,95323325.00988401,1020859406.0561337
6ALPHA GA_361502,8PARADISE CC_360117,378.9896100517003,500,925536081.0462497,6ALPHA_GA_361502-8PARADISE_CC_360117,3367,0,740310739.109375,816557233.046875,10.299255422017485,0.30026730026730025,0.531927531927532,0.1678051678051678,0.0,76246493.9375,95323325.00988401,1020859406.0561337
6CLOUDLANDGA_361633,8PARADISE CC_360117,339.92813608651693,500,833109677.210527,6CLOUDLANDGA_361633-8PARADISE_CC_360117,3085,0,680978829.53125,750881207.0625,10.264985415092443,0.33322528363047,0.4829821717990275,0.18379254457050243,0.0,69902377.53125,85518586.85738432,918628264.0679113
6CLOUDLANDGA_361633,8PARADISE CC_360117,339.92813608651693,500,833109677.210527,6CLOUDLANDGA_361633-8PARADISE_CC_360117,3085,0,680978829.53125,750881207.0625,10.264985415092443,0.33322528363047,0.4829821717990275,0.18379254457050243,0.0,69902377.53125,85518586.85738432,918628264.0679113
8MAGNOL CC1_360613,8PARADISE CC_360117,367.86249968113873,500,888904245.3908195,8MAGNOL_CC1_360613-8PARADISE_CC_360117,3291,0,715757404.171875,998804783.875,39.54515567053174,0.0,0.13764813126709208,0.24825281069583713,0.6140990580370708,283047379.703125,351518567.60176504,1240422812.9925847
8MAGNOL CC1_360613,8PARADISE CC_360117,367.86249968113873,500,888904245.3908195,8MAGNOL_CC1_360613-8PARADISE_CC_360117,3291,0,715757404.171875,998804783.875,39.54515567053174,0.0,0.13764813126709208,0.24825281069583713,0.6140990580370708,283047379.703125,351518567.60176504,1240422812.9925847
6ROCK SPG GA_361500,8PARADISE CC_360117,370.27157113339706,500,910116846.9222704,6ROCK_SPG_GA_361500-8PARADISE_CC_360117,3377,0,747684932.625,822394196.578125,9.992078306410823,0.35771394729049455,0.4669825288717797,0.1679005034053894,0.007403020432336393,74709263.953125,90939588.02431038,1001056434.9465808
6ROCK SPG GA_361500,8PARADISE CC_360117,370.27157113339706,500,910116846.9222704,6ROCK_SPG_GA_361500-8PARADISE_CC_360117,3377,0,747684932.625,822394196.578125,9.992078306410823,0.35771394729049455,0.4669825288717797,0.1679005034053894,0.007403020432336393,74709263.953125,90939588.02431038,1001056434.9465808
6WID CRK FP_360068,8PARADISE CC_360117,320.23914262391867,500,783821272.8079156,6WID_CRK_FP_360068-8PARADISE_CC_360117,2976,0,656688310.8125,721861372.375,9.924504592119732,0.37701612903225806,0.4324596774193548,0.1905241935483871,0.0,65173061.5625,77790378.21383291,861611651.0217485
6WID CRK FP_360068,8PARADISE CC_360117,320.23914262391867,500,783821272.8079156,6WID_CRK_FP_360068-8PARADISE_CC_360117,2976,0,656688310.8125,721861372.375,9.924504592119732,0.37701612903225806,0.4324596774193548,0.1905241935483871,0.0,65173061.5625,77790378.21383291,861611651.0217485
6WRINGOLD GA_361504,8PARADISE CC_360117,377.53681784556454,500,921493963.9234722,6WRINGOLD_GA_361504-8PARADISE_CC_360117,3355,0,737209134.921875,817529035.90625,10.895130998734404,0.30134128166915053,0.5007451564828614,0.19791356184798808,0.0,80319900.984375,100397974.51489264,1021891938.4383647
6WRINGOLD GA_361504,8PARADISE CC_360117,377.53681784556454,500,921493963.9234722,6WRINGOLD_GA_361504-8PARADISE_CC_360117,3355,0,737209134.921875,817529035.90625,10.895130998734404,0.30134128166915053,0.5007451564828614,0.19791356184798808,0.0,80319900.984375,100397974.51489264,1021891938.4383647
6BATTLFLD GA_361530,8PARADISE CC_360117,341.6504737356032,500,840539461.7372987,6BATTLFLD_GA_361530-8PARADISE_CC_360117,3071,0,680265717.390625,754919316.296875,10.974182146442368,0.32139368283946596,0.47183327906219474,0.20156300879192446,0.005210029306414849,74653598.90625,92242331.54377742,932781793.2810762
6BATTLFLD GA_361530,8PARADISE CC_360117,341.6504737356032,500,840539461.7372987,6BATTLFLD_GA_361530-8PARADISE_CC_360117,3071,0,680265717.390625,754919316.296875,10.974182146442368,0.32139368283946596,0.47183327906219474,0.20156300879192446,0.005210029306414849,74653598.90625,92242331.54377742,932781793.2810762
6S HAVEN CC_360594,8PARADISE CC_360117,448.04118144018634,500,1091217428.4801903,6S_HAVEN_CC_360594-8PARADISE_CC_360117,4034,0,885938527.0625,1203944177.984375,35.89477612812302,0.11403073872087258,0.1338621715418939,0.15939514129895885,0.5927119484382747,318005650.921875,391690053.0240252,1482907481.5042155
6S HAVEN CC_360594,8PARADISE CC_360117,448.04118144018634,500,1091217428.4801903,6S_HAVEN_CC_360594-8PARADISE_CC_360117,4034,0,885938527.0625,1203944177.984375,35.89477612812302,0.11403073872087258,0.1338621715418939,0.15939514129895885,0.5927119484382747,318005650.921875,391690053.0240252,1482907481.5042155
6CONCORD TN_361509,8PARADISE CC_360117,384.4924022578361,500,940297162.6291027,6CONCORD_TN_361509-8PARADISE_CC_360117,3424,0,754009834.3125,836868103.78125,10.989017078842146,0.29526869158878505,0.5052570093457944,0.19947429906542055,0.0,82858269.46875,103329415.7931802,1043626578.4222829
6CONCORD TN_361509,8PARADISE CC_360117,384.4924022578361,500,940297162.6291027,6CONCORD_TN_361509-8PARADISE_CC_360117,3424,0,754009834.3125,836868103.78125,10.989017078842146,0.29526869158878505,0.5052570093457944,0.19947429906542055,0.0,82858269.46875,103329415.7931802,1043626578.4222829
8BRADLEY TN_360662,8PARADISE CC_360117,347.4558892978228,500,847192274.5954081,8BRADLEY_TN_360662-8PARADISE_CC_360117,3080,0,676073665.609375,744285173.46875,10.089360276722648,0.32824675324675323,0.5,0.17175324675324674,0.0,68211507.859375,85476280.82049215,932668555.4159002
8BRADLEY TN_360662,8PARADISE CC_360117,347.4558892978228,500,847192274.5954081,8BRADLEY_TN_360662-8PARADISE_CC_360117,3080,0,676073665.609375,744285173.46875,10.089360276722648,0.32824675324675323,0.5,0.17175324675324674,0.0,68211507.859375,85476280.82049215,932668555.4159002
8BENTON MS_360612,8PARADISE CC_360117,382.9703503157473,500,928740499.240715,8BENTON_MS_360612-8PARADISE_CC_360117,3422,0,747554297.734375,1008165707.078125,34.86187025258087,0.13325540619520748,0.12039742840444184,0.1826417299824664,0.5637054354178843,260611409.34375,323776307.82846993,1252516807.069185
8BENTON MS_360612,8PARADISE CC_360117,382.9703503157473,500,928740499.240715,8BENTON_MS_360612-8PARADISE_CC_360117,3422,0,747554297.734375,1008165707.078125,34.86187025258087,0.13325540619520748,0.12039742840444184,0.1826417299824664,0.5637054354178843,260611409.34375,323776307.82846993,1252516807.069185
8FRANKLIN TN_360069,8PARADISE CC_360117,281.8217465463597,500,681678872.6684508,8FRANKLIN_TN_360069-8PARADISE_CC_360117,2615,0,569525630.578125,635057121.0,11.50632858355365,0.28451242829827916,0.49866156787762905,0.21682600382409178,0.0,65531490.421875,78436210.97389625,760115083.6423471
8FRANKLIN TN_360069,8PARADISE CC_360117,281.8217465463597,500,681678872.6684508,8FRANKLIN_TN_360069-8PARADISE_CC_360117,2615,0,569525630.578125,635057121.0,11.50632858355365,0.28451242829827916,0.49866156787762905,0.21682600382409178,0.0,65531490.421875,78436210.97389625,760115083.6423471
8HAYWOOD TN_360542,8PARADISE CC_360117,306.96099971940214,500,742225951.0765359,8HAYWOOD_TN_360542-8PARADISE_CC_360117,2710,0,590471294.46875,772541202.484375,30.834675575454384,0.16826568265682657,0.15202952029520295,0.23062730627306274,0.4490774907749078,182069908.015625,228862964.05128062,971088915.1278166
8HAYWOOD TN_360542,8PARADISE CC_360117,306.96099971940214,500,742225951.0765359,8HAYWOOD_TN_360542-8PARADISE_CC_360117,2710,0,590471294.46875,772541202.484375,30.834675575454384,0.16826568265682657,0.15202952029520295,0.23062730627306274,0.4490774907749078,182069908.015625,228862964.05128062,971088915.1278166
8HIWASSEE TN_360110,8PARADISE CC_360117,300.2513828497023,500,731318614.3665638,8HIWASSEE_TN_360110-8PARADISE_CC_360117,2669,0,585533350.296875,649265639.484375,10.88448491536591,0.27575871112776323,0.5391532409142,0.1850880479580367,0.0,63732289.1875,79600264.26399162,810918878.6305554
8HIWASSEE TN_360110,8PARADISE CC_360117,300.2513828497023,500,731318614.3665638,8HIWASSEE_TN_360110-8PARADISE_CC_360117,2669,0,585533350.296875,649265639.484375,10.88448491536591,0.27575871112776323,0.5391532409142,0.1850880479580367,0.0,63732289.1875,79600264.26399162,810918878.6305554
8LAG CRK CC_360615,8PARADISE CC_360117,316.4370386887232,500,762072145.1217594,8LAG_CRK_CC_360615-8PARADISE_CC_360117,2836,0,615134774.359375,809536420.296875,31.60309805927608,0.1607898448519041,0.14527503526093088,0.2203808180535966,0.4735543018335684,194401645.9375,240838407.30525833,1002910552.4270177
8LAG CRK CC_360615,8PARADISE CC_360117,316.4370386887232,500,762072145.1217594,8LAG_CRK_CC_360615-8PARADISE_CC_360117,2836,0,615134774.359375,809536420.296875,31.60309805927608,0.1607898448519041,0.14527503526093088,0.2203808180535966,0.4735543018335684,194401645.9375,240838407.30525833,1002910552.4270177
8MAURY TN_360050,8PARADISE CC_360117,196.73197395242894,500,483610961.68496025,8MAURY_TN_360050-8PARADISE_CC_360117,2003,0,443001817.453125,582536163.09375,31.497465731139897,0.0,0.2820768846729905,0.36744882675986024,0.3504742885671493,139534345.640625,152325196.92875645,635936158.6137167
8MAURY TN_360050,8PARADISE CC_360117,196.73197395242894,500,483610961.68496025,8MAURY_TN_360050-8PARADISE_CC_360117,2003,0,443001817.453125,582536163.09375,31.497465731139897,0.0,0.2820768846729905,0.36744882675986024,0.3504742885671493,139534345.640625,152325196.92875645,635936158.6137167
8JACKSON TN_360019,8PARADISE CC_360117,262.6375906690754,500,634146292.2869395,8JACKSON_TN_360019-8PARADISE_CC_360117,2319,0,504347756.078125,643355894.796875,27.561962364955427,0.19663648124191463,0.17766278568348426,0.2695127210004312,0.3561880120741699,139008138.71875,174783162.41888648,808929454.705826
8JACKSON TN_360019,8PARADISE CC_360117,262.6375906690754,500,634146292.2869395,8JACKSON_TN_360019-8PARADISE_CC_360117,2319,0,504347756.078125,643355894.796875,27.561962364955427,0.19663648124191463,0.17766278568348426,0.2695127210004312,0.3561880120741699,139008138.71875,174783162.41888648,808929454.705826
8ANDERSON TN_360120,8PARADISE CC_360117,310.58136341605945,500,764699494.8469815,8ANDERSON_TN_360120-8PARADISE_CC_360117,2901,0,642528938.515625,697195748.53125,8.508069713080424,0.3791795932437091,0.49500172354360567,0.12581868321268527,0.0,54666810.015625,65061166.11715504,829760660.9641366
8ANDERSON TN_360120,8PARADISE CC_360117,310.58136341605945,500,764699494.8469815,8ANDERSON_TN_360120-8PARADISE_CC_360117,2901,0,642528938.515625,697195748.53125,8.508069713080424,0.3791795932437091,0.49500172354360567,0.12581868321268527,0.0,54666810.015625,65061166.11715504,829760660.9641366
8BULL RUN FP_360093,8PARADISE CC_360117,357.86580500034125,500,878348644.3003893,8BULL_RUN_FP_360093-8PARADISE_CC_360117,3491,0,770812346.921875,799136500.921875,3.6745848860761487,0.6227441993698081,0.37725580063019193,0.0,0.0,28324154.0,32275666.53051686,910624310.8309062
8BULL RUN FP_360093,8PARADISE CC_360117,357.86580500034125,500,878348644.3003893,8BULL_RUN_FP_360093-8PARADISE_CC_360117,3491,0,770812346.921875,799136500.921875,3.6745848860761487,0.6227441993698081,0.37725580063019193,0.0,0.0,28324154.0,32275666.53051686,910624310.8309062
8JVILLE FP_360037,8PARADISE CC_360117,180.8530647873121,500,437245324.93763995,8JVILLE_FP_360037-8PARADISE_CC_360117,1641,0,357206054.25,474173468.84375,32.745081781813056,0.1048141377209019,0.10664229128580134,0.3875685557586837,0.40097501523461304,116967414.59375,143176339.23798445,580421664.1756244
8JVILLE FP_360037,8PARADISE CC_360117,180.8530647873121,500,437245324.93763995,8JVILLE_FP_360037-8PARADISE_CC_360117,1641,0,357206054.25,474173468.84375,32.745081781813056,0.1048141377209019,0.10664229128580134,0.3875685557586837,0.40097501523461304,116967414.59375,143176339.23798445,580421664.1756244
8DAVIDSON TN_360048,8PARADISE CC_360117,154.27051942088826,500,377491724.1251425,8DAVIDSON_TN_360048-8PARADISE_CC_360117,1566,0,344620802.25,450710924.140625,30.784596053973413,0.0,0.31417624521072796,0.3384418901660281,0.34738186462324394,106090121.890625,116209302.40910482,493701026.53424734
8DAVIDSON TN_360048,8PARADISE CC_360117,154.27051942088826,500,377491724.1251425,8DAVIDSON_TN_360048-8PARADISE_CC_360117,1566,0,344620802.25,450710924.140625,30.784596053973413,0.0,0.31417624521072796,0.3384418901660281,0.34738186462324394,106090121.890625,116209302.40910482,493701026.53424734
8GLEASON CT_360582,8PARADISE CC_360117,223.32466217235145,500,540189989.0303802,8GLEASON_CT_360582-8PARADISE_CC_360117,2069,0,450772052.15625,558604250.4375,23.921669004420075,0.2208796520057999,0.18704688255195748,0.3736104398260029,0.21846302561623973,107832198.28125,129222461.17086068,669412450.2012409
8GLEASON CT_360582,8PARADISE CC_360117,223.32466217235145,500,540189989.0303802,8GLEASON_CT_360582-8PARADISE_CC_360117,2069,0,450772052.15625,558604250.4375,23.921669004420075,0.2208796520057999,0.18704688255195748,0.3736104398260029,0.21846302561623973,107832198.28125,129222461.17086068,669412450.2012409
8LAG CRK CT_360568,8PARADISE CC_360117,240.85922061357857,500,580248561.6392677,8LAG_CRK_CT_360568-8PARADISE_CC_360117,2263,0,490909255.140625,664387532.28125,35.3381557434542,0.0,0.07998232434821034,0.5718073353954927,0.34821034025629694,173478277.140625,205049140.41123727,785297702.0505049
8LAG CRK CT_360568,8PARADISE CC_360117,240.85922061357857,500,580248561.6392677,8LAG_CRK_CT_360568-8PARADISE_CC_360117,2263,0,490909255.140625,664387532.28125,35.3381557434542,0.0,0.07998232434821034,0.5718073353954927,0.34821034025629694,173478277.140625,205049140.41123727,785297702.0505049
8CUMBERLAND_360040,8PARADISE CC_360117,125.38180510237683,500,302795420.1871104,8CUMBERLAND_360040-8PARADISE_CC_360117,1163,0,253026187.109375,347308515.453125,37.26188558617247,0.0,0.05932932072226999,0.5210662080825451,0.41960447119518485,94282328.34375,112827283.03029126,415622703.2174017
8CUMBERLAND_360040,8PARADISE CC_360117,125.38180510237683,500,302795420.1871104,8CUMBERLAND_360040-8PARADISE_CC_360117,1163,0,253026187.109375,347308515.453125,37.26188558617247,0.0,0.05932932072226999,0.5210662080825451,0.41960447119518485,94282328.34375,112827283.03029126,415622703.2174017
8MONTGOMERY_360044,8PARADISE CC_360117,92.7284220486034,500,222586199.6629209,8MONTGOMERY_360044-8PARADISE_CC_360117,958,0,207092912.828125,258289325.203125,24.721470028040038,0.0,0.5135699373695198,0.23695198329853862,0.24947807933194155,51196412.375,55026580.63622234,277612780.29914325
8MONTGOMERY_360044,8PARADISE CC_360117,92.7284220486034,500,222586199.6629209,8MONTGOMERY_360044-8PARADISE_CC_360117,958,0,207092912.828125,258289325.203125,24.721470028040038,0.0,0.5135699373695198,0.23695198329853862,0.24947807933194155,51196412.375,55026580.63622234,277612780.29914325
8MARSHALL KY_360015,8PARADISE CC_360117,140.26359733402154,500,338710367.8713596,8MARSHALL_KY_360015-8PARADISE_CC_360117,1388,0,301710071.765625,399188308.3125,32.3085788871504,0.0,0.0814121037463977,0.7226224783861671,0.19596541786743515,97478236.546875,109432506.40267551,448142874.2740351
8MARSHALL KY_360015,8PARADISE CC_360117,140.26359733402154,500,338710367.8713596,8MARSHALL_KY_360015-8PARADISE_CC_360117,1388,0,301710071.765625,399188308.3125,32.3085788871504,0.0,0.0814121037463977,0.7226224783861671,0.19596541786743515,97478236.546875,109432506.40267551,448142874.2740351
7SHAWNEE FP_360002,8PARADISE CC_360117,259.7762141271947,500,623695937.2860234,7SHAWNEE_FP_360002-8PARADISE_CC_360117,2491,0,538641741.578125,738715567.96875,37.144136992510845,0.0,0.07266158169409875,0.4969891609795263,0.43034925732637497,200073826.390625,231666473.36224505,855362410.6482685
7SHAWNEE FP_360002,8PARADISE CC_360117,259.7762141271947,500,623695937.2860234,7SHAWNEE_FP_360002-8PARADISE_CC_360117,2491,0,538641741.578125,738715567.96875,37.144136992510845,0.0,0.07266158169409875,0.4969891609795263,0.43034925732637497,200073826.390625,231666473.36224505,855362410.6482685
8CHOCTAW MS_360654,8FRANKLIN TN_360069,413.62874636779736,500,1002503871.2621762,8CHOCTAW_MS_360654-8FRANKLIN_TN_360069,3633,0,792470322.8125,957758889.078125,20.85738247951181,0.06303330580787228,0.503440682631434,0.2981007431874484,0.13542526837324526,165288566.265625,209096066.80106476,1211599938.063241
8ACKERMAN CC_360627,8FRANKLIN TN_360069,392.02325937882847,500,948987663.749892,8ACKERMAN_CC_360627-8FRANKLIN_TN_360069,3453,0,752275814.203125,905555231.890625,20.375428106759852,0.06631914277439907,0.5296843324645236,0.2612221256878077,0.1427743990732696,153279417.6875,193360299.16937914,1142347962.9192712
8CLAY_360688,8FRANKLIN TN_360069,354.2883957969611,500,854869622.7043517,8CLAY_360688-8FRANKLIN_TN_360069,3170,0,688060634.109375,816123935.625,18.612211652159118,0.0722397476340694,0.5848580441640379,0.22302839116719242,0.11987381703470032,128063301.515625,159110143.52774802,1013979766.2320997
8COGEN CALED_360606,8FRANKLIN TN_360069,315.2242724791407,500,756696013.9645799,8COGEN_CALED_360606-8FRANKLIN_TN_360069,2883,0,622806692.25,720828342.953125,15.738695798050006,0.10475199445022546,0.6031911203607353,0.2445369406867846,0.047519944502254594,98021650.703125,119094083.75385523,875790097.7184352
8E POINT AL_360058,8FRANKLIN TN_360069,170.47600640985718,500,423932453.90137136,8E_POINT_AL_360058-8FRANKLIN_TN_360069,1686,0,377756252.125,398233446.34375,5.4207426359085265,0.45373665480427045,0.5462633451957295,0.0,0.0,20477194.21875,22980287.276084896,446912741.17745626
6CENTER PNT_360533,8FRANKLIN TN_360069,202.29709724474037,500,508969203.6975322,6CENTER_PNT_360533-8FRANKLIN_TN_360069,1854,0,419680724.734375,455457164.703125,8.524680277225904,0.28317152103559873,0.6483279395900755,0.06850053937432578,0.0,35776439.96875,43387997.32475726,552357201.0222894
8BR FERRY NP_360052,8FRANKLIN TN_360069,137.27039600103228,500,332340833.13640237,8BR_FERRY_NP_360052-8FRANKLIN_TN_360069,1269,0,276619072.4375,303084873.234375,9.567597983633158,0.3680063041765169,0.46887312844759654,0.16312056737588654,0.0,26465800.796875,31797034.84994807,364137867.9863504
6LOOPERS FRM_360602,8FRANKLIN TN_360069,209.0481946425342,500,527109027.1512649,6LOOPERS_FRM_360602-8FRANKLIN_TN_360069,1917,0,434918499.65625,472218717.53125,8.576369573720433,0.27386541471048514,0.6598852373500261,0.06624934793948878,0.0,37300217.875,45206818.22493485,572315845.3761997
6COUNTY LINE_360013,8FRANKLIN TN_360069,172.0760972702493,500,436243497.8262049,6COUNTY_LINE_360013-8FRANKLIN_TN_360069,1582,0,360609874.78125,384936829.96875,6.746059076240485,0.3634639696586599,0.618204804045512,0.018331226295828066,0.0,24326955.1875,29429244.079613656,465672741.9058186
6YOUNG GA_361454,8FRANKLIN TN_360069,120.25820120544472,500,307228554.49436337,6YOUNG_GA_361454-8FRANKLIN_TN_360069,1104,0,253657889.515625,264707007.484375,4.355913387850441,0.657608695652174,0.3197463768115942,0.0,0.022644927536231884,11049117.96875,13382609.73651936,320611164.2308827
6KENSNGTN GA_361503,8FRANKLIN TN_360069,120.5537856177163,500,307602784.73556966,6KENSNGTN_GA_361503-8FRANKLIN_TN_360069,1099,0,252105214.703125,260563542.09375,3.355078315450699,0.7561419472247498,0.2211101000909918,0.0,0.022747952684258416,8458327.390625,10320314.32838559,317923099.06395525
6ALPHA GA_361502,8FRANKLIN TN_360069,196.18001287073218,500,485546779.97325397,6ALPHA_GA_361502-8FRANKLIN_TN_360069,1890,0,421140524.09375,439218448.453125,4.2926109754640285,0.6767195767195767,0.26931216931216934,0.05396825396825397,0.0,18077924.359375,20842634.36814408,506389414.34139806
6CLOUDLANDGA_361633,8FRANKLIN TN_360069,94.24865576249424,500,239852818.26083377,6CLOUDLANDGA_361633-8FRANKLIN_TN_360069,844,0,193007326.875,197578689.703125,2.368491860977695,0.7654028436018957,0.23459715639810427,0.0,0.0,4571362.828125,5680894.4788334705,245533712.73966724
6ROCK SPG GA_361500,8FRANKLIN TN_360069,124.5920908093743,500,316859987.9725772,6ROCK_SPG_GA_361500-8FRANKLIN_TN_360069,1136,0,259713429.96875,269091679.21875,3.6109989580163093,0.727112676056338,0.25088028169014087,0.0,0.022007042253521125,9378249.25,11441810.864060367,328301798.83663756
6WID CRK FP_360068,8FRANKLIN TN_360069,66.91140253843398,500,170601041.29404023,6WID_CRK_FP_360068-8FRANKLIN_TN_360069,597,0,136735761.5,140981613.359375,3.1051509954657996,0.6834170854271356,0.3165829145728643,0.0,0.0,4245851.859375,5297419.93201691,175898461.22605714
6WRINGOLD GA_361504,8FRANKLIN TN_360069,180.3075777983432,500,453498407.877404,6WRINGOLD_GA_361504-8FRANKLIN_TN_360069,1695,0,383319193.734375,407594961.890625,6.333042684283674,0.40117994100294985,0.5817109144542773,0.01710914454277286,0.0,24275768.15625,28720247.74342287,482218655.62082684
6BATTLFLD GA_361530,8FRANKLIN TN_360069,103.00469473181532,500,266031080.37580737,6BATTLFLD_GA_361530-8FRANKLIN_TN_360069,962,0,223677013.03125,234437655.0625,4.810794764031745,0.7006237006237006,0.2286902286902287,0.05405405405405406,0.016632016632016633,10760642.03125,12798209.285416424,278829289.66122377
6S HAVEN CC_360594,8FRANKLIN TN_360069,408.38869462977965,500,990719455.5707331,6S_HAVEN_CC_360594-8FRANKLIN_TN_360069,4100,0,895657264.875,1223267695.796875,36.57765573615897,0.05146341463414634,0.2124390243902439,0.12170731707317073,0.614390243902439,327610430.921875,362381951.7698111,1353101407.3405442
6CONCORD TN_361509,8FRANKLIN TN_360069,201.68280507686794,500,500307861.556107,6CONCORD_TN_361509-8FRANKLIN_TN_360069,1947,0,434839619.296875,459529319.1875,5.677886465485282,0.6569080636877247,0.2300975860297894,0.11299435028248588,0.0,24689699.890625,28406912.35705304,528714773.91316
8BRADLEY TN_360662,8FRANKLIN TN_360069,164.64629211685462,500,407202973.5224123,8BRADLEY_TN_360662-8FRANKLIN_TN_360069,1603,0,356903450.59375,366946388.875,2.813908989824121,0.7978789769182782,0.16094822208359327,0.041172800998128506,0.0,10042938.28125,11458321.078778295,418661294.60119057
8BENTON MS_360612,8FRANKLIN TN_360069,363.91772065184193,500,880295362.47248,8BENTON_MS_360612-8FRANKLIN_TN_360069,3726,0,811035166.84375,1085789607.859375,33.87700709512611,0.05662909286097692,0.2584541062801932,0.15083199141170156,0.5340848094471283,274754441.015625,298217722.4028682,1178513084.8753483
8ANDERSON TN_360120,8FRANKLIN TN_360069,190.71268165701196,500,473535317.1110178,8ANDERSON_TN_360120-8FRANKLIN_TN_360069,1717,0,383278987.3125,384257194.921875,0.25522077696824574,0.9743739079790332,0.0256260920209668,0.0,0.0,978207.609375,1208560.5155497862,474743877.6265676
8BULL RUN FP_360093,8FRANKLIN TN_360069,282.3998568914123,500,710370742.3010881,8BULL_RUN_FP_360093-8FRANKLIN_TN_360069,2510,0,568096057.765625,568433430.015625,0.05938647969621069,0.9936254980079682,0.006374501992031873,0.0,0.0,337372.25,421864.1766444568,710792606.4777325
8DAVIDSON TN_360048,8FRANKLIN TN_360069,148.8080323553927,500,371524760.70503104,8DAVIDSON_TN_360048-8FRANKLIN_TN_360069,1374,0,308711073.375,369363778.609375,19.647077952626102,0.1950509461426492,0.40975254730713245,0.2430858806404658,0.15211062590975255,60652705.234375,72993759.34902504,444518520.05405605
8CUMBERLAND_360040,8FRANKLIN TN_360069,219.68208424646372,500,540427169.1453544,8CUMBERLAND_360040-8FRANKLIN_TN_360069,2019,0,447131293.09375,557674284.8125,24.72271420635559,0.1337295690936107,0.3382862803368004,0.2590391282813274,0.2689450222882615,110542991.71875,133608264.52130388,674035433.6666583
7SHAWNEE FP_360002,8FRANKLIN TN_360069,394.48422048603413,500,947539032.2290145,7SHAWNEE_FP_360002-8FRANKLIN_TN_360069,3651,0,789574951.0,984822544.34375,24.72818990729988,0.12161051766639278,0.387565050671049,0.17529443987948506,0.3155299917830731,195247593.34375,234309251.3353821,1181848283.5643966
8CHOCTAW MS_360654,8GLEASON CT_360582,367.69086999172447,500,887891956.2786036,8CHOCTAW_MS_360654-8GLEASON_CT_360582,3741,0,813461219.484375,1180922216.03125,45.17252792699766,0.0,0.0,0.23924084469393211,0.7607591553060679,367460996.546875,401083241.91151804,1288975198.1901217
8ACKERMAN CC_360627,8GLEASON CT_360582,351.31287650361736,500,851517482.8291144,8ACKERMAN_CC_360627-8GLEASON_CT_360582,3605,0,786745874.984375,1142825458.5,45.25979669390663,0.0,0.0,0.23522884882108183,0.7647711511789181,356079583.515625,385395081.54152846,1236912564.370643
8CLAY_360688,8GLEASON CT_360582,335.41796092864337,500,809691357.1907932,8CLAY_360688-8GLEASON_CT_360582,3452,0,750146915.921875,1106749740.125,47.53773116095352,0.0,0.0,0.12282734646581692,0.8771726535341831,356602824.203125,384908900.61483514,1194600257.8056283
8COGEN CALED_360606,8GLEASON CT_360582,314.19075313477913,500,755782273.4816582,8COGEN_CALED_360606-8GLEASON_CT_360582,3212,0,695769557.046875,976946196.890625,40.41232287270176,0.0,0.03455790784557908,0.4056662515566625,0.5597758405977584,281176639.84375,305429172.5740535,1061211446.0557117
8E POINT AL_360058,8GLEASON CT_360582,326.57414905928476,500,787387747.7235212,8E_POINT_AL_360058-8GLEASON_CT_360582,2901,0,629612024.5,789097923.53125,25.330821652890776,0.0,0.442261289210617,0.3471216821785591,0.21061702861082385,159485899.03125,199451786.0925587,986839533.81608
6CENTER PNT_360533,8GLEASON CT_360582,455.7106360227447,500,1114253700.5705996,6CENTER_PNT_360533-8GLEASON_CT_360582,4212,0,926918449.109375,1078713134.140625,16.376271847550463,0.12108262108262108,0.6132478632478633,0.14411206077872746,0.12155745489078823,151794685.03125,182473215.07683232,1296726915.6474319
8BR FERRY NP_360052,8GLEASON CT_360582,233.15486988968897,500,560785582.5876939,8BR_FERRY_NP_360052-8GLEASON_CT_360582,1991,0,431046480.359375,564607267.34375,30.985240123761535,0.03164239075841286,0.22802611752887997,0.41386238071320947,0.3264691109994977,133560786.984375,173760759.34423202,734546341.931926
6LOOPERS FRM_360602,8GLEASON CT_360582,462.46173342053845,500,1132393524.0243325,6LOOPERS_FRM_360602-8GLEASON_CT_360582,4275,0,942156224.03125,1095474686.96875,16.27314653630252,0.11929824561403508,0.6189473684210526,0.14198830409356725,0.11976608187134503,153318462.9375,184276057.5320797,1316669581.5564122
6COUNTY LINE_360013,8GLEASON CT_360582,426.4732399451857,500,1043178389.6280344,6COUNTY_LINE_360013-8GLEASON_CT_360582,3953,0,869808182.59375,1007236362.015625,15.799826004403283,0.15153048317733367,0.5954970908171009,0.1307867442448773,0.12218568176068809,137428179.421875,164820370.47676557,1207998760.1048
6YOUNG GA_361454,8GLEASON CT_360582,384.8869218317777,500,946041980.0383762,6YOUNG_GA_361454-8GLEASON_CT_360582,3662,0,811203448.375,946021545.5625,16.61951726876496,0.1616602949208083,0.5587110868377936,0.1332605133806663,0.14636810486073185,134818097.1875,157227610.2422439,1103269590.28062
6KENSNGTN GA_361503,8GLEASON CT_360582,385.18250624404936,500,946416210.2795825,6KENSNGTN_GA_361503-8GLEASON_CT_360582,3657,0,809650773.5625,941878080.171875,16.331400021711694,0.190593382554006,0.5293956795187312,0.13344271260596116,0.14656822532130162,132227306.609375,154563017.17108274,1100979227.4506652
6ALPHA GA_361502,8GLEASON CT_360582,444.7967595446363,500,1094187895.0863116,6ALPHA_GA_361502-8GLEASON_CT_360582,4454,0,986431937.515625,1124344011.40625,13.980901129170963,0.3668612483161203,0.31746744499326446,0.24607094746295466,0.06960035922766053,137912073.890625,152977327.77937412,1247165222.8656857
6CLOUDLANDGA_361633,8GLEASON CT_360582,358.87737638882726,500,878666243.8048465,6CLOUDLANDGA_361633-8GLEASON_CT_360582,3402,0,750552885.734375,878893227.78125,17.099440224162343,0.1504997060552616,0.5558495002939448,0.14344503233392122,0.15020576131687244,128340342.046875,150247009.1293023,1028913252.9341488
6ROCK SPG GA_361500,8GLEASON CT_360582,389.22081143570733,500,955673413.5165901,6ROCK_SPG_GA_361500-8GLEASON_CT_360582,3694,0,817258988.828125,950406217.296875,16.291925850784583,0.1873308067135896,0.5354629128316188,0.1321061180292366,0.14510016242555496,133147228.46875,155697603.9057848,1111371017.422375
6WID CRK FP_360068,8GLEASON CT_360582,325.349954314715,500,790870844.313817,6WID_CRK_FP_360068-8GLEASON_CT_360582,3039,0,664866896.9375,785366557.21875,18.123877250663824,0.1355709114840408,0.5412964791049687,0.16057913787430075,0.1625534715366897,120499660.28125,143336461.0347248,934207305.3485419
6WRINGOLD GA_361504,8GLEASON CT_360582,434.7047204732797,500,1060433299.6792336,6WRINGOLD_GA_361504-8GLEASON_CT_360582,4066,0,892517501.546875,1029894493.9375,15.39207826765625,0.17314313821938024,0.5809149040826365,0.12715199212985737,0.11878996556812592,137376992.390625,163222723.4629174,1223656023.1421509
6BATTLFLD GA_361530,8GLEASON CT_360582,367.63341535814834,500,904844505.9198202,6BATTLFLD_GA_361530-8GLEASON_CT_360582,3520,0,781222571.890625,915752193.140625,17.220396093321643,0.1534090909090909,0.5434659090909091,0.1534090909090909,0.1497159090909091,134529621.25,155817807.94805223,1060662313.8678725
6S HAVEN CC_360594,8GLEASON CT_360582,250.39876605652904,500,616955743.592418,6S_HAVEN_CC_360594-8GLEASON_CT_360582,2340,0,519777649.140625,769759021.5,48.093905686918625,0.0,0.0,0.09700854700854701,0.902991452991453,249981372.359375,296718113.45336497,913673857.0457829
6CONCORD TN_361509,8GLEASON CT_360582,450.2995517507721,500,1108948976.6691647,6CONCORD_TN_361509-8GLEASON_CT_360582,4511,0,1000131032.71875,1144654882.140625,14.450491455004876,0.3622256705830193,0.29993349589891377,0.26911992906229215,0.06872090445577478,144523849.421875,160248577.11394164,1269197553.7831063
8BRADLEY TN_360662,8GLEASON CT_360582,413.26303879075874,500,1015844088.6354702,8BRADLEY_TN_360662-8GLEASON_CT_360582,4167,0,922194864.015625,1052028720.546875,14.078787639946144,0.39212862970962326,0.279337652987761,0.25413966882649386,0.07439404847612191,129833856.53125,143018531.99193412,1158862620.6274042
8BENTON MS_360612,8GLEASON CT_360582,172.34893490658112,500,416962413.36973953,8BENTON_MS_360612-8GLEASON_CT_360582,1520,0,331494916.875,487334923.125,47.011280812116986,0.0,0.0,0.1493421052631579,0.8506578947368421,155840006.25,196019371.03022826,612981784.3999678
8FRANKLIN TN_360069,8GLEASON CT_360582,280.00766865873527,500,675093758.0156989,8FRANKLIN_TN_360069-8GLEASON_CT_360582,2681,0,581897005.046875,701276135.84375,20.515508717433306,0.07683700111898545,0.5345020514733309,0.2085042894442372,0.1801566579634465,119379130.796875,138498918.77655882,813592676.7922578
8ANDERSON TN_360120,8GLEASON CT_360582,433.3413634160596,500,1072588569.9882238,8ANDERSON_TN_360120-8GLEASON_CT_360582,4265,0,950225214.46875,1070400477.703125,12.647029504638251,0.4783118405627198,0.21594372801875733,0.23305978898007035,0.07268464243845252,120175263.234375,135650592.90978816,1208239162.898012
8BULL RUN FP_360093,8GLEASON CT_360582,516.4883049365691,500,1266702827.1431289,8BULL_RUN_FP_360093-8GLEASON_CT_360582,5094,0,1124390010.328125,1314252035.359375,16.88578013743145,0.43561052218296037,0.17334118570867688,0.207106399685905,0.1839418924224578,189862025.03125,213892654.38601708,1480595481.529146
8DAVIDSON TN_360048,8GLEASON CT_360582,164.43101940813384,500,403159382.96686393,8DAVIDSON_TN_360048-8GLEASON_CT_360582,1647,0,363719326.1875,465726413.515625,28.045550506584725,0.15846994535519127,0.17789921068609593,0.3466909532483303,0.31693989071038253,102007087.328125,113068268.37200716,516227651.3388711
8CUMBERLAND_360040,8GLEASON CT_360582,99.81677267045744,500,242232703.5248628,8CUMBERLAND_360040-8GLEASON_CT_360582,968,0,211648642.828125,260034902.390625,22.861596897549386,0.27789256198347106,0.16735537190082644,0.3202479338842975,0.23450413223140495,48386259.5625,55378264.233890034,297610967.7587528
7SHAWNEE FP_360002,8GLEASON CT_360582,128.79101940813385,500,306002574.9272279,7SHAWNEE_FP_360002-8GLEASON_CT_360582,1251,0,267571780.96875,386506162.5,44.449523451481035,0.0,0.0,0.2733812949640288,0.7266187050359713,118934381.53125,136016686.304414,442019261.2316419
8CHOCTAW MS_360654,8MAURY TN_360050,380.95242825438936,500,919155466.3631675,8CHOCTAW_MS_360654-8MAURY_TN_360050,3441,0,747290905.078125,965512295.4375,29.20166549284595,0.0,0.21650682941005522,0.6105783202557397,0.17291485033420517,218221390.359375,268408704.64658034,1187564171.009748
8ACKERMAN CC_360627,8MAURY TN_360050,359.3469412654205,500,865639258.8508832,8ACKERMAN_CC_360627-8MAURY_TN_360050,3261,0,707096396.46875,913350640.921875,29.16918336497849,0.0,0.2281508739650414,0.589083103342533,0.18276602269242564,206254244.453125,252499902.69345492,1118139161.5443382
8CLAY_360688,8MAURY TN_360050,321.61207768355314,500,772285549.1880109,8CLAY_360688-8MAURY_TN_360050,2978,0,644210279.046875,830463174.171875,28.911816713102702,0.0,0.24983210208193418,0.5594358629952989,0.19073203492276697,186252895.125,223281782.4830163,995567331.6710272
8COGEN CALED_360606,8MAURY TN_360050,283.7914154091661,500,680441292.626596,8COGEN_CALED_360606-8MAURY_TN_360050,2716,0,586612542.90625,725960301.234375,23.754650324685443,0.0,0.4005891016200295,0.5114138438880707,0.08799705449189986,139347758.328125,161636449.7282175,842077742.3548135
8E POINT AL_360058,8MAURY TN_360050,226.62533100964905,500,557158499.862853,8E_POINT_AL_360058-8MAURY_TN_360050,2121,0,469739838.90625,504437419.328125,7.3865526293587225,0.2668552569542669,0.7260726072607261,0.007072135785007072,0.0,34697580.421875,41154805.82131519,598313305.6841682
6CENTER PNT_360533,8MAURY TN_360050,289.1902400217124,500,717828029.8937654,6CENTER_PNT_360533-8MAURY_TN_360050,2619,0,585626484.390625,640515160.59375,9.37264240367126,0.19663993890798015,0.7468499427262314,0.045437189767086675,0.011072928598701794,54888676.203125,67279454.31526108,785107484.2090266
8BR FERRY NP_360052,8MAURY TN_360050,125.36178566873411,500,304243636.0816846,8BR_FERRY_NP_360052-8MAURY_TN_360050,1280,0,279788647.703125,314500766.96875,12.406550283790274,0.1828125,0.603125,0.2140625,0.0,34712119.265625,37746139.695706084,341989775.77739066
6LOOPERS FRM_360602,8MAURY TN_360050,295.9413374195062,500,735967853.3474982,6LOOPERS_FRM_360602-8MAURY_TN_360050,2682,0,600864259.3125,657276713.421875,9.388552112239346,0.19202087994034303,0.7527964205816555,0.04436987322893363,0.01081282624906786,56412454.109375,69096725.44085911,805064578.7883573
8LIMESTONE_360088,8MAURY TN_360050,123.45744150775505,500,299030459.2237053,8LIMESTONE_360088-8MAURY_TN_360050,1246,0,271627468.890625,309706642.4375,14.018896432822924,0.036115569823434994,0.7423756019261637,0.22150882825040127,0.0,38079173.546875,41920770.381166026,340951229.60487133
6COUNTY LINE_360013,8MAURY TN_360050,259.9528439441534,500,646752718.9512002,6COUNTY_LINE_360013-8MAURY_TN_360050,2360,0,528516217.875,569038388.46875,7.66715745387665,0.2559322033898305,0.7317796610169491,0.01228813559322034,0.0,40522170.59375,49587549.29921685,696340268.2504171
6YOUNG GA_361454,8MAURY TN_360050,216.44674011099363,500,544477775.9019734,6YOUNG_GA_361454-8MAURY_TN_360050,2034,0,462015977.859375,499254075.921875,8.059915640803705,0.2910521140609636,0.6828908554572272,0.0,0.026057030481809244,37238098.0625,43884449.4206233,588362225.3225967
8MADISON AL_360060,8MAURY TN_360050,126.13159082212876,500,306319245.5778132,8MADISON_AL_360060-8MAURY_TN_360050,1185,0,259147851.1875,285684750.609375,10.240061532547639,0.08523206751054853,0.8565400843881856,0.05822784810126582,0.0,26536899.421875,31367279.233203784,337686524.811017
6KENSNGTN GA_361503,8MAURY TN_360050,216.74232452326515,500,544852006.1431798,6KENSNGTN_GA_361503-8MAURY_TN_360050,2029,0,460463303.046875,495110610.53125,7.524444891724169,0.34351897486446525,0.6303597831444061,0.0,0.026121241991128634,34647307.484375,40997088.94369715,585849095.0868769
6ALPHA GA_361502,8MAURY TN_360050,281.6208959882779,500,696577316.9254651,6ALPHA_GA_361502-8MAURY_TN_360050,2841,0,632635400.40625,682682506.09375,7.910892380565815,0.49208025343189016,0.3657162970784935,0.14220344948961633,0.0,50047105.6875,55105481.889406405,751682798.8148715
6CLOUDLANDGA_361633,8MAURY TN_360050,190.43719466804308,500,477102039.66844386,6CLOUDLANDGA_361633-8MAURY_TN_360050,1774,0,401365415.21875,432125758.140625,7.663924632148533,0.28861330326944756,0.6956031567080045,0.0,0.015783540022547914,30760342.921875,36564740.73863294,513666780.4070768
8MAGNOL CC1_360613,8MAURY TN_360050,239.8848504560462,500,574870495.3161254,8MAGNOL_CC1_360613-8MAURY_TN_360050,2183,0,470932949.125,641861905.4375,36.29581591818716,0.0,0.28218048557031605,0.1168117269812185,0.6010077874484654,170928956.3125,208653936.7479116,783524432.064037
6ROCK SPG GA_361500,8MAURY TN_360050,220.78062971492315,500,554109209.3801873,6ROCK_SPG_GA_361500-8MAURY_TN_360050,2066,0,468071518.3125,503638747.65625,7.598674123983784,0.33494675701839305,0.6393998063891578,0.0,0.025653436592449178,35567229.34375,42104953.111783415,596214162.4919707
6WID CRK FP_360068,8MAURY TN_360050,156.90977259393077,500,389306640.1774143,6WID_CRK_FP_360068-8MAURY_TN_360050,1411,0,315679426.421875,338599087.578125,7.260422833390501,0.2919914953933381,0.7002126151665485,0.0,0.007795889440113395,22919661.15625,28265308.195346385,417571948.37276065
6WRINGOLD GA_361504,8MAURY TN_360050,268.18432447224734,500,664007629.0023992,6WRINGOLD_GA_361504-8MAURY_TN_360050,2473,0,551225536.828125,591696520.390625,7.342000843317065,0.286696320258795,0.7015770319450061,0.011726647796198949,0.0,40470983.5625,48751445.7210458,712759074.723445
6BATTLFLD GA_361530,8MAURY TN_360050,199.19323363736413,500,503280301.7834175,6BATTLFLD_GA_361530-8MAURY_TN_360050,1892,0,432035101.375,468984723.5,8.552458355213188,0.2854122621564482,0.6638477801268499,0.02748414376321353,0.023255813953488372,36949622.125,43042838.220018044,546323140.0034356
6S HAVEN CC_360594,8MAURY TN_360050,329.21136341605944,500,800612441.1701449,6S_HAVEN_CC_360594-8MAURY_TN_360050,3108,0,681423796.171875,962599575.890625,41.262982199674944,0.0,0.15604890604890606,0.13288288288288289,0.711068211068211,281175779.71875,330356569.0884199,1130969010.258565
6CONCORD TN_361509,8MAURY TN_360050,287.1236881944136,500,711338398.5083181,6CONCORD_TN_361509-8MAURY_TN_360050,2898,0,646334495.609375,702993376.828125,8.76618555927935,0.4824016563146998,0.33747412008281574,0.18012422360248448,0.0,56658881.21875,62357243.967645176,773695642.4759632
8BRADLEY TN_360662,8MAURY TN_360050,250.08717523440032,500,618233510.4746234,8BRADLEY_TN_360662-8MAURY_TN_360050,2554,0,568398326.90625,610410446.515625,7.3913165504979395,0.5473766640563822,0.30853563038371185,0.14408770555990602,0.0,42012119.609375,45695595.78043526,663929106.2550586
8BENTON MS_360612,8MAURY TN_360050,276.9064544039961,500,670200031.5029634,8BENTON_MS_360612-8MAURY_TN_360050,2724,0,593090616.0625,830780136.84375,40.07642581824331,0.0,0.16813509544787078,0.1644640234948605,0.6674008810572687,237689520.78125,268592218.45912844,938792249.9620919
8FRANKLIN TN_360069,8MAURY TN_360050,109.65455187831658,500,265052468.55413014,8FRANKLIN_TN_360069-8MAURY_TN_360050,1045,0,227461960.28125,245671793.90625,8.005661079542303,0.19712918660287082,0.8028708133971292,0.0,0.0,18209833.625,21219202.3154041,286271670.86953425
8HAYWOOD TN_360542,8MAURY TN_360050,211.92762979144985,500,508707618.63677317,8HAYWOOD_TN_360542-8MAURY_TN_360050,2159,0,466421877.4375,640902388.28125,37.408303358825655,0.0,0.21213524779990736,0.206113941639648,0.5817508105604446,174480510.84375,190298889.18910202,699006507.8258752
8HIWASSEE TN_360110,8MAURY TN_360050,222.97314277697203,500,549036252.2925227,8HIWASSEE_TN_360110-8MAURY_TN_360050,2278,0,505170709.984375,538121840.375,6.522771360129753,0.6154521510096576,0.25197541703248466,0.13257243195785778,0.0,32951130.390625,35812379.42126641,584848631.7137891
8LAG CRK CC_360615,8MAURY TN_360050,231.7713051151313,500,558796987.3812265,8LAG_CRK_CC_360615-8MAURY_TN_360050,2377,0,515745962.734375,733839291.171875,42.28696765384565,0.0,0.12873369793857803,0.12957509465713082,0.7416912074042912,218093328.4375,236298301.30456322,795095288.6857898
8JACKSON TN_360019,8MAURY TN_360050,174.3703051406402,500,419269427.0817863,8JACKSON_TN_360019-8MAURY_TN_360050,1803,0,390454202.046875,545901649.609375,39.811954064676236,0.0,0.16971713810316139,0.17082640044370492,0.6594564614531336,155447447.5625,166919351.717032,586188778.7988182
8ANDERSON TN_360120,8MAURY TN_360050,270.1654998597011,500,674977991.8273771,8ANDERSON_TN_360120-8MAURY_TN_360050,2652,0,596428677.359375,628738972.390625,5.417294013141749,0.6802413273001509,0.20588235294117646,0.1138763197586727,0.0,32310295.03125,36565542.3412889,711543534.168666
8BULL RUN FP_360093,8MAURY TN_360050,360.37585043053735,500,897640431.1955178,8BULL_RUN_FP_360093-8MAURY_TN_360050,3458,0,775622948.015625,819485216.421875,5.655101943343532,0.6015037593984962,0.31116252168883746,0.08733371891266628,0.0,43862268.40625,50762481.46877499,948402912.6642928
8JVILLE FP_360037,8MAURY TN_360050,106.15734408445238,500,254045339.57066175,8JVILLE_FP_360037-8MAURY_TN_360050,1002,0,215765521.53125,258059151.25,19.60166268391703,0.11477045908183632,0.4481037924151697,0.3373253493013972,0.0998003992015968,42293629.71875,49797110.52685271,303842450.09751445
8DAVIDSON TN_360048,8MAURY TN_360050,52.24916231265036,500,132425709.64032373,8DAVIDSON_TN_360048-8MAURY_TN_360050,519,0,118471110.078125,152739922.421875,28.92588101955966,0.0,0.14065510597302505,0.7764932562620424,0.08285163776493257,34268812.34375,38305303.20986759,170731012.85019132
8GLEASON CT_360582,8MAURY TN_360050,172.15311678041874,500,413456485.81246775,8GLEASON_CT_360582-8MAURY_TN_360050,1657,0,358291433.625,436686849.53125,21.88034894194577,0.14423657211828605,0.3512371756185878,0.3421846710923355,0.1623415811707906,78395415.90625,90465721.81887445,503922207.6313422
8LAG CRK CT_360568,8MAURY TN_360050,193.7297271637347,500,464882494.07795393,8LAG_CRK_CT_360568-8MAURY_TN_360050,1881,0,406383138.125,499206063.5625,22.841234472909754,0.12706007442849548,0.3094098883572568,0.4205209994683679,0.14300903774587986,92822925.4375,106184900.49585627,571067394.5738102
8CUMBERLAND_360040,8MAURY TN_360050,113.20357133746822,500,278822941.19993275,8CUMBERLAND_360040-8MAURY_TN_360050,1031,0,228659129.84375,314209668.953125,37.41400536590618,0.0,0.15227934044616878,0.32104752667313285,0.5266731328806984,85550539.109375,104318830.18192026,383141771.381853
8MARSHALL KY_360015,8MAURY TN_360050,236.390292014819,500,582347401.8831296,8MARSHALL_KY_360015-8MAURY_TN_360050,2145,0,475869114.734375,609895514.15625,28.164550980932447,0.2233100233100233,0.16923076923076924,0.19114219114219114,0.41631701631701634,134026399.421875,164015530.8895096,746362932.7726392
7SHAWNEE FP_360002,8MAURY TN_360050,285.4585712099237,500,681507943.5520031,7SHAWNEE_FP_360002-8MAURY_TN_360050,2626,0,564317899.59375,746346532.796875,32.25639897904473,0.09101294744859101,0.22201066260472202,0.2102056359482102,0.4767707539984768,182028633.203125,219829921.34601706,901337864.8980203
8CHOCTAW MS_360654,8MARSHALL KY_360015,473.8374283819339,500,1142749517.2008698,8CHOCTAW_MS_360654-8MARSHALL_KY_360015,4792,0,1040628734.453125,1517339026.59375,45.8098336474581,0.0,0.0,0.20763772954924875,0.7923622704507512,476710292.140625,523491652.83684903,1666241170.0377188
8ACKERMAN CC_360627,8MARSHALL KY_360015,457.2320128197144,500,1106352328.0933852,8ACKERMAN_CC_360627-8MARSHALL_KY_360015,4663,0,1015965475.375,1482404287.25,45.9108919722724,0.0,0.0,0.2028736864679391,0.7971263135320609,466438811.875,507936222.1836749,1614288550.27706
8CLAY_360688,8MARSHALL KY_360015,441.3370972447403,500,1064526202.4550639,8CLAY_360688-8MARSHALL_KY_360015,4510,0,979366516.3125,1446328568.875,47.680009964063345,0.0,0.0,0.11574279379157427,0.8842572062084257,466962052.5625,507566199.40063965,1572092401.8557036
8COGEN CALED_360606,8MARSHALL KY_360015,414.9834479176123,500,997596942.9845828,8COGEN_CALED_360606-8MARSHALL_KY_360015,4276,0,925455125.265625,1315641929.515625,42.161612551230746,0.0,0.02595884003741815,0.33652946679139384,0.637511693171188,390186804.25,420602957.9240821,1418199900.908665
8E POINT AL_360058,8MARSHALL KY_360015,415.7195646215043,500,1001745610.2853172,8E_POINT_AL_360058-8MARSHALL_KY_360015,3836,0,831955676.203125,1073491322.25,29.032273347685322,0.0,0.3727841501564129,0.3010948905109489,0.3261209593326382,241535646.046875,290829523.8264718,1292575134.111789
6CENTER PNT_360533,8MARSHALL KY_360015,526.3129476752777,500,1284300567.2279158,6CENTER_PNT_360533-8MARSHALL_KY_360015,4907,0,1077572640.140625,1250344564.015625,16.033436395754542,0.20603219889953128,0.4489504789076829,0.279804361116772,0.06521296107601386,172771923.875,205917514.57680267,1490218081.8047185
8BR FERRY NP_360052,8MARSHALL KY_360015,322.3002854519085,500,775143445.1494899,8BR_FERRY_NP_360052-8MARSHALL_KY_360015,2926,0,633390132.0625,849000666.0625,34.040715679909674,0.0215311004784689,0.20539986329460014,0.3321941216678059,0.4408749145591251,215610534.0,263864376.27479443,1039007821.4242843
6LOOPERS FRM_360602,8MARSHALL KY_360015,518.5255256011653,500,1263949002.7967904,6LOOPERS_FRM_360602-8MARSHALL_KY_360015,4830,0,1059451500.59375,1230411309.859375,16.13663383079016,0.2093167701863354,0.4401656314699793,0.2842650103519669,0.06625258799171843,170959809.265625,203958822.38924176,1467907825.186032
8LIMESTONE_360088,8MARSHALL KY_360015,344.4872529689713,500,828478173.3356792,8LIMESTONE_360088-8MARSHALL_KY_360015,3134,0,678395050.140625,891316826.96875,31.38610412678988,0.12539885130823228,0.1528398213146139,0.3101467772814295,0.41161455009572434,212921776.828125,260027022.15086305,1088505195.4865422
6COUNTY LINE_360013,8MARSHALL KY_360015,494.8850450475626,500,1227976469.4837928,6COUNTY_LINE_360013-8MARSHALL_KY_360015,4482,0,1001226530.671875,1184536435.171875,18.30853447091434,0.24163319946452477,0.4183400267737617,0.14078536367692995,0.19924141008478358,183309904.5,224824495.2101571,1452800964.69395
6YOUNG GA_361454,8MARSHALL KY_360015,451.00989575869784,500,1124869774.6572886,6YOUNG_GA_361454-8MARSHALL_KY_360015,4149,0,933255720.65625,1113134495.5625,19.274328667362695,0.25813449023861174,0.368763557483731,0.14509520366353337,0.22800674861412387,179878774.90625,216811097.44726792,1341680872.1045566
8MADISON AL_360060,8MARSHALL KY_360015,347.1442204860341,500,844625655.7350403,8MADISON_AL_360060-8MARSHALL_KY_360015,3125,0,684877305.0625,800451795.53125,16.875211021659275,0.09408,0.59392,0.23328,0.07872,115574490.46875,142532361.74836147,987158017.4834018
6KENSNGTN GA_361503,8MARSHALL KY_360015,451.3054801709693,500,1125244004.8984947,6KENSNGTN_GA_361503-8MARSHALL_KY_360015,4144,0,931703045.84375,1108991030.171875,19.02837874352692,0.28378378378378377,0.34266409266409265,0.14527027027027026,0.22828185328185327,177287984.328125,214115691.04091617,1339359695.939411
6ALPHA GA_361502,8MARSHALL KY_360015,499.0204671726927,500,1215732089.8373084,6ALPHA_GA_361502-8MARSHALL_KY_360015,4646,0,1018491666.03125,1185355490.65625,16.3834256273512,0.21760654326302195,0.4179939733103745,0.295523030563926,0.06887645286267757,166863824.625,199178562.76633793,1414910652.6036463
6CLOUDLANDGA_361633,8MARSHALL KY_360015,425.00035031574726,500,1057494038.4237589,6CLOUDLANDGA_361633-8MARSHALL_KY_360015,3889,0,872605158.015625,1046006177.78125,19.871647350784972,0.2548212908202623,0.35356132681923375,0.15479557726922089,0.23682180509128312,173401019.765625,210141486.07114387,1267635524.4949026
8MAGNOL CC1_360613,8MARSHALL KY_360015,293.182110243017,500,708678345.3599288,8MAGNOL_CC1_360613-8MARSHALL_KY_360015,2892,0,629475499.0,914068143.1875,45.21107567166804,0.0,0.0,0.2413554633471646,0.7586445366528354,284592644.1875,320401102.9894024,1029079448.3493313
6ROCK SPG GA_361500,8MARSHALL KY_360015,455.34378536262733,500,1134501208.1355023,6ROCK_SPG_GA_361500-8MARSHALL_KY_360015,4181,0,939311261.109375,1117519167.296875,18.97218883302083,0.28007653671370486,0.34967711073905766,0.14398469265725902,0.22626165988997848,178207906.1875,215239711.5203702,1349740919.6558726
6WID CRK FP_360068,8MARSHALL KY_360015,391.472928241635,500,969698638.9327295,6WID_CRK_FP_360068-8MARSHALL_KY_360015,3526,0,786919169.21875,952479507.21875,21.039052608715526,0.2526942711287578,0.3201928530913216,0.17073170731707318,0.2563811684628474,165560338.0,204015406.79105538,1173714045.723785
6WRINGOLD GA_361504,8MARSHALL KY_360015,497.56767496655687,500,1211689972.714531,6WRINGOLD_GA_361504-8MARSHALL_KY_360015,4634,0,1015390061.84375,1186327293.515625,16.834637061690994,0.21817004747518343,0.3951230038843332,0.31765213638325424,0.06905481225722918,170937231.671875,203983609.2193939,1415673581.933925
6BATTLFLD GA_361530,8MARSHALL KY_360015,430.29865550740533,500,1075990841.2802465,6BATTLFLD_GA_361530-8MARSHALL_KY_360015,3940,0,886585591.65625,1067901439.171875,20.451025735361306,0.3604060913705584,0.18350253807106598,0.20939086294416243,0.2467005076142132,181315847.515625,220051163.86035383,1296042005.1406002
6S HAVEN CC_360594,8MARSHALL KY_360015,382.233512781451,500,914564772.4267181,6S_HAVEN_CC_360594-8MARSHALL_KY_360015,3734,0,803481771.875,1188550060.03125,47.924956313278535,0.0,0.0,0.10391001606855918,0.8960899839314408,385068288.15625,438304767.6421399,1352869540.0688581
6CONCORD TN_361509,8MARSHALL KY_360015,504.52325937882847,500,1230493171.4201612,6CONCORD_TN_361509-8MARSHALL_KY_360015,4703,0,1032190761.234375,1205666361.390625,16.806544552752456,0.21496916861577717,0.39995747395279607,0.3170316819051669,0.06804167552625984,173475600.15625,206803383.07330605,1437296554.4934673
8BRADLEY TN_360662,8MARSHALL KY_360015,467.48674641881513,500,1137388283.3864665,8BRADLEY_TN_360662-8MARSHALL_KY_360015,4359,0,954254592.53125,1113083431.078125,16.64428337992763,0.23193392980041294,0.38793301215875203,0.30672172516632257,0.0734113328745125,158828838.546875,189310129.0169378,1326698412.4034042
8BENTON MS_360612,8MARSHALL KY_360015,281.8144413291928,500,679027125.8501843,8BENTON_MS_360612-8MARSHALL_KY_360015,2559,0,555431867.390625,806260355.3125,45.15918200737157,0.0,0.0,0.24462680734661976,0.7553731926533802,250828487.921875,306643095.64210874,985670221.4922931
8FRANKLIN TN_360069,8MARSHALL KY_360015,342.86880492381454,500,843951629.8285512,8FRANKLIN_TN_360069-8MARSHALL_KY_360015,3133,0,694341277.984375,853360130.015625,22.90211702419174,0.23906798595595277,0.2837535908075327,0.19214810086179382,0.2850303223747207,159018852.03125,193282789.89090827,1037234419.7194594
8HAYWOOD TN_360542,8MARSHALL KY_360015,215.54034400792568,500,514831001.02893996,8HAYWOOD_TN_360542-8MARSHALL_KY_360015,2026,0,435543263.09375,626427448.375,43.82668760052948,0.0,0.0,0.3089832181638697,0.6910167818361304,190884185.28125,225633374.49163222,740464375.5205722
8HIWASSEE TN_360110,8MARSHALL KY_360015,420.2822399706946,500,1021514623.1576222,8HIWASSEE_TN_360110-8MARSHALL_KY_360015,3948,0,863714277.21875,1018063897.09375,17.87044905313153,0.18642350557244175,0.4027355623100304,0.32978723404255317,0.08105369807497467,154349619.875,182549250.30167142,1204063873.4592936
8LAG CRK CC_360615,8MARSHALL KY_360015,211.37604527714268,500,507106949.77154285,8LAG_CRK_CC_360615-8MARSHALL_KY_360015,1906,0,411660529.578125,590603348.03125,43.46853914717252,0.0,0.0,0.3284365162644281,0.6715634837355718,178942818.453125,220431982.9794756,727538932.7510184
8JACKSON TN_360019,8MARSHALL KY_360015,178.27092198483118,500,426793374.9961066,8JACKSON_TN_360019-8MARSHALL_KY_360015,1749,0,376900303.5,551108738.96875,46.22135717350251,0.0,0.0,0.18810748999428245,0.8118925100057176,174208435.46875,197269690.24979642,624063065.245903
8ANDERSON TN_360120,8MARSHALL KY_360015,431.79546730023714,500,1057755920.380635,8ANDERSON_TN_360120-8MARSHALL_KY_360015,4218,0,928873499.84375,1061557836.59375,14.284435584858368,0.26078710289236606,0.44594594594594594,0.23067804646752016,0.06258890469416785,132684336.75,151094463.0917976,1208850383.4724326
8BULL RUN FP_360093,8MARSHALL KY_360015,486.27150626955824,500,1191315886.2772336,8BULL_RUN_FP_360093-8MARSHALL_KY_360015,4844,0,1067439463.71875,1182727942.34375,10.800469960456361,0.4324938067712634,0.3577621800165153,0.15524360033030554,0.054500412881915775,115288478.625,128667714.43151708,1319983600.7087507
8JVILLE FP_360037,8MARSHALL KY_360015,145.3351232923115,500,354955762.7675397,8JVILLE_FP_360037-8MARSHALL_KY_360015,1405,0,309137908.1875,362744920.296875,17.34080832198068,0.09181494661921709,0.6676156583629893,0.0704626334519573,0.1701067615658363,53607012.109375,61552198.44934353,416507961.2168832
8DAVIDSON TN_360048,8MARSHALL KY_360015,203.49688296449227,500,501243877.03368443,8DAVIDSON_TN_360048-8MARSHALL_KY_360015,1881,0,417247000.671875,542357851.453125,29.984841252253315,0.25465178096757046,0.10951621477937268,0.14035087719298245,0.4954811270600744,125110850.78125,150297180.81519008,651541057.8488746
8GLEASON CT_360582,8MARSHALL KY_360015,111.428967466045,500,267326963.2762127,8GLEASON_CT_360582-8MARSHALL_KY_360015,1073,0,231626835.859375,330542592.875,42.70479137213557,0.0,0.0,0.3662628145386766,0.6337371854613234,98915757.015625,114161421.9485721,381488385.2247848
8LAG CRK CT_360568,8MARSHALL KY_360015,118.53385704446568,500,286398591.77265763,8LAG_CRK_CT_360568-8MARSHALL_KY_360015,1072,0,233243473.109375,333538031.875,42.99994226144703,0.0,0.0,0.34794776119402987,0.6520522388059702,100294558.765625,123151229.09984016,409549820.8724978
8CUMBERLAND_360040,8MARSHALL KY_360015,130.5027596466719,500,320842004.4373987,8CUMBERLAND_360040-8MARSHALL_KY_360015,1217,0,269465538.3125,329758419.4375,22.374987726659935,0.3935907970419063,0.16680361544782252,0.056696795398520954,0.3829087921117502,60292881.125,71788359.11483768,392630363.5522363
7SHAWNEE FP_360002,8MARSHALL KY_360015,137.45085055808178,500,329845967.4194133,7SHAWNEE_FP_360002-8MARSHALL_KY_360015,1301,0,281187096.90625,408140546.125,45.149102009142794,0.0,0.0,0.2444273635664873,0.7555726364335127,126953449.21875,148922492.30323482,478768459.72264814
