start_BusName,end_BusName,start_lat,start_lon,end_lat,end_lon,length_km,voltage,cost_before_penalty,cost_after_penalty,added_cost,pct_increase
6CENTER PNT_360533,6COUNTY LINE_360013,34.6665318,-84.97089121,34.74311084,-85.00751569,82.891,230,107809175.1072714,120152360.35915929,12343185.25188789,11.449
6ALPHA GA_361502,6COUNTY LINE_360013,34.813027,-84.853226,34.74311084,-85.00751569,62.794,230,76840465.87495142,86801271.28619105,9960805.411239626,12.963
6CLOUDLANDGA_361633,6COUNTY LINE_360013,34.81849122,-85.5353055,34.74311084,-85.00751569,78.18,230,100032820.2484853,108517630.94753079,8484810.699045489,8.482
6BATTLFLD GA_361530,6COUNTY LINE_360013,34.9555953,-85.26465286,34.74311084,-85.00751569,116.339,230,150725890.23314884,166538317.9562567,15812427.723107858,10.491
6CONCORD TN_361509,6COUNTY LINE_360013,34.99679719,-85.1610968,34.74311084,-85.00751569,43.874,230,55105524.14113958,61110279.232485585,6004755.091346,10.897
6CENTER PNT_360533,6WID CRK FP_360068,34.6665318,-84.97089121,34.88515896,-85.75604163,137.354,230,167716362.66795582,184701431.91599977,16985069.248043958,10.127
6LOOPERS FRM_360602,6WID CRK FP_360068,34.708916,-84.922795,34.88515896,-85.75604163,144.106,230,176751780.05019403,194640758.6697547,17888978.619560696,10.121
6COUNTY LINE_360013,6WID CRK FP_360068,34.74311084,-85.00751569,34.88515896,-85.75604163,107.081,230,132582631.39150919,142991546.41232356,10408915.020814383,7.851
6KENSNGTN GA_361503,6WID CRK FP_360068,34.81265905,-85.32344844,34.88515896,-85.75604163,61.395,230,77432746.12729567,80874223.08591685,3441476.9586211755,4.444
6ALPHA GA_361502,6WID CRK FP_360068,34.813027,-84.853226,34.88515896,-85.75604163,156.019,230,189598158.65589795,207011839.98132113,17413681.325423185,9.185
6CLOUDLANDGA_361633,6WID CRK FP_360068,34.81849122,-85.5353055,34.88515896,-85.75604163,38.583,230,47727409.91487699,50264533.89967606,2537123.9847990735,5.316
6ROCK SPG GA_361500,6WID CRK FP_360068,34.83897801,-85.28020801,34.88515896,-85.75604163,65.284,230,81814747.52888122,85777754.80126128,3963007.2723800596,4.844
6BATTLFLD GA_361530,6WID CRK FP_360068,34.9555953,-85.26465286,34.88515896,-85.75604163,54.82,230,71442468.10488304,78141793.66548234,6699325.560599293,9.377
6S HAVEN CC_360594,6WID CRK FP_360068,34.99627529,-90.0485284,34.88515896,-85.75604163,469.704,230,553842080.5704821,744307735.8728725,190465655.30239037,34.39
6CONCORD TN_361509,6WID CRK FP_360068,34.99679719,-85.1610968,34.88515896,-85.75604163,137.099,230,167863216.92208612,181451410.1682189,13588193.246132776,8.095
6CENTER PNT_360533,6WRINGOLD GA_361504,34.6665318,-84.97089121,34.89324284,-85.13750475,73.421,230,89299828.2406854,100482591.45173039,11182763.211044976,12.523
6LOOPERS FRM_360602,6WRINGOLD GA_361504,34.708916,-84.922795,34.89324284,-85.13750475,65.634,230,79235436.08145753,89425967.60134535,10190531.519887818,12.861
6COUNTY LINE_360013,6WRINGOLD GA_361504,34.74311084,-85.00751569,34.89324284,-85.13750475,24.403,230,30745062.07572098,33819568.93091009,3074506.8551891088,10.0
6KENSNGTN GA_361503,6WRINGOLD GA_361504,34.81265905,-85.32344844,34.89324284,-85.13750475,69.399,230,85671506.97401667,92073595.29161614,6402088.317599479,7.473
6ALPHA GA_361502,6WRINGOLD GA_361504,34.813027,-84.853226,34.89324284,-85.13750475,46.129,230,55750650.97679189,63614756.84868394,7864105.871892052,14.106
6CLOUDLANDGA_361633,6WRINGOLD GA_361504,34.81849122,-85.5353055,34.89324284,-85.13750475,86.486,230,108001204.65547043,116089226.66219032,8088022.006719882,7.489
6ROCK SPG GA_361500,6WRINGOLD GA_361504,34.83897801,-85.28020801,34.89324284,-85.13750475,73.152,230,89510280.08249113,96780440.51495901,7270160.432467873,8.122
6WID CRK FP_360068,6WRINGOLD GA_361504,34.88515896,-85.75604163,34.89324284,-85.13750475,115.387,230,140551015.79849434,150577036.8777097,10026021.079215359,7.133
6BATTLFLD GA_361530,6WRINGOLD GA_361504,34.9555953,-85.26465286,34.89324284,-85.13750475,124.645,230,158694274.64013398,173999129.60276738,15304854.962633397,9.644
6S HAVEN CC_360594,6WRINGOLD GA_361504,34.99627529,-90.0485284,34.89324284,-85.13750475,561.422,230,667600693.2616478,840788896.6143646,173188203.35271686,25.942
6CONCORD TN_361509,6WRINGOLD GA_361504,34.99679719,-85.1610968,34.89324284,-85.13750475,27.209,230,34015709.24298006,37908872.60325799,3893163.3602779265,11.445
6ALPHA GA_361502,6CENTER PNT_360533,34.813027,-84.853226,34.6665318,-84.97089121,28.174,230,34648408.31792179,38113250.18602984,3464841.8681080495,10.0
6BATTLFLD GA_361530,6CENTER PNT_360533,34.9555953,-85.26465286,34.6665318,-84.97089121,146.849,230,190304938.48239684,212083074.15272915,21778135.670332313,11.444
6CENTER PNT_360533,6KENSNGTN GA_361503,34.6665318,-84.97089121,34.81265905,-85.32344844,91.603,230,117282170.81627953,130043267.26588628,12761096.449606745,10.881
6COUNTY LINE_360013,6KENSNGTN GA_361503,34.74311084,-85.00751569,34.81265905,-85.32344844,61.093,230,77703122.56703153,84499460.8152664,6796338.248234871,8.747
6ALPHA GA_361502,6KENSNGTN GA_361503,34.813027,-84.853226,34.81265905,-85.32344844,110.032,230,134718649.8314203,148497270.34852374,13778620.517103435,10.228
6CLOUDLANDGA_361633,6KENSNGTN GA_361503,34.81849122,-85.5353055,34.81265905,-85.32344844,28.192,230,36072236.57035432,37225683.03322228,1153446.4628679613,3.198
6BATTLFLD GA_361530,6KENSNGTN GA_361503,34.9555953,-85.26465286,34.81265905,-85.32344844,66.352,230,86765306.55501786,95250350.06693344,8485043.511915581,9.779
6CONCORD TN_361509,6KENSNGTN GA_361503,34.99679719,-85.1610968,34.81265905,-85.32344844,91.112,230,112983708.09760846,122933532.30483171,9949824.207223257,8.806
6CENTER PNT_360533,6YOUNG GA_361454,34.6665318,-84.97089121,34.75072952,-85.27349349,85.98,230,109928928.7963007,122499084.65733646,12570155.86103577,11.435
6LOOPERS FRM_360602,6YOUNG GA_361454,34.708916,-84.922795,34.75072952,-85.27349349,92.731,230,118964346.17853892,132443176.37745535,13478830.198916435,11.33
6COUNTY LINE_360013,6YOUNG GA_361454,34.74311084,-85.00751569,34.75072952,-85.27349349,55.471,230,70349880.5470527,76916962.02952442,6567081.482471723,9.335
6KENSNGTN GA_361503,6YOUNG GA_361454,34.81265905,-85.32344844,34.75072952,-85.27349349,8.921,230,10776981.49344478,11317843.303653173,540861.8102083942,5.019
6ALPHA GA_361502,6YOUNG GA_361454,34.813027,-84.853226,34.75072952,-85.27349349,104.409,230,127365407.81144145,140939493.12898296,13574085.317541515,10.658
6CLOUDLANDGA_361633,6YOUNG GA_361454,34.81849122,-85.5353055,34.75072952,-85.27349349,27.897,230,35939130.49763468,38492877.65409349,2553747.156458811,7.106
6ROCK SPG GA_361500,6YOUNG GA_361454,34.83897801,-85.28020801,34.75072952,-85.27349349,10.661,230,12728584.828059405,14001443.563808072,1272858.7357486682,10.0
6WID CRK FP_360068,6YOUNG GA_361454,34.88515896,-85.75604163,34.75072952,-85.27349349,61.047,230,77171201.65887958,81176196.53752029,4004994.8786407136,5.19
6WRINGOLD GA_361504,6YOUNG GA_361454,34.89324284,-85.13750475,34.75072952,-85.27349349,63.777,230,78318264.95403785,84439940.87117518,6121675.9171373425,7.816
6BATTLFLD GA_361530,6YOUNG GA_361454,34.9555953,-85.26465286,34.75072952,-85.27349349,66.056,230,86632200.48229823,96484665.74779779,9852465.26549957,11.373
6S HAVEN CC_360594,6YOUNG GA_361454,34.99627529,-90.0485284,34.75072952,-85.27349349,519.271,230,616887067.7062453,788790435.455044,171903367.7487988,27.866
6CONCORD TN_361509,6YOUNG GA_361454,34.99679719,-85.1610968,34.75072952,-85.27349349,85.489,230,105630466.07762961,115334737.86778289,9704271.790153278,9.187
6CENTER PNT_360533,6ROCK SPG GA_361500,34.6665318,-84.97089121,34.83897801,-85.28020801,95.356,230,121120943.92475398,134784326.61496308,13663382.690209093,11.281
6LOOPERS FRM_360602,6ROCK SPG GA_361500,34.708916,-84.922795,34.83897801,-85.28020801,102.107,230,130156361.3069922,144729608.19553187,14573246.888539677,11.197
6COUNTY LINE_360013,6ROCK SPG GA_361500,34.74311084,-85.00751569,34.83897801,-85.28020801,64.846,230,81541895.675506,89241592.67544132,7699696.999935328,9.443
6KENSNGTN GA_361503,6ROCK SPG GA_361500,34.81265905,-85.32344844,34.83897801,-85.28020801,6.115,230,7720996.85919515,8323334.722564662,602337.8633695119,7.801
6ALPHA GA_361502,6ROCK SPG GA_361500,34.813027,-84.853226,34.83897801,-85.28020801,113.784,230,138557422.93989474,153238392.6572038,14680969.717309043,10.596
6CLOUDLANDGA_361633,6ROCK SPG GA_361500,34.81849122,-85.5353055,34.83897801,-85.28020801,32.231,230,40481017.54117789,42160811.54316446,1679794.001986572,4.15
6BATTLFLD GA_361530,6ROCK SPG GA_361500,34.9555953,-85.26465286,34.83897801,-85.28020801,70.39,230,91174087.52584143,100191065.09785908,9016977.572017647,9.89
6CONCORD TN_361509,6ROCK SPG GA_361500,34.99679719,-85.1610968,34.83897801,-85.28020801,94.865,230,116822481.20608291,127659186.58282802,10836705.376745112,9.276
6CENTER PNT_360533,6CLOUDLANDGA_361633,34.6665318,-84.97089121,34.81849122,-85.5353055,108.689,230,139611868.49773327,154073964.54132736,14462096.043594088,10.359
6ALPHA GA_361502,6CLOUDLANDGA_361633,34.813027,-84.853226,34.81849122,-85.5353055,127.118,230,157048347.51287404,172522723.572252,15474376.059377976,9.853
6BATTLFLD GA_361530,6CLOUDLANDGA_361633,34.9555953,-85.26465286,34.81849122,-85.5353055,40.046,230,53391034.48107455,59705655.328752995,6314620.847678449,11.827
6CENTER PNT_360533,6CONCORD TN_361509,34.6665318,-84.97089121,34.99679719,-85.1610968,80.377,230,98680129.76076284,111289716.54878674,12609586.788023908,12.778
6ALPHA GA_361502,6CONCORD TN_361509,34.813027,-84.853226,34.99679719,-85.1610968,53.084,230,65130952.496869326,74417140.55767252,9286188.060803186,14.258
6CLOUDLANDGA_361633,6CONCORD TN_361509,34.81849122,-85.5353055,34.99679719,-85.1610968,108.198,230,135313405.7790622,146958717.82433566,11645312.045273457,8.606
6BATTLFLD GA_361530,6CONCORD TN_361509,34.9555953,-85.26465286,34.99679719,-85.1610968,146.358,230,186006475.76372576,204922487.15253738,18916011.38881161,10.17
6CENTER PNT_360533,6LOOPERS FRM_360602,34.6665318,-84.97089121,34.708916,-84.922795,9.104,230,12361159.351459209,13597275.641315829,1236116.289856621,10.0
6COUNTY LINE_360013,6LOOPERS FRM_360602,34.74311084,-85.00751569,34.708916,-84.922795,82.299,230,100325250.97961704,112620088.77913696,12294837.799519908,12.255
6KENSNGTN GA_361503,6LOOPERS FRM_360602,34.81265905,-85.32344844,34.708916,-84.922795,98.354,230,126317588.19851774,139986782.42146516,13669194.222947413,10.821
6ALPHA GA_361502,6LOOPERS FRM_360602,34.813027,-84.853226,34.708916,-84.922795,20.387,230,24584016.158693902,27042418.444071557,2458402.285377654,10.0
6CLOUDLANDGA_361633,6LOOPERS FRM_360602,34.81849122,-85.5353055,34.708916,-84.922795,115.441,230,148647285.8799715,164014695.48927262,15367409.609301124,10.338
6BATTLFLD GA_361530,6LOOPERS FRM_360602,34.9555953,-85.26465286,34.708916,-84.922795,153.6,230,199340355.86463505,222028326.90473673,22687971.040101685,11.382
6CONCORD TN_361509,6LOOPERS FRM_360602,34.99679719,-85.1610968,34.708916,-84.922795,72.589,230,88615737.60153496,100232964.58054838,11617226.979013415,13.11
6ALPHA GA_361502,6BATTLFLD GA_361530,34.813027,-84.853226,34.9555953,-85.26465286,146.512,230,200865249.65331694,220633672.71193752,19768423.05862057,9.842
6CENTER PNT_360533,6S HAVEN CC_360594,34.6665318,-84.97089121,34.99627529,-90.0485284,578.085,230,688095777.2618825,870098545.2727112,182002768.01082858,26.45
6LOOPERS FRM_360602,6S HAVEN CC_360594,34.708916,-84.922795,34.99627529,-90.0485284,584.836,230,697131194.6441207,880162510.58614,183031315.94201937,26.255
6COUNTY LINE_360013,6S HAVEN CC_360594,34.74311084,-85.00751569,34.99627529,-90.0485284,553.116,230,659632308.8546627,833969510.0070064,174337201.15234375,26.429
6KENSNGTN GA_361503,6S HAVEN CC_360594,34.81265905,-85.32344844,34.99627529,-90.0485284,519.62,230,617148612.1762794,788732621.1238159,171584008.94753647,27.803
6ALPHA GA_361502,6S HAVEN CC_360594,34.813027,-84.853226,34.99627529,-90.0485284,603.907,230,719437829.9263601,904857460.2028165,185419630.27645642,25.773
6CLOUDLANDGA_361633,6S HAVEN CC_360594,34.81849122,-85.5353055,34.99627529,-90.0485284,499.693,230,592088864.3455495,759646483.7317075,167557619.386158,28.299
6ROCK SPG GA_361500,6S HAVEN CC_360594,34.83897801,-85.28020801,34.99627529,-90.0485284,523.509,230,621530613.576247,793649160.4863241,172118546.91007707,27.693
6BATTLFLD GA_361530,6S HAVEN CC_360594,34.9555953,-85.26465286,34.99627529,-90.0485284,511.785,230,610595521.7539045,805375877.9951926,194780356.24128816,31.9
6CONCORD TN_361509,6S HAVEN CC_360594,34.99679719,-85.1610968,34.99627529,-90.0485284,583.134,230,694912894.3852396,872081111.3760667,177168216.99082702,25.495
6CENTER PNT_360533,7SHAWNEE FP_360002,34.6665318,-84.97089121,37.150267,-88.778122,570.42,345,1095355640.9955368,1318276236.8631825,222920595.8676457,20.351
6LOOPERS FRM_360602,7SHAWNEE FP_360002,34.708916,-84.922795,37.150267,-88.778122,577.171,345,1109817437.8273346,1334160660.9816453,224343223.15431076,20.214
6COUNTY LINE_360013,7SHAWNEE FP_360002,34.74311084,-85.00751569,37.150267,-88.778122,541.161,345,1039274338.9466575,1248085487.9491293,208811149.00247175,20.092
6YOUNG GA_361454,7SHAWNEE FP_360002,34.75072952,-85.27349349,37.150267,-88.778122,499.478,345,962768444.9978719,1163607077.2374067,200838632.23953497,20.861
6KENSNGTN GA_361503,7SHAWNEE FP_360002,34.81265905,-85.32344844,37.150267,-88.778122,499.774,345,963034138.1814778,1161786423.451248,198752285.26977018,20.638
6ALPHA GA_361502,7SHAWNEE FP_360002,34.813027,-84.853226,37.150267,-88.778122,558.102,345,1075351697.3693104,1293136778.408218,217785081.0389075,20.252
6CLOUDLANDGA_361633,7SHAWNEE FP_360002,34.81849122,-85.5353055,37.150267,-88.778122,473.468,345,909249010.6263747,1104769874.1770377,195520863.55066308,21.504
6ROCK SPG GA_361500,7SHAWNEE FP_360002,34.83897801,-85.28020801,37.150267,-88.778122,503.812,345,970290443.0728117,1169925871.4614167,199635428.38860503,20.575
6WID CRK FP_360068,7SHAWNEE FP_360002,34.88515896,-85.75604163,37.150267,-88.778122,439.888,345,839437296.3808048,1030143142.2804362,190705845.8996314,22.718
6WRINGOLD GA_361504,7SHAWNEE FP_360002,34.89324284,-85.13750475,37.150267,-88.778122,549.392,345,1052652531.4848341,1259743853.7194405,207091322.2346063,19.673
6BATTLFLD GA_361530,7SHAWNEE FP_360002,34.9555953,-85.26465286,37.150267,-88.778122,482.172,345,930329705.998009,1130036817.8689957,199707111.87098664,21.466
6S HAVEN CC_360594,7SHAWNEE FP_360002,34.99627529,-90.0485284,37.150267,-88.778122,324.405,345,610537336.9028168,901586010.489758,291048673.58694124,47.671
6CONCORD TN_361509,7SHAWNEE FP_360002,34.99679719,-85.1610968,37.150267,-88.778122,563.732,345,1087110966.459806,1310734604.273128,223623637.81332207,20.57
8CHOCTAW MS_360654,8DAVIDSON TN_360048,33.2984397,-89.4127739,36.06703747,-86.9841046,418.796,500,1015865242.668355,1419665760.122416,403800517.4540609,39.749
8ACKERMAN CC_360627,8DAVIDSON TN_360048,33.38593855,-89.20997726,36.06703747,-86.9841046,399.992,500,966709897.1056943,1250374851.4202096,283664954.3145153,29.343
8CLAY_360688,8DAVIDSON TN_360048,33.47863869,-88.74043971,36.06703747,-86.9841046,362.257,500,873356187.442822,1127799920.360391,254443732.91756898,29.134
8COGEN CALED_360606,8DAVIDSON TN_360048,33.64779158,-88.31593565,36.06703747,-86.9841046,324.436,500,781511930.8814071,974685396.3092501,193173465.42784292,24.718
6CENTER PNT_360533,8DAVIDSON TN_360048,34.6665318,-84.97089121,36.06703747,-86.9841046,331.107,500,833371735.2335594,954212620.549203,120840885.31564371,14.5
8BR FERRY NP_360052,8DAVIDSON TN_360048,34.70520875,-87.11705751,36.06703747,-86.9841046,169.22,500,415033001.81862473,485084478.6977463,70051476.87912151,16.879
6LOOPERS FRM_360602,8DAVIDSON TN_360048,34.708916,-84.922795,36.06703747,-86.9841046,322.479,500,806157974.243211,900723291.8285246,94565317.58531353,11.73
6COUNTY LINE_360013,8DAVIDSON TN_360048,34.74311084,-85.00751569,36.06703747,-86.9841046,300.886,500,760646029.3622322,867407493.7111037,106761464.34887148,14.036
6YOUNG GA_361454,8DAVIDSON TN_360048,34.75072952,-85.27349349,36.06703747,-86.9841046,258.46,500,657052837.8623157,748863482.4622022,91810644.5998865,13.973
6KENSNGTN GA_361503,8DAVIDSON TN_360048,34.81265905,-85.32344844,36.06703747,-86.9841046,258.756,500,657427068.1035221,746458437.8645921,89031369.76106995,13.542
6ALPHA GA_361502,8DAVIDSON TN_360048,34.813027,-84.853226,36.06703747,-86.9841046,302.974,500,757941061.2837288,847647515.064887,89706453.78115822,11.836
6CLOUDLANDGA_361633,8DAVIDSON TN_360048,34.81849122,-85.5353055,36.06703747,-86.9841046,232.45,500,589677101.6287861,674466481.6502059,84789380.02141982,14.379
6ROCK SPG GA_361500,8DAVIDSON TN_360048,34.83897801,-85.28020801,36.06703747,-86.9841046,262.794,500,666684271.3405297,756837549.2314669,90153277.89093718,13.523
6WID CRK FP_360068,8DAVIDSON TN_360048,34.88515896,-85.75604163,36.06703747,-86.9841046,198.765,500,502197190.16748047,586313115.4786971,84115925.31121655,16.75
6WRINGOLD GA_361504,8DAVIDSON TN_360048,34.89324284,-85.13750475,36.06703747,-86.9841046,301.521,500,753898944.1609515,848117688.0010908,94218743.84013925,12.498
6BATTLFLD GA_361530,8DAVIDSON TN_360048,34.9555953,-85.26465286,36.06703747,-86.9841046,236.487,500,600823711.2178811,687370695.1232202,86546983.90533915,14.405
6S HAVEN CC_360594,8DAVIDSON TN_360048,34.99627529,-90.0485284,36.06703747,-86.9841046,350.142,500,860320514.7134149,1275872114.845421,415551600.13200617,48.302
6CONCORD TN_361509,8DAVIDSON TN_360048,34.99679719,-85.1610968,36.06703747,-86.9841046,308.477,500,772702142.8665819,869763824.0423105,97061681.1757285,12.561
8BRADLEY TN_360662,8DAVIDSON TN_360048,35.0367008,-84.963798,36.06703747,-86.9841046,271.44,500,679597254.8328873,759549528.5969703,79952273.76408307,11.765
8BENTON MS_360612,8DAVIDSON TN_360048,35.17466126,-89.74553609,36.06703747,-86.9841046,295.774,500,721541769.9293933,1047235128.8921633,325693358.96277,45.139
8ANDERSON TN_360120,8DAVIDSON TN_360048,35.94503289,-84.38856432,36.06703747,-86.9841046,291.519,500,736341736.1856409,807959034.6719064,71617298.48626547,9.726
8BULL RUN FP_360093,8DAVIDSON TN_360048,36.01895969,-84.15785445,36.06703747,-86.9841046,381.729,500,959004175.5537817,1045378717.5792723,86374542.0254905,9.007
8CUMBERLAND_360040,8DAVIDSON TN_360048,36.3921331,-87.65747953,36.06703747,-86.9841046,80.31,500,197719416.35048756,286830752.00812775,89111335.65764017,45.07
7SHAWNEE FP_360002,8DAVIDSON TN_360048,37.150267,-88.778122,36.06703747,-86.9841046,277.736,500,671210840.7063993,913473273.6207135,242262432.91431415,36.093
8ACKERMAN CC_360627,8BR FERRY NP_360052,33.38593855,-89.20997726,34.70520875,-87.11705751,279.995,500,682223902.7658104,836559898.3285649,154335995.5627545,22.622
6CENTER PNT_360533,8BR FERRY NP_360052,34.6665318,-84.97089121,34.70520875,-87.11705751,272.518,500,680961955.0832074,738469250.2686774,57507295.18547003,8.445
6LOOPERS FRM_360602,8BR FERRY NP_360052,34.708916,-84.922795,34.70520875,-87.11705751,279.27,500,699101778.5369401,758416698.4342146,59314919.89727447,8.484
6COUNTY LINE_360013,8BR FERRY NP_360052,34.74311084,-85.00751569,34.70520875,-87.11705751,245.763,500,617119648.4527452,657401429.2609521,40281780.80820687,6.527
6YOUNG GA_361454,8BR FERRY NP_360052,34.75072952,-85.27349349,34.70520875,-87.11705751,211.866,500,530240910.73846656,565566293.3731143,35325382.634647824,6.662
6KENSNGTN GA_361503,8BR FERRY NP_360052,34.81265905,-85.32344844,34.70520875,-87.11705751,212.065,500,530769591.76954836,564943877.2624003,34174285.492851965,6.439
6ALPHA GA_361502,8BR FERRY NP_360052,34.813027,-84.853226,34.70520875,-87.11705751,298.34,500,745196572.2623761,809142414.4123129,63945842.14993674,8.581
6CLOUDLANDGA_361633,8BR FERRY NP_360052,34.81849122,-85.5353055,34.70520875,-87.11705751,185.968,500,464174271.8617565,484956610.0017582,20782338.140001725,4.477
6ROCK SPG GA_361500,8BR FERRY NP_360052,34.83897801,-85.28020801,34.70520875,-87.11705751,216.104,500,539982407.9764328,575262361.0769718,35279953.10053894,6.534
6WID CRK FP_360068,8BR FERRY NP_360052,34.88515896,-85.75604163,34.70520875,-87.11705751,160.673,500,400843599.66358525,416913444.8325319,16069845.168946667,4.009
6WRINGOLD GA_361504,8BR FERRY NP_360052,34.89324284,-85.13750475,34.70520875,-87.11705751,253.995,500,634374558.5039443,674019732.8136564,39645174.30971222,6.249
6BATTLFLD GA_361530,8BR FERRY NP_360052,34.9555953,-85.26465286,34.70520875,-87.11705751,203.209,500,518633298.6355768,546799277.9343996,28165979.29882277,5.431
6S HAVEN CC_360594,8BR FERRY NP_360052,34.99627529,-90.0485284,34.70520875,-87.11705751,320.826,500,782372833.9810385,1125089032.7683718,342716198.7873334,43.805
6CONCORD TN_361509,8BR FERRY NP_360052,34.99679719,-85.1610968,34.70520875,-87.11705751,275.782,500,689945607.6100473,736905016.7083981,46959409.0983508,6.806
8BENTON MS_360612,8BR FERRY NP_360052,35.17466126,-89.74553609,34.70520875,-87.11705751,281.047,500,681505956.3236476,975445489.0122713,293939532.68862367,43.131
8ANDERSON TN_360120,8BR FERRY NP_360052,35.94503289,-84.38856432,34.70520875,-87.11705751,322.53,500,793303512.7463707,827891562.5505733,34588049.804202616,4.36
7SHAWNEE FP_360002,8BR FERRY NP_360052,37.150267,-88.778122,34.70520875,-87.11705751,354.632,500,848091553.6458982,1148340416.4740906,300248862.82819235,35.403
8CHOCTAW MS_360654,8CUMBERLAND_360040,33.2984397,-89.4127739,36.3921331,-87.65747953,422.223,500,1014271767.6210799,1424685085.3307495,410413317.7096695,40.464
8ACKERMAN CC_360627,8CUMBERLAND_360040,33.38593855,-89.20997726,36.3921331,-87.65747953,402.881,500,969901437.4944185,1356435947.5323207,386534510.03790224,39.853
8CLAY_360688,8CUMBERLAND_360040,33.47863869,-88.74043971,36.3921331,-87.65747953,374.384,500,901460429.5376737,1270119181.4730253,368658751.9353517,40.896
8COGEN CALED_360606,8CUMBERLAND_360040,33.64779158,-88.31593565,36.3921331,-87.65747953,339.784,500,819264877.9633045,1057479080.4172574,238214202.45395288,29.077
6CENTER PNT_360533,8CUMBERLAND_360040,34.6665318,-84.97089121,36.3921331,-87.65747953,400.936,500,995527319.7431612,1178646927.1728382,183119607.42967692,18.394
8BR FERRY NP_360052,8CUMBERLAND_360040,34.70520875,-87.11705751,36.3921331,-87.65747953,213.723,500,517459439.35818696,637617972.7163588,120158533.35817187,23.221
6LOOPERS FRM_360602,8CUMBERLAND_360040,34.708916,-84.922795,36.3921331,-87.65747953,393.104,500,977800643.6223795,1143295832.6271348,165495189.00475532,16.925
6COUNTY LINE_360013,8CUMBERLAND_360040,34.74311084,-85.00751569,36.3921331,-87.65747953,371.698,500,924452008.8005961,1089763504.5512538,165311495.75065774,17.882
6YOUNG GA_361454,8CUMBERLAND_360040,34.75072952,-85.27349349,36.3921331,-87.65747953,327.823,500,821345313.9740916,978663059.0128651,157317745.03877342,19.154
6KENSNGTN GA_361503,8CUMBERLAND_360040,34.81265905,-85.32344844,36.3921331,-87.65747953,328.119,500,821719544.2152979,976355793.8335718,154636249.61827388,18.819
6ALPHA GA_361502,8CUMBERLAND_360040,34.813027,-84.853226,36.3921331,-87.65747953,373.599,500,929583730.6628973,1090145996.9036877,160562266.2407904,17.272
6CLOUDLANDGA_361633,8CUMBERLAND_360040,34.81849122,-85.5353055,36.3921331,-87.65747953,301.814,500,753969577.7405622,904577983.0651408,150608405.32457864,19.975
6ROCK SPG GA_361500,8CUMBERLAND_360040,34.83897801,-85.28020801,36.3921331,-87.65747953,332.157,500,830976747.4523056,986740531.2015895,155763783.74928388,18.745
6WID CRK FP_360068,8CUMBERLAND_360040,34.88515896,-85.75604163,36.3921331,-87.65747953,268.286,500,666174178.2495325,810693964.0418481,144519785.79231557,21.694
6WRINGOLD GA_361504,8CUMBERLAND_360040,34.89324284,-85.13750475,36.3921331,-87.65747953,372.146,500,925541613.5401199,1090647821.195365,165106207.65524507,17.839
6BATTLFLD GA_361530,8CUMBERLAND_360040,34.9555953,-85.26465286,36.3921331,-87.65747953,307.112,500,772466380.5970496,932957996.2100482,160491615.61299855,20.777
6S HAVEN CC_360594,8CUMBERLAND_360040,34.99627529,-90.0485284,36.3921331,-87.65747953,324.533,500,793260142.974673,1110360205.4904828,317100062.5158099,39.974
6CONCORD TN_361509,8CUMBERLAND_360040,34.99679719,-85.1610968,36.3921331,-87.65747953,379.102,500,944344812.2457504,1112283787.2982116,167938975.05246124,17.784
8BRADLEY TN_360662,8CUMBERLAND_360040,35.0367008,-84.963798,36.3921331,-87.65747953,342.065,500,851239924.2120557,1001731510.4700856,150491586.25803,17.679
8BENTON MS_360612,8CUMBERLAND_360040,35.17466126,-89.74553609,36.3921331,-87.65747953,259.462,500,630783213.7351975,880358534.4855785,249575320.75038093,39.566
8ANDERSON TN_360120,8CUMBERLAND_360040,35.94503289,-84.38856432,36.3921331,-87.65747953,367.387,500,902784303.565125,1084015906.4671729,181231602.90204784,20.075
8BULL RUN FP_360093,8CUMBERLAND_360040,36.01895969,-84.15785445,36.3921331,-87.65747953,421.863,500,1036710850.3847916,1202165303.8287437,165454453.44395205,15.96
7SHAWNEE FP_360002,8CUMBERLAND_360040,37.150267,-88.778122,36.3921331,-87.65747953,213.122,500,510284161.2643982,696010170.8139986,185726009.54960033,36.397
8CHOCTAW MS_360654,8WID CRK FP_360065,33.2984397,-89.4127739,34.88726197,-85.75423778,412.691,500,1001168029.1461052,1167238101.084611,166070071.9385059,16.588
8ACKERMAN CC_360627,8WID CRK FP_360065,33.38593855,-89.20997726,34.88726197,-85.75423778,391.086,500,947651821.633821,1098237355.927788,150585534.29396707,15.89
8CLAY_360688,8WID CRK FP_360065,33.47863869,-88.74043971,34.88726197,-85.75423778,344.376,500,835428955.7798676,951598971.5740035,116170015.7941358,13.905
8WEST POINT_360035,8WID CRK FP_360065,33.63551392,-88.65363834,34.88726197,-85.75423778,327.072,500,789215754.6662996,881380222.9245231,92164468.25822347,11.678
8COGEN CALED_360606,8WID CRK FP_360065,33.64779158,-88.31593565,34.88726197,-85.75423778,297.192,500,720378169.2790447,786042856.5524343,65664687.273389615,9.115
8E POINT AL_360058,8WID CRK FP_360065,34.19181783,-86.74805975,34.88726197,-85.75423778,150.303,500,364243734.65739083,373576559.25393295,9332824.596542096,2.562
8UNION MS_360033,8WID CRK FP_360065,34.37783096,-88.85850114,34.88726197,-85.75423778,333.05,500,805646757.1802783,967117251.5542138,161470494.37393546,20.042
8TRICO STEEL_360014,8WID CRK FP_360065,34.60872576,-87.05506218,34.88726197,-85.75423778,176.874,500,431219590.7415358,448908952.39344764,17689361.65191187,4.102
6CENTER PNT_360533,8WID CRK FP_360065,34.6665318,-84.97089121,34.88726197,-85.75423778,137.842,500,344654676.97418,379573135.08986497,34918458.115685,10.131
8BR FERRY NP_360052,8WID CRK FP_360065,34.70520875,-87.11705751,34.88726197,-85.75423778,158.965,500,400861793.9029729,417907913.44605434,17046119.543081492,4.252
6LOOPERS FRM_360602,8WID CRK FP_360065,34.708916,-84.922795,34.88726197,-85.75423778,144.593,500,362794500.42791283,399527283.49391717,36732783.06600434,10.125
8LIMESTONE_360088,8WID CRK FP_360065,34.71890958,-86.84630969,34.88726197,-85.75423778,133.591,500,338925824.76646876,356009027.1343677,17083202.36789894,5.04
6COUNTY LINE_360013,8WID CRK FP_360065,34.74311084,-85.00751569,34.88726197,-85.75423778,107.621,500,271928971.1028528,293152576.9571395,21223605.85428667,7.805
6YOUNG GA_361454,8WID CRK FP_360065,34.75072952,-85.27349349,34.88726197,-85.75423778,61.587,500,158156265.43714514,166282161.57161334,8125896.134468185,5.138
8MADISON AL_360060,8WID CRK FP_360065,34.79577878,-86.52158584,34.88726197,-85.75423778,96.607,500,250734950.1892407,255430176.81147844,4695226.622237751,1.873
6KENSNGTN GA_361503,8WID CRK FP_360065,34.81265905,-85.32344844,34.88726197,-85.75423778,61.786,500,158684946.4682269,165648042.9492987,6963096.481071787,4.388
6ALPHA GA_361502,8WID CRK FP_360065,34.813027,-84.853226,34.88726197,-85.75423778,156.559,500,389852814.99667215,425513004.6784051,35660189.681732945,9.147
6CLOUDLANDGA_361633,8WID CRK FP_360065,34.81849122,-85.5353055,34.88726197,-85.75423778,39.123,500,98790748.84868428,103953227.10916919,5162478.260484897,5.226
8MAGNOL CC1_360613,8WID CRK FP_360065,34.8287922,-89.20041124,34.88726197,-85.75423778,353.783,500,859350244.3706262,1110573813.161797,251223568.79117084,29.234
6ROCK SPG GA_361500,8WID CRK FP_360065,34.83897801,-85.28020801,34.88726197,-85.75423778,65.824,500,167897762.6751113,175952957.5261343,8055194.8510230305,4.798
6WID CRK FP_360068,8WID CRK FP_360065,34.88515896,-85.75604163,34.88726197,-85.75423778,0.307,500,786029.4753755697,786029.4753755697,0.0,0.0
6WRINGOLD GA_361504,8WID CRK FP_360065,34.89324284,-85.13750475,34.88726197,-85.75423778,115.852,500,289183881.15405184,309706933.4055431,20523052.251491223,7.097
6BATTLFLD GA_361530,8WID CRK FP_360065,34.9555953,-85.26465286,34.88726197,-85.75423778,54.438,500,143373551.48848137,156885694.93127346,13512143.442792092,9.424
6S HAVEN CC_360594,8WID CRK FP_360065,34.99627529,-90.0485284,34.88726197,-85.75423778,446.231,500,1091600335.161301,1460966152.3234854,369365817.16218436,33.837
6CONCORD TN_361509,8WID CRK FP_360065,34.99679719,-85.1610968,34.88726197,-85.75423778,137.639,500,344754930.26015496,372535394.4100959,27780464.14994093,8.058
8BRADLEY TN_360662,8WID CRK FP_360065,35.0367008,-84.963798,34.88726197,-85.75423778,126.099,500,346995108.1220062,371447192.80594623,24452084.68394004,7.047
8RACCOON MTN_360079,8WID CRK FP_360065,35.05681146,-85.38724619,34.88726197,-85.75423778,41.567,500,105956913.63802293,111289058.43381016,5332144.795787233,5.032
8BENTON MS_360612,8WID CRK FP_360065,35.17466126,-89.74553609,34.88726197,-85.75423778,402.379,500,983047310.4373488,1293252313.0598297,310205002.6224808,31.555
8SEQUOYAH NP_360081,8WID CRK FP_360065,35.22706031,-85.09419774,34.88726197,-85.75423778,101.193,500,263243129.75941718,269583937.11812323,6340807.358706036,2.409
8FRANKLIN TN_360069,8WID CRK FP_360065,35.33506701,-86.11727644,34.88726197,-85.75423778,66.626,500,169869186.6135804,175179646.3458825,5310459.732302111,3.126
8SHELBY TN_360021,8WID CRK FP_360065,35.38606284,-89.80340294,34.88726197,-85.75423778,402.305,500,978990058.2015281,1288499045.2247367,309508987.0232087,31.615
8HAYWOOD TN_360542,8WID CRK FP_360065,35.54308246,-89.19654872,34.88726197,-85.75423778,346.672,500,843144719.4794753,1046122342.8627604,202977623.38328516,24.074
8HIWASSEE TN_360110,8WID CRK FP_360065,35.60032498,-84.78911434,34.88726197,-85.75423778,139.815,500,350209862.7646098,356617268.3638217,6407405.599211885,1.83
8LAG CRK CC_360615,8WID CRK FP_360065,35.65702785,-89.39460044,34.88726197,-85.75423778,369.546,500,897897998.3691957,1126908292.3803406,229010294.011145,25.505
8MAURY TN_360050,8WID CRK FP_360065,35.672863,-87.01861625,34.88726197,-85.75423778,156.624,500,388574785.49695444,416986912.97266084,28412127.475706413,7.312
8JACKSON TN_360019,8WID CRK FP_360065,35.70901203,-88.79407261,34.88726197,-85.75423778,317.609,500,771538686.6699092,932741754.438318,161203067.76840875,20.894
8RUTHERFORD_360010,8WID CRK FP_360065,35.82791498,-86.59841524,34.88726197,-85.75423778,146.24,500,364437747.82011926,396719639.40805566,32281891.587936398,8.858
8ANDERSON TN_360120,8WID CRK FP_360065,35.94503289,-84.38856432,34.88726197,-85.75423778,189.131,500,478819006.14947563,485504574.22153735,6685568.072061726,1.396
8BULL RUN FP_360093,8WID CRK FP_360065,36.01895969,-84.15785445,34.88726197,-85.75423778,284.329,500,723033600.3002422,729687252.9247218,6653652.62447961,0.92
8JVILLE FP_360037,8WID CRK FP_360065,36.02382902,-87.98154082,34.88726197,-85.75423778,260.302,500,636200814.8302734,707598445.4692318,71397630.6389585,11.222
8PIN HOOK TN_360581,8WID CRK FP_360065,36.04646628,-86.60595108,34.88726197,-85.75423778,177.801,500,450831754.25288725,503706164.2524514,52874409.99956416,11.728
8PLATEAU TN_360077,8WID CRK FP_360065,36.05858036,-85.14194112,34.88726197,-85.75423778,158.23,500,390351413.97369564,390377624.2552933,26210.2815976556,0.007
8DAVIDSON TN_360048,8WID CRK FP_360065,36.06703747,-86.9841046,34.88726197,-85.75423778,198.479,500,501465335.4870207,585649238.7589165,84183903.27189581,16.788
8VOLUNTEER_360097,8WID CRK FP_360065,36.1219789,-83.81482256,34.88726197,-85.75423778,314.373,500,799304264.299973,805877382.0676246,6573117.76765157,0.822
8GLEASON CT_360582,8WID CRK FP_360065,36.24522988,-88.6114255,34.88726197,-85.75423778,325.065,500,790138989.6333573,933541433.4276563,143402443.794299,18.149
8LAG CRK CT_360568,8WID CRK FP_360065,36.27534882,-88.83423675,34.88726197,-85.75423778,345.97,500,839378270.413089,1001023319.4668441,161645049.05375504,19.258
8CUMBERLAND_360040,8WID CRK FP_360065,36.3921331,-87.65747953,34.88726197,-85.75423778,268.001,500,665442323.5690726,810050081.0573703,144607757.4882977,21.731
8PHIPPS B NP_360102,8WID CRK FP_360065,36.46070569,-82.80788409,34.88726197,-85.75423778,373.819,500,952529499.3783004,958995925.6339203,6466426.255619902,0.679
8MONTGOMERY_360044,8WID CRK FP_360065,36.59438524,-87.25325857,34.88726197,-85.75423778,270.198,500,678941038.8350954,849285321.2698402,170344282.4347448,25.09
8MARSHALL KY_360015,8WID CRK FP_360065,37.02455006,-88.39384277,34.88726197,-85.75423778,391.187,500,968966784.2522695,1173067063.7552521,204100279.50298265,21.064
7SHAWNEE FP_360002,8WID CRK FP_360065,37.150267,-88.778122,34.88726197,-85.75423778,439.603,500,1063663418.8116148,1305564390.2737112,241900971.46209645,22.742
8PARADISE CC_360117,8WID CRK FP_360065,37.259697,-86.976991,34.88726197,-85.75423778,319.954,500,782911165.3093916,860740723.9124348,77829558.60304315,9.941
8PARADISE CC_360117,8WID CRK FP_360065,37.259697,-86.976991,34.88726197,-85.75423778,319.954,500,782911165.3093916,860740723.9124348,77829558.60304315,9.941
6CENTER PNT_360533,8ACKERMAN CC_360627,34.6665318,-84.97089121,33.38593855,-89.20997726,476.579,500,1167597680.4071276,1358295099.4617429,190697419.0546152,16.332
6LOOPERS FRM_360602,8ACKERMAN CC_360627,34.708916,-84.922795,33.38593855,-89.20997726,483.33,500,1185737503.8608603,1378270626.9193425,192533123.05848214,16.237
6COUNTY LINE_360013,8ACKERMAN CC_360627,34.74311084,-85.00751569,33.38593855,-89.20997726,467.061,500,1144055694.2554905,1318812099.6911275,174756405.4356371,15.275
6YOUNG GA_361454,8ACKERMAN CC_360627,34.75072952,-85.27349349,33.38593855,-89.20997726,433.164,500,1057176956.5412118,1227431578.7114966,170254622.1702848,16.105
6KENSNGTN GA_361503,8ACKERMAN CC_360627,34.81265905,-85.32344844,33.38593855,-89.20997726,433.363,500,1057705637.5722938,1226926756.13665,169221118.56435624,15.999
6ALPHA GA_361502,8ACKERMAN CC_360627,34.813027,-84.853226,33.38593855,-89.20997726,502.401,500,1231832297.586296,1428966292.504281,197133994.91798496,16.003
6CLOUDLANDGA_361633,8ACKERMAN CC_360627,34.81849122,-85.5353055,33.38593855,-89.20997726,413.639,500,1006840568.4719126,1169137147.6338751,162296579.16196248,16.119
6ROCK SPG GA_361500,8ACKERMAN CC_360627,34.83897801,-85.28020801,33.38593855,-89.20997726,437.402,500,1066918453.7791783,1237265225.7096446,170346771.93046626,15.966
6WID CRK FP_360068,8ACKERMAN CC_360627,34.88515896,-85.75604163,33.38593855,-89.20997726,390.546,500,946274450.8640825,1096912029.8528373,150637578.98875478,15.919
6WRINGOLD GA_361504,8ACKERMAN CC_360627,34.89324284,-85.13750475,33.38593855,-89.20997726,475.293,500,1161310604.3066897,1334480984.6084704,173170380.30178067,14.912
6BATTLFLD GA_361530,8ACKERMAN CC_360627,34.9555953,-85.26465286,33.38593855,-89.20997726,444.984,500,1087893192.8813162,1252695498.3830292,164802305.50171313,15.149
6S HAVEN CC_360594,8ACKERMAN CC_360627,34.99627529,-90.0485284,33.38593855,-89.20997726,217.517,500,533395861.98225963,741081005.6652188,207685143.68295914,38.936
6CONCORD TN_361509,8ACKERMAN CC_360627,34.99679719,-85.1610968,33.38593855,-89.20997726,497.08,500,1216881653.4127927,1397546851.6345813,180665198.22178864,14.847
7SHAWNEE FP_360002,8ACKERMAN CC_360627,37.150267,-88.778122,33.38593855,-89.20997726,464.712,500,1122319506.5957265,1653714553.5322022,531395046.93647575,47.348
8CHOCTAW MS_360654,8MADISON AL_360060,33.2984397,-89.4127739,34.79577878,-86.52158584,364.905,500,891559809.126301,1075874768.0330176,184314958.9067165,20.673
8ACKERMAN CC_360627,8MADISON AL_360060,33.38593855,-89.20997726,34.79577878,-86.52158584,343.299,500,838043601.6140168,1006662918.7668287,168619317.15281188,20.121
8CLAY_360688,8MADISON AL_360060,33.47863869,-88.74043971,34.79577878,-86.52158584,305.564,500,743925560.5684766,878491851.2152638,134566290.64678726,18.089
8COGEN CALED_360606,8MADISON AL_360060,33.64779158,-88.31593565,34.79577878,-86.52158584,266.5,500,645751951.8287047,740745018.1467669,94993066.31806213,14.71
8E POINT AL_360058,8MADISON AL_360060,34.19181783,-86.74805975,34.79577878,-86.52158584,134.05,500,335416290.738361,349765762.06274384,14349471.324382866,4.278
6CENTER PNT_360533,8MADISON AL_360060,34.6665318,-84.97089121,34.79577878,-86.52158584,209.638,500,529431032.6157511,575560248.7257229,46129216.10997186,8.713
8BR FERRY NP_360052,8MADISON AL_360060,34.70520875,-87.11705751,34.79577878,-86.52158584,77.988,500,192656584.3675347,203090045.27842417,10433460.910889486,5.416
6LOOPERS FRM_360602,8MADISON AL_360060,34.708916,-84.922795,34.79577878,-86.52158584,216.389,500,547570856.0694838,595510362.2706016,47939506.20111792,8.755
8LIMESTONE_360088,8MADISON AL_360060,34.71890958,-86.84630969,34.79577878,-86.52158584,52.614,500,130720615.23103061,141121874.01106706,10401258.780036457,7.957
6COUNTY LINE_360013,8MADISON AL_360060,34.74311084,-85.00751569,34.79577878,-86.52158584,182.883,500,465588725.985289,494394172.5879678,28805446.602678847,6.187
6YOUNG GA_361454,8MADISON AL_360060,34.75072952,-85.27349349,34.79577878,-86.52158584,148.986,500,378709988.27101034,402559214.84683126,23849226.5758209,6.297
6KENSNGTN GA_361503,8MADISON AL_360060,34.81265905,-85.32344844,34.79577878,-86.52158584,149.185,500,379238669.30209213,401914952.7864317,22676283.484339584,5.979
6ALPHA GA_361502,8MADISON AL_360060,34.813027,-84.853226,34.79577878,-86.52158584,235.46,500,593665649.7949198,646213160.1046354,52547510.30971553,8.851
6CLOUDLANDGA_361633,8MADISON AL_360060,34.81849122,-85.5353055,34.79577878,-86.52158584,123.61,500,313986783.2972389,323204319.3283805,9217536.031141652,2.936
6ROCK SPG GA_361500,8MADISON AL_360060,34.83897801,-85.28020801,34.79577878,-86.52158584,153.223,500,388451485.5089766,412239157.133085,23787671.624108464,6.124
6WID CRK FP_360068,8MADISON AL_360060,34.88515896,-85.75604163,34.79577878,-86.52158584,98.315,500,250656111.0990676,255077207.5212317,4421096.422164106,1.764
6WRINGOLD GA_361504,8MADISON AL_360060,34.89324284,-85.13750475,34.79577878,-86.52158584,191.114,500,482843636.03648806,511036112.85404366,28192476.8175556,5.839
6BATTLFLD GA_361530,8MADISON AL_360060,34.9555953,-85.26465286,34.79577878,-86.52158584,140.851,500,368506454.9218446,384713174.47826606,16206719.556421451,4.398
6S HAVEN CC_360594,8MADISON AL_360060,34.99627529,-90.0485284,34.79577878,-86.52158584,369.599,500,902372030.4970436,1266395132.3200393,364023101.8229958,40.341
6CONCORD TN_361509,8MADISON AL_360060,34.99679719,-85.1610968,34.79577878,-86.52158584,212.901,500,538414685.1425911,573901655.286721,35486970.144129895,6.591
8BRADLEY TN_360662,8MADISON AL_360060,35.0367008,-84.963798,34.79577878,-86.52158584,218.89,500,550963128.0860326,595056250.6348767,44093122.54884408,8.003
8BENTON MS_360612,8MADISON AL_360060,35.17466126,-89.74553609,34.79577878,-86.52158584,329.819,500,801505152.8396529,1116951690.7304487,315446537.89079577,39.357
8FRANKLIN TN_360069,8MADISON AL_360060,35.33506701,-86.11727644,34.79577878,-86.52158584,82.48,500,199949367.74287796,210814884.81900704,10865517.076129068,5.434
8HAYWOOD TN_360542,8MADISON AL_360060,35.54308246,-89.19654872,34.79577878,-86.52158584,279.929,500,675256553.1731087,917839809.3957144,242583256.22260574,35.925
8HIWASSEE TN_360110,8MADISON AL_360060,35.60032498,-84.78911434,34.79577878,-86.52158584,204.403,500,516214127.87605166,531977913.6648867,15763785.78883503,3.054
8LAG CRK CC_360615,8MADISON AL_360060,35.65702785,-89.39460044,34.79577878,-86.52158584,303.324,500,731141529.4619634,1000910619.1343207,269769089.6723574,36.897
8JACKSON TN_360019,8MADISON AL_360060,35.70901203,-88.79407261,34.79577878,-86.52158584,257.83,500,619060748.0023853,825182211.3463966,206121463.3440113,33.296
8ANDERSON TN_360120,8MADISON AL_360060,35.94503289,-84.38856432,34.79577878,-86.52158584,253.72,500,644823271.2609174,660960318.6719066,16137047.410989214,2.503
8BULL RUN FP_360093,8MADISON AL_360060,36.01895969,-84.15785445,34.79577878,-86.52158584,349.783,500,887561714.868312,902205673.0136963,14643958.14538436,1.65
8JVILLE FP_360037,8MADISON AL_360060,36.02382902,-87.98154082,34.79577878,-86.52158584,206.695,500,502240315.14788973,583962344.9568691,81722029.80897945,16.271
8DAVIDSON TN_360048,8MADISON AL_360060,36.06703747,-86.9841046,34.79577878,-86.52158584,177.69,500,439517153.1814312,516725774.8659273,77208621.68449609,17.567
8GLEASON CT_360582,8MADISON AL_360060,36.24522988,-88.6114255,34.79577878,-86.52158584,269.067,500,647622719.4422946,821915322.3416919,174292602.89939725,26.913
8LAG CRK CT_360568,8MADISON AL_360060,36.27534882,-88.83423675,34.79577878,-86.52158584,289.142,500,696197734.5677059,885446350.0913255,189248615.52361965,27.183
8CUMBERLAND_360040,8MADISON AL_360060,36.3921331,-87.65747953,34.79577878,-86.52158584,228.256,500,554478073.0393418,689015014.8168836,134536941.77754176,24.264
7SHAWNEE FP_360002,8MADISON AL_360060,37.150267,-88.778122,34.79577878,-86.52158584,385.996,500,929702919.1292312,1185967915.31276,256264996.183529,27.564
8CHOCTAW MS_360654,8PIN HOOK TN_360581,33.2984397,-89.4127739,36.04646628,-86.60595108,445.49,500,1092659755.9103777,1345930096.489004,253270340.5786262,23.179
8ACKERMAN CC_360627,8PIN HOOK TN_360581,33.38593855,-89.20997726,36.04646628,-86.60595108,423.884,500,1039143548.3980935,1276669463.2879682,237525914.88987464,22.858
8CLAY_360688,8PIN HOOK TN_360581,33.47863869,-88.74043971,36.04646628,-86.60595108,386.149,500,945025507.3525532,1148163225.461712,203137718.10915866,21.495
8COGEN CALED_360606,8PIN HOOK TN_360581,33.64779158,-88.31593565,36.04646628,-86.60595108,347.085,500,846851898.6127814,1009737344.4497855,162885445.83700407,19.234
8E POINT AL_360058,8PIN HOOK TN_360581,34.19181783,-86.74805975,36.04646628,-86.60595108,259.041,500,645700458.649508,717258557.7919472,71558099.14243922,11.082
6CENTER PNT_360533,8PIN HOOK TN_360581,34.6665318,-84.97089121,36.04646628,-86.60595108,302.925,500,758624058.2104893,821349057.0304881,62724998.819998845,8.268
8BR FERRY NP_360052,8PIN HOOK TN_360581,34.70520875,-87.11705751,36.04646628,-86.60595108,179.084,500,444372021.9090576,523175931.10650533,78803909.19744772,17.734
6LOOPERS FRM_360602,8PIN HOOK TN_360581,34.708916,-84.922795,36.04646628,-86.60595108,295.138,500,738272493.7793639,798961080.2704501,60688586.491086185,8.22
8LIMESTONE_360088,8PIN HOOK TN_360581,34.71890958,-86.84630969,36.04646628,-86.60595108,171.556,500,423674234.3608166,487886781.29583836,64212546.935021736,15.156
6COUNTY LINE_360013,8PIN HOOK TN_360581,34.74311084,-85.00751569,36.04646628,-86.60595108,280.471,500,710291680.5980208,785944504.4552057,75652823.8571849,10.651
6YOUNG GA_361454,8PIN HOOK TN_360581,34.75072952,-85.27349349,36.04646628,-86.60595108,233.433,500,592884182.4607918,644346691.9665198,51462509.505727984,8.68
8MADISON AL_360060,8PIN HOOK TN_360581,34.79577878,-86.52158584,36.04646628,-86.60595108,163.897,500,407051751.5528941,463573567.22502905,56521815.67213491,13.886
6KENSNGTN GA_361503,8PIN HOOK TN_360581,34.81265905,-85.32344844,36.04646628,-86.60595108,233.728,500,593258412.701998,641817996.11363,48559583.411632,8.185
6ALPHA GA_361502,8PIN HOOK TN_360581,34.813027,-84.853226,36.04646628,-86.60595108,275.633,500,690055580.8198817,745961424.1277353,55905843.30785359,8.102
6CLOUDLANDGA_361633,8PIN HOOK TN_360581,34.81849122,-85.5353055,36.04646628,-86.60595108,207.423,500,525508446.22726214,569664634.9674268,44156188.74016466,8.403
8MAGNOL CC1_360613,8PIN HOOK TN_360581,34.8287922,-89.20041124,36.04646628,-86.60595108,309.395,500,761680156.9256791,1043491232.4158778,281811075.4901987,36.999
6ROCK SPG GA_361500,8PIN HOOK TN_360581,34.83897801,-85.28020801,36.04646628,-86.60595108,237.767,500,602515615.9390056,652188196.4811125,49672580.542106874,8.244
6WID CRK FP_360068,8PIN HOOK TN_360581,34.88515896,-85.75604163,36.04646628,-86.60595108,178.086,500,451563608.93334705,504339052.3080514,52775443.37470438,11.687
6WRINGOLD GA_361504,8PIN HOOK TN_360581,34.89324284,-85.13750475,36.04646628,-86.60595108,274.18,500,686013463.6971042,746447724.536818,60434260.83971384,8.809
6BATTLFLD GA_361530,8PIN HOOK TN_360581,34.9555953,-85.26465286,36.04646628,-86.60595108,209.146,500,532938230.7540339,583591990.6510841,50653759.897050165,9.505
6S HAVEN CC_360594,8PIN HOOK TN_360581,34.99627529,-90.0485284,36.04646628,-86.60595108,398.219,500,985411220.7609174,1381902427.2442033,396491206.48328596,40.236
6CONCORD TN_361509,8PIN HOOK TN_360581,34.99679719,-85.1610968,36.04646628,-86.60595108,281.135,500,704816662.4027348,768095592.6259482,63278930.223213494,8.978
8BRADLEY TN_360662,8PIN HOOK TN_360581,35.0367008,-84.963798,36.04646628,-86.60595108,244.099,500,611711774.3690401,658121175.683183,46409401.31414285,7.587
8BENTON MS_360612,8PIN HOOK TN_360581,35.17466126,-89.74553609,36.04646628,-86.60595108,345.915,500,854894082.3223746,1188660035.7214918,333765953.3991171,39.042
8FRANKLIN TN_360069,8PIN HOOK TN_360581,35.33506701,-86.11727644,36.04646628,-86.60595108,127.748,500,320517558.0464975,364302825.24710536,43785267.200607836,13.661
8HAYWOOD TN_360542,8PIN HOOK TN_360581,35.54308246,-89.19654872,36.04646628,-86.60595108,280.936,500,693401669.4561841,948519709.4104263,255118039.95424214,36.792
8HIWASSEE TN_360110,8PIN HOOK TN_360581,35.60032498,-84.78911434,36.04646628,-86.60595108,216.717,500,542336241.8412024,579216573.1026539,36880331.261451505,6.8
8LAG CRK CC_360615,8PIN HOOK TN_360581,35.65702785,-89.39460044,36.04646628,-86.60595108,296.69,500,735274212.9936647,1032448616.839421,297174403.84575623,40.417
8MAURY TN_360050,8PIN HOOK TN_360581,35.672863,-87.01861625,36.04646628,-86.60595108,76.711,500,204259243.35779563,263612652.10685652,59353408.749060914,29.058
8JACKSON TN_360019,8PIN HOOK TN_360581,35.70901203,-88.79407261,36.04646628,-86.60595108,239.289,500,595746652.6942245,823099203.6577853,227352550.96356082,38.163
8ANDERSON TN_360120,8PIN HOOK TN_360581,35.94503289,-84.38856432,36.04646628,-86.60595108,264.155,500,667684505.3475764,705267209.1175382,37582703.76996185,5.629
8BULL RUN FP_360093,8PIN HOOK TN_360581,36.01895969,-84.15785445,36.04646628,-86.60595108,353.642,500,889251807.2088945,940420926.2465367,51169119.03764218,5.754
8JVILLE FP_360037,8PIN HOOK TN_360581,36.02382902,-87.98154082,36.04646628,-86.60595108,159.839,500,406856507.9323126,515457520.4396482,108601012.50733559,26.693
8DAVIDSON TN_360048,8PIN HOOK TN_360581,36.06703747,-86.9841046,36.04646628,-86.60595108,83.494,500,225891516.3962533,297310491.7572558,71418975.36100253,31.616
8GLEASON CT_360582,8PIN HOOK TN_360581,36.24522988,-88.6114255,36.04646628,-86.60595108,225.835,500,566267654.1741185,715184818.8557088,148917164.6815903,26.298
8LAG CRK CT_360568,8PIN HOOK TN_360581,36.27534882,-88.83423675,36.04646628,-86.60595108,247.412,500,617693662.4396048,782127866.2864976,164434203.8468928,26.621
8CUMBERLAND_360040,8PIN HOOK TN_360581,36.3921331,-87.65747953,36.04646628,-86.60595108,154.119,500,397534185.77542174,542649772.2989154,145115586.5234936,36.504
8PHIPPS B NP_360102,8PIN HOOK TN_360581,36.46070569,-82.80788409,36.04646628,-86.60595108,443.133,500,1118747706.286953,1169284888.8626506,50537182.57569764,4.517
8MONTGOMERY_360044,8PIN HOOK TN_360581,36.59438524,-87.25325857,36.04646628,-86.60595108,155.213,500,403367219.744328,559368642.8419664,156001423.09763843,38.675
8MARSHALL KY_360015,8PIN HOOK TN_360581,37.02455006,-88.39384277,36.04646628,-86.60595108,277.306,500,701058646.4586186,906245968.7045226,205187322.24590397,29.268
7SHAWNEE FP_360002,8PIN HOOK TN_360581,37.150267,-88.778122,36.04646628,-86.60595108,339.141,500,834319111.9136541,1111863171.1562514,277544059.2425973,33.266
8PARADISE CC_360117,8PIN HOOK TN_360581,37.259697,-86.976991,36.04646628,-86.60595108,229.916,500,581465736.5366757,769043796.504169,187578059.9674933,32.26
8PARADISE CC_360117,8PIN HOOK TN_360581,37.259697,-86.976991,36.04646628,-86.60595108,229.916,500,581465736.5366757,769043796.504169,187578059.9674933,32.26
8ACKERMAN CC_360627,8BRADLEY TN_360662,33.38593855,-89.20997726,35.0367008,-84.963798,503.068,500,1229430096.356234,1419180233.8064764,189750137.45024228,15.434
6CENTER PNT_360533,8BRADLEY TN_360662,34.6665318,-84.97089121,35.0367008,-84.963798,65.472,500,163218383.89607537,187694672.30508828,24476288.409012917,14.996
8BR FERRY NP_360052,8BRADLEY TN_360662,34.70520875,-87.11705751,35.0367008,-84.963798,281.77,500,702494050.5534887,757992978.3396593,55498927.786170624,7.9
6LOOPERS FRM_360602,8BRADLEY TN_360662,34.708916,-84.922795,35.0367008,-84.963798,57.684,500,142866819.46495003,165379688.33633733,22512868.8713873,15.758
6COUNTY LINE_360013,8BRADLEY TN_360662,34.74311084,-85.00751569,35.0367008,-84.963798,49.862,500,124653280.81465751,145832376.25690526,21179095.442247733,16.99
6YOUNG GA_361454,8BRADLEY TN_360662,34.75072952,-85.27349349,35.0367008,-84.963798,90.789,500,227903520.8494054,256513346.257371,28609825.407965597,12.553
6KENSNGTN GA_361503,8BRADLEY TN_360662,34.81265905,-85.32344844,35.0367008,-84.963798,96.411,500,242736183.94967613,271665811.0655982,28929627.115922045,11.918
6ALPHA GA_361502,8BRADLEY TN_360662,34.813027,-84.853226,35.0367008,-84.963798,38.179,500,94649906.50546783,112431588.72435696,17781682.218889136,18.787
6CLOUDLANDGA_361633,8BRADLEY TN_360662,34.81849122,-85.5353055,35.0367008,-84.963798,113.498,500,287785617.018439,320138196.3550342,32352579.3365952,11.242
6ROCK SPG GA_361500,8BRADLEY TN_360662,34.83897801,-85.28020801,35.0367008,-84.963798,100.164,500,250925647.88971516,281747452.7818711,30821804.892155934,12.283
6WID CRK FP_360068,8BRADLEY TN_360662,34.88515896,-85.75604163,35.0367008,-84.963798,126.608,500,348297457.2817356,372763543.43024254,24466086.148506965,7.024
6WRINGOLD GA_361504,8BRADLEY TN_360662,34.89324284,-85.13750475,35.0367008,-84.963798,33.197,500,81817760.55531013,98799633.12015788,16981872.564847752,20.756
6BATTLFLD GA_361530,8BRADLEY TN_360662,34.9555953,-85.26465286,35.0367008,-84.963798,115.053,500,323413981.356887,353199303.9564019,29785322.599514917,9.21
6S HAVEN CC_360594,8BRADLEY TN_360662,34.99627529,-90.0485284,35.0367008,-84.963798,567.466,500,1381870232.3259828,1743591197.4690301,361720965.1430474,26.176
6CONCORD TN_361509,8BRADLEY TN_360662,34.99679719,-85.1610968,35.0367008,-84.963798,40.153,500,100620959.26094061,120372051.2016034,19751091.940662786,19.629
8BENTON MS_360612,8BRADLEY TN_360662,35.17466126,-89.74553609,35.0367008,-84.963798,520.768,500,1267541919.7782001,1577561778.670218,310019858.89201796,24.458
8ANDERSON TN_360120,8BRADLEY TN_360662,35.94503289,-84.38856432,35.0367008,-84.963798,132.051,500,321344501.57247174,333861690.6631084,12517189.090636676,3.895
7SHAWNEE FP_360002,8BRADLEY TN_360662,37.150267,-88.778122,35.0367008,-84.963798,526.568,500,1283895546.3750057,1549576870.018555,265681323.6435492,20.693
8ACKERMAN CC_360627,8BULL RUN FP_360093,33.38593855,-89.20997726,36.01895969,-84.15785445,665.314,500,1640241913.7697291,1838237652.6421926,197995738.87246346,12.071
6CENTER PNT_360533,8BULL RUN FP_360093,34.6665318,-84.97089121,36.01895969,-84.15785445,284.263,500,719726744.2097101,742830963.2573223,23104219.047612235,3.21
8BR FERRY NP_360052,8BULL RUN FP_360093,34.70520875,-87.11705751,36.01895969,-84.15785445,413.641,500,1028141969.2015262,1064427608.0803422,36285638.87881603,3.529
6LOOPERS FRM_360602,8BULL RUN FP_360093,34.708916,-84.922795,36.01895969,-84.15785445,276.475,500,699375179.778585,720379920.3865123,21004740.607927367,3.003
6COUNTY LINE_360013,8BULL RUN FP_360093,34.74311084,-85.00751569,36.01895969,-84.15785445,276.285,500,692156211.1572448,723329212.7633796,31173001.60613482,4.504
6YOUNG GA_361454,8BULL RUN FP_360093,34.75072952,-85.27349349,36.01895969,-84.15785445,317.211,500,795406451.1919928,834619556.2812526,39213105.08925991,4.93
6KENSNGTN GA_361503,8BULL RUN FP_360093,34.81265905,-85.32344844,36.01895969,-84.15785445,313.062,500,797102189.618088,808185989.7090772,11083800.090989256,1.391
6ALPHA GA_361502,8BULL RUN FP_360093,34.813027,-84.853226,36.01895969,-84.15785445,256.97,500,651158266.8191026,667346899.7214866,16188632.902383983,2.486
6CLOUDLANDGA_361633,8BULL RUN FP_360093,34.81849122,-85.5353055,36.01895969,-84.15785445,286.757,500,729352223.143352,735777269.4872116,6425046.3438595915,0.881
6ROCK SPG GA_361500,8BULL RUN FP_360093,34.83897801,-85.28020801,36.01895969,-84.15785445,317.1,500,806359392.8550955,818554356.6586857,12194963.803590197,1.512
6WID CRK FP_360068,8BULL RUN FP_360093,34.88515896,-85.75604163,36.01895969,-84.15785445,284.838,500,724335949.4599717,730991062.808397,6655113.34842535,0.919
6WRINGOLD GA_361504,8BULL RUN FP_360093,34.89324284,-85.13750475,36.01895969,-84.15785445,259.62,500,649320690.8978975,676199829.897903,26879139.000005513,4.14
6BATTLFLD GA_361530,8BULL RUN FP_360093,34.9555953,-85.26465286,36.01895969,-84.15785445,281.56,500,718420621.5612993,730718499.7220079,12297878.1607086,1.712
6S HAVEN CC_360594,8BULL RUN FP_360093,34.99627529,-90.0485284,36.01895969,-84.15785445,678.523,500,1669931777.5965433,2034097265.1639621,364165487.5674188,21.807
6CONCORD TN_361509,8BULL RUN FP_360093,34.99679719,-85.1610968,36.01895969,-84.15785445,266.575,500,668123889.6035279,697961184.7607819,29837295.15725395,4.466
8BRADLEY TN_360662,8BULL RUN FP_360093,35.0367008,-84.963798,36.01895969,-84.15785445,229.539,500,575019001.5698333,587511989.4360873,12492987.866253998,2.173
8BENTON MS_360612,8BULL RUN FP_360093,35.17466126,-89.74553609,36.01895969,-84.15785445,631.824,500,1555603465.0487604,1867955796.6367087,312352331.5879483,20.079
8ANDERSON TN_360120,8BULL RUN FP_360093,35.94503289,-84.38856432,36.01895969,-84.15785445,114.909,500,294782030.6384865,294782030.6384865,0.0,0.0
7SHAWNEE FP_360002,8BULL RUN FP_360093,37.150267,-88.778122,36.01895969,-84.15785445,604.762,500,1474556114.2390757,1723629576.0154648,249073461.7763892,16.891
8ACKERMAN CC_360627,8CHOCTAW MS_360654,33.38593855,-89.20997726,33.2984397,-89.4127739,22.787,500,54555149.45859781,73372383.17085478,18817233.712256975,34.492
6CENTER PNT_360533,8CHOCTAW MS_360654,34.6665318,-84.97089121,33.2984397,-89.4127739,498.185,500,1221113887.9194117,1426943149.428669,205829261.50925744,16.856
8BR FERRY NP_360052,8CHOCTAW MS_360654,34.70520875,-87.11705751,33.2984397,-89.4127739,301.6,500,735740110.2780946,905901967.1828728,170161856.90477812,23.128
6LOOPERS FRM_360602,8CHOCTAW MS_360654,34.708916,-84.922795,33.2984397,-89.4127739,504.936,500,1239253711.3731446,1446913967.7463586,207660256.37321392,16.757
6COUNTY LINE_360013,8CHOCTAW MS_360654,34.74311084,-85.00751569,33.2984397,-89.4127739,488.667,500,1197571901.7677748,1387633370.276565,190061468.50879014,15.871
6YOUNG GA_361454,8CHOCTAW MS_360654,34.75072952,-85.27349349,33.2984397,-89.4127739,454.77,500,1110693164.0534964,1296321275.307551,185628111.25405458,16.713
6KENSNGTN GA_361503,8CHOCTAW MS_360654,34.81265905,-85.32344844,33.2984397,-89.4127739,454.969,500,1111221845.084578,1295822299.7750025,184600454.69042438,16.612
6ALPHA GA_361502,8CHOCTAW MS_360654,34.813027,-84.853226,33.2984397,-89.4127739,524.006,500,1285348505.0985806,1497620112.2479415,212271607.1493608,16.515
6CLOUDLANDGA_361633,8CHOCTAW MS_360654,34.81849122,-85.5353055,33.2984397,-89.4127739,435.244,500,1060356775.9841968,1238059114.413212,177702338.42901534,16.759
6ROCK SPG GA_361500,8CHOCTAW MS_360654,34.83897801,-85.28020801,33.2984397,-89.4127739,459.007,500,1120434661.2914624,1306159160.8812528,185724499.58979037,16.576
6WID CRK FP_360068,8CHOCTAW MS_360654,34.88515896,-85.75604163,33.2984397,-89.4127739,412.151,500,999790658.3763667,1165916132.286219,166125473.90985212,16.616
6WRINGOLD GA_361504,8CHOCTAW MS_360654,34.89324284,-85.13750475,33.2984397,-89.4127739,496.898,500,1214826811.8189738,1403223582.6070871,188396770.78811345,15.508
6BATTLFLD GA_361530,8CHOCTAW MS_360654,34.9555953,-85.26465286,33.2984397,-89.4127739,466.589,500,1141409400.3936005,1321648749.7202444,180239349.32664385,15.791
6S HAVEN CC_360594,8CHOCTAW MS_360654,34.99627529,-90.0485284,33.2984397,-89.4127739,219.997,500,541255369.1243911,742738167.1490855,201482798.02469447,37.225
6CONCORD TN_361509,8CHOCTAW MS_360654,34.99679719,-85.1610968,33.2984397,-89.4127739,518.685,500,1270397860.925077,1466288765.7711525,195890904.84607548,15.42
8BRADLEY TN_360662,8CHOCTAW MS_360654,35.0367008,-84.963798,33.2984397,-89.4127739,524.674,500,1282946303.8685184,1487967704.901259,205021401.03274068,15.981
8BENTON MS_360612,8CHOCTAW MS_360654,35.17466126,-89.74553609,33.2984397,-89.4127739,245.38,500,605010858.3522846,848297423.0718403,243286564.7195557,40.212
8ANDERSON TN_360120,8CHOCTAW MS_360654,35.94503289,-84.38856432,33.2984397,-89.4127739,598.889,500,1463466550.8721447,1673683716.1690497,210217165.29690507,14.364
8BULL RUN FP_360093,8CHOCTAW MS_360654,36.01895969,-84.15785445,33.2984397,-89.4127739,686.919,500,1693758121.2820134,1907241797.9667115,213483676.68469808,12.604
7SHAWNEE FP_360002,8CHOCTAW MS_360654,37.150267,-88.778122,33.2984397,-89.4127739,477.941,500,1153955063.915276,1684617931.7419384,530662867.82666224,45.986
8CHOCTAW MS_360654,8E POINT AL_360058,33.2984397,-89.4127739,34.19181783,-86.74805975,306.602,500,746754039.005126,906963138.5718844,160209099.56675836,21.454
8ACKERMAN CC_360627,8E POINT AL_360058,33.38593855,-89.20997726,34.19181783,-86.74805975,284.996,500,693237831.4928417,838027047.2679433,144789215.77510157,20.886
8CLAY_360688,8E POINT AL_360058,33.47863869,-88.74043971,34.19181783,-86.74805975,236.568,500,575874344.1502419,682628550.1052461,106754205.95500417,18.538
8COGEN CALED_360606,8E POINT AL_360058,33.64779158,-88.31593565,34.19181783,-86.74805975,189.399,500,458553753.4191532,510307952.6150251,51754199.195871875,11.286
6CENTER PNT_360533,8E POINT AL_360058,34.6665318,-84.97089121,34.19181783,-86.74805975,223.402,500,549750354.1170638,598394425.7403891,48644071.62332531,8.848
8BR FERRY NP_360052,8E POINT AL_360058,34.70520875,-87.11705751,34.19181783,-86.74805975,144.919,500,352768907.8222916,388661527.06144285,35892619.23915124,10.175
6LOOPERS FRM_360602,8E POINT AL_360058,34.708916,-84.922795,34.19181783,-86.74805975,230.153,500,567890177.5707965,618346445.9556248,50456268.384828374,8.885
6COUNTY LINE_360013,8E POINT AL_360058,34.74311084,-85.00751569,34.19181783,-86.74805975,212.165,500,529943341.0266801,576279687.7068087,46336346.68012855,8.744
6YOUNG GA_361454,8E POINT AL_360058,34.75072952,-85.27349349,34.19181783,-86.74805975,182.597,500,454037633.0759281,490025660.7028363,35988027.62690819,7.926
6KENSNGTN GA_361503,8E POINT AL_360058,34.81265905,-85.32344844,34.19181783,-86.74805975,182.796,500,454566314.10700995,489344346.0466848,34778031.93967483,7.651
6ALPHA GA_361502,8E POINT AL_360058,34.813027,-84.853226,34.19181783,-86.74805975,249.224,500,613984971.2962325,669052894.5771546,55067923.280922145,8.969
6CLOUDLANDGA_361633,8E POINT AL_360058,34.81849122,-85.5353055,34.19181783,-86.74805975,164.293,500,405240325.6063286,436455127.13013107,31214801.523802448,7.703
6ROCK SPG GA_361500,8E POINT AL_360058,34.83897801,-85.28020801,34.19181783,-86.74805975,186.835,500,463779130.3138944,499694107.8527223,35914977.5388279,7.744
6WID CRK FP_360068,8E POINT AL_360058,34.88515896,-85.75604163,34.19181783,-86.74805975,149.763,500,362866363.8876523,372207060.17686814,9340696.289215857,2.574
6WRINGOLD GA_361504,8E POINT AL_360058,34.89324284,-85.13750475,34.19181783,-86.74805975,220.396,500,547198251.0778792,592619976.1127839,45421725.03490472,8.301
6BATTLFLD GA_361530,8E POINT AL_360058,34.9555953,-85.26465286,34.19181783,-86.74805975,200.763,500,502365436.0638157,544893933.5853021,42528497.52148634,8.466
6S HAVEN CC_360594,8E POINT AL_360058,34.99627529,-90.0485284,34.19181783,-86.74805975,397.298,500,973161311.0698358,1296180775.4394717,323019464.3696358,33.193
6CONCORD TN_361509,8E POINT AL_360058,34.99679719,-85.1610968,34.19181783,-86.74805975,242.183,500,602769300.1839823,655622702.7324321,52853402.548449814,8.768
8BRADLEY TN_360662,8E POINT AL_360058,35.0367008,-84.963798,34.19181783,-86.74805975,248.172,500,615317743.1274238,677047441.7186501,61729698.59122637,10.032
8BENTON MS_360612,8E POINT AL_360058,35.17466126,-89.74553609,34.19181783,-86.74805975,365.249,500,890442268.4166932,1160798486.0985012,270356217.6818081,30.362
8ANDERSON TN_360120,8E POINT AL_360058,35.94503289,-84.38856432,34.19181783,-86.74805975,338.894,500,839930560.5658803,856816309.8769035,16885749.311023194,2.01
8BULL RUN FP_360093,8E POINT AL_360058,36.01895969,-84.15785445,34.19181783,-86.74805975,434.092,500,1084145154.7166467,1101007918.2308273,16862763.514180623,1.555
8DAVIDSON TN_360048,8E POINT AL_360058,36.06703747,-86.9841046,34.19181783,-86.74805975,273.598,500,680459075.3905928,774522057.003623,94062981.61303023,13.823
8CUMBERLAND_360040,8E POINT AL_360058,36.3921331,-87.65747953,34.19181783,-86.74805975,308.246,500,744198103.0029671,920050838.9578159,175852735.9548488,23.63
7SHAWNEE FP_360002,8E POINT AL_360058,37.150267,-88.778122,34.19181783,-86.74805975,448.051,500,1074693718.7817254,1400346039.053427,325652320.2717016,30.302
8CHOCTAW MS_360654,8MONTGOMERY_360044,33.2984397,-89.4127739,36.59438524,-87.25325857,471.817,500,1136461397.570704,1610715949.504017,474254551.9333132,41.731
8ACKERMAN CC_360627,8MONTGOMERY_360044,33.38593855,-89.20997726,36.59438524,-87.25325857,452.475,500,1091112955.9511542,1541267469.750961,450154513.7998068,41.256
8CLAY_360688,8MONTGOMERY_360044,33.47863869,-88.74043971,36.59438524,-87.25325857,422.834,500,1021001211.4593531,1361008648.9234426,340007437.4640896,33.301
8COGEN CALED_360606,8MONTGOMERY_360044,33.64779158,-88.31593565,36.59438524,-87.25325857,385.014,500,929156954.897938,1207411253.1129477,278254298.2150096,29.947
8E POINT AL_360058,8MONTGOMERY_360044,34.19181783,-86.74805975,36.59438524,-87.25325857,346.315,500,857096046.8874743,1024745127.3462516,167649080.45877728,19.56
6CENTER PNT_360533,8MONTGOMERY_360044,34.6665318,-84.97089121,36.59438524,-87.25325857,397.971,500,972906303.884117,1127985971.9971871,155079668.11307013,15.94
8BR FERRY NP_360052,8MONTGOMERY_360044,34.70520875,-87.11705751,36.59438524,-87.25325857,236.786,500,578961733.363728,729897097.7510965,150935364.3873685,26.07
6LOOPERS FRM_360602,8MONTGOMERY_360044,34.708916,-84.922795,36.59438524,-87.25325857,390.183,500,952554739.4529917,1105687967.8312871,153133228.3782955,16.076
8LIMESTONE_360088,8MONTGOMERY_360044,34.71890958,-86.84630969,36.59438524,-87.25325857,242.477,500,594107080.7731702,761255221.1982598,167148140.42508966,28.134
6COUNTY LINE_360013,8MONTGOMERY_360044,34.74311084,-85.00751569,36.59438524,-87.25325857,372.605,500,938121732.7103069,1131040560.9738474,192918828.26354054,20.564
6YOUNG GA_361454,8MONTGOMERY_360044,34.75072952,-85.27349349,36.59438524,-87.25325857,330.179,500,834528541.2103904,1011003588.6130438,176475047.40265328,21.147
8MADISON AL_360060,8MONTGOMERY_360044,34.79577878,-86.52158584,36.59438524,-87.25325857,247.636,500,607773100.5780978,777268181.4125673,169495080.8344694,27.888
6KENSNGTN GA_361503,8MONTGOMERY_360044,34.81265905,-85.32344844,36.59438524,-87.25325857,330.475,500,834902771.4515967,1008766400.9732158,173863629.52161908,20.824
6ALPHA GA_361502,8MONTGOMERY_360044,34.813027,-84.853226,36.59438524,-87.25325857,370.678,500,904337826.4935094,1052723727.6453092,148385901.15179986,16.408
6CLOUDLANDGA_361633,8MONTGOMERY_360044,34.81849122,-85.5353055,36.59438524,-87.25325857,304.17,500,767152804.9768609,936954071.9690509,169801266.99218997,22.134
8MAGNOL CC1_360613,8MONTGOMERY_360044,34.8287922,-89.20041124,36.59438524,-87.25325857,295.546,500,717618456.0674679,1024862306.879225,307243850.81175715,42.814
6ROCK SPG GA_361500,8MONTGOMERY_360044,34.83897801,-85.28020801,36.59438524,-87.25325857,334.513,500,844159974.6886044,1019160995.2122325,175001020.52362812,20.731
6WID CRK FP_360068,8MONTGOMERY_360044,34.88515896,-85.75604163,36.59438524,-87.25325857,270.484,500,679672893.5155551,849919229.7844071,170246336.26885194,25.048
6WRINGOLD GA_361504,8MONTGOMERY_360044,34.89324284,-85.13750475,36.59438524,-87.25325857,369.226,500,900295709.3707321,1053547662.9806461,153251953.6099141,17.022
6BATTLFLD GA_361530,8MONTGOMERY_360044,34.9555953,-85.26465286,36.59438524,-87.25325857,308.206,500,778299414.5659559,950318413.9527402,172018999.3867843,22.102
6S HAVEN CC_360594,8MONTGOMERY_360044,34.99627529,-90.0485284,36.59438524,-87.25325857,382.276,500,938986809.162966,1359114601.703188,420127792.5402219,44.743
6CONCORD TN_361509,8MONTGOMERY_360044,34.99679719,-85.1610968,36.59438524,-87.25325857,376.181,500,919098908.0763626,1075164279.9854026,156065371.90903994,16.98
8BRADLEY TN_360662,8MONTGOMERY_360044,35.0367008,-84.963798,36.59438524,-87.25325857,339.145,500,825994020.0426679,964546035.1542585,138552015.11159068,16.774
8BENTON MS_360612,8MONTGOMERY_360044,35.17466126,-89.74553609,36.59438524,-87.25325857,324.019,500,789334546.1302536,1134528936.6694903,345194390.53923666,43.732
8FRANKLIN TN_360069,8MONTGOMERY_360044,35.33506701,-86.11727644,36.59438524,-87.25325857,220.527,500,549000464.0531058,706925309.0434375,157924844.99033162,28.766
8HAYWOOD TN_360542,8MONTGOMERY_360044,35.54308246,-89.19654872,36.59438524,-87.25325857,250.42,500,607424102.4940085,829432565.1209784,222008462.62696984,36.549
8HIWASSEE TN_360110,8MONTGOMERY_360044,35.60032498,-84.78911434,36.59438524,-87.25325857,291.94,500,710120359.8138236,842027737.4602885,131907377.646465,18.575
8LAG CRK CC_360615,8MONTGOMERY_360044,35.65702785,-89.39460044,36.59438524,-87.25325857,262.852,500,635388114.5902771,873390047.06092,238001932.47064295,37.458
8MAURY TN_360050,8MONTGOMERY_360044,35.672863,-87.01861625,36.59438524,-87.25325857,122.03,500,305512444.8926126,424737052.28228956,119224607.389677,39.024
8JACKSON TN_360019,8MONTGOMERY_360044,35.70901203,-88.79407261,36.59438524,-87.25325857,205.13,500,498345043.08853185,665316959.4813944,166971916.39286256,33.505
8ANDERSON TN_360120,8MONTGOMERY_360044,35.94503289,-84.38856432,36.59438524,-87.25325857,311.634,500,766142114.7461004,884905976.829535,118763862.08343452,15.502
8BULL RUN FP_360093,8MONTGOMERY_360044,36.01895969,-84.15785445,36.59438524,-87.25325857,366.11,500,900068661.5657669,1004672418.0118431,104603756.44607618,11.622
8JVILLE FP_360037,8MONTGOMERY_360044,36.02382902,-87.98154082,36.59438524,-87.25325857,116.677,500,284640600.7375314,377626622.01322705,92986021.27569562,32.668
8DAVIDSON TN_360048,8MONTGOMERY_360044,36.06703747,-86.9841046,36.59438524,-87.25325857,79.568,500,199393207.33279482,282959950.9578248,83566743.62503003,41.911
8GLEASON CT_360582,8MONTGOMERY_360044,36.24522988,-88.6114255,36.59438524,-87.25325857,174.477,500,425469161.9038136,562333209.6338168,136864047.73000324,32.168
8LAG CRK CT_360568,8MONTGOMERY_360044,36.27534882,-88.83423675,36.59438524,-87.25325857,196.053,500,476895170.16929984,629118403.8546623,152223233.68536243,31.92
8CUMBERLAND_360040,8MONTGOMERY_360044,36.3921331,-87.65747953,36.59438524,-87.25325857,79.851,500,195477185.14547628,284952057.50968266,89474872.3642064,45.773
8MARSHALL KY_360015,8MONTGOMERY_360044,37.02455006,-88.39384277,36.59438524,-87.25325857,199.698,500,482101461.53462267,612970661.4205229,130869199.88590027,27.146
7SHAWNEE FP_360002,8MONTGOMERY_360044,37.150267,-88.778122,36.59438524,-87.25325857,287.782,500,693520619.643349,961432595.3812575,267911975.7379085,38.631
8CHOCTAW MS_360654,8UNION MS_360033,33.2984397,-89.4127739,34.37783096,-88.85850114,148.247,500,357920828.85484767,499435126.60898095,141514297.75413328,39.538
8ACKERMAN CC_360627,8UNION MS_360033,33.38593855,-89.20997726,34.37783096,-88.85850114,130.554,500,316575998.4747325,444429709.7458248,127853711.2710923,40.386
8CLAY_360688,8UNION MS_360033,33.47863869,-88.74043971,34.37783096,-88.85850114,112.096,500,269049170.86370087,398703714.10695875,129654543.24325785,48.19
8COGEN CALED_360606,8UNION MS_360033,33.64779158,-88.31593565,34.37783096,-88.85850114,107.446,500,259962650.49464163,375055377.83829236,115092727.34365076,44.273
8E POINT AL_360058,8UNION MS_360033,34.19181783,-86.74805975,34.37783096,-88.85850114,247.682,500,609323914.1202267,706081618.941039,96757704.82081223,15.88
8TRICO STEEL_360014,8UNION MS_360033,34.60872576,-87.05506218,34.37783096,-88.85850114,188.834,500,458403267.25997096,591480432.6736276,133077165.4136567,29.031
6CENTER PNT_360533,8UNION MS_360033,34.6665318,-84.97089121,34.37783096,-88.85850114,433.995,500,1061214624.3631444,1263097320.8743014,201882696.511157,19.024
8BR FERRY NP_360052,8UNION MS_360033,34.70520875,-87.11705751,34.37783096,-88.85850114,196.061,500,478579301.5209838,620499410.1857495,141920108.66476572,29.654
6LOOPERS FRM_360602,8UNION MS_360033,34.708916,-84.922795,34.37783096,-88.85850114,440.746,500,1079354447.8168771,1283125899.070502,203771451.25362495,18.879
8LIMESTONE_360088,8UNION MS_360033,34.71890958,-86.84630969,34.37783096,-88.85850114,219.808,500,535536688.8471298,676301390.5858665,140764701.73873666,26.285
6COUNTY LINE_360013,8UNION MS_360033,34.74311084,-85.00751569,34.37783096,-88.85850114,409.026,500,1002050629.801948,1187781827.178939,185731197.37699124,18.535
6YOUNG GA_361454,8UNION MS_360033,34.75072952,-85.27349349,34.37783096,-88.85850114,375.129,500,915171892.0876693,1095806278.6070302,180634386.519361,19.738
8MADISON AL_360060,8UNION MS_360033,34.79577878,-86.52158584,34.37783096,-88.85850114,259.366,500,634399000.3691902,792023514.7276292,157624514.3584389,24.846
6KENSNGTN GA_361503,8UNION MS_360033,34.81265905,-85.32344844,34.37783096,-88.85850114,375.328,500,915700573.1187512,1095432744.5400052,179732171.42125398,19.628
6ALPHA GA_361502,8UNION MS_360033,34.813027,-84.853226,34.37783096,-88.85850114,459.817,500,1125449241.542313,1333960060.7929773,208510819.25066414,18.527
6CLOUDLANDGA_361633,8UNION MS_360033,34.81849122,-85.5353055,34.37783096,-88.85850114,355.603,500,864835504.0183699,1037547388.3841916,172711884.36582175,19.97
8MAGNOL CC1_360613,8UNION MS_360033,34.8287922,-89.20041124,34.37783096,-88.85850114,65.281,500,158219992.21730244,236758924.93484065,78538932.71753821,49.639
6ROCK SPG GA_361500,8UNION MS_360033,34.83897801,-85.28020801,34.37783096,-88.85850114,379.366,500,924913389.3256356,1105814790.5975509,180901401.2719153,19.559
6WID CRK FP_360068,8UNION MS_360033,34.88515896,-85.75604163,34.37783096,-88.85850114,332.51,500,804269386.4105399,965781348.902817,161511962.49227718,20.082
6WRINGOLD GA_361504,8UNION MS_360033,34.89324284,-85.13750475,34.37783096,-88.85850114,417.257,500,1019305539.853147,1203425940.7017207,184120400.84857377,18.063
6BATTLFLD GA_361530,8UNION MS_360033,34.9555953,-85.26465286,34.37783096,-88.85850114,386.948,500,945888128.4277735,1122332004.9705343,176443876.54276085,18.654
6S HAVEN CC_360594,8UNION MS_360033,34.99627529,-90.0485284,34.37783096,-88.85850114,162.05,500,402532307.13367826,603798461.6666275,201266154.5329493,50.0
6CONCORD TN_361509,8UNION MS_360033,34.99679719,-85.1610968,34.37783096,-88.85850114,439.044,500,1074876588.95925,1266653926.2299984,191777337.2707483,17.842
8BRADLEY TN_360662,8UNION MS_360033,35.0367008,-84.963798,34.37783096,-88.85850114,445.033,500,1087425031.9026916,1287991532.6956425,200566500.7929508,18.444
8RACCOON MTN_360079,8UNION MS_360033,35.05681146,-85.38724619,34.37783096,-88.85850114,374.077,500,908471490.5773151,1077279042.3144732,168807551.7371581,18.581
8BENTON MS_360612,8UNION MS_360033,35.17466126,-89.74553609,34.37783096,-88.85850114,140.053,500,346214273.449098,518743018.65615225,172528745.20705426,49.833
8SEQUOYAH NP_360081,8UNION MS_360033,35.22706031,-85.09419774,34.37783096,-88.85850114,420.716,500,1036133914.7782531,1227919848.8852017,191785934.10694858,18.51
8FRANKLIN TN_360069,8UNION MS_360033,35.33506701,-86.11727644,34.37783096,-88.85850114,308.09,500,745343062.5050654,928146261.074564,182803198.5694986,24.526
8SHELBY TN_360021,8UNION MS_360033,35.38606284,-89.80340294,34.37783096,-88.85850114,159.769,500,389587746.538424,583807610.3498194,194219863.81139538,49.853
8HAYWOOD TN_360542,8UNION MS_360033,35.54308246,-89.19654872,34.37783096,-88.85850114,146.58,500,357720541.75946474,533919445.28109753,176198903.52163276,49.256
8HIWASSEE TN_360110,8UNION MS_360033,35.60032498,-84.78911434,34.37783096,-88.85850114,444.033,500,1077696598.7301679,1262463283.243022,184766684.51285422,17.145
8LAG CRK CC_360615,8UNION MS_360033,35.65702785,-89.39460044,34.37783096,-88.85850114,165.594,500,402931626.20004827,604397440.0703708,201465813.87032253,50.0
8MAURY TN_360050,8UNION MS_360033,35.672863,-87.01861625,34.37783096,-88.85850114,246.872,500,594754848.2598523,807018119.1873229,212263270.9274706,35.689
8JACKSON TN_360019,8UNION MS_360033,35.70901203,-88.79407261,34.37783096,-88.85850114,161.605,500,394933859.681777,584440524.0902593,189506664.40848225,47.984
8RUTHERFORD_360010,8UNION MS_360033,35.82791498,-86.59841524,34.37783096,-88.85850114,295.771,500,717376210.9331001,962021491.8823678,244645280.9492677,34.103
8ANDERSON TN_360120,8UNION MS_360033,35.94503289,-84.38856432,34.37783096,-88.85850114,493.35,500,1206305742.1150336,1394217934.3229427,187912192.20790905,15.577
8BULL RUN FP_360093,8UNION MS_360033,36.01895969,-84.15785445,34.37783096,-88.85850114,581.38,500,1436597312.5249026,1628830439.8251157,192233127.30021322,13.381
8JVILLE FP_360037,8UNION MS_360033,36.02382902,-87.98154082,34.37783096,-88.85850114,221.676,500,529244441.2131594,767183224.4751797,237938783.26202023,44.958
8PIN HOOK TN_360581,8UNION MS_360033,36.04646628,-86.60595108,34.37783096,-88.85850114,318.569,500,785669180.66322,1057379039.5954295,271709858.9322095,34.583
8PLATEAU TN_360077,8UNION MS_360033,36.05858036,-85.14194112,34.37783096,-88.85850114,433.6,500,1052621980.0921426,1251474137.6732786,198852157.58113605,18.891
8DAVIDSON TN_360048,8UNION MS_360033,36.06703747,-86.9841046,34.37783096,-88.85850114,276.442,500,671684480.3005226,949135775.0707048,277451294.77018225,41.307
8GLEASON CT_360582,8UNION MS_360033,36.24522988,-88.6114255,34.37783096,-88.85850114,225.635,500,546427538.517455,804698037.6155235,258270499.0980685,47.265
8LAG CRK CT_360568,8UNION MS_360033,36.27534882,-88.83423675,34.37783096,-88.85850114,230.05,500,559450731.827967,814122563.3096918,254671831.4817247,45.522
8CUMBERLAND_360040,8UNION MS_360033,36.3921331,-87.65747953,34.37783096,-88.85850114,278.129,500,667170254.2300239,942878441.4415193,275708187.21149534,41.325
8PHIPPS B NP_360102,8UNION MS_360033,36.46070569,-82.80788409,34.37783096,-88.85850114,670.871,500,1666093211.602961,1855618197.2782347,189524985.67527363,11.375
8MONTGOMERY_360044,8UNION MS_360033,36.59438524,-87.25325857,34.37783096,-88.85850114,327.723,500,789359884.1796482,1129290722.8729823,339930838.6933341,43.064
8MARSHALL KY_360015,8UNION MS_360033,37.02455006,-88.39384277,34.37783096,-88.85850114,331.554,500,801262383.7817258,1182071786.0538242,380809402.2720985,47.526
7SHAWNEE FP_360002,8UNION MS_360033,37.150267,-88.778122,34.37783096,-88.85850114,347.605,500,838021771.9615982,1225137589.0929053,387115817.1313071,46.194
8PARADISE CC_360117,8UNION MS_360033,37.259697,-86.976991,34.37783096,-88.85850114,400.092,500,961384297.5534619,1346082119.5558503,384697822.00238836,40.015
8PARADISE CC_360117,8UNION MS_360033,37.259697,-86.976991,34.37783096,-88.85850114,400.092,500,961384297.5534619,1346082119.5558503,384697822.00238836,40.015
8CHOCTAW MS_360654,8LAG CRK CT_360568,33.2984397,-89.4127739,36.27534882,-88.83423675,362.692,500,879421955.2599002,1275113486.075892,395691530.81599164,44.995
8ACKERMAN CC_360627,8LAG CRK CT_360568,33.38593855,-89.20997726,36.27534882,-88.83423675,349.463,500,847786397.9403503,1244304637.3119323,396518239.371582,46.771
8CLAY_360688,8LAG CRK CT_360568,33.47863869,-88.74043971,36.27534882,-88.83423675,339.833,500,822714550.5013051,1203945884.2926333,381231333.79132825,46.338
8COGEN CALED_360606,8LAG CRK CT_360568,33.64779158,-88.31593565,36.27534882,-88.83423675,323.61,500,780094190.7901232,1087753586.9334579,307659396.1433346,39.439
8E POINT AL_360058,8LAG CRK CT_360568,34.19181783,-86.74805975,36.27534882,-88.83423675,340.704,500,821431330.2655921,1070499422.6862649,249068092.4206728,30.321
6CENTER PNT_360533,8LAG CRK CT_360568,34.6665318,-84.97089121,36.27534882,-88.83423675,476.616,500,1163492981.3503313,1364455487.2867367,200962505.93640542,17.272
8BR FERRY NP_360052,8LAG CRK CT_360568,34.70520875,-87.11705751,36.27534882,-88.83423675,253.23,500,609360597.7131052,797728377.2611172,188367779.54801205,30.912
6LOOPERS FRM_360602,8LAG CRK CT_360568,34.708916,-84.922795,36.27534882,-88.83423675,483.367,500,1181632804.8040643,1384405490.949916,202772686.1458515,17.16
6COUNTY LINE_360013,8LAG CRK CT_360568,34.74311084,-85.00751569,36.27534882,-88.83423675,447.379,500,1092417670.407766,1275742615.992487,183324945.58472088,16.782
6YOUNG GA_361454,8LAG CRK CT_360568,34.75072952,-85.27349349,36.27534882,-88.83423675,405.793,500,995281260.818108,1170678186.9585292,175396926.14042133,17.623
6KENSNGTN GA_361503,8LAG CRK CT_360568,34.81265905,-85.32344844,36.27534882,-88.83423675,406.088,500,995655491.0593143,1168427039.578359,172771548.5190446,17.353
6ALPHA GA_361502,8LAG CRK CT_360568,34.813027,-84.853226,36.27534882,-88.83423675,466.373,500,1145613903.351798,1314264296.0118687,168650392.6600706,14.721
6CLOUDLANDGA_361633,8LAG CRK CT_360568,34.81849122,-85.5353055,36.27534882,-88.83423675,379.783,500,927905524.5845784,1096324131.490914,168418606.90633574,18.15
6ROCK SPG GA_361500,8LAG CRK CT_360568,34.83897801,-85.28020801,36.27534882,-88.83423675,410.126,500,1004912694.2963219,1178825473.7329388,173912779.43661678,17.306
6WID CRK FP_360068,8LAG CRK CT_360568,34.88515896,-85.75604163,36.27534882,-88.83423675,346.256,500,840110125.0935488,1001686993.1458809,161576868.0523321,19.233
6WRINGOLD GA_361504,8LAG CRK CT_360568,34.89324284,-85.13750475,36.27534882,-88.83423675,455.61,500,1109672580.4589653,1291334360.2289917,181661779.7700265,16.371
6BATTLFLD GA_361530,8LAG CRK CT_360568,34.9555953,-85.26465286,36.27534882,-88.83423675,388.539,500,954083786.6995519,1127970571.0704987,173886784.3709468,18.226
6S HAVEN CC_360594,8LAG CRK CT_360568,34.99627529,-90.0485284,36.27534882,-88.83423675,243.656,500,599916023.6842606,890249805.0460529,290333781.3617923,48.396
6CONCORD TN_361509,8LAG CRK CT_360568,34.99679719,-85.1610968,36.27534882,-88.83423675,471.876,500,1160374984.934651,1336332989.0893383,175958004.15468743,15.164
8BRADLEY TN_360662,8LAG CRK CT_360568,35.0367008,-84.963798,36.27534882,-88.83423675,434.84,500,1067270096.9009564,1225950889.90846,158680793.00750342,14.868
8BENTON MS_360612,8LAG CRK CT_360568,35.17466126,-89.74553609,36.27534882,-88.83423675,165.606,500,399922693.46158206,589769306.2596724,189846612.79809034,47.471
8FRANKLIN TN_360069,8LAG CRK CT_360568,35.33506701,-86.11727644,36.27534882,-88.83423675,300.913,500,724333038.7954308,880715315.0623275,156382276.2668967,21.59
8HAYWOOD TN_360542,8LAG CRK CT_360568,35.54308246,-89.19654872,36.27534882,-88.83423675,99.332,500,235726568.6403377,344169748.19977295,108443179.55943522,46.004
8HIWASSEE TN_360110,8LAG CRK CT_360568,35.60032498,-84.78911434,36.27534882,-88.83423675,407.726,500,998072838.7188556,1146839160.549652,148766321.83079648,14.905
8LAG CRK CC_360615,8LAG CRK CT_360568,35.65702785,-89.39460044,36.27534882,-88.83423675,95.168,500,228002517.38294053,331701978.06051445,103699460.67757395,45.482
8JACKSON TN_360019,8LAG CRK CT_360568,35.70901203,-88.79407261,36.27534882,-88.83423675,71.253,500,169299535.77017918,243034450.09229383,73734914.32211465,43.553
8ANDERSON TN_360120,8LAG CRK CT_360568,35.94503289,-84.38856432,36.27534882,-88.83423675,454.918,500,1124014578.2537103,1275565128.972835,151550550.71912476,13.483
8BULL RUN FP_360093,8LAG CRK CT_360568,36.01895969,-84.15785445,36.27534882,-88.83423675,538.065,500,1318128835.408615,1547795467.1978452,229666631.78923005,17.424
8JVILLE FP_360037,8LAG CRK CT_360568,36.02382902,-87.98154082,36.27534882,-88.83423675,90.453,500,215070241.18433407,275830443.0712523,60760201.88691822,28.251
8DAVIDSON TN_360048,8LAG CRK CT_360568,36.06703747,-86.9841046,36.27534882,-88.83423675,186.008,500,454585391.2323502,583113922.0925765,128528530.86022636,28.274
8GLEASON CT_360582,8LAG CRK CT_360568,36.24522988,-88.6114255,36.27534882,-88.83423675,21.853,500,52037292.671555884,67648478.41868664,15611185.747130763,30.0
8CUMBERLAND_360040,8LAG CRK CT_360568,36.3921331,-87.65747953,36.27534882,-88.83423675,121.393,500,293658711.79034907,364675058.32454705,71016346.53419799,24.183
7SHAWNEE FP_360002,8LAG CRK CT_360568,37.150267,-88.778122,36.27534882,-88.83423675,122.338,500,291023407.73408747,430011244.43934345,138987836.70525596,47.758
8CHOCTAW MS_360654,8RUTHERFORD_360010,33.2984397,-89.4127739,35.82791498,-86.59841524,416.122,500,1010896816.2907419,1246576064.455685,235679248.16494292,23.314
8ACKERMAN CC_360627,8RUTHERFORD_360010,33.38593855,-89.20997726,35.82791498,-86.59841524,394.517,500,957380608.7784576,1177280132.6688328,219899523.89037523,22.969
8CLAY_360688,8RUTHERFORD_360010,33.47863869,-88.74043971,35.82791498,-86.59841524,356.782,500,863262567.7329174,1048645347.1481665,185382779.41524914,21.475
8COGEN CALED_360606,8RUTHERFORD_360010,33.64779158,-88.31593565,35.82791498,-86.59841524,317.718,500,765088958.9931456,910083929.7910825,144994970.79793695,18.951
8E POINT AL_360058,8RUTHERFORD_360010,34.19181783,-86.74805975,35.82791498,-86.59841524,226.826,500,557474997.8519726,608340129.3661242,50865131.51415157,9.124
6CENTER PNT_360533,8RUTHERFORD_360010,34.6665318,-84.97089121,35.82791498,-86.59841524,271.364,500,672230051.7777214,715414973.828238,43184922.05051663,6.424
8BR FERRY NP_360052,8RUTHERFORD_360010,34.70520875,-87.11705751,35.82791498,-86.59841524,149.716,500,362609082.2894218,423637520.64604306,61028438.356621265,16.83
6LOOPERS FRM_360602,8RUTHERFORD_360010,34.708916,-84.922795,35.82791498,-86.59841524,263.577,500,651878487.346596,693030438.6576188,41151951.311022736,6.313
8LIMESTONE_360088,8RUTHERFORD_360010,34.71890958,-86.84630969,35.82791498,-86.59841524,139.956,500,337396444.4727608,381786340.00328577,44389895.53052495,13.157
6COUNTY LINE_360013,8RUTHERFORD_360010,34.74311084,-85.00751569,35.82791498,-86.59841524,248.91,500,623897674.1652528,679072839.055037,55175164.88978424,8.844
6YOUNG GA_361454,8RUTHERFORD_360010,34.75072952,-85.27349349,35.82791498,-86.59841524,201.872,500,506490176.02802384,537620457.3856153,31130281.357591543,6.146
8MADISON AL_360060,8RUTHERFORD_360010,34.79577878,-86.52158584,35.82791498,-86.59841524,131.682,500,318826290.7553588,354739037.3344968,35912746.57913796,11.264
6KENSNGTN GA_361503,8RUTHERFORD_360010,34.81265905,-85.32344844,35.82791498,-86.59841524,202.168,500,506864406.2692301,535031322.7233675,28166916.454137363,5.557
6ALPHA GA_361502,8RUTHERFORD_360010,34.813027,-84.853226,35.82791498,-86.59841524,244.072,500,603661574.3871138,640085189.1012337,36423614.71411993,6.034
6CLOUDLANDGA_361633,8RUTHERFORD_360010,34.81849122,-85.5353055,35.82791498,-86.59841524,175.862,500,439114439.7944943,462790044.10303086,23675604.308536563,5.392
8MAGNOL CC1_360613,8RUTHERFORD_360010,34.8287922,-89.20041124,35.82791498,-86.59841524,288.784,500,697491857.9893732,938644766.0411098,241152908.05173656,34.574
6ROCK SPG GA_361500,8RUTHERFORD_360010,34.83897801,-85.28020801,35.82791498,-86.59841524,206.206,500,516121609.5062377,545398077.42756,29276467.921322323,5.672
6WID CRK FP_360068,8RUTHERFORD_360010,34.88515896,-85.75604163,35.82791498,-86.59841524,146.526,500,365169602.50057906,397416372.4748324,32246769.974253368,8.831
6WRINGOLD GA_361504,8RUTHERFORD_360010,34.89324284,-85.13750475,35.82791498,-86.59841524,242.619,500,599619457.2643363,640546618.2868309,40927161.02249452,6.826
6BATTLFLD GA_361530,8RUTHERFORD_360010,34.9555953,-85.26465286,35.82791498,-86.59841524,177.585,500,446544224.32126606,476500818.5038331,29956594.182567086,6.709
6S HAVEN CC_360594,8RUTHERFORD_360010,34.99627529,-90.0485284,35.82791498,-86.59841524,378.111,500,923233803.8433927,1286518884.0899262,363285080.24653345,39.349
6CONCORD TN_361509,8RUTHERFORD_360010,34.99679719,-85.1610968,35.82791498,-86.59841524,249.574,500,618422655.9699669,662184106.7231147,43761450.75314784,7.076
8BRADLEY TN_360662,8RUTHERFORD_360010,35.0367008,-84.963798,35.82791498,-86.59841524,212.538,500,525317767.93627226,552433821.5471222,27116053.61084996,5.162
8RACCOON MTN_360079,8RUTHERFORD_360010,35.05681146,-85.38724619,35.82791498,-86.59841524,159.988,500,396637454.8288584,417310556.10577226,20673101.276913878,5.212
8BENTON MS_360612,8RUTHERFORD_360010,35.17466126,-89.74553609,35.82791498,-86.59841524,325.806,500,792821394.1762114,1094854205.8177245,302032811.64151317,38.096
8FRANKLIN TN_360069,8RUTHERFORD_360010,35.33506701,-86.11727644,35.82791498,-86.59841524,96.187,500,234123551.6137296,257759184.1024168,23635632.48868723,10.095
8HAYWOOD TN_360542,8RUTHERFORD_360010,35.54308246,-89.19654872,35.82791498,-86.59841524,260.827,500,631328981.3100209,855270194.3435991,223941213.03357822,35.471
8HIWASSEE TN_360110,8RUTHERFORD_360010,35.60032498,-84.78911434,35.82791498,-86.59841524,185.157,500,455942235.40843445,473594143.62414986,17651908.215715386,3.872
8LAG CRK CC_360615,8RUTHERFORD_360010,35.65702785,-89.39460044,35.82791498,-86.59841524,277.135,500,678483426.6658773,964098599.732466,285615173.06658864,42.096
8MAURY TN_360050,8RUTHERFORD_360010,35.672863,-87.01861625,35.82791498,-86.59841524,50.48,500,126704812.551005,159914132.88441148,33209320.333406486,26.21
8JACKSON TN_360019,8RUTHERFORD_360010,35.70901203,-88.79407261,35.82791498,-86.59841524,219.734,500,538955866.366437,754845001.5737643,215889135.20732734,40.057
8ANDERSON TN_360120,8RUTHERFORD_360010,35.94503289,-84.38856432,35.82791498,-86.59841524,232.594,500,581290498.9148084,599040777.570926,17750278.656117547,3.054
8BULL RUN FP_360093,8RUTHERFORD_360010,36.01895969,-84.15785445,35.82791498,-86.59841524,322.081,500,802857800.7761266,833915369.8384191,31057569.062292513,3.868
8JVILLE FP_360037,8RUTHERFORD_360010,36.02382902,-87.98154082,35.82791498,-86.59841524,140.284,500,350065721.6045251,447697964.0417675,97632242.43724237,27.89
8PIN HOOK TN_360581,8RUTHERFORD_360010,36.04646628,-86.60595108,35.82791498,-86.59841524,33.234,500,90607090.20961078,112215340.89182638,21608250.682215605,23.848
8PLATEAU TN_360077,8RUTHERFORD_360010,36.05858036,-85.14194112,35.82791498,-86.59841524,163.712,500,401535478.28132087,432323922.49195135,30788444.21063046,7.668
8DAVIDSON TN_360048,8RUTHERFORD_360010,36.06703747,-86.9841046,35.82791498,-86.59841524,63.939,500,169100730.06846583,229904929.9735318,60804199.905065976,35.957
8GLEASON CT_360582,8RUTHERFORD_360010,36.24522988,-88.6114255,35.82791498,-86.59841524,206.28,500,509476867.8463311,647498246.1577709,138021378.31143975,27.091
8LAG CRK CT_360568,8RUTHERFORD_360010,36.27534882,-88.83423675,35.82791498,-86.59841524,227.857,500,560902876.1118174,714410672.6484324,153507796.53661498,27.368
8CUMBERLAND_360040,8RUTHERFORD_360010,36.3921331,-87.65747953,35.82791498,-86.59841524,134.564,500,340743399.4476343,475269241.7815769,134525842.33394262,39.48
8PHIPPS B NP_360102,8RUTHERFORD_360010,36.46070569,-82.80788409,35.82791498,-86.59841524,411.572,500,1032353699.8541849,1063003350.8940188,30649651.03983396,2.969
8MONTGOMERY_360044,8RUTHERFORD_360010,36.59438524,-87.25325857,35.82791498,-86.59841524,135.658,500,346576433.41654056,491807827.4476869,145231394.03114638,41.905
8MARSHALL KY_360015,8RUTHERFORD_360010,37.02455006,-88.39384277,35.82791498,-86.59841524,257.751,500,644267860.1308311,838930314.5242765,194662454.3934453,30.215
7SHAWNEE FP_360002,8RUTHERFORD_360010,37.150267,-88.778122,35.82791498,-86.59841524,319.586,500,777528325.5858666,1044272297.1647456,266743971.57887906,34.307
8PARADISE CC_360117,8RUTHERFORD_360010,37.259697,-86.976991,35.82791498,-86.59841524,210.361,500,524674950.20888823,701195713.4238617,176520763.21497357,33.644
8PARADISE CC_360117,8RUTHERFORD_360010,37.259697,-86.976991,35.82791498,-86.59841524,210.361,500,524674950.20888823,701195713.4238617,176520763.21497357,33.644
8CHOCTAW MS_360654,8SEQUOYAH NP_360081,33.2984397,-89.4127739,35.22706031,-85.09419774,513.344,500,1261278978.6645362,1434575841.3117278,173296862.64719144,13.74
8ACKERMAN CC_360627,8SEQUOYAH NP_360081,33.38593855,-89.20997726,35.22706031,-85.09419774,491.738,500,1207762771.1522517,1365673178.4556806,157910407.30342898,13.075
8CLAY_360688,8SEQUOYAH NP_360081,33.47863869,-88.74043971,35.22706031,-85.09419774,445.028,500,1095539905.2982984,1218794039.5300376,123254134.23173924,11.251
8COGEN CALED_360606,8SEQUOYAH NP_360081,33.64779158,-88.31593565,35.22706031,-85.09419774,397.845,500,980489118.7974757,1053184404.398526,72695285.6010502,7.414
8E POINT AL_360058,8SEQUOYAH NP_360081,34.19181783,-86.74805975,35.22706031,-85.09419774,250.955,500,624354684.1758218,640850437.9080077,16495753.732185941,2.642
6CENTER PNT_360533,8SEQUOYAH NP_360081,34.6665318,-84.97089121,35.22706031,-85.09419774,133.443,500,337803936.52551085,366057804.99648744,28253868.470976572,8.364
8BR FERRY NP_360052,8SEQUOYAH NP_360081,34.70520875,-87.11705751,35.22706031,-85.09419774,238.033,500,605016233.0401196,627381965.7912931,22365732.751173448,3.697
6LOOPERS FRM_360602,8SEQUOYAH NP_360081,34.708916,-84.922795,35.22706031,-85.09419774,125.656,500,317452372.0943855,343655411.73121923,26203039.6368337,8.254
8LIMESTONE_360088,8SEQUOYAH NP_360081,34.71890958,-86.84630969,35.22706031,-85.09419774,212.659,500,543080263.9036155,565486232.6034979,22405968.69988237,4.126
6COUNTY LINE_360013,8SEQUOYAH NP_360081,34.74311084,-85.00751569,35.22706031,-85.09419774,121.363,500,308028862.27147317,338444781.287916,30415919.01644284,9.874
6YOUNG GA_361454,8SEQUOYAH NP_360081,34.75072952,-85.27349349,35.22706031,-85.09419774,127.667,500,332656043.3151497,347008727.4227557,14352684.107605988,4.315
8MADISON AL_360060,8SEQUOYAH NP_360081,34.79577878,-86.52158584,35.22706031,-85.09419774,175.569,500,455056243.19054013,464598980.39684135,9542737.206301237,2.097
6KENSNGTN GA_361503,8SEQUOYAH NP_360081,34.81265905,-85.32344844,35.22706031,-85.09419774,127.962,500,333030273.556356,344426863.6971784,11396590.140822435,3.422
6ALPHA GA_361502,8SEQUOYAH NP_360081,34.813027,-84.853226,35.22706031,-85.09419774,106.151,500,269235459.1349033,290617842.68406856,21382383.54916522,7.942
6CLOUDLANDGA_361633,8SEQUOYAH NP_360081,34.81849122,-85.5353055,35.22706031,-85.09419774,101.657,500,265280307.08162016,272147132.2106277,6866825.12900754,2.589
8MAGNOL CC1_360613,8SEQUOYAH NP_360081,34.8287922,-89.20041124,35.22706031,-85.09419774,429.054,500,1050837784.623246,1309362044.6515715,258524260.0283255,24.602
6ROCK SPG GA_361500,8SEQUOYAH NP_360081,34.83897801,-85.28020801,35.22706031,-85.09419774,132.001,500,342287476.79336363,354778287.6951194,12490810.901755767,3.649
6WID CRK FP_360068,8SEQUOYAH NP_360081,34.88515896,-85.75604163,35.22706031,-85.09419774,101.702,500,264545478.9191466,270863648.0280351,6318169.108888512,2.388
6WRINGOLD GA_361504,8SEQUOYAH NP_360081,34.89324284,-85.13750475,35.22706031,-85.09419774,104.698,500,265193342.01212585,291325964.2454937,26132622.23336787,9.854
6BATTLFLD GA_361530,8SEQUOYAH NP_360081,34.9555953,-85.26465286,35.22706031,-85.09419774,96.461,500,254348705.4995674,266889548.47207817,12540842.972510798,4.931
6S HAVEN CC_360594,8SEQUOYAH NP_360081,34.99627529,-90.0485284,35.22706031,-85.09419774,521.502,500,1283087875.4139206,1660404344.9051564,377316469.49123573,29.407
6CONCORD TN_361509,8SEQUOYAH NP_360081,34.99679719,-85.1610968,35.22706031,-85.09419774,111.654,500,283996540.71775633,313015098.1679328,29018557.450176477,10.218
8BRADLEY TN_360662,8SEQUOYAH NP_360081,35.0367008,-84.963798,35.22706031,-85.09419774,74.617,500,190891652.68406168,202653426.33697593,11761773.652914267,6.161
8RACCOON MTN_360079,8SEQUOYAH NP_360081,35.05681146,-85.38724619,35.22706031,-85.09419774,65.751,500,171820025.96655458,173236264.33224118,1416238.3656865908,0.824
8BENTON MS_360612,8SEQUOYAH NP_360081,35.17466126,-89.74553609,35.22706031,-85.09419774,479.586,500,1174525157.1302829,1479932659.6587925,305407502.5285097,26.003
8FRANKLIN TN_360069,8SEQUOYAH NP_360081,35.33506701,-86.11727644,35.22706031,-85.09419774,121.875,500,309360284.56921655,311765480.0206494,2405195.451432807,0.777
8HAYWOOD TN_360542,8SEQUOYAH NP_360081,35.54308246,-89.19654872,35.22706031,-85.09419774,418.693,500,1024724792.780934,1222071138.022009,197346345.24107483,19.258
8HIWASSEE TN_360110,8SEQUOYAH NP_360081,35.60032498,-84.78911434,35.22706031,-85.09419774,79.9,500,206938017.14629632,208215067.09843802,1277049.9521417161,0.617
8LAG CRK CC_360615,8SEQUOYAH NP_360081,35.65702785,-89.39460044,35.22706031,-85.09419774,441.567,500,1079478071.6706543,1302573132.3818624,223095060.7112082,20.667
8MAURY TN_360050,8SEQUOYAH NP_360081,35.672863,-87.01861625,35.22706031,-85.09419774,211.899,500,530743267.9898773,568391061.8419373,37647793.85206005,7.093
8JACKSON TN_360019,8SEQUOYAH NP_360081,35.70901203,-88.79407261,35.22706031,-85.09419774,384.689,500,945929245.1939063,1152198453.7827754,206269208.58886918,21.806
8RUTHERFORD_360010,8SEQUOYAH NP_360081,35.82791498,-86.59841524,35.22706031,-85.09419774,174.35,500,437827525.45152605,456602543.8121715,18775018.360645488,4.288
8ANDERSON TN_360120,8SEQUOYAH NP_360081,35.94503289,-84.38856432,35.22706031,-85.09419774,129.216,500,336061423.7009705,337432980.07028824,1371556.3693177605,0.408
8BULL RUN FP_360093,8SEQUOYAH NP_360081,36.01895969,-84.15785445,35.22706031,-85.09419774,224.414,500,580276017.851737,581639900.5169094,1363882.665172287,0.235
8JVILLE FP_360037,8SEQUOYAH NP_360081,36.02382902,-87.98154082,35.22706031,-85.09419774,309.079,500,768942699.9089179,864383508.614355,95440808.70543711,12.412
8PIN HOOK TN_360581,8SEQUOYAH NP_360081,36.04646628,-86.60595108,35.22706031,-85.09419774,205.911,500,524221531.88429403,562564477.4218931,38342945.53759911,7.314
8PLATEAU TN_360077,8SEQUOYAH NP_360081,36.05858036,-85.14194112,35.22706031,-85.09419774,107.143,500,271138404.66885877,273296832.6659832,2158427.9971244372,0.796
8DAVIDSON TN_360048,8SEQUOYAH NP_360081,36.06703747,-86.9841046,35.22706031,-85.09419774,233.252,500,592107012.3481412,664521034.9881182,72414022.63997701,12.23
8GLEASON CT_360582,8SEQUOYAH NP_360081,36.24522988,-88.6114255,35.22706031,-85.09419774,375.075,500,928353846.1507239,1064026830.1908987,135672984.04017472,14.614
8LAG CRK CT_360568,8SEQUOYAH NP_360081,36.27534882,-88.83423675,35.22706031,-85.09419774,396.651,500,979779854.4162102,1131186974.1882217,151407119.77201143,15.453
8CUMBERLAND_360040,8SEQUOYAH NP_360081,36.3921331,-87.65747953,35.22706031,-85.09419774,303.877,500,763749681.7273096,907557298.232805,143807616.5054954,18.829
8PHIPPS B NP_360102,8SEQUOYAH NP_360081,36.46070569,-82.80788409,35.22706031,-85.09419774,313.905,500,809771916.9297953,811091545.0281997,1319628.0984043921,0.163
8MONTGOMERY_360044,8SEQUOYAH NP_360081,36.59438524,-87.25325857,35.22706031,-85.09419774,304.238,500,747171455.1103703,877834294.9744031,130662839.86403282,17.488
8MARSHALL KY_360015,8SEQUOYAH NP_360081,37.02455006,-88.39384277,35.22706031,-85.09419774,432.58,500,1058565718.4541689,1239881978.5991325,181316260.1449637,17.128
7SHAWNEE FP_360002,8SEQUOYAH NP_360081,37.150267,-88.778122,35.22706031,-85.09419774,488.38,500,1196405303.8902593,1455830302.0795307,259424998.18927157,21.684
8PARADISE CC_360117,8SEQUOYAH NP_360081,37.259697,-86.976991,35.22706031,-85.09419774,312.549,500,768369709.6631105,845084203.9642279,76714494.30111739,9.984
8PARADISE CC_360117,8SEQUOYAH NP_360081,37.259697,-86.976991,35.22706031,-85.09419774,312.549,500,768369709.6631105,845084203.9642279,76714494.30111739,9.984
8CHOCTAW MS_360654,8JVILLE FP_360037,33.2984397,-89.4127739,36.02382902,-87.98154082,365.77,500,876345954.6042153,1249267728.964027,372921774.3598116,42.554
8ACKERMAN CC_360627,8JVILLE FP_360037,33.38593855,-89.20997726,36.02382902,-87.98154082,348.002,500,835716360.0783381,1201285556.7453685,365569196.66703033,43.743
8CLAY_360688,8JVILLE FP_360037,33.47863869,-88.74043971,36.02382902,-87.98154082,322.511,500,779367441.2198372,1113925548.1247141,334558106.9048769,42.927
8COGEN CALED_360606,8JVILLE FP_360037,33.64779158,-88.31593565,36.02382902,-87.98154082,290.604,500,706031951.1955439,975524712.0033087,269492760.80776477,38.17
8E POINT AL_360058,8JVILLE FP_360037,34.19181783,-86.74805975,36.02382902,-87.98154082,282.869,500,680607927.5526316,827777168.4619553,147169240.90932366,21.623
6CENTER PNT_360533,8JVILLE FP_360037,34.6665318,-84.97089121,36.02382902,-87.98154082,391.097,500,960575422.1092708,1072103322.5320767,111527900.4228059,11.611
8BR FERRY NP_360052,8JVILLE FP_360037,34.70520875,-87.11705751,36.02382902,-87.98154082,189.449,500,454005762.4168043,572753298.2312031,118747535.8143987,26.156
6LOOPERS FRM_360602,8JVILLE FP_360037,34.708916,-84.922795,36.02382902,-87.98154082,397.848,500,978715245.5630035,1092050157.0895977,113334911.52659416,11.58
6COUNTY LINE_360013,8JVILLE FP_360037,34.74311084,-85.00751569,36.02382902,-87.98154082,361.859,500,889500111.1667056,983357995.1370498,93857883.9703442,10.552
6YOUNG GA_361454,8JVILLE FP_360037,34.75072952,-85.27349349,36.02382902,-87.98154082,320.124,500,792103805.2352923,878396159.3625884,86292354.12729615,10.894
6KENSNGTN GA_361503,8JVILLE FP_360037,34.81265905,-85.32344844,36.02382902,-87.98154082,320.42,500,792478035.4764986,875949387.4301969,83471351.95369829,10.533
6ALPHA GA_361502,8JVILLE FP_360037,34.813027,-84.853226,36.02382902,-87.98154082,378.801,500,934776748.8445058,1047549838.348725,112773089.5042192,12.064
6CLOUDLANDGA_361633,8JVILLE FP_360037,34.81849122,-85.5353055,36.02382902,-87.98154082,294.114,500,724728069.0017629,803834012.7929046,79105943.79114176,10.915
6ROCK SPG GA_361500,8JVILLE FP_360037,34.83897801,-85.28020801,36.02382902,-87.98154082,324.458,500,801735238.7135062,886321792.8807724,84586554.16726609,10.55
6WID CRK FP_360068,8JVILLE FP_360037,34.88515896,-85.75604163,36.02382902,-87.98154082,260.587,500,636932669.5107332,708287245.5521071,71354576.04137382,11.203
6WRINGOLD GA_361504,8JVILLE FP_360037,34.89324284,-85.13750475,36.02382902,-87.98154082,370.091,500,906755021.2179046,999487764.0757871,92732742.85788251,10.227
6BATTLFLD GA_361530,8JVILLE FP_360037,34.9555953,-85.26465286,36.02382902,-87.98154082,302.871,500,750906331.1167364,836192464.1851782,85286133.06844175,11.358
6S HAVEN CC_360594,8JVILLE FP_360037,34.99627529,-90.0485284,36.02382902,-87.98154082,272.224,500,666247975.5329964,967747848.8147843,301499873.2817878,45.253
6CONCORD TN_361509,8JVILLE FP_360037,34.99679719,-85.1610968,36.02382902,-87.98154082,384.304,500,949537830.4273589,1069582415.3046021,120044584.87724331,12.642
8BRADLEY TN_360662,8JVILLE FP_360037,35.0367008,-84.963798,36.02382902,-87.98154082,347.267,500,856432942.3936641,959441093.8617754,103008151.46811125,12.028
8BENTON MS_360612,8JVILLE FP_360037,35.17466126,-89.74553609,36.02382902,-87.98154082,209.29,500,508985201.52114594,731647895.8258027,222662694.3046567,43.746
8FRANKLIN TN_360069,8JVILLE FP_360037,35.33506701,-86.11727644,36.02382902,-87.98154082,215.183,500,520076428.24767315,585539720.2160261,65463291.96835287,12.587
8HAYWOOD TN_360542,8JVILLE FP_360037,35.54308246,-89.19654872,36.02382902,-87.98154082,135.56,500,325891496.53862107,455397049.11966425,129505552.5810432,39.739
8HIWASSEE TN_360110,8JVILLE FP_360037,35.60032498,-84.78911434,36.02382902,-87.98154082,320.153,500,787235684.2115633,880320946.6492008,93085262.43763742,11.824
8JACKSON TN_360019,8JVILLE FP_360037,35.70901203,-88.79407261,36.02382902,-87.98154082,90.269,500,216812437.13314444,291432554.49196684,74620117.35882244,34.417
8ANDERSON TN_360120,8JVILLE FP_360037,35.94503289,-84.38856432,36.02382902,-87.98154082,367.346,500,913177423.746418,1008230125.8464677,95052702.10004978,10.409
8BULL RUN FP_360093,8JVILLE FP_360037,36.01895969,-84.15785445,36.02382902,-87.98154082,458.689,500,1125874265.9768467,1291608051.297031,165733785.3201843,14.72
8DAVIDSON TN_360048,8JVILLE FP_360037,36.06703747,-86.9841046,36.02382902,-87.98154082,99.106,500,244488584.5661227,317061147.8493392,72572563.28321648,29.683
8GLEASON CT_360582,8JVILLE FP_360037,36.24522988,-88.6114255,36.02382902,-87.98154082,69.547,500,165830960.4046023,209000219.80447888,43169259.39987659,26.032
8CUMBERLAND_360040,8JVILLE FP_360037,36.3921331,-87.65747953,36.02382902,-87.98154082,59.212,500,142907589.43490082,161687293.52667144,18779704.09177063,13.141
7SHAWNEE FP_360002,8JVILLE FP_360037,37.150267,-88.778122,36.02382902,-87.98154082,184.187,500,440033026.16173065,612255927.859998,172222901.69826728,39.139
8CHOCTAW MS_360654,8HIWASSEE TN_360110,33.2984397,-89.4127739,35.60032498,-84.78911434,549.573,500,1334857407.487279,1542880190.5921633,208022783.1048843,15.584
8ACKERMAN CC_360627,8HIWASSEE TN_360110,33.38593855,-89.20997726,35.60032498,-84.78911434,527.967,500,1281341199.9749944,1473888046.3419812,192546846.3669867,15.027
8CLAY_360688,8HIWASSEE TN_360110,33.47863869,-88.74043971,35.60032498,-84.78911434,483.65,500,1182506638.303491,1304625663.5895262,122119025.286035,10.327
8COGEN CALED_360606,8HIWASSEE TN_360110,33.64779158,-88.31593565,35.60032498,-84.78911434,436.467,500,1067455851.8026683,1139495002.5018964,72039150.6992281,6.749
8E POINT AL_360058,8HIWASSEE TN_360110,34.19181783,-86.74805975,35.60032498,-84.78911434,289.578,500,711321417.1810145,727858803.6301004,16537386.449085863,2.325
6CENTER PNT_360533,8HIWASSEE TN_360110,34.6665318,-84.97089121,35.60032498,-84.78911434,132.629,500,326223611.9149683,353687126.16794723,27463514.252978936,8.419
8BR FERRY NP_360052,8HIWASSEE TN_360110,34.70520875,-87.11705751,35.60032498,-84.78911434,273.214,500,664694369.3615049,698418594.8787587,33724225.51725377,5.074
6LOOPERS FRM_360602,8HIWASSEE TN_360110,34.708916,-84.922795,35.60032498,-84.78911434,124.841,500,305872047.48384297,331290526.34726655,25418478.863423605,8.31
6COUNTY LINE_360013,8HIWASSEE TN_360110,34.74311084,-85.00751569,35.60032498,-84.78911434,120.548,500,296448537.66093063,325999031.3274231,29550493.666492477,9.968
6YOUNG GA_361454,8HIWASSEE TN_360110,34.75072952,-85.27349349,35.60032498,-84.78911434,161.474,500,399698777.6956786,437029042.17633885,37330264.480660275,9.34
6KENSNGTN GA_361503,8HIWASSEE TN_360110,34.81265905,-85.32344844,35.60032498,-84.78911434,167.097,500,414531440.7959493,452331023.4190609,37799582.62311161,9.119
6ALPHA GA_361502,8HIWASSEE TN_360110,34.813027,-84.853226,35.60032498,-84.78911434,105.336,500,257655134.52436078,278267992.2011797,20612857.67681891,8.0
6CLOUDLANDGA_361633,8HIWASSEE TN_360110,34.81849122,-85.5353055,35.60032498,-84.78911434,142.243,500,356528485.6077198,362588203.5572444,6059717.94952464,1.7
6ROCK SPG GA_361500,8HIWASSEE TN_360110,34.83897801,-85.28020801,35.60032498,-84.78911434,170.85,500,422720904.7359883,462375733.54024255,39654828.80425426,9.381
6WID CRK FP_360068,8HIWASSEE TN_360110,34.88515896,-85.75604163,35.60032498,-84.78911434,140.324,500,351512211.9243393,357923288.9258972,6411077.001557887,1.824
6WRINGOLD GA_361504,8HIWASSEE TN_360110,34.89324284,-85.13750475,35.60032498,-84.78911434,103.883,500,253613017.4015833,278880278.71073335,25267261.309150014,9.963
6BATTLFLD GA_361530,8HIWASSEE TN_360110,34.9555953,-85.26465286,35.60032498,-84.78911434,137.047,500,345596884.025667,357146309.8711035,11549425.845436519,3.342
6S HAVEN CC_360594,8HIWASSEE TN_360110,34.99627529,-90.0485284,35.60032498,-84.78911434,540.638,500,1313047017.442637,1664982287.0085974,351935269.56596047,26.803
6CONCORD TN_361509,8HIWASSEE TN_360110,34.99679719,-85.1610968,35.60032498,-84.78911434,110.839,500,272416216.1072138,300550632.71369797,28134416.606484197,10.328
8BRADLEY TN_360662,8HIWASSEE TN_360110,35.0367008,-84.963798,35.60032498,-84.78911434,73.802,500,179311328.07351917,190391579.90040898,11080251.826889819,6.179
8BENTON MS_360612,8HIWASSEE TN_360110,35.17466126,-89.74553609,35.60032498,-84.78911434,493.939,500,1198718704.894854,1498804333.8767755,300085628.9819215,25.034
8FRANKLIN TN_360069,8HIWASSEE TN_360110,35.33506701,-86.11727644,35.60032498,-84.78911434,141.397,500,344926173.72615206,346080580.46505165,1154406.7388995842,0.335
8HAYWOOD TN_360542,8HIWASSEE TN_360110,35.54308246,-89.19654872,35.60032498,-84.78911434,430.053,500,1043391820.3823342,1237811201.3538628,194419380.97152865,18.633
8ANDERSON TN_360120,8HIWASSEE TN_360110,35.94503289,-84.38856432,35.60032498,-84.78911434,63.552,500,155787997.39958036,155787997.39958036,0.0,0.0
8BULL RUN FP_360093,8HIWASSEE TN_360110,36.01895969,-84.15785445,35.60032498,-84.78911434,160.504,500,408806560.51586014,408806560.51586014,0.0,0.0
8DAVIDSON TN_360048,8HIWASSEE TN_360110,36.06703747,-86.9841046,35.60032498,-84.78911434,244.326,500,610399996.6507864,680399006.7602761,69999010.10948968,11.468
8GLEASON CT_360582,8HIWASSEE TN_360110,36.24522988,-88.6114255,35.60032498,-84.78911434,386.149,500,946646830.4533694,1079747658.724724,133100828.27135459,14.06
8CUMBERLAND_360040,8HIWASSEE TN_360110,36.3921331,-87.65747953,35.60032498,-84.78911434,314.951,500,782042666.029955,922702313.2941797,140659647.2642247,17.986
7SHAWNEE FP_360002,8HIWASSEE TN_360110,37.150267,-88.778122,35.60032498,-84.78911434,499.454,500,1214698288.192905,1470648800.8501408,255950512.65723592,21.071
8CHOCTAW MS_360654,8PLATEAU TN_360077,33.2984397,-89.4127739,36.05858036,-85.14194112,539.139,500,1309782788.8492534,1532106155.4275894,222323366.57833588,16.974
8ACKERMAN CC_360627,8PLATEAU TN_360077,33.38593855,-89.20997726,36.05858036,-85.14194112,517.533,500,1256266581.3369691,1462889522.7651892,206622941.4282201,16.447
8CLAY_360688,8PLATEAU TN_360077,33.47863869,-88.74043971,36.05858036,-85.14194112,479.798,500,1162148540.2914288,1334790735.8167572,172642195.52532852,14.855
8COGEN CALED_360606,8PLATEAU TN_360077,33.64779158,-88.31593565,36.05858036,-85.14194112,440.734,500,1063974931.551657,1196720045.4472303,132745113.89557336,12.476
8E POINT AL_360058,8PLATEAU TN_360077,34.19181783,-86.74805975,36.05858036,-85.14194112,303.038,500,744809464.645329,753884901.0726639,9075436.42733492,1.218
6CENTER PNT_360533,8PLATEAU TN_360077,34.6665318,-84.97089121,36.05858036,-85.14194112,196.409,500,485139568.62861496,512492684.2291928,27353115.600577854,5.638
8BR FERRY NP_360052,8PLATEAU TN_360077,34.70520875,-87.11705751,36.05858036,-85.14194112,265.86,500,644166636.768766,686633381.6181911,42466744.84942505,6.593
6LOOPERS FRM_360602,8PLATEAU TN_360077,34.708916,-84.922795,36.05858036,-85.14194112,188.622,500,464788004.1974896,490084712.6033369,25296708.405847255,5.443
8LIMESTONE_360088,8PLATEAU TN_360077,34.71890958,-86.84630969,36.05858036,-85.14194112,245.147,500,604343287.3355511,630402708.4200772,26059421.084526032,4.312
6COUNTY LINE_360013,8PLATEAU TN_360077,34.74311084,-85.00751569,36.05858036,-85.14194112,184.329,500,455364494.3745774,484778018.2938859,29413523.91930848,6.459
6YOUNG GA_361454,8PLATEAU TN_360077,34.75072952,-85.27349349,36.05858036,-85.14194112,187.851,500,473319826.5038908,486575204.11713934,13255377.613248555,2.801
8MADISON AL_360060,8PLATEAU TN_360077,34.79577878,-86.52158584,36.05858036,-85.14194112,208.456,500,523620973.1437378,538241163.8231398,14620190.679402042,2.792
6KENSNGTN GA_361503,8PLATEAU TN_360077,34.81265905,-85.32344844,36.05858036,-85.14194112,188.147,500,473694056.74509716,484132319.57215595,10438262.827058822,2.204
6ALPHA GA_361502,8PLATEAU TN_360077,34.813027,-84.853226,36.05858036,-85.14194112,169.117,500,416571091.2380075,437102620.28703624,20531529.04902876,4.929
6CLOUDLANDGA_361633,8PLATEAU TN_360077,34.81849122,-85.5353055,36.05858036,-85.14194112,161.842,500,405944090.27036124,412035442.7401887,6091352.4698274825,1.501
8MAGNOL CC1_360613,8PLATEAU TN_360077,34.8287922,-89.20041124,36.05858036,-85.14194112,433.958,500,1046744987.9702561,1297938147.2667482,251193159.2964922,23.998
6ROCK SPG GA_361500,8PLATEAU TN_360077,34.83897801,-85.28020801,36.05858036,-85.14194112,192.185,500,482951259.9821047,494429961.79647607,11478701.814371347,2.377
6WID CRK FP_360068,8PLATEAU TN_360077,34.88515896,-85.75604163,36.05858036,-85.14194112,158.739,500,391653763.133425,391679990.7518217,26227.618396700273,0.007
6WRINGOLD GA_361504,8PLATEAU TN_360077,34.89324284,-85.13750475,36.05858036,-85.14194112,167.664,500,412528974.11523,437702708.1810725,25173734.065842424,6.102
6BATTLFLD GA_361530,8PLATEAU TN_360077,34.9555953,-85.26465286,36.05858036,-85.14194112,156.645,500,395012488.6883085,406403964.8093787,11391476.12107018,2.884
6S HAVEN CC_360594,8PLATEAU TN_360077,34.99627529,-90.0485284,36.05858036,-85.14194112,526.406,500,1278995078.760931,1651555193.754246,372560114.99331504,29.129
6CONCORD TN_361509,8PLATEAU TN_360077,34.99679719,-85.1610968,36.05858036,-85.14194112,174.619,500,431332172.8208605,459384939.88897616,28052767.068115648,6.504
8BRADLEY TN_360662,8PLATEAU TN_360077,35.0367008,-84.963798,36.05858036,-85.14194112,137.583,500,338227284.7871659,349389355.13674575,11162070.34957986,3.3
8BENTON MS_360612,8PLATEAU TN_360077,35.17466126,-89.74553609,36.05858036,-85.14194112,476.118,500,1157044148.7445576,1453497208.8351274,296453060.0905697,25.622
8FRANKLIN TN_360069,8PLATEAU TN_360077,35.33506701,-86.11727644,36.05858036,-85.14194112,138.542,500,344317862.5916493,345221326.1069169,903463.5152676083,0.262
8HAYWOOD TN_360542,8PLATEAU TN_360077,35.54308246,-89.19654872,36.05858036,-85.14194112,412.276,500,998879897.4475602,1215296696.9454646,216416799.4979045,21.666
8HIWASSEE TN_360110,8PLATEAU TN_360077,35.60032498,-84.78911434,36.05858036,-85.14194112,76.932,500,189547281.13847566,192068334.26057175,2521053.12209609,1.33
8LAG CRK CC_360615,8PLATEAU TN_360077,35.65702785,-89.39460044,36.05858036,-85.14194112,432.198,500,1051031646.2041814,1342399913.412188,291368267.2080066,27.722
8MAURY TN_360050,8PLATEAU TN_360077,35.672863,-87.01861625,36.05858036,-85.14194112,202.007,500,496318108.7007121,546385268.6113122,50067159.91060008,10.088
8JACKSON TN_360019,8PLATEAU TN_360077,35.70901203,-88.79407261,36.05858036,-85.14194112,374.797,500,911504085.9047412,1133020703.420188,221516617.51544678,24.302
8ANDERSON TN_360120,8PLATEAU TN_360077,35.94503289,-84.38856432,36.05858036,-85.14194112,92.816,500,236361404.76691854,236361404.76691854,0.0,0.0
8BULL RUN FP_360093,8PLATEAU TN_360077,36.01895969,-84.15785445,36.05858036,-85.14194112,160.689,500,406947368.9160129,406947368.9160129,0.0,0.0
8JVILLE FP_360037,8PLATEAU TN_360077,36.02382902,-87.98154082,36.05858036,-85.14194112,299.187,500,734517540.6197529,843544169.4294498,109026628.80969694,14.843
8PIN HOOK TN_360581,8PLATEAU TN_360077,36.04646628,-86.60595108,36.05858036,-85.14194112,195.273,500,487929484.7140888,539023516.4976548,51094031.78356595,10.472
8DAVIDSON TN_360048,8PLATEAU TN_360077,36.06703747,-86.9841046,36.05858036,-85.14194112,223.36,500,557681853.0589759,644236233.9483179,86554380.88934198,15.52
8GLEASON CT_360582,8PLATEAU TN_360077,36.24522988,-88.6114255,36.05858036,-85.14194112,365.182,500,893928686.8615588,1043634940.595923,149706253.73436412,16.747
8LAG CRK CT_360568,8PLATEAU TN_360077,36.27534882,-88.83423675,36.05858036,-85.14194112,386.759,500,945354695.127045,1110924500.8845844,165569805.75753948,17.514
8CUMBERLAND_360040,8PLATEAU TN_360077,36.3921331,-87.65747953,36.05858036,-85.14194112,290.529,500,707806042.6367252,895382086.6264608,187576043.9897356,26.501
8PHIPPS B NP_360102,8PLATEAU TN_360077,36.46070569,-82.80788409,36.05858036,-85.14194112,250.18,500,636443267.9940711,636443267.9940711,0.0,0.0
8MONTGOMERY_360044,8PLATEAU TN_360077,36.59438524,-87.25325857,36.05858036,-85.14194112,234.776,500,571163853.8177006,695100083.5713803,123936229.75367962,21.699
8MARSHALL KY_360015,8PLATEAU TN_360077,37.02455006,-88.39384277,36.05858036,-85.14194112,356.285,500,864048093.9444871,1017284413.5170184,153236319.57253137,17.735
7SHAWNEE FP_360002,8PLATEAU TN_360077,37.150267,-88.778122,36.05858036,-85.14194112,474.776,500,1147288321.9063296,1423748154.4780967,276459832.57176715,24.097
8PARADISE CC_360117,8PLATEAU TN_360077,37.259697,-86.976991,36.05858036,-85.14194112,235.071,500,570991668.4108336,638892945.8257561,67901277.41492246,11.892
8PARADISE CC_360117,8PLATEAU TN_360077,37.259697,-86.976991,36.05858036,-85.14194112,235.071,500,570991668.4108336,638892945.8257561,67901277.41492246,11.892
8CHOCTAW MS_360654,8PHIPPS B NP_360102,33.2984397,-89.4127739,36.46070569,-82.80788409,776.41,500,1923254020.3600717,2133248858.9283261,209994838.5682545,10.919
8ACKERMAN CC_360627,8PHIPPS B NP_360102,33.38593855,-89.20997726,36.46070569,-82.80788409,754.805,500,1869737812.8477874,2064452644.6501524,194714831.80236506,10.414
8CLAY_360688,8PHIPPS B NP_360102,33.47863869,-88.74043971,36.46070569,-82.80788409,717.07,500,1775619771.802247,1937775237.2222717,162155465.42002472,9.132
8COGEN CALED_360606,8PHIPPS B NP_360102,33.64779158,-88.31593565,36.46070569,-82.80788409,670.472,500,1669775488.416359,1741248063.802617,71472575.38625817,4.28
8E POINT AL_360058,8PHIPPS B NP_360102,34.19181783,-86.74805975,36.46070569,-82.80788409,523.582,500,1313641053.794705,1330171757.1450036,16530703.350298636,1.258
6CENTER PNT_360533,8PHIPPS B NP_360102,34.6665318,-84.97089121,36.46070569,-82.80788409,373.753,500,949222643.2877684,971995678.1709446,22773034.883176263,2.399
8BR FERRY NP_360052,8PHIPPS B NP_360102,34.70520875,-87.11705751,36.46070569,-82.80788409,503.131,500,1257637868.2795844,1293213078.2311025,35575209.95151817,2.829
6LOOPERS FRM_360602,8PHIPPS B NP_360102,34.708916,-84.922795,36.46070569,-82.80788409,365.966,500,928871078.8566431,949561201.1048723,20690122.248229213,2.227
8LIMESTONE_360088,8PHIPPS B NP_360102,34.71890958,-86.84630969,36.46070569,-82.80788409,480.474,500,1203390991.4466243,1228326237.2332988,24935245.78667438,2.072
6COUNTY LINE_360013,8PHIPPS B NP_360102,34.74311084,-85.00751569,36.46070569,-82.80788409,365.775,500,921652110.2353032,952292995.6274027,30640885.392099533,3.325
6YOUNG GA_361454,8PHIPPS B NP_360102,34.75072952,-85.27349349,36.46070569,-82.80788409,406.702,500,1024902350.270051,1063591547.7646555,38689197.4946045,3.775
8MADISON AL_360060,8PHIPPS B NP_360102,34.79577878,-86.52158584,36.46070569,-82.80788409,439.273,500,1117057613.9463704,1131293924.8203454,14236310.873974938,1.274
6KENSNGTN GA_361503,8PHIPPS B NP_360102,34.81265905,-85.32344844,36.46070569,-82.80788409,402.553,500,1026598088.6961465,1037463804.8502309,10865716.154084409,1.058
6ALPHA GA_361502,8PHIPPS B NP_360102,34.813027,-84.853226,36.46070569,-82.80788409,346.461,500,880654165.8971609,896587746.8510497,15933580.953888768,1.809
6CLOUDLANDGA_361633,8PHIPPS B NP_360102,34.81849122,-85.5353055,36.46070569,-82.80788409,376.248,500,958848122.2214105,965130139.5502932,6282017.328882697,0.655
8MAGNOL CC1_360613,8PHIPPS B NP_360102,34.8287922,-89.20041124,36.46070569,-82.80788409,675.565,500,1667177585.8839269,1906010777.8380475,238833191.95412055,14.326
6ROCK SPG GA_361500,8PHIPPS B NP_360102,34.83897801,-85.28020801,36.46070569,-82.80788409,406.591,500,1035855291.9331539,1047812141.0308987,11956849.097744865,1.154
6WID CRK FP_360068,8PHIPPS B NP_360102,34.88515896,-85.75604163,36.46070569,-82.80788409,374.328,500,953831848.5380299,960299570.9854027,6467722.447372742,0.678
6WRINGOLD GA_361504,8PHIPPS B NP_360102,34.89324284,-85.13750475,36.46070569,-82.80788409,349.11,500,878816589.9759557,905212981.4819111,26396391.50595532,3.004
6BATTLFLD GA_361530,8PHIPPS B NP_360102,34.9555953,-85.26465286,36.46070569,-82.80788409,371.051,500,947916520.6393576,959945549.4852067,12029028.84584919,1.269
6S HAVEN CC_360594,8PHIPPS B NP_360102,34.99627529,-90.0485284,36.46070569,-82.80788409,768.014,500,1899427676.6746016,2261367063.7831445,361939387.10854304,19.055
6CONCORD TN_361509,8PHIPPS B NP_360102,34.99679719,-85.1610968,36.46070569,-82.80788409,356.066,500,897619788.6815863,926945209.200252,29325420.51866577,3.267
8BRADLEY TN_360662,8PHIPPS B NP_360102,35.0367008,-84.963798,36.46070569,-82.80788409,319.029,500,804514900.6478915,816775098.5768323,12260197.92894074,1.524
8BENTON MS_360612,8PHIPPS B NP_360102,35.17466126,-89.74553609,36.46070569,-82.80788409,721.315,500,1785099364.1268187,2095898606.323901,310799242.1970822,17.411
8FRANKLIN TN_360069,8PHIPPS B NP_360102,35.33506701,-86.11727644,36.46070569,-82.80788409,371.89,500,939866641.3791465,940275588.4967508,408947.1176043583,0.044
8HAYWOOD TN_360542,8PHIPPS B NP_360102,35.54308246,-89.19654872,36.46070569,-82.80788409,659.101,500,1617267979.9135327,1903239510.6148727,285971530.70133996,17.682
8HIWASSEE TN_360110,8PHIPPS B NP_360102,35.60032498,-84.78911434,36.46070569,-82.80788409,249.994,500,638302459.5939186,638302459.5939186,0.0,0.0
8LAG CRK CC_360615,8PHIPPS B NP_360102,35.65702785,-89.39460044,36.46070569,-82.80788409,671.533,500,1645231992.0098014,1949361680.5315263,304129688.521725,18.486
8MAURY TN_360050,8PHIPPS B NP_360102,35.672863,-87.01861625,36.46070569,-82.80788409,449.866,500,1127136330.2735763,1177435406.7241423,50299076.45056595,4.463
8JACKSON TN_360019,8PHIPPS B NP_360102,35.70901203,-88.79407261,36.46070569,-82.80788409,613.811,500,1508188920.5080562,1741475511.0524719,233286590.5444157,15.468
8ANDERSON TN_360120,8PHIPPS B NP_360102,35.94503289,-84.38856432,36.46070569,-82.80788409,204.399,500,524277929.7165448,524277929.7165448,0.0,0.0
8BULL RUN FP_360093,8PHIPPS B NP_360102,36.01895969,-84.15785445,36.46070569,-82.80788409,151.648,500,386586835.87620956,386586835.87620956,0.0,0.0
8JVILLE FP_360037,8PHIPPS B NP_360102,36.02382902,-87.98154082,36.46070569,-82.80788409,525.358,500,1294484478.1570559,1457258265.3165166,162773787.15946078,12.574
8DAVIDSON TN_360048,8PHIPPS B NP_360102,36.06703747,-86.9841046,36.46070569,-82.80788409,471.22,500,1188500074.63184,1273880309.760024,85380235.12818405,7.184
8GLEASON CT_360582,8PHIPPS B NP_360102,36.24522988,-88.6114255,36.46070569,-82.80788409,583.158,500,1435313039.3233378,1646338823.942196,211025784.61885816,14.702
8LAG CRK CT_360568,8PHIPPS B NP_360102,36.27534882,-88.83423675,36.46070569,-82.80788409,604.734,500,1486739047.588824,1713491498.5298789,226752450.94105488,15.252
8CUMBERLAND_360040,8PHIPPS B NP_360102,36.3921331,-87.65747953,36.46070569,-82.80788409,488.532,500,1205321062.5650005,1368126547.1375194,162805484.57251874,13.507
8MONTGOMERY_360044,8PHIPPS B NP_360102,36.59438524,-87.25325857,36.46070569,-82.80788409,432.779,500,1068678873.745976,1171685306.6850145,103006432.93903841,9.639
8MARSHALL KY_360015,8PHIPPS B NP_360102,37.02455006,-88.39384277,36.46070569,-82.80788409,547.812,500,1343501450.1593156,1458763260.4751322,115261810.31581667,8.579
7SHAWNEE FP_360002,8PHIPPS B NP_360102,37.150267,-88.778122,36.46070569,-82.80788409,666.303,500,1626741678.1211576,1859743281.9648361,233001603.84367836,14.323
8PARADISE CC_360117,8PHIPPS B NP_360102,37.259697,-86.976991,36.46070569,-82.80788409,415.655,500,1021807747.5634205,1052674752.0485675,30867004.48514699,3.021
8PARADISE CC_360117,8PHIPPS B NP_360102,37.259697,-86.976991,36.46070569,-82.80788409,415.655,500,1021807747.5634205,1052674752.0485675,30867004.48514699,3.021
8CHOCTAW MS_360654,8WEST POINT_360035,33.2984397,-89.4127739,33.63551392,-88.65363834,87.045,500,215977165.3433323,300137924.2742545,84160758.93092221,38.967
8ACKERMAN CC_360627,8WEST POINT_360035,33.38593855,-89.20997726,33.63551392,-88.65363834,65.439,500,162460957.83104804,230263334.6132586,67802376.78221054,41.735
8CLAY_360688,8WEST POINT_360035,33.47863869,-88.74043971,33.63551392,-88.65363834,22.205,500,56444938.78096882,84667408.60043898,28222469.819470167,50.0
8COGEN CALED_360606,8WEST POINT_360035,33.64779158,-88.31593565,33.63551392,-88.65363834,35.178,500,85508528.91876927,125507171.98488855,39998643.06611929,46.777
8E POINT AL_360058,8WEST POINT_360035,34.19181783,-86.74805975,33.63551392,-88.65363834,220.609,500,533542219.8800087,615499452.8199123,81957232.93990365,15.361
8UNION MS_360033,8WEST POINT_360035,34.37783096,-88.85850114,33.63551392,-88.65363834,94.006,500,224461276.81175816,331717388.3669364,107256111.55517821,47.784
8TRICO STEEL_360014,8WEST POINT_360035,34.60872576,-87.05506218,33.63551392,-88.65363834,199.477,500,481362162.8813026,564026750.8824676,82664588.00116499,17.173
6CENTER PNT_360533,8WEST POINT_360035,34.6665318,-84.97089121,33.63551392,-88.65363834,411.851,500,1006889611.028507,1132987925.3536425,126098314.32513538,12.524
8BR FERRY NP_360052,8WEST POINT_360035,34.70520875,-87.11705751,33.63551392,-88.65363834,220.871,500,533610431.377274,625189429.9025759,91578998.52530189,17.162
6LOOPERS FRM_360602,8WEST POINT_360035,34.708916,-84.922795,33.63551392,-88.65363834,418.602,500,1025029434.4822398,1152953891.7415094,127924457.25926952,12.48
8LIMESTONE_360088,8WEST POINT_360035,34.71890958,-86.84630969,33.63551392,-88.65363834,244.618,500,590567818.7034199,680661328.9006281,90093510.19720812,15.255
6COUNTY LINE_360013,8WEST POINT_360035,34.74311084,-85.00751569,33.63551392,-88.65363834,403.048,500,985619627.287969,1102826998.0169551,117207370.7289862,11.892
6YOUNG GA_361454,8WEST POINT_360035,34.75072952,-85.27349349,33.63551392,-88.65363834,369.151,500,898740889.5736904,1011283950.5788277,112543061.00513732,12.522
8MADISON AL_360060,8WEST POINT_360035,34.79577878,-86.52158584,33.63551392,-88.65363834,284.176,500,689430130.2254803,796012438.2492075,106582308.02372713,15.459
6KENSNGTN GA_361503,8WEST POINT_360035,34.81265905,-85.32344844,33.63551392,-88.65363834,369.35,500,899269570.6047722,1010716654.547107,111447083.94233483,12.393
6ALPHA GA_361502,8WEST POINT_360035,34.813027,-84.853226,33.63551392,-88.65363834,437.672,500,1071124228.2076757,1203673138.669826,132548910.46215025,12.375
6CLOUDLANDGA_361633,8WEST POINT_360035,34.81849122,-85.5353055,33.63551392,-88.65363834,349.625,500,848404501.5043911,952809025.4085617,104404523.90417069,12.306
8MAGNOL CC1_360613,8WEST POINT_360035,34.8287922,-89.20041124,33.63551392,-88.65363834,156.441,500,373860377.4994772,550080237.5471156,176219860.04763836,47.135
6ROCK SPG GA_361500,8WEST POINT_360035,34.83897801,-85.28020801,33.63551392,-88.65363834,373.388,500,908482386.8116566,1021054763.0288355,112572376.2171789,12.391
6WID CRK FP_360068,8WEST POINT_360035,34.88515896,-85.75604163,33.63551392,-88.65363834,326.532,500,787838383.8965609,880041937.3241894,92203553.42762852,11.703
6WRINGOLD GA_361504,8WEST POINT_360035,34.89324284,-85.13750475,33.63551392,-88.65363834,411.279,500,1002874537.3391681,1118839078.1172845,115964540.77811638,11.563
6BATTLFLD GA_361530,8WEST POINT_360035,34.9555953,-85.26465286,33.63551392,-88.65363834,380.97,500,929457125.9137945,1035930253.1290418,106473127.21524724,11.455
6S HAVEN CC_360594,8WEST POINT_360035,34.99627529,-90.0485284,33.63551392,-88.65363834,226.201,500,554283394.3794141,804770042.8770533,250486648.4976392,45.191
6CONCORD TN_361509,8WEST POINT_360035,34.99679719,-85.1610968,33.63551392,-88.65363834,433.066,500,1058445586.445271,1181880992.1601362,123435405.71486509,11.662
8BRADLEY TN_360662,8WEST POINT_360035,35.0367008,-84.963798,33.63551392,-88.65363834,439.055,500,1070994029.3887126,1203413774.2678988,132419744.87918617,12.364
8RACCOON MTN_360079,8WEST POINT_360035,35.05681146,-85.38724619,33.63551392,-88.65363834,368.099,500,892040488.0633361,990473433.5713022,98432945.50796598,11.035
8BENTON MS_360612,8WEST POINT_360035,35.17466126,-89.74553609,33.63551392,-88.65363834,229.226,500,554447497.9317167,817360035.7988329,262912537.86711615,47.419
8SEQUOYAH NP_360081,8WEST POINT_360035,35.22706031,-85.09419774,33.63551392,-88.65363834,427.725,500,1049326704.1847304,1148689718.850831,99363014.6661005,9.469
8FRANKLIN TN_360069,8WEST POINT_360035,35.33506701,-86.11727644,33.63551392,-88.65363834,332.9,500,800374192.3613554,931327731.7394226,130953539.37806708,16.362
8SHELBY TN_360021,8WEST POINT_360035,35.38606284,-89.80340294,33.63551392,-88.65363834,248.942,500,597820971.0210426,882471096.1849258,284650125.16388315,47.615
8HAYWOOD TN_360542,8WEST POINT_360035,35.54308246,-89.19654872,33.63551392,-88.65363834,239.957,500,577929357.1767237,853926691.9409871,275997334.76426333,47.756
8HIWASSEE TN_360110,8WEST POINT_360035,35.60032498,-84.78911434,33.63551392,-88.65363834,468.844,500,1132727728.586458,1263954583.5237615,131226854.93730347,11.585
8LAG CRK CC_360615,8WEST POINT_360035,35.65702785,-89.39460044,33.63551392,-88.65363834,258.405,500,622107071.9337766,922629086.7207289,300522014.7869522,48.307
8MAURY TN_360050,8WEST POINT_360035,35.672863,-87.01861625,33.63551392,-88.65363834,300.276,500,717964909.9525678,913526521.8040745,195561611.85150674,27.238
8JACKSON TN_360019,8WEST POINT_360035,35.70901203,-88.79407261,33.63551392,-88.65363834,250.451,500,612258653.9219296,908331086.6345022,296072432.7125725,48.357
8RUTHERFORD_360010,8WEST POINT_360035,35.82791498,-86.59841524,33.63551392,-88.65363834,335.393,500,808767137.3899212,966255587.3496754,157488449.95975417,19.473
8ANDERSON TN_360120,8WEST POINT_360035,35.94503289,-84.38856432,33.63551392,-88.65363834,518.16,500,1261336871.9713237,1394315629.0399199,132978757.0685961,10.543
8BULL RUN FP_360093,8WEST POINT_360035,36.01895969,-84.15785445,33.63551392,-88.65363834,606.19,500,1491628442.3811927,1627905276.6176705,136276834.23647794,9.136
8JVILLE FP_360037,8WEST POINT_360035,36.02382902,-87.98154082,33.63551392,-88.65363834,301.321,500,726910903.7822914,1028075010.3763869,301164106.59409547,41.431
8PIN HOOK TN_360581,8WEST POINT_360035,36.04646628,-86.60595108,33.63551392,-88.65363834,364.761,500,890530077.009557,1065928945.4458505,175398868.43629348,19.696
8PLATEAU TN_360077,8WEST POINT_360035,36.05858036,-85.14194112,33.63551392,-88.65363834,458.41,500,1107653109.9484327,1251665660.4282417,144012550.47980893,13.002
8DAVIDSON TN_360048,8WEST POINT_360035,36.06703747,-86.9841046,33.63551392,-88.65363834,340.921,500,819035548.2073789,1045962830.928425,226927282.72104606,27.707
8VOLUNTEER_360097,8WEST POINT_360035,36.1219789,-83.81482256,33.63551392,-88.65363834,636.235,500,1567899106.3809237,1703260093.8744736,135360987.49354985,8.633
8GLEASON CT_360582,8WEST POINT_360035,36.24522988,-88.6114255,33.63551392,-88.65363834,314.482,500,763752332.7576075,1128552333.8766541,364800001.1190468,47.764
8LAG CRK CT_360568,8WEST POINT_360035,36.27534882,-88.83423675,33.63551392,-88.65363834,318.897,500,776775526.0681195,1137954625.849521,361179099.78140146,46.497
8CUMBERLAND_360040,8WEST POINT_360035,36.3921331,-87.65747953,33.63551392,-88.65363834,353.194,500,849003892.1001279,1184104656.1610112,335100764.0608833,39.47
8PHIPPS B NP_360102,8WEST POINT_360035,36.46070569,-82.80788409,33.63551392,-88.65363834,695.681,500,1721124341.459251,1855065429.8043609,133941088.34510994,7.782
8MONTGOMERY_360044,8WEST POINT_360035,36.59438524,-87.25325857,33.63551392,-88.65363834,401.499,500,966680572.2239099,1279461103.263451,312780531.0395411,32.356
8MARSHALL KY_360015,8WEST POINT_360035,37.02455006,-88.39384277,33.63551392,-88.65363834,422.096,500,1013659535.2132379,1474950882.9458265,461291347.7325886,45.508
7SHAWNEE FP_360002,8WEST POINT_360035,37.150267,-88.778122,33.63551392,-88.65363834,436.452,500,1055346566.2017508,1548989708.3553395,493643142.15358865,46.775
8PARADISE CC_360117,8WEST POINT_360035,37.259697,-86.976991,33.63551392,-88.65363834,475.157,500,1143217935.4235659,1587525650.455261,444307715.0316951,38.865
8PARADISE CC_360117,8WEST POINT_360035,37.259697,-86.976991,33.63551392,-88.65363834,475.157,500,1143217935.4235659,1587525650.455261,444307715.0316951,38.865
8ACKERMAN CC_360627,8BENTON MS_360612,33.38593855,-89.20997726,35.17466126,-89.74553609,238.367,500,582698781.8027761,840347331.6020021,257648549.79922608,44.216
6CENTER PNT_360533,8BENTON MS_360612,34.6665318,-84.97089121,35.17466126,-89.74553609,525.579,500,1289493801.8335848,1661705604.0228648,372211802.1892799,28.865
6LOOPERS FRM_360602,8BENTON MS_360612,34.708916,-84.922795,35.17466126,-89.74553609,532.33,500,1307633625.2873175,1681862730.5534372,374229105.2661198,28.619
6COUNTY LINE_360013,8BENTON MS_360612,34.74311084,-85.00751569,35.17466126,-89.74553609,497.981,500,1222621843.4013727,1573235984.911961,350614141.5105885,28.677
6YOUNG GA_361454,8BENTON MS_360612,34.75072952,-85.27349349,35.17466126,-89.74553609,464.084,500,1135743105.687094,1480563996.154872,344820890.467778,30.361
6KENSNGTN GA_361503,8BENTON MS_360612,34.81265905,-85.32344844,35.17466126,-89.74553609,464.283,500,1136271786.718176,1480392259.1605608,344120472.4423849,30.285
6ALPHA GA_361502,8BENTON MS_360612,34.813027,-84.853226,35.17466126,-89.74553609,546.919,500,1340545687.295192,1706114252.33216,365568565.03696805,27.27
6CLOUDLANDGA_361633,8BENTON MS_360612,34.81849122,-85.5353055,35.17466126,-89.74553609,436.117,500,1071824827.4015039,1386274008.2782009,314449180.8766969,29.338
6ROCK SPG GA_361500,8BENTON MS_360612,34.83897801,-85.28020801,35.17466126,-89.74553609,468.321,500,1145484602.9250603,1490884840.9208295,345400237.99576926,30.153
6WID CRK FP_360068,8BENTON MS_360612,34.88515896,-85.75604163,35.17466126,-89.74553609,402.664,500,983779165.1178086,1293896992.1615741,310117827.04376554,31.523
6WRINGOLD GA_361504,8BENTON MS_360612,34.89324284,-85.13750475,35.17466126,-89.74553609,506.212,500,1239876753.4525719,1588224730.7695427,348347977.3169708,28.095
6BATTLFLD GA_361530,8BENTON MS_360612,34.9555953,-85.26465286,35.17466126,-89.74553609,444.873,500,1098003089.5164776,1417095337.8627052,319092248.3462277,29.061
6S HAVEN CC_360594,8BENTON MS_360612,34.99627529,-90.0485284,35.17466126,-89.74553609,104.139,500,269137168.6313381,403705753.68333036,134568585.05199224,50.0
6CONCORD TN_361509,8BENTON MS_360612,34.99679719,-85.1610968,35.17466126,-89.74553609,528.0,500,1295447802.5586748,1652023610.3926892,356575807.83401453,27.525
8ANDERSON TN_360120,8BENTON MS_360612,35.94503289,-84.38856432,35.17466126,-89.74553609,542.048,500,1326436732.3319235,1632228697.1093538,305791964.7774303,23.054
7SHAWNEE FP_360002,8BENTON MS_360612,37.150267,-88.778122,35.17466126,-89.74553609,270.874,500,649974688.6481798,930659437.4116821,280684748.76350236,43.184
8CHOCTAW MS_360654,8JACKSON TN_360019,33.2984397,-89.4127739,35.70901203,-88.79407261,302.051,500,734491127.0740902,1065636804.4588153,331145677.3847251,45.085
8ACKERMAN CC_360627,8JACKSON TN_360019,33.38593855,-89.20997726,35.70901203,-88.79407261,287.282,500,700023803.9934365,1016590692.1977749,316566888.2043384,45.222
8CLAY_360688,8JACKSON TN_360019,33.47863869,-88.74043971,35.70901203,-88.79407261,271.387,500,658197678.3551152,974390190.8898786,316192512.53476346,48.039
8COGEN CALED_360606,8JACKSON TN_360019,33.64779158,-88.31593565,35.70901203,-88.79407261,258.923,500,625976086.3472543,872039778.4360058,246063692.0887515,39.309
8E POINT AL_360058,8JACKSON TN_360019,34.19181783,-86.74805975,35.70901203,-88.79407261,291.306,500,707724893.6788943,918532763.0876448,210807869.40875056,29.787
6CENTER PNT_360533,8JACKSON TN_360019,34.6665318,-84.97089121,35.70901203,-88.79407261,446.476,500,1092638900.605557,1307459984.9544625,214821084.3489056,19.661
8BR FERRY NP_360052,8JACKSON TN_360019,34.70520875,-87.11705751,35.70901203,-88.79407261,212.73,500,509922660.8850688,706160429.5477961,196237768.66272733,38.484
6LOOPERS FRM_360602,8JACKSON TN_360019,34.708916,-84.922795,35.70901203,-88.79407261,453.227,500,1110778724.05929,1327467737.3019297,216689013.24263972,19.508
6COUNTY LINE_360013,8JACKSON TN_360019,34.74311084,-85.00751569,35.70901203,-88.79407261,419.22,500,1024508273.2689834,1210765459.5117526,186257186.24276933,18.18
6YOUNG GA_361454,8JACKSON TN_360019,34.75072952,-85.27349349,35.70901203,-88.79407261,377.357,500,927691939.867594,1100785387.181554,173093447.3139601,18.659
6KENSNGTN GA_361503,8JACKSON TN_360019,34.81265905,-85.32344844,35.70901203,-88.79407261,377.653,500,928066170.1088004,1098680209.9318144,170614039.823014,18.384
6ALPHA GA_361502,8JACKSON TN_360019,34.813027,-84.853226,35.70901203,-88.79407261,454.411,500,1111763294.1294942,1335431763.982925,223668469.85343075,20.118
6CLOUDLANDGA_361633,8JACKSON TN_360019,34.81849122,-85.5353055,35.70901203,-88.79407261,351.348,500,860316203.6340644,1026184724.6100022,165868520.97593772,19.28
6ROCK SPG GA_361500,8JACKSON TN_360019,34.83897801,-85.28020801,35.70901203,-88.79407261,381.691,500,937323373.3458079,1109108383.53261,171785010.1868021,18.327
6WID CRK FP_360068,8JACKSON TN_360019,34.88515896,-85.75604163,35.70901203,-88.79407261,317.895,500,772270541.3503691,933411972.0626171,161141430.7122479,20.866
6WRINGOLD GA_361504,8JACKSON TN_360019,34.89324284,-85.13750475,35.70901203,-88.79407261,427.451,500,1041763183.3201826,1226422918.3458385,184659735.025656,17.726
6BATTLFLD GA_361530,8JACKSON TN_360019,34.9555953,-85.26465286,35.70901203,-88.79407261,360.104,500,886494465.749038,1057712665.7029164,171218199.9538784,19.314
6S HAVEN CC_360594,8JACKSON TN_360019,34.99627529,-90.0485284,35.70901203,-88.79407261,195.371,500,488198496.90963995,732297745.6679943,244099248.75835437,50.0
6CONCORD TN_361509,8JACKSON TN_360019,34.99679719,-85.1610968,35.70901203,-88.79407261,449.238,500,1097334232.4262855,1289631143.0974777,192296910.67119214,17.524
8BRADLEY TN_360662,8JACKSON TN_360019,35.0367008,-84.963798,35.70901203,-88.79407261,422.877,500,1033419487.6786525,1246566547.4985766,213147059.81992418,20.625
8BENTON MS_360612,8JACKSON TN_360019,35.17466126,-89.74553609,35.70901203,-88.79407261,125.986,500,308252460.80860436,462378691.0893104,154126230.28070605,50.0
8FRANKLIN TN_360069,8JACKSON TN_360019,35.33506701,-86.11727644,35.70901203,-88.79407261,273.789,500,660227880.7555835,813849547.1055738,153621666.34999025,23.268
8HAYWOOD TN_360542,8JACKSON TN_360019,35.54308246,-89.19654872,35.70901203,-88.79407261,49.976,500,121737912.64442536,182606869.2236408,60868956.57921542,50.0
8HIWASSEE TN_360110,8JACKSON TN_360019,35.60032498,-84.78911434,35.70901203,-88.79407261,395.763,500,964222229.4965518,1167397730.4086175,203175500.91206565,21.071
8ANDERSON TN_360120,8JACKSON TN_360019,35.94503289,-84.38856432,35.70901203,-88.79407261,442.956,500,1090163969.0314064,1297901712.6676192,207737743.63621294,19.056
8BULL RUN FP_360093,8JACKSON TN_360019,36.01895969,-84.15785445,35.70901203,-88.79407261,533.166,500,1312826408.3995469,1537483493.3684754,224657084.9689285,17.112
8DAVIDSON TN_360048,8JACKSON TN_360019,36.06703747,-86.9841046,35.70901203,-88.79407261,188.801,500,458270440.5734465,653324315.3170274,195053874.7435809,42.563
8GLEASON CT_360582,8JACKSON TN_360019,36.24522988,-88.6114255,35.70901203,-88.79407261,68.3,500,164485382.45920047,230321251.86702323,65835869.40782276,40.025
8CUMBERLAND_360040,8JACKSON TN_360019,36.3921331,-87.65747953,35.70901203,-88.79407261,139.13,500,336189006.78142214,437039239.134176,100850232.35275385,29.998
7SHAWNEE FP_360002,8JACKSON TN_360019,37.150267,-88.778122,35.70901203,-88.79407261,190.094,500,451885146.87847745,661307851.2612369,209422704.3827595,46.344
8CHOCTAW MS_360654,8SHELBY TN_360021,33.2984397,-89.4127739,35.38606284,-89.80340294,265.096,500,648384331.4416106,913150994.8952942,264766663.4536836,40.835
8ACKERMAN CC_360627,8SHELBY TN_360021,33.38593855,-89.20997726,35.38606284,-89.80340294,258.083,500,626072254.8921021,905330280.0633796,279258025.1712775,44.605
8CLAY_360688,8SHELBY TN_360021,33.47863869,-88.74043971,35.38606284,-89.80340294,263.624,500,635326125.1738216,948335973.4912733,313009848.3174517,49.268
8COGEN CALED_360606,8SHELBY TN_360021,33.64779158,-88.31593565,35.38606284,-89.80340294,264.285,500,637359436.5588925,931996762.8320531,294637326.2731606,46.228
8E POINT AL_360058,8SHELBY TN_360021,34.19181783,-86.74805975,35.38606284,-89.80340294,378.173,500,912821298.2921131,1187853526.057756,275032227.76564276,30.13
6CENTER PNT_360533,8SHELBY TN_360021,34.6665318,-84.97089121,35.38606284,-89.80340294,525.505,500,1285436549.597764,1657162413.6087623,371725864.0109983,28.918
8BR FERRY NP_360052,8SHELBY TN_360021,34.70520875,-87.11705751,35.38606284,-89.80340294,285.918,500,687508378.3890121,984388143.8298433,296879765.44083124,43.182
6LOOPERS FRM_360602,8SHELBY TN_360021,34.708916,-84.922795,35.38606284,-89.80340294,532.256,500,1303576373.051497,1677338139.7031507,373761766.65165365,28.672
8LIMESTONE_360088,8SHELBY TN_360021,34.71890958,-86.84630969,35.38606284,-89.80340294,309.001,500,743576118.6524065,1039068268.5041094,295492149.85170287,39.739
6COUNTY LINE_360013,8SHELBY TN_360021,34.74311084,-85.00751569,35.38606284,-89.80340294,497.907,500,1218564591.1655521,1568698482.2089798,350133891.0434277,28.733
6YOUNG GA_361454,8SHELBY TN_360021,34.75072952,-85.27349349,35.38606284,-89.80340294,464.01,500,1131685853.4512734,1475902106.7888455,344216253.33757204,30.416
8MADISON AL_360060,8SHELBY TN_360021,34.79577878,-86.52158584,35.38606284,-89.80340294,334.333,500,807337693.7525306,1117210939.2078755,309873245.4553449,38.382
6KENSNGTN GA_361503,8SHELBY TN_360021,34.81265905,-85.32344844,35.38606284,-89.80340294,464.209,500,1132214534.482355,1475736755.6949291,343522221.2125739,30.341
6ALPHA GA_361502,8SHELBY TN_360021,34.813027,-84.853226,35.38606284,-89.80340294,546.845,500,1336488435.0593715,1701681351.9152641,365192916.85589254,27.325
6CLOUDLANDGA_361633,8SHELBY TN_360021,34.81849122,-85.5353055,35.38606284,-89.80340294,436.043,500,1067767575.1656833,1381677456.9315312,313909881.7658479,29.399
8MAGNOL CC1_360613,8SHELBY TN_360021,34.8287922,-89.20041124,35.38606284,-89.80340294,95.142,500,232702130.56456694,349053195.8275601,116351065.2629932,50.0
6ROCK SPG GA_361500,8SHELBY TN_360021,34.83897801,-85.28020801,35.38606284,-89.80340294,468.247,500,1141427350.6892397,1486239412.5674462,344812061.87820643,30.209
6WID CRK FP_360068,8SHELBY TN_360021,34.88515896,-85.75604163,35.38606284,-89.80340294,402.59,500,979721912.881988,1289145899.8541982,309423986.97221017,31.583
6WRINGOLD GA_361504,8SHELBY TN_360021,34.89324284,-85.13750475,35.38606284,-89.80340294,506.138,500,1235819501.216751,1583725125.9159708,347905624.69921976,28.152
6BATTLFLD GA_361530,8SHELBY TN_360021,34.9555953,-85.26465286,35.38606284,-89.80340294,444.799,500,1093945837.2806568,1412514540.697804,318568703.4171473,29.121
6S HAVEN CC_360594,8SHELBY TN_360021,34.99627529,-90.0485284,35.38606284,-89.80340294,123.855,500,312510641.72066414,468765962.9811944,156255321.26053023,50.0
6CONCORD TN_361509,8SHELBY TN_360021,34.99679719,-85.1610968,35.38606284,-89.80340294,527.925,500,1291390550.3228543,1647568393.4461403,356177843.1232861,27.581
8BRADLEY TN_360662,8SHELBY TN_360021,35.0367008,-84.963798,35.38606284,-89.80340294,519.037,500,1262391677.04884,1538965384.2679138,276573707.2190738,21.909
8RACCOON MTN_360079,8SHELBY TN_360021,35.05681146,-85.38724619,35.38606284,-89.80340294,431.357,500,1054569610.0995089,1366343437.5132551,311773827.4137461,29.564
8BENTON MS_360612,8SHELBY TN_360021,35.17466126,-89.74553609,35.38606284,-89.80340294,32.82,500,82933228.98008704,124399843.62917985,41466614.64909281,50.0
8SEQUOYAH NP_360081,8SHELBY TN_360021,35.22706031,-85.09419774,35.38606284,-89.80340294,479.512,500,1170467904.894462,1475584884.4964871,305116979.602025,26.068
8FRANKLIN TN_360069,8SHELBY TN_360021,35.33506701,-86.11727644,35.38606284,-89.80340294,363.844,500,876238110.2366593,1173587174.7866974,297349064.5500382,33.935
8HAYWOOD TN_360542,8SHELBY TN_360021,35.54308246,-89.19654872,35.38606284,-89.80340294,80.977,500,194527904.51039505,291791856.4201721,97263951.90977702,50.0
8HIWASSEE TN_360110,8SHELBY TN_360021,35.60032498,-84.78911434,35.38606284,-89.80340294,492.208,500,1193568462.1654944,1460144778.1555524,266576315.99005795,22.334
8LAG CRK CC_360615,8SHELBY TN_360021,35.65702785,-89.39460044,35.38606284,-89.80340294,57.69,500,137700184.66181225,206550277.5274768,68850092.86566454,50.0
8MAURY TN_360050,8SHELBY TN_360021,35.672863,-87.01861625,35.38606284,-89.80340294,274.083,500,658884260.4199333,923261251.332381,264376990.91244763,40.125
8JACKSON TN_360019,8SHELBY TN_360021,35.70901203,-88.79407261,35.38606284,-89.80340294,115.201,500,277825479.40620524,416738219.2495382,138912739.84333295,50.0
8RUTHERFORD_360010,8SHELBY TN_360021,35.82791498,-86.59841524,35.38606284,-89.80340294,322.982,500,781505623.0931811,1079615286.4519415,298109663.3587605,38.146
8ANDERSON TN_360120,8SHELBY TN_360021,35.94503289,-84.38856432,35.38606284,-89.80340294,540.317,500,1321286489.6025636,1593116609.436079,271830119.8335154,20.573
8BULL RUN FP_360093,8SHELBY TN_360021,36.01895969,-84.15785445,35.38606284,-89.80340294,632.8,500,1550378861.725526,1843316903.1046247,292938041.3790986,18.895
8JVILLE FP_360037,8SHELBY TN_360021,36.02382902,-87.98154082,35.38606284,-89.80340294,200.784,500,481979063.300401,690300603.7212579,208321540.42085692,43.222
8PIN HOOK TN_360581,8SHELBY TN_360021,36.04646628,-86.60595108,35.38606284,-89.80340294,343.091,500,843578311.2393444,1173289940.865335,329711629.6259906,39.085
8PLATEAU TN_360077,8SHELBY TN_360021,36.05858036,-85.14194112,35.38606284,-89.80340294,474.431,500,1149056539.2307205,1439166158.8631616,290109619.632441,25.248
8DAVIDSON TN_360048,8SHELBY TN_360021,36.06703747,-86.9841046,35.38606284,-89.80340294,292.95,500,710225998.8463632,1030977652.9554214,320751654.10905826,45.162
8GLEASON CT_360582,8SHELBY TN_360021,36.24522988,-88.6114255,35.38606284,-89.80340294,158.511,500,379956118.33234644,557418724.4974464,177462606.16509998,46.706
8LAG CRK CT_360568,8SHELBY TN_360021,36.27534882,-88.83423675,35.38606284,-89.80340294,151.769,500,362916398.424189,534242922.4000889,171326523.97589993,47.208
8CUMBERLAND_360040,8SHELBY TN_360021,36.3921331,-87.65747953,35.38606284,-89.80340294,248.243,500,598176210.5848299,831942454.2336134,233766243.64878345,39.08
8PHIPPS B NP_360102,8SHELBY TN_360021,36.46070569,-82.80788409,35.38606284,-89.80340294,724.325,500,1773355546.6753125,2137362347.2828422,364006800.6075295,20.526
8MONTGOMERY_360044,8SHELBY TN_360021,36.59438524,-87.25325857,35.38606284,-89.80340294,315.644,500,763511669.2557883,1064889003.5252957,301377334.26950747,39.473
8MARSHALL KY_360015,8SHELBY TN_360021,37.02455006,-88.39384277,35.38606284,-89.80340294,267.977,500,642020830.8127912,930132932.9405518,288112102.1277605,44.876
7SHAWNEE FP_360002,8SHELBY TN_360021,37.150267,-88.778122,35.38606284,-89.80340294,254.757,500,607901714.9290818,867458795.2796615,259557080.35057977,42.697
8PARADISE CC_360117,8SHELBY TN_360021,37.259697,-86.976991,35.38606284,-89.80340294,371.751,500,896133496.0903473,1204307005.035919,308173508.9455716,34.389
8PARADISE CC_360117,8SHELBY TN_360021,37.259697,-86.976991,35.38606284,-89.80340294,371.751,500,896133496.0903473,1204307005.035919,308173508.9455716,34.389
6CENTER PNT_360533,8SHAWNEE FP_360001,34.6665318,-84.97089121,37.150267,-88.778122,570.398,500,1388038026.090612,1670455433.9144945,282417407.8238826,20.347
6LOOPERS FRM_360602,8SHAWNEE FP_360001,34.708916,-84.922795,37.150267,-88.778122,577.149,500,1406177849.544345,1690360856.1231065,284183006.57876146,20.21
6COUNTY LINE_360013,8SHAWNEE FP_360001,34.74311084,-85.00751569,37.150267,-88.778122,541.161,500,1316962715.148047,1581567052.4611356,264604337.3130886,20.092
6YOUNG GA_361454,8SHAWNEE FP_360001,34.75072952,-85.27349349,37.150267,-88.778122,499.425,500,1219566409.2166338,1474016881.0269256,254450471.81029165,20.864
6KENSNGTN GA_361503,8SHAWNEE FP_360001,34.81265905,-85.32344844,37.150267,-88.778122,499.721,500,1219940639.4578402,1471755743.040526,251815103.58268577,20.642
6ALPHA GA_361502,8SHAWNEE FP_360001,34.813027,-84.853226,37.150267,-88.778122,558.102,500,1362239352.8258471,1638126217.165522,275886864.3396749,20.252
6CLOUDLANDGA_361633,8SHAWNEE FP_360001,34.81849122,-85.5353055,37.150267,-88.778122,473.416,500,1152190672.9831042,1399996348.7586734,247805675.77556926,21.507
6ROCK SPG GA_361500,8SHAWNEE FP_360001,34.83897801,-85.28020801,37.150267,-88.778122,503.759,500,1229197842.6948478,1482144983.6450796,252947140.9502317,20.578
6WID CRK FP_360068,8SHAWNEE FP_360001,34.88515896,-85.75604163,37.150267,-88.778122,439.888,500,1064395273.4920746,1306207737.4819903,241812463.98991582,22.718
6WRINGOLD GA_361504,8SHAWNEE FP_360001,34.89324284,-85.13750475,37.150267,-88.778122,549.392,500,1334217625.1992462,1596702048.013945,262484422.81469882,19.673
6BATTLFLD GA_361530,8SHAWNEE FP_360001,34.9555953,-85.26465286,37.150267,-88.778122,482.172,500,1178368935.0980778,1431320824.3366127,252951889.23853502,21.466
6S HAVEN CC_360594,8SHAWNEE FP_360001,34.99627529,-90.0485284,37.150267,-88.778122,324.277,500,775201635.838223,1144741934.5204697,369540298.6822467,47.67
6CONCORD TN_361509,8SHAWNEE FP_360001,34.99679719,-85.1610968,37.150267,-88.778122,563.605,500,1377000434.4087002,1660257686.9250767,283257252.5163765,20.571
6CENTER PNT_360533,8BHAM STEEL_360075,34.6665318,-84.97089121,34.99627529,-90.0485284,576.883,500,1415931625.4860106,1791999286.0723238,376067660.5863133,26.56
6LOOPERS FRM_360602,8BHAM STEEL_360075,34.708916,-84.922795,34.99627529,-90.0485284,583.634,500,1434071448.9397433,1812141178.528063,378069729.5883198,26.363
6COUNTY LINE_360013,8BHAM STEEL_360075,34.74311084,-85.00751569,34.99627529,-90.0485284,551.914,500,1356767630.9248142,1716906880.5556543,360139249.63084,26.544
6YOUNG GA_361454,8BHAM STEEL_360075,34.75072952,-85.27349349,34.99627529,-90.0485284,518.017,500,1269888893.2105355,1624488214.5389552,354599321.3284198,27.924
6KENSNGTN GA_361503,8BHAM STEEL_360075,34.81265905,-85.32344844,34.99627529,-90.0485284,518.216,500,1270417574.2416172,1624268317.5177026,353850743.27608526,27.853
6ALPHA GA_361502,8BHAM STEEL_360075,34.813027,-84.853226,34.99627529,-90.0485284,602.705,500,1480166242.6651793,1863212915.4698706,383046672.8046914,25.879
6CLOUDLANDGA_361633,8BHAM STEEL_360075,34.81849122,-85.5353055,34.99627529,-90.0485284,498.491,500,1219552505.141236,1566197848.4659882,346645343.3247521,28.424
6ROCK SPG GA_361500,8BHAM STEEL_360075,34.83897801,-85.28020801,34.99627529,-90.0485284,522.254,500,1279630390.4485016,1634727176.945477,355096786.49697554,27.75
6WID CRK FP_360068,8BHAM STEEL_360075,34.88515896,-85.75604163,34.99627529,-90.0485284,446.517,500,1092332189.8417606,1461599482.753249,369267292.9114883,33.805
6WRINGOLD GA_361504,8BHAM STEEL_360075,34.89324284,-85.13750475,34.99627529,-90.0485284,560.145,500,1374022540.9760132,1731995160.2701588,357972619.29414564,26.053
6BATTLFLD GA_361530,8BHAM STEEL_360075,34.9555953,-85.26465286,34.99627529,-90.0485284,488.726,500,1206556114.2404296,1584095278.4136834,377539164.17325366,31.291
6CONCORD TN_361509,8BHAM STEEL_360075,34.99679719,-85.1610968,34.99627529,-90.0485284,581.932,500,1429593590.0821161,1795633313.4364326,366039723.35431653,25.604
8CHOCTAW MS_360654,8WILSON TN_360071,33.2984397,-89.4127739,36.2052377,-86.46506033,496.333,500,1206953264.6899242,1453982626.6460924,247029361.95616806,20.467
8ACKERMAN CC_360627,8WILSON TN_360071,33.38593855,-89.20997726,36.2052377,-86.46506033,474.727,500,1153437057.17764,1384723305.847419,231286248.66977897,20.052
8CLAY_360688,8WILSON TN_360071,33.47863869,-88.74043971,36.2052377,-86.46506033,436.993,500,1059319016.1320996,1256293160.3483167,196974144.21621707,18.594
8WEST POINT_360035,8WILSON TN_360071,33.63551392,-88.65363834,36.2052377,-86.46506033,415.604,500,1004823585.7891034,1173523620.4458015,168700034.65669817,16.789
8COGEN CALED_360606,8WILSON TN_360071,33.64779158,-88.31593565,36.2052377,-86.46506033,397.928,500,961145407.3923277,1117836737.5702722,156691330.17794463,16.303
8E POINT AL_360058,8WILSON TN_360071,34.19181783,-86.74805975,36.2052377,-86.46506033,279.284,500,689832724.5671699,740681940.994417,50849216.427247085,7.371
8UNION MS_360033,8WILSON TN_360071,34.37783096,-88.85850114,36.2052377,-86.46506033,390.957,500,945502772.935587,1209519680.4937506,264016907.55816352,27.923
8TRICO STEEL_360014,8WILSON TN_360071,34.60872576,-87.05506218,36.2052377,-86.46506033,268.457,500,652128387.5474705,741875440.5531666,89747053.00569622,13.762
6CENTER PNT_360533,8WILSON TN_360071,34.6665318,-84.97089121,36.2052377,-86.46506033,289.414,500,715487308.1744928,768247742.056143,52760433.881650165,7.374
8BR FERRY NP_360052,8WILSON TN_360071,34.70520875,-87.11705751,36.2052377,-86.46506033,223.625,500,542309267.6279855,608041973.5773339,65732705.94934846,12.121
6LOOPERS FRM_360602,8WILSON TN_360071,34.708916,-84.922795,36.2052377,-86.46506033,281.627,500,695135743.7433674,745831648.86368,50695905.120312594,7.293
8LIMESTONE_360088,8WILSON TN_360071,34.71890958,-86.84630969,36.2052377,-86.46506033,208.9,500,506904284.22873837,560224312.7254205,53320028.49668216,10.519
6COUNTY LINE_360013,8WILSON TN_360071,34.74311084,-85.00751569,36.2052377,-86.46506033,277.334,500,685712233.9204551,740664323.6049592,54952089.68450414,8.014
6YOUNG GA_361454,8WILSON TN_360071,34.75072952,-85.27349349,36.2052377,-86.46506033,230.197,500,574542602.129514,614212694.5423666,39670092.41285265,6.905
8MADISON AL_360060,8WILSON TN_360071,34.79577878,-86.52158584,36.2052377,-86.46506033,190.394,500,464157237.4332082,502968604.0284069,38811366.59519867,8.362
6KENSNGTN GA_361503,8WILSON TN_360071,34.81265905,-85.32344844,36.2052377,-86.46506033,230.493,500,574916832.3707204,611570050.6038923,36653218.233171955,6.375
6ALPHA GA_361502,8WILSON TN_360071,34.813027,-84.853226,36.2052377,-86.46506033,262.122,500,646918830.7838852,692783944.6194999,45865113.83561468,7.09
6CLOUDLANDGA_361633,8WILSON TN_360071,34.81849122,-85.5353055,36.2052377,-86.46506033,204.188,500,507166865.8959844,539353318.1229825,32186452.226998076,6.346
8MAGNOL CC1_360613,8WILSON TN_360071,34.8287922,-89.20041124,36.2052377,-86.46506033,383.969,500,925635478.7762628,1186621398.7597551,260985919.9834925,28.195
6ROCK SPG GA_361500,8WILSON TN_360071,34.83897801,-85.28020801,36.2052377,-86.46506033,234.531,500,584174035.607728,621950148.8542262,37776113.24649827,6.467
6WID CRK FP_360068,8WILSON TN_360071,34.88515896,-85.75604163,36.2052377,-86.46506033,182.785,500,452761826.97901094,478676484.0720587,25914657.093047768,5.724
8WID CRK FP_360065,8WILSON TN_360071,34.88726197,-85.75423778,36.2052377,-86.46506033,182.499,500,451851719.4804871,477789766.617764,25938047.13727689,5.74
6WRINGOLD GA_361504,8WILSON TN_360071,34.89324284,-85.13750475,36.2052377,-86.46506033,260.669,500,642876713.6611078,693541560.2902354,50664846.62912758,7.881
6BATTLFLD GA_361530,8WILSON TN_360071,34.9555953,-85.26465286,36.2052377,-86.46506033,205.91,500,514596650.42275625,553282699.8043683,38686049.38161205,7.518
6S HAVEN CC_360594,8WILSON TN_360071,34.99627529,-90.0485284,36.2052377,-86.46506033,476.418,500,1157885569.5669374,1539379399.4212787,381493829.85434127,32.947
6CONCORD TN_361509,8WILSON TN_360071,34.99679719,-85.1610968,36.2052377,-86.46506033,267.624,500,661679912.3667383,715262847.2114497,53582934.84471144,8.098
8BRADLEY TN_360662,8WILSON TN_360071,35.0367008,-84.963798,36.2052377,-86.46506033,230.588,500,568575024.3330436,604775647.3299593,36200622.99691567,6.367
8RACCOON MTN_360079,8WILSON TN_360071,35.05681146,-85.38724619,36.2052377,-86.46506033,188.313,500,464689880.93034863,493941298.4643493,29251417.53400071,6.295
8BENTON MS_360612,8WILSON TN_360071,35.17466126,-89.74553609,36.2052377,-86.46506033,426.13,500,1035934639.5505643,1340485225.635563,304550586.0849986,29.399
8SEQUOYAH NP_360081,8WILSON TN_360071,35.22706031,-85.09419774,36.2052377,-86.46506033,192.623,500,482068407.6120094,510094663.5862196,28026255.974210218,5.814
8FRANKLIN TN_360069,8WILSON TN_360071,35.33506701,-86.11727644,36.2052377,-86.46506033,142.972,500,348926325.058542,374882394.47129387,25956069.412751857,7.439
8SHELBY TN_360021,8WILSON TN_360071,35.38606284,-89.80340294,36.2052377,-86.46506033,424.442,500,1027947030.036727,1325686196.519892,297739166.48316497,28.964
8HAYWOOD TN_360542,8WILSON TN_360071,35.54308246,-89.19654872,36.2052377,-86.46506033,341.196,500,837514783.454361,1131645459.824107,294130676.369746,35.119
8HIWASSEE TN_360110,8WILSON TN_360071,35.60032498,-84.78911434,36.2052377,-86.46506033,185.779,500,456319674.744532,484472806.47822285,28153131.733690888,6.17
8LAG CRK CC_360615,8WILSON TN_360071,35.65702785,-89.39460044,36.2052377,-86.46506033,353.628,500,865478795.5506294,1175855273.8536534,310376478.30302405,35.862
8MAURY TN_360050,8WILSON TN_360071,35.672863,-87.01861625,36.2052377,-86.46506033,152.018,500,375208599.50671875,434324527.1047322,59115927.59801346,15.755
8JACKSON TN_360019,8WILSON TN_360071,35.70901203,-88.79407261,36.2052377,-86.46506033,295.905,500,728435724.0488843,967710908.737597,239275184.6887127,32.848
8RUTHERFORD_360010,8WILSON TN_360071,35.82791498,-86.59841524,36.2052377,-86.46506033,113.521,500,279705958.4670384,320232364.1756401,40526405.70860172,14.489
8ANDERSON TN_360120,8WILSON TN_360071,35.94503289,-84.38856432,36.2052377,-86.46506033,224.65,500,560841921.9145532,599523323.7363137,38681401.821760505,6.897
8BULL RUN FP_360093,8WILSON TN_360071,36.01895969,-84.15785445,36.2052377,-86.46506033,295.71,500,739504797.369339,778921026.4318477,39416229.06250869,5.33
8JVILLE FP_360037,8WILSON TN_360071,36.02382902,-87.98154082,36.2052377,-86.46506033,207.452,500,514731281.6978839,680081302.0109843,165350020.31310037,32.124
8PIN HOOK TN_360581,8WILSON TN_360071,36.04646628,-86.60595108,36.2052377,-86.46506033,145.082,500,366099964.8998064,426951168.0566638,60851203.156857416,16.621
8PLATEAU TN_360077,8WILSON TN_360071,36.05858036,-85.14194112,36.2052377,-86.46506033,138.743,500,341208820.97997797,380336796.4287975,39127975.44881954,11.467
8DAVIDSON TN_360048,8WILSON TN_360071,36.06703747,-86.9841046,36.2052377,-86.46506033,173.371,500,436572343.8649826,532973642.2910814,96401298.42609882,22.081
8VOLUNTEER_360097,8WILSON TN_360071,36.1219789,-83.81482256,36.2052377,-86.46506033,325.754,500,815775461.3690698,855088064.7721845,39312603.40311468,4.819
8GLEASON CT_360582,8WILSON TN_360071,36.24522988,-88.6114255,36.2052377,-86.46506033,265.252,500,655559842.864166,864911766.7800242,209351923.91585815,31.935
8LAG CRK CT_360568,8WILSON TN_360071,36.27534882,-88.83423675,36.2052377,-86.46506033,286.828,500,706985851.1296523,931686904.7564787,224701053.62682638,31.783
8CUMBERLAND_360040,8WILSON TN_360071,36.3921331,-87.65747953,36.2052377,-86.46506033,170.626,500,425567866.10582876,587825217.2642584,162257351.1584296,38.127
8PHIPPS B NP_360102,8WILSON TN_360071,36.46070569,-82.80788409,36.2052377,-86.46506033,380.493,500,950723274.7134392,994930105.0866319,44206830.373192675,4.65
8MONTGOMERY_360044,8WILSON TN_360071,36.59438524,-87.25325857,36.2052377,-86.46506033,119.43,500,298950617.0580286,404800940.29981446,105850323.24178591,35.407
8MARSHALL KY_360015,8WILSON TN_360071,37.02455006,-88.39384277,36.2052377,-86.46506033,257.06,500,631516676.9902648,782784995.7232168,151268318.73295203,23.953
7SHAWNEE FP_360002,8WILSON TN_360071,37.150267,-88.778122,36.2052377,-86.46506033,375.55,500,914756904.9521071,1190156252.0923762,275399347.1402693,30.106
8PARADISE CC_360117,8WILSON TN_360071,37.259697,-86.976991,36.2052377,-86.46506033,145.419,500,360660797.21202517,431797697.2205561,71136900.0085309,19.724
8PARADISE CC_360117,8WILSON TN_360071,37.259697,-86.976991,36.2052377,-86.46506033,145.419,500,360660797.21202517,431797697.2205561,71136900.0085309,19.724
8CHOCTAW MS_360654,8MAGNOL CC1_360613,33.2984397,-89.4127739,34.8287922,-89.20041124,185.758,500,449558313.64306045,639220344.8603232,189662031.21726277,42.189
8ACKERMAN CC_360627,8MAGNOL CC1_360613,33.38593855,-89.20997726,34.8287922,-89.20041124,172.529,500,417922756.32351065,608421317.9239663,190498561.60045564,45.582
8CLAY_360688,8MAGNOL CC1_360613,33.47863869,-88.74043971,34.8287922,-89.20041124,173.435,500,417128922.3787303,614001921.1458461,196872998.76711586,47.197
8COGEN CALED_360606,8MAGNOL CC1_360613,33.64779158,-88.31593565,34.8287922,-89.20041124,171.155,500,413113193.6855227,604050030.0692902,190936836.38376755,46.219
8E POINT AL_360058,8MAGNOL CC1_360613,34.19181783,-86.74805975,34.8287922,-89.20041124,291.265,500,704552530.9818298,886946023.5971674,182393492.6153376,25.888
6CENTER PNT_360533,8MAGNOL CC1_360613,34.6665318,-84.97089121,34.8287922,-89.20041124,470.85,500,1147322845.3980048,1381544035.0637548,234221189.66574997,20.415
8BR FERRY NP_360052,8MAGNOL CC1_360613,34.70520875,-87.11705751,34.8287922,-89.20041124,228.378,500,550122743.1903636,775888920.9200903,225766177.72972664,41.039
6LOOPERS FRM_360602,8MAGNOL CC1_360613,34.708916,-84.922795,34.8287922,-89.20041124,477.601,500,1165462668.8517373,1401586317.9704738,236123649.11873657,20.26
8LIMESTONE_360088,8MAGNOL CC1_360613,34.71890958,-86.84630969,34.8287922,-89.20041124,251.461,500,606190483.4537582,830085368.5700682,223894885.11631003,36.935
6COUNTY LINE_360013,8MAGNOL CC1_360613,34.74311084,-85.00751569,34.8287922,-89.20041124,445.88,500,1088158850.8368082,1306274791.315246,218115940.478438,20.044
6YOUNG GA_361454,8MAGNOL CC1_360613,34.75072952,-85.27349349,34.8287922,-89.20041124,411.983,500,1001280113.1225295,1214265709.2384512,212985596.1159218,21.271
8MADISON AL_360060,8MAGNOL CC1_360613,34.79577878,-86.52158584,34.8287922,-89.20041124,277.15,500,670121939.7063689,917166784.374584,247044844.66821498,36.866
6KENSNGTN GA_361503,8MAGNOL CC1_360613,34.81265905,-85.32344844,34.8287922,-89.20041124,412.182,500,1001808794.1536113,1213919024.2061057,212110230.05249435,21.173
6ALPHA GA_361502,8MAGNOL CC1_360613,34.813027,-84.853226,34.8287922,-89.20041124,496.671,500,1211557462.5771732,1452446456.595652,240888994.01847875,19.883
6CLOUDLANDGA_361633,8MAGNOL CC1_360613,34.81849122,-85.5353055,34.8287922,-89.20041124,387.521,500,948127761.3347813,1203238546.000349,255110784.6655678,26.907
6ROCK SPG GA_361500,8MAGNOL CC1_360613,34.83897801,-85.28020801,34.8287922,-89.20041124,416.221,500,1011021610.3604957,1224311530.0099287,213289919.6494329,21.096
6WID CRK FP_360068,8MAGNOL CC1_360613,34.88515896,-85.75604163,34.8287922,-89.20041124,354.069,500,860082099.0510861,1111217152.6947813,251135053.64369524,29.199
6WRINGOLD GA_361504,8MAGNOL CC1_360613,34.89324284,-85.13750475,34.8287922,-89.20041124,454.112,500,1105413760.8880072,1321796423.2265913,216382662.33858424,19.575
6BATTLFLD GA_361530,8MAGNOL CC1_360613,34.9555953,-85.26465286,34.8287922,-89.20041124,396.278,500,974306023.449755,1234182334.9869046,259876311.53714973,26.673
6S HAVEN CC_360594,8MAGNOL CC1_360613,34.99627529,-90.0485284,34.8287922,-89.20041124,115.209,500,289282510.902915,433923767.1656856,144641256.2627706,50.0
6CONCORD TN_361509,8MAGNOL CC1_360613,34.99679719,-85.1610968,34.8287922,-89.20041124,475.899,500,1160984809.99411,1385084103.6036644,224099293.6095544,19.303
8BRADLEY TN_360662,8MAGNOL CC1_360613,35.0367008,-84.963798,34.8287922,-89.20041124,475.018,500,1149620141.5353081,1391787201.8059926,242167060.27068442,21.065
8BENTON MS_360612,8MAGNOL CC1_360613,35.17466126,-89.74553609,34.8287922,-89.20041124,75.426,500,189328657.47524092,283992986.5548928,94664329.07965185,50.0
8FRANKLIN TN_360069,8MAGNOL CC1_360613,35.33506701,-86.11727644,34.8287922,-89.20041124,315.94,500,758469364.7800584,1003199385.0629133,244730020.28285488,32.266
8HAYWOOD TN_360542,8MAGNOL CC1_360613,35.54308246,-89.19654872,34.8287922,-89.20041124,86.93,500,214074863.80730832,318589832.636225,104514968.82891664,48.822
8HIWASSEE TN_360110,8MAGNOL CC1_360613,35.60032498,-84.78911434,34.8287922,-89.20041124,448.189,500,1080796926.6519623,1313156129.8672519,232359203.21528962,21.499
8LAG CRK CC_360615,8MAGNOL CC1_360613,35.65702785,-89.39460044,34.8287922,-89.20041124,103.528,500,254704114.87144405,382056174.07214546,127352059.20070145,50.0
8JACKSON TN_360019,8MAGNOL CC1_360613,35.70901203,-88.79407261,34.8287922,-89.20041124,121.385,500,297110874.218235,445666311.8600657,148555437.6418307,50.0
8ANDERSON TN_360120,8MAGNOL CC1_360613,35.94503289,-84.38856432,34.8287922,-89.20041124,496.298,500,1208514954.0890317,1445015275.5508742,236500321.46184245,19.569
8BULL RUN FP_360093,8MAGNOL CC1_360613,36.01895969,-84.15785445,34.8287922,-89.20041124,586.075,500,1437681686.8058686,1678703519.850974,241021833.04510552,16.765
8JVILLE FP_360037,8MAGNOL CC1_360613,36.02382902,-87.98154082,34.8287922,-89.20041124,188.4,500,453812353.00964105,656696542.4674523,202884189.45781118,44.707
8DAVIDSON TN_360048,8MAGNOL CC1_360613,36.06703747,-86.9841046,34.8287922,-89.20041124,261.445,500,637694005.8572925,941225977.7355163,303531971.87822384,47.598
8GLEASON CT_360582,8MAGNOL CC1_360613,36.24522988,-88.6114255,34.8287922,-89.20041124,182.746,500,443730162.5731895,650156881.008115,206426718.4349256,46.521
8LAG CRK CT_360568,8MAGNOL CC1_360613,36.27534882,-88.83423675,34.8287922,-89.20041124,177.061,500,430153618.678203,636347616.6486187,206193997.97041577,47.935
8CUMBERLAND_360040,8MAGNOL CC1_360613,36.3921331,-87.65747953,34.8287922,-89.20041124,245.899,500,594690202.0673816,837875100.7175217,243184898.65014008,40.893
7SHAWNEE FP_360002,8MAGNOL CC1_360613,37.150267,-88.778122,34.8287922,-89.20041124,292.31,500,704686727.3335788,1045702334.836556,341015607.5029772,48.393
8CHOCTAW MS_360654,8LAG CRK CC_360615,33.2984397,-89.4127739,35.65702785,-89.39460044,286.899,500,702659604.5724417,1011106268.7246553,308446664.1522136,43.897
8ACKERMAN CC_360627,8LAG CRK CC_360615,33.38593855,-89.20997726,35.65702785,-89.39460044,275.93,500,672152050.3436222,989420901.3072946,317268850.96367234,47.202
8CLAY_360688,8LAG CRK CC_360615,33.47863869,-88.74043971,35.65702785,-89.39460044,275.399,500,665375616.8130298,986443879.3488498,321068262.53582007,48.254
8COGEN CALED_360606,8LAG CRK CC_360615,33.64779158,-88.31593565,35.65702785,-89.39460044,267.981,500,656403712.003859,942561866.4970962,286158154.49323714,43.595
8E POINT AL_360058,8LAG CRK CC_360615,34.19181783,-86.74805975,35.65702785,-89.39460044,329.086,500,795224932.2732928,1054739833.4743314,259514901.20103854,32.634
6CENTER PNT_360533,8LAG CRK CC_360615,34.6665318,-84.97089121,35.65702785,-89.39460044,494.495,500,1209240385.3071969,1539086666.6267972,329846281.31960034,27.277
8BR FERRY NP_360052,8LAG CRK CC_360615,34.70520875,-87.11705751,35.65702785,-89.39460044,258.276,500,619888615.890897,879529807.6836264,259641191.7927294,41.885
6LOOPERS FRM_360602,8LAG CRK CC_360615,34.708916,-84.922795,35.65702785,-89.39460044,501.246,500,1227380208.7609298,1559202641.456853,331822432.6959232,27.035
6COUNTY LINE_360013,8LAG CRK CC_360615,34.74311084,-85.00751569,35.65702785,-89.39460044,466.897,500,1142368426.874985,1450824391.6703696,308455964.79538465,27.001
6YOUNG GA_361454,8LAG CRK CC_360615,34.75072952,-85.27349349,35.65702785,-89.39460044,429.294,500,1054051251.5668805,1294960831.6455984,240909580.07871804,22.856
6KENSNGTN GA_361503,8LAG CRK CC_360615,34.81265905,-85.32344844,35.65702785,-89.39460044,429.589,500,1054425481.8080869,1292973426.4970977,238547944.6890109,22.623
6ALPHA GA_361502,8LAG CRK CC_360615,34.813027,-84.853226,35.65702785,-89.39460044,511.289,500,1245312120.6062422,1485688355.650849,240376235.0446069,19.302
6CLOUDLANDGA_361633,8LAG CRK CC_360615,34.81849122,-85.5353055,35.65702785,-89.39460044,403.284,500,986675515.3333509,1220242875.860581,233567360.52722996,23.672
6ROCK SPG GA_361500,8LAG CRK CC_360615,34.83897801,-85.28020801,35.65702785,-89.39460044,433.628,500,1063682685.0450944,1303447133.5383198,239764448.49322537,22.541
6WID CRK FP_360068,8LAG CRK CC_360615,34.88515896,-85.75604163,35.65702785,-89.39460044,369.831,500,898629853.0496556,1127568861.3542185,228939008.30456287,25.476
6WRINGOLD GA_361504,8LAG CRK CC_360615,34.89324284,-85.13750475,35.65702785,-89.39460044,475.129,500,1159623336.926184,1465893451.6045446,306270114.6783607,26.411
6BATTLFLD GA_361530,8LAG CRK CC_360615,34.9555953,-85.26465286,35.65702785,-89.39460044,412.04,500,1012853777.4483246,1251457999.516206,238604222.06788155,23.558
6S HAVEN CC_360594,8LAG CRK CC_360615,34.99627529,-90.0485284,35.65702785,-89.39460044,150.836,500,382709151.63029456,574063728.2915748,191354576.66128024,50.0
6CONCORD TN_361509,8LAG CRK CC_360615,34.99679719,-85.1610968,35.65702785,-89.39460044,496.916,500,1215194386.0322871,1529560050.9883738,314365664.9560866,25.87
8BRADLEY TN_360662,8LAG CRK CC_360615,35.0367008,-84.963798,35.65702785,-89.39460044,479.755,500,1166968314.1554005,1396968722.2090921,230000408.0536916,19.709
8BENTON MS_360612,8LAG CRK CC_360615,35.17466126,-89.74553609,35.65702785,-89.39460044,71.527,500,174706479.69920537,262059719.95625418,87353240.25704883,50.0
8FRANKLIN TN_360069,8LAG CRK CC_360615,35.33506701,-86.11727644,35.65702785,-89.39460044,327.633,500,790745123.6167183,1010667188.2280566,219922064.61133823,27.812
8HAYWOOD TN_360542,8LAG CRK CC_360615,35.54308246,-89.19654872,35.65702785,-89.39460044,29.711,500,71189792.19916175,106784687.91619113,35594895.717029385,50.0
8HIWASSEE TN_360110,8LAG CRK CC_360615,35.60032498,-84.78911434,35.65702785,-89.39460044,452.926,500,1098145099.2720547,1318149232.492766,220004133.22071135,20.034
8JACKSON TN_360019,8LAG CRK CC_360615,35.70901203,-88.79407261,35.65702785,-89.39460044,61.89,500,150002542.14646265,225003813.53114122,75001271.38467859,50.0
8ANDERSON TN_360120,8LAG CRK CC_360615,35.94503289,-84.38856432,35.65702785,-89.39460044,501.035,500,1225863126.709124,1450528347.5164893,224665220.80736515,18.327
8BULL RUN FP_360093,8LAG CRK CC_360615,36.01895969,-84.15785445,35.65702785,-89.39460044,590.567,500,1452353968.6989872,1747299885.9760199,294945917.2770326,20.308
8JVILLE FP_360037,8LAG CRK CC_360615,36.02382902,-87.98154082,35.65702785,-89.39460044,147.992,500,353855508.63488966,498794261.57221246,144938752.93732277,40.96
8DAVIDSON TN_360048,8LAG CRK CC_360615,36.06703747,-86.9841046,35.65702785,-89.39460044,246.202,500,597798000.8728869,862996480.2205439,265198479.34765697,44.363
8GLEASON CT_360582,8LAG CRK CC_360615,36.24522988,-88.6114255,35.65702785,-89.39460044,101.911,500,245042237.291098,354630806.9204813,109588569.6293833,44.722
8CUMBERLAND_360040,8LAG CRK CC_360615,36.3921331,-87.65747953,35.65702785,-89.39460044,192.929,500,464114859.616242,630692136.0904126,166577276.47417066,35.891
7SHAWNEE FP_360002,8LAG CRK CC_360615,37.150267,-88.778122,35.65702785,-89.39460044,200.994,500,477036636.7811957,672384706.4623004,195348069.6811047,40.95
8ACKERMAN CC_360627,8ANDERSON TN_360120,33.38593855,-89.20997726,35.94503289,-84.38856432,577.283,500,1409950343.3598604,1604648831.0768385,194698487.71697798,13.809
6CENTER PNT_360533,8ANDERSON TN_360120,34.6665318,-84.97089121,35.94503289,-84.38856432,185.58,500,461873023.1887902,485004568.3699901,23131545.18119993,5.008
6LOOPERS FRM_360602,8ANDERSON TN_360120,34.708916,-84.922795,35.94503289,-84.38856432,177.793,500,441521458.7576648,462568421.6481702,21046962.890505396,4.767
6COUNTY LINE_360013,8ANDERSON TN_360120,34.74311084,-85.00751569,35.94503289,-84.38856432,178.797,500,438481711.15988326,469753103.8375155,31271392.6776322,7.132
6YOUNG GA_361454,8ANDERSON TN_360120,34.75072952,-85.27349349,35.94503289,-84.38856432,219.723,500,541731951.1946312,580885062.3310002,39153111.136369035,7.227
6KENSNGTN GA_361503,8ANDERSON TN_360120,34.81265905,-85.32344844,35.94503289,-84.38856432,217.864,500,552887595.4673214,563883848.7960265,10996253.328705054,1.989
6ALPHA GA_361502,8ANDERSON TN_360120,34.813027,-84.853226,35.94503289,-84.38856432,158.288,500,393304545.7981826,409528497.4240858,16223951.625903178,4.125
6CLOUDLANDGA_361633,8ANDERSON TN_360120,34.81849122,-85.5353055,35.94503289,-84.38856432,191.559,500,485137628.99258554,491520234.75341165,6382605.7608260885,1.316
6ROCK SPG GA_361500,8ANDERSON TN_360120,34.83897801,-85.28020801,35.94503289,-84.38856432,221.903,500,562144798.704329,574245501.7964989,12100703.092169903,2.153
6WID CRK FP_360068,8ANDERSON TN_360120,34.88515896,-85.75604163,35.94503289,-84.38856432,189.64,500,480121355.30920506,486809061.50490326,6687706.195698216,1.393
6WRINGOLD GA_361504,8ANDERSON TN_360120,34.89324284,-85.13750475,35.94503289,-84.38856432,162.132,500,395646190.90053594,422624115.2280867,26977924.327550765,6.819
6BATTLFLD GA_361530,8ANDERSON TN_360120,34.9555953,-85.26465286,35.94503289,-84.38856432,186.363,500,474206027.41053283,486405007.34692216,12198979.936389308,2.573
6S HAVEN CC_360594,8ANDERSON TN_360120,34.99627529,-90.0485284,35.94503289,-84.38856432,588.747,500,1440765044.8797064,1798443188.3855596,357678143.5058532,24.826
6CONCORD TN_361509,8ANDERSON TN_360120,34.99679719,-85.1610968,35.94503289,-84.38856432,169.087,500,414449389.60616636,444360935.74205947,29911546.135893125,7.217
7SHAWNEE FP_360002,8ANDERSON TN_360120,37.150267,-88.778122,35.94503289,-84.38856432,546.647,500,1340640027.7277594,1600139419.2716417,259499391.54388234,19.356
8CHOCTAW MS_360654,8VOLUNTEER_360097,33.2984397,-89.4127739,36.1219789,-83.81482256,716.964,500,1770028785.2817445,1982163283.5887218,212134498.30697727,11.985
8ACKERMAN CC_360627,8VOLUNTEER_360097,33.38593855,-89.20997726,36.1219789,-83.81482256,695.358,500,1716512577.7694602,1913235341.100257,196722763.33079684,11.461
8CLAY_360688,8VOLUNTEER_360097,33.47863869,-88.74043971,36.1219789,-83.81482256,657.623,500,1622394536.7239199,1786178155.6842825,163783618.9603627,10.095
8COGEN CALED_360606,8VOLUNTEER_360097,33.64779158,-88.31593565,36.1219789,-83.81482256,611.025,500,1516550253.3380315,1588815673.4322329,72265420.09420127,4.765
8E POINT AL_360058,8VOLUNTEER_360097,34.19181783,-86.74805975,36.1219789,-83.81482256,464.136,500,1160415818.7163777,1177143163.3321888,16727344.615811108,1.441
8UNION MS_360033,8VOLUNTEER_360097,34.37783096,-88.85850114,36.1219789,-83.81482256,611.424,500,1512867976.5246334,1704023270.249204,191155293.72457045,12.635
8TRICO STEEL_360014,8VOLUNTEER_360097,34.60872576,-87.05506218,36.1219789,-83.81482256,489.088,500,1215203908.1392908,1273205701.9830954,58001793.843804635,4.773
6CENTER PNT_360533,8VOLUNTEER_360097,34.6665318,-84.97089121,36.1219789,-83.81482256,285.364,500,728921506.5027522,756893186.0723488,27971679.569596633,3.837
8BR FERRY NP_360052,8VOLUNTEER_360097,34.70520875,-87.11705751,36.1219789,-83.81482256,443.685,500,1104412633.201257,1140405995.2994852,35993362.09822816,3.259
6LOOPERS FRM_360602,8VOLUNTEER_360097,34.708916,-84.922795,36.1219789,-83.81482256,277.576,500,708569942.0716269,734418589.4885564,25848647.41692947,3.648
8LIMESTONE_360088,8VOLUNTEER_360097,34.71890958,-86.84630969,36.1219789,-83.81482256,421.027,500,1050165756.3682969,1075425079.997146,25259323.628849078,2.405
6COUNTY LINE_360013,8VOLUNTEER_360097,34.74311084,-85.00751569,36.1219789,-83.81482256,306.329,500,768426875.1569757,799361610.6546434,30934735.49766768,4.026
6YOUNG GA_361454,8VOLUNTEER_360097,34.75072952,-85.27349349,36.1219789,-83.81482256,347.255,500,871677115.1917236,910657391.0203063,38980275.82858281,4.472
8MADISON AL_360060,8VOLUNTEER_360097,34.79577878,-86.52158584,36.1219789,-83.81482256,379.827,500,963832378.868043,978307106.5586473,14474727.690604279,1.502
6KENSNGTN GA_361503,8VOLUNTEER_360097,34.81265905,-85.32344844,36.1219789,-83.81482256,343.106,500,873372853.6178188,884362803.7099084,10989950.092089485,1.258
6ALPHA GA_361502,8VOLUNTEER_360097,34.813027,-84.853226,36.1219789,-83.81482256,258.071,500,660353029.1121447,681311207.6312135,20958178.519068874,3.174
6CLOUDLANDGA_361633,8VOLUNTEER_360097,34.81849122,-85.5353055,36.1219789,-83.81482256,316.801,500,805622887.143083,811985784.5068868,6362897.3638038775,0.79
8MAGNOL CC1_360613,8VOLUNTEER_360097,34.8287922,-89.20041124,36.1219789,-83.81482256,616.119,500,1513952350.8055995,1754074103.996227,240121753.1906275,15.861
6ROCK SPG GA_361500,8VOLUNTEER_360097,34.83897801,-85.28020801,36.1219789,-83.81482256,347.144,500,882630056.8548265,894722727.4524974,12092670.59767087,1.37
6WID CRK FP_360068,8VOLUNTEER_360097,34.88515896,-85.75604163,36.1219789,-83.81482256,314.882,500,800606613.4597025,807181150.4392263,6574536.979523835,0.821
6WRINGOLD GA_361504,8VOLUNTEER_360097,34.89324284,-85.13750475,36.1219789,-83.81482256,289.664,500,725591354.8976284,752252205.0169636,26660850.11933518,3.674
6BATTLFLD GA_361530,8VOLUNTEER_360097,34.9555953,-85.26465286,36.1219789,-83.81482256,311.604,500,794691285.5610303,806871864.6905725,12180579.129542196,1.533
6S HAVEN CC_360594,8VOLUNTEER_360097,34.99627529,-90.0485284,36.1219789,-83.81482256,708.567,500,1746202441.596274,2109437842.3189077,363235400.7226339,20.801
6CONCORD TN_361509,8VOLUNTEER_360097,34.99679719,-85.1610968,36.1219789,-83.81482256,296.619,500,744394553.6032588,774000947.9987706,29606394.395511698,3.977
8BRADLEY TN_360662,8VOLUNTEER_360097,35.0367008,-84.963798,36.1219789,-83.81482256,259.583,500,651289665.5695641,663674750.8983566,12385085.328792425,1.902
8RACCOON MTN_360079,8VOLUNTEER_360097,35.05681146,-85.38724619,36.1219789,-83.81482256,280.895,500,712162606.0280175,713008897.6970365,846291.6690190245,0.119
8BENTON MS_360612,8VOLUNTEER_360097,35.17466126,-89.74553609,36.1219789,-83.81482256,661.868,500,1631874129.0484915,1943549095.7331588,311674966.6846674,19.099
8SEQUOYAH NP_360081,8VOLUNTEER_360097,35.22706031,-85.09419774,36.1219789,-83.81482256,254.458,500,656546681.8514678,657890805.1510136,1344123.29954582,0.205
8FRANKLIN TN_360069,8VOLUNTEER_360097,35.33506701,-86.11727644,36.1219789,-83.81482256,312.444,500,786641406.3008192,787057714.2910422,416307.9902230812,0.053
8SHELBY TN_360021,8VOLUNTEER_360097,35.38606284,-89.80340294,36.1219789,-83.81482256,662.844,500,1626649525.725257,1919163020.7165449,292513494.991288,17.983
8HAYWOOD TN_360542,8VOLUNTEER_360097,35.54308246,-89.19654872,36.1219789,-83.81482256,600.689,500,1476472883.9420967,1695288893.8868155,218816009.94471896,14.82
8HIWASSEE TN_360110,8VOLUNTEER_360097,35.60032498,-84.78911434,36.1219789,-83.81482256,190.548,500,485077224.515591,485077224.515591,0.0,0.0
8LAG CRK CC_360615,8VOLUNTEER_360097,35.65702785,-89.39460044,36.1219789,-83.81482256,620.611,500,1528624632.698718,1823190741.3069408,294566108.6082227,19.27
8MAURY TN_360050,8VOLUNTEER_360097,35.672863,-87.01861625,36.1219789,-83.81482256,390.42,500,973911095.1952486,1024464043.9131186,50552948.71786999,5.191
8JACKSON TN_360019,8VOLUNTEER_360097,35.70901203,-88.79407261,36.1219789,-83.81482256,563.21,500,1389097072.3992777,1613419053.829956,224321981.43067846,16.149
8RUTHERFORD_360010,8VOLUNTEER_360097,35.82791498,-86.59841524,36.1219789,-83.81482256,352.125,500,879128464.7758574,910004806.9176897,30876342.14183229,3.512
8ANDERSON TN_360120,8VOLUNTEER_360097,35.94503289,-84.38856432,36.1219789,-83.81482256,144.953,500,371052694.6382174,371052694.6382174,0.0,0.0
8BULL RUN FP_360093,8VOLUNTEER_360097,36.01895969,-84.15785445,36.1219789,-83.81482256,90.701,500,230685008.69919848,230685008.69919848,0.0,0.0
8JVILLE FP_360037,8VOLUNTEER_360097,36.02382902,-87.98154082,36.1219789,-83.81482256,488.733,500,1202144929.9765775,1367386307.8421836,165241377.865606,13.746
8PIN HOOK TN_360581,8VOLUNTEER_360097,36.04646628,-86.60595108,36.1219789,-83.81482256,383.686,500,965522471.2086253,1016415202.2618246,50892731.053199336,5.271
8PLATEAU TN_360077,8VOLUNTEER_360097,36.05858036,-85.14194112,36.1219789,-83.81482256,190.733,500,483218032.91574377,483218032.91574377,0.0,0.0
8DAVIDSON TN_360048,8VOLUNTEER_360097,36.06703747,-86.9841046,36.1219789,-83.81482256,411.773,500,1035274839.5535126,1121218212.5446613,85943372.9911487,8.302
8GLEASON CT_360582,8VOLUNTEER_360097,36.24522988,-88.6114255,36.1219789,-83.81482256,546.532,500,1342973491.1428595,1556563463.982694,213589972.83983448,15.904
8LAG CRK CT_360568,8VOLUNTEER_360097,36.27534882,-88.83423675,36.1219789,-83.81482256,568.109,500,1394399499.408346,1623779859.6864834,229380360.27813756,16.45
8CUMBERLAND_360040,8VOLUNTEER_360097,36.3921331,-87.65747953,36.1219789,-83.81482256,451.907,500,1112981514.3845224,1278146624.3251379,165165109.9406154,14.84
8PHIPPS B NP_360102,8VOLUNTEER_360097,36.46070569,-82.80788409,36.1219789,-83.81482256,111.633,500,288941349.6350915,288941349.6350915,0.0,0.0
8MONTGOMERY_360044,8VOLUNTEER_360097,36.59438524,-87.25325857,36.1219789,-83.81482256,396.154,500,976339325.5654979,1080869567.513598,104530241.94810002,10.706
8MARSHALL KY_360015,8VOLUNTEER_360097,37.02455006,-88.39384277,36.1219789,-83.81482256,516.316,500,1267586550.2769642,1396135284.4421763,128548734.16521204,10.141
7SHAWNEE FP_360002,8VOLUNTEER_360097,37.150267,-88.778122,36.1219789,-83.81482256,634.806,500,1550826778.2388067,1799555204.371631,248728426.13282424,16.038
8PARADISE CC_360117,8VOLUNTEER_360097,37.259697,-86.976991,36.1219789,-83.81482256,387.91,500,954619308.3001201,986800544.4701223,32181236.17000226,3.371
8PARADISE CC_360117,8VOLUNTEER_360097,37.259697,-86.976991,36.1219789,-83.81482256,387.91,500,954619308.3001201,986800544.4701223,32181236.17000226,3.371
8CHOCTAW MS_360654,8COGEN CALED_360606,33.2984397,-89.4127739,33.64779158,-88.31593565,121.775,500,299385453.2611393,422377555.7805985,122992102.51945926,41.082
8ACKERMAN CC_360627,8COGEN CALED_360606,33.38593855,-89.20997726,33.64779158,-88.31593565,99.116,500,245233100.28834864,349451776.33540225,104218676.0470536,42.498
8CLAY_360688,8COGEN CALED_360606,33.47863869,-88.74043971,33.64779158,-88.31593565,49.969,500,124764975.78648047,185005244.73340613,60240268.94692564,48.283
6CENTER PNT_360533,8COGEN CALED_360606,34.6665318,-84.97089121,33.64779158,-88.31593565,380.118,500,930950104.8637742,1020025514.5236323,89075409.65985817,9.568
8BR FERRY NP_360052,8COGEN CALED_360606,34.70520875,-87.11705751,33.64779158,-88.31593565,203.196,500,489932252.9804983,569523949.848211,79591696.86771268,16.245
6LOOPERS FRM_360602,8COGEN CALED_360606,34.708916,-84.922795,33.64779158,-88.31593565,386.87,500,949089928.3175068,1039977640.7023549,90887712.38484806,9.576
6COUNTY LINE_360013,8COGEN CALED_360606,34.74311084,-85.00751569,33.64779158,-88.31593565,373.168,500,916782041.9007143,1008080291.643555,91298249.74284072,9.959
6YOUNG GA_361454,8COGEN CALED_360606,34.75072952,-85.27349349,33.64779158,-88.31593565,339.271,500,829903304.1864357,916478526.2992908,86575222.11285505,10.432
6KENSNGTN GA_361503,8COGEN CALED_360606,34.81265905,-85.32344844,33.64779158,-88.31593565,339.47,500,830431985.2175175,915863972.1827182,85431986.96520069,10.288
6ALPHA GA_361502,8COGEN CALED_360606,34.813027,-84.853226,33.64779158,-88.31593565,405.94,500,995184722.0429428,1090680331.8997622,95495609.85681929,9.596
6CLOUDLANDGA_361633,8COGEN CALED_360606,34.81849122,-85.5353055,33.64779158,-88.31593565,319.745,500,779566916.1171362,857866772.7888129,78299856.67167665,10.044
6ROCK SPG GA_361500,8COGEN CALED_360606,34.83897801,-85.28020801,33.64779158,-88.31593565,343.508,500,839644801.4244018,926203679.5260401,86558878.10163838,10.309
6WID CRK FP_360068,8COGEN CALED_360606,34.88515896,-85.75604163,33.64779158,-88.31593565,296.652,500,719000798.5093062,784698052.6963567,65697254.18705045,9.137
6WRINGOLD GA_361504,8COGEN CALED_360606,34.89324284,-85.13750475,33.64779158,-88.31593565,381.4,500,934036951.9519134,1024264997.0172654,90228045.06535211,9.66
6BATTLFLD GA_361530,8COGEN CALED_360606,34.9555953,-85.26465286,33.64779158,-88.31593565,351.091,500,860619540.5265399,940680828.7816236,80061288.25508371,9.303
6S HAVEN CC_360594,8COGEN CALED_360606,34.99627529,-90.0485284,33.64779158,-88.31593565,255.84,500,623216217.4320049,900050413.9174545,276834196.48544955,44.42
6CONCORD TN_361509,8COGEN CALED_360606,34.99679719,-85.1610968,33.64779158,-88.31593565,403.187,500,989608001.0580165,1087306587.5094461,97698586.45142949,9.872
8BRADLEY TN_360662,8COGEN CALED_360606,35.0367008,-84.963798,33.64779158,-88.31593565,409.175,500,1002156444.0014579,1108839811.4735312,106683367.47207327,10.645
8BENTON MS_360612,8COGEN CALED_360606,35.17466126,-89.74553609,33.64779158,-88.31593565,244.569,500,593985963.4695666,866811270.1057727,272825306.6362062,45.931
8ANDERSON TN_360120,8COGEN CALED_360606,35.94503289,-84.38856432,33.64779158,-88.31593565,485.784,500,1196064995.187534,1269055414.351627,72990419.16409303,6.103
8BULL RUN FP_360093,8COGEN CALED_360606,36.01895969,-84.15785445,33.64779158,-88.31593565,580.981,500,1440279589.3383007,1513042820.6094246,72763231.271124,5.052
7SHAWNEE FP_360002,8COGEN CALED_360606,37.150267,-88.778122,33.64779158,-88.31593565,441.082,500,1058565409.8838928,1501703717.6043158,443138307.7204229,41.862
8CHOCTAW MS_360654,8TRICO STEEL_360014,33.2984397,-89.4127739,34.60872576,-87.05506218,281.05,500,685308377.4621753,846482693.8694007,161174316.40722543,23.519
8ACKERMAN CC_360627,8TRICO STEEL_360014,33.38593855,-89.20997726,34.60872576,-87.05506218,259.445,500,631792169.9498911,777101874.2914889,145309704.34159786,23.0
8CLAY_360688,8TRICO STEEL_360014,33.47863869,-88.74043971,34.60872576,-87.05506218,217.892,500,535358278.6078358,644235480.6332949,108877202.02545908,20.337
8COGEN CALED_360606,8TRICO STEEL_360014,33.64779158,-88.31593565,34.60872576,-87.05506218,176.232,500,426749416.43162024,491063275.67731977,64313859.24569954,15.071
8E POINT AL_360058,8TRICO STEEL_360014,34.19181783,-86.74805975,34.60872576,-87.05506218,73.007,500,180480152.1829149,194946452.4047931,14466300.221878206,8.015
6CENTER PNT_360533,8TRICO STEEL_360014,34.6665318,-84.97089121,34.60872576,-87.05506218,277.819,500,686787457.9244018,747160277.0244857,60372819.10008399,8.791
8BR FERRY NP_360052,8TRICO STEEL_360014,34.70520875,-87.11705751,34.60872576,-87.05506218,73.725,500,180915233.13564098,194322009.87082866,13406776.73518769,7.411
6LOOPERS FRM_360602,8TRICO STEEL_360014,34.708916,-84.922795,34.60872576,-87.05506218,284.571,500,704927281.3781346,767108488.0897555,62181206.71162092,8.821
8LIMESTONE_360088,8TRICO STEEL_360014,34.71890958,-86.84630969,34.60872576,-87.05506218,97.471,500,237872620.461787,250781174.5039053,12908554.042118326,5.427
6COUNTY LINE_360013,8TRICO STEEL_360014,34.74311084,-85.00751569,34.60872576,-87.05506218,252.85,500,627623463.3632053,671265507.9775335,43642044.61432819,6.954
6YOUNG GA_361454,8TRICO STEEL_360014,34.75072952,-85.27349349,34.60872576,-87.05506218,218.953,500,540744725.6489267,579436835.5273106,38692109.878383815,7.155
8MADISON AL_360060,8TRICO STEEL_360014,34.79577878,-86.52158584,34.60872576,-87.05506218,137.029,500,336734931.9838474,365730898.9692942,28995966.985446822,8.611
6KENSNGTN GA_361503,8TRICO STEEL_360014,34.81265905,-85.32344844,34.60872576,-87.05506218,219.152,500,541273406.6800085,578822196.4382873,37548789.7582787,6.937
6ALPHA GA_361502,8TRICO STEEL_360014,34.813027,-84.853226,34.60872576,-87.05506218,303.641,500,751022075.0873903,817806327.6226928,66784252.53530249,8.892
6CLOUDLANDGA_361633,8TRICO STEEL_360014,34.81849122,-85.5353055,34.60872576,-87.05506218,199.427,500,490408337.57962734,520874179.3685607,30465841.788933307,6.212
8MAGNOL CC1_360613,8TRICO STEEL_360014,34.8287922,-89.20041124,34.60872576,-87.05506218,225.688,500,544511488.2948313,709803532.3644209,165292044.06958956,30.356
6ROCK SPG GA_361500,8TRICO STEEL_360014,34.83897801,-85.28020801,34.60872576,-87.05506218,223.19,500,550486222.8868929,589142561.2130252,38656338.326132275,7.022
6WID CRK FP_360068,8TRICO STEEL_360014,34.88515896,-85.75604163,34.60872576,-87.05506218,176.334,500,429842219.9717972,447543124.2609496,17700904.2891524,4.118
6WRINGOLD GA_361504,8TRICO STEEL_360014,34.89324284,-85.13750475,34.60872576,-87.05506218,261.081,500,644878373.4144044,687844842.8748196,42966469.46041523,6.663
6BATTLFLD GA_361530,8TRICO STEEL_360014,34.9555953,-85.26465286,34.60872576,-87.05506218,230.772,500,571460961.9890308,603442138.6553512,31981176.666320313,5.596
6S HAVEN CC_360594,8TRICO STEEL_360014,34.99627529,-90.0485284,34.60872576,-87.05506218,331.722,500,813120268.3828373,1117655329.3791463,304535060.9963091,37.453
6CONCORD TN_361509,8TRICO STEEL_360014,34.99679719,-85.1610968,34.60872576,-87.05506218,282.868,500,700449422.5043273,750715959.2346934,50266536.73036616,7.176
8BRADLEY TN_360662,8TRICO STEEL_360014,35.0367008,-84.963798,34.60872576,-87.05506218,288.857,500,712997865.463949,771847177.3423831,58849311.878434144,8.254
8RACCOON MTN_360079,8TRICO STEEL_360014,35.05681146,-85.38724619,34.60872576,-87.05506218,217.901,500,534044324.1385725,557846826.8268384,23802502.688265916,4.457
8BENTON MS_360612,8TRICO STEEL_360014,35.17466126,-89.74553609,34.60872576,-87.05506218,286.442,500,695535259.0561125,960477815.3103101,264942556.25419766,38.092
8SEQUOYAH NP_360081,8TRICO STEEL_360014,35.22706031,-85.09419774,34.60872576,-87.05506218,277.527,500,691330540.2599666,716261281.4023848,24930741.142418113,3.606
8FRANKLIN TN_360069,8TRICO STEEL_360014,35.33506701,-86.11727644,34.60872576,-87.05506218,185.753,500,447678994.1197225,500138837.50056505,52459843.38084254,11.718
8SHELBY TN_360021,8TRICO STEEL_360014,35.38606284,-89.80340294,34.60872576,-87.05506218,291.387,500,702949812.0819459,971460434.705204,268510622.6232581,38.198
8HAYWOOD TN_360542,8TRICO STEEL_360014,35.54308246,-89.19654872,34.60872576,-87.05506218,240.816,500,580707498.1126403,784746417.219794,204038919.10715374,35.136
8HIWASSEE TN_360110,8TRICO STEEL_360014,35.60032498,-84.78911434,34.60872576,-87.05506218,321.697,500,780032530.344825,834144884.6738101,54112354.32898511,6.937
8LAG CRK CC_360615,8TRICO STEEL_360014,35.65702785,-89.39460044,34.60872576,-87.05506218,264.404,500,636649373.1529586,868161516.8456414,231512143.69268277,36.364
8MAURY TN_360050,8TRICO STEEL_360014,35.672863,-87.01861625,34.60872576,-87.05506218,158.611,500,383768852.6962213,443466117.620294,59697264.92407271,15.556
8JACKSON TN_360019,8TRICO STEEL_360014,35.70901203,-88.79407261,34.60872576,-87.05506218,223.69,500,539344751.5125043,733932321.2441038,194587569.73159945,36.079
8RUTHERFORD_360010,8TRICO STEEL_360014,35.82791498,-86.59841524,34.60872576,-87.05506218,188.246,500,456071939.14828825,534521398.1528063,78449459.004518,17.201
8ANDERSON TN_360120,8TRICO STEEL_360014,35.94503289,-84.38856432,34.60872576,-87.05506218,371.013,500,908641673.7296909,963916435.3900067,55274761.66031579,6.083
8BULL RUN FP_360093,8TRICO STEEL_360014,36.01895969,-84.15785445,34.60872576,-87.05506218,459.044,500,1138933244.1395597,1197398354.4531507,58465110.313590966,5.133
8JVILLE FP_360037,8TRICO STEEL_360014,36.02382902,-87.98154082,34.60872576,-87.05506218,211.674,500,508754252.865981,633631247.9854314,124876995.11945048,24.546
8PIN HOOK TN_360581,8TRICO STEEL_360014,36.04646628,-86.60595108,34.60872576,-87.05506218,217.614,500,537834878.7679241,634232659.2353705,96397780.4674464,17.923
8PLATEAU TN_360077,8TRICO STEEL_360014,36.05858036,-85.14194112,34.60872576,-87.05506218,311.263,500,754957911.7067996,820077284.2789078,65119372.57210813,8.626
8DAVIDSON TN_360048,8TRICO STEEL_360014,36.06703747,-86.9841046,34.60872576,-87.05506218,202.564,500,493273315.8679782,586347617.3844124,93074301.51643418,18.869
8GLEASON CT_360582,8TRICO STEEL_360014,36.24522988,-88.6114255,34.60872576,-87.05506218,255.38,500,615534073.0368705,794270715.5758483,178736642.5389778,29.038
8LAG CRK CT_360568,8TRICO STEEL_360014,36.27534882,-88.83423675,34.60872576,-87.05506218,269.509,500,649577655.5789413,878664625.1218641,229086969.54292268,35.267
8CUMBERLAND_360040,8TRICO STEEL_360014,36.3921331,-87.65747953,34.60872576,-87.05506218,237.051,500,572344428.3163164,725074203.3215125,152729775.00519612,26.685
8PHIPPS B NP_360102,8TRICO STEEL_360014,36.46070569,-82.80788409,34.60872576,-87.05506218,548.534,500,1368429143.217618,1425749803.5524976,57320660.33487975,4.189
8MONTGOMERY_360044,8TRICO STEEL_360014,36.59438524,-87.25325857,34.60872576,-87.05506218,267.821,500,653619544.1099107,825782645.9318256,172163101.82191494,26.34
8MARSHALL KY_360015,8TRICO STEEL_360014,37.02455006,-88.39384277,34.60872576,-87.05506218,344.525,500,829891935.5986664,1099062645.795408,269170710.1967415,32.434
7SHAWNEE FP_360002,8TRICO STEEL_360014,37.150267,-88.778122,34.60872576,-87.05506218,376.857,500,902840044.0950748,1207821640.0562558,304981595.9611811,33.78
8PARADISE CC_360117,8TRICO STEEL_360014,37.259697,-86.976991,34.60872576,-87.05506218,343.406,500,834871714.4189138,1049447632.0185797,214575917.5996659,25.702
8PARADISE CC_360117,8TRICO STEEL_360014,37.259697,-86.976991,34.60872576,-87.05506218,343.406,500,834871714.4189138,1049447632.0185797,214575917.5996659,25.702
8CHOCTAW MS_360654,8LIMESTONE_360088,33.2984397,-89.4127739,34.71890958,-86.84630969,325.347,500,792697497.6042407,960676704.2955515,167979206.69131085,21.191
8ACKERMAN CC_360627,8LIMESTONE_360088,33.38593855,-89.20997726,34.71890958,-86.84630969,303.742,500,739181290.0919564,891432777.065843,152251486.97388664,20.597
8CLAY_360688,8LIMESTONE_360088,33.47863869,-88.74043971,34.71890958,-86.84630969,266.007,500,645063249.0464162,763171418.313138,118108169.26672181,18.31
8COGEN CALED_360606,8LIMESTONE_360088,33.64779158,-88.31593565,34.71890958,-86.84630969,226.943,500,546889640.3066443,625455483.6544199,78565843.34777564,14.366
8E POINT AL_360058,8LIMESTONE_360088,34.19181783,-86.74805975,34.71890958,-86.84630969,171.557,500,425011244.0693131,450816366.98041546,25805122.91110237,6.072
6CENTER PNT_360533,8LIMESTONE_360088,34.6665318,-84.97089121,34.71890958,-86.84630969,247.144,500,619025985.9467032,676543444.4835596,57517458.53685635,9.292
8BR FERRY NP_360052,8LIMESTONE_360088,34.70520875,-87.11705751,34.71890958,-86.84630969,26.978,500,65816537.995169066,65816537.995169066,0.0,0.0
6LOOPERS FRM_360602,8LIMESTONE_360088,34.708916,-84.922795,34.71890958,-86.84630969,253.895,500,637165809.4004359,696494384.1337918,59328574.7333559,9.311
6COUNTY LINE_360013,8LIMESTONE_360088,34.74311084,-85.00751569,34.71890958,-86.84630969,220.389,500,555183679.316241,595486444.5061302,40302765.18988925,7.259
6YOUNG GA_361454,8LIMESTONE_360088,34.75072952,-85.27349349,34.71890958,-86.84630969,186.492,500,468304941.60196245,503634904.16068786,35329962.558725424,7.544
6KENSNGTN GA_361503,8LIMESTONE_360088,34.81265905,-85.32344844,34.71890958,-86.84630969,186.691,500,468833622.63304424,503025692.9536287,34192070.320584476,7.293
6ALPHA GA_361502,8LIMESTONE_360088,34.813027,-84.853226,34.71890958,-86.84630969,272.966,500,683260603.1258719,747195884.3144325,63935281.18856066,9.357
6CLOUDLANDGA_361633,8LIMESTONE_360088,34.81849122,-85.5353055,34.71890958,-86.84630969,160.594,500,402238302.72525245,422912918.43300676,20674615.70775429,5.14
6ROCK SPG GA_361500,8LIMESTONE_360088,34.83897801,-85.28020801,34.71890958,-86.84630969,190.729,500,478046438.8399286,513347694.77110815,35301255.9311795,7.384
6WID CRK FP_360068,8LIMESTONE_360088,34.88515896,-85.75604163,34.71890958,-86.84630969,135.299,500,338907630.52708113,354899929.4168425,15992298.889761379,4.719
6WRINGOLD GA_361504,8LIMESTONE_360088,34.89324284,-85.13750475,34.71890958,-86.84630969,228.621,500,572438589.3674402,612041995.1497658,39603405.78232564,6.918
6BATTLFLD GA_361530,8LIMESTONE_360088,34.9555953,-85.26465286,34.71890958,-86.84630969,177.835,500,456697329.4990727,484782588.38214076,28085258.883068055,6.15
6S HAVEN CC_360594,8LIMESTONE_360088,34.99627529,-90.0485284,34.71890958,-86.84630969,343.91,500,838440574.2444329,1179717348.8457503,341276774.6013173,40.704
6CONCORD TN_361509,8LIMESTONE_360088,34.99679719,-85.1610968,34.71890958,-86.84630969,250.408,500,628009638.4735432,674916332.0273503,46906693.55380717,7.469
8BRADLEY TN_360662,8LIMESTONE_360088,35.0367008,-84.963798,34.71890958,-86.84630969,256.396,500,640558081.4169847,696052876.538792,55494795.121807314,8.664
8BENTON MS_360612,8LIMESTONE_360088,35.17466126,-89.74553609,34.71890958,-86.84630969,304.131,500,737573696.5870421,1030162132.1193771,292588435.532335,39.669
8FRANKLIN TN_360069,8LIMESTONE_360088,35.33506701,-86.11727644,34.71890958,-86.84630969,116.992,500,283434011.48690856,305701081.47201127,22267069.98510271,7.856
8HAYWOOD TN_360542,8LIMESTONE_360088,35.54308246,-89.19654872,34.71890958,-86.84630969,257.964,500,620071379.8654369,849915146.1087615,229843766.2433247,37.067
8HIWASSEE TN_360110,8LIMESTONE_360088,35.60032498,-84.78911434,34.71890958,-86.84630969,241.177,500,603965872.1504638,631751344.1843394,27785472.03387559,4.601
8LAG CRK CC_360615,8LIMESTONE_360088,35.65702785,-89.39460044,34.71890958,-86.84630969,281.359,500,675956356.1542915,933228592.0302384,257272235.87594682,38.06
8JACKSON TN_360019,8LIMESTONE_360088,35.70901203,-88.79407261,34.71890958,-86.84630969,235.813,500,565990401.1484634,758361545.8998609,192371144.75139743,33.988
8ANDERSON TN_360120,8LIMESTONE_360088,35.94503289,-84.38856432,34.71890958,-86.84630969,290.493,500,732575015.5353298,761019853.662286,28444838.12695618,3.883
8BULL RUN FP_360093,8LIMESTONE_360088,36.01895969,-84.15785445,34.71890958,-86.84630969,390.983,500,973895092.3685658,999382448.0988834,25487355.730317555,2.617
8JVILLE FP_360037,8LIMESTONE_360088,36.02382902,-87.98154082,34.71890958,-86.84630969,201.536,500,488574295.342962,569129156.8071471,80554861.4641851,16.488
8DAVIDSON TN_360048,8LIMESTONE_360088,36.06703747,-86.9841046,34.71890958,-86.84630969,175.679,500,430124636.9340714,512653399.29635364,82528762.3622822,19.187
8GLEASON CT_360582,8LIMESTONE_360088,36.24522988,-88.6114255,34.71890958,-86.84630969,255.342,500,614120310.7738831,782949079.8602808,168828769.08639765,27.491
8LAG CRK CT_360568,8LIMESTONE_360088,36.27534882,-88.83423675,34.71890958,-86.84630969,275.417,500,662695325.8992945,846415358.4464092,183720032.5471148,27.723
8CUMBERLAND_360040,8LIMESTONE_360088,36.3921331,-87.65747953,34.71890958,-86.84630969,223.097,500,540812053.2344141,673403230.1753621,132591176.94094805,24.517
7SHAWNEE FP_360002,8LIMESTONE_360088,37.150267,-88.778122,34.71890958,-86.84630969,376.819,500,901426281.8320875,1197094862.326545,295668580.4944575,32.8
8CHOCTAW MS_360654,8HAYWOOD TN_360542,33.2984397,-89.4127739,35.54308246,-89.19654872,272.56,500,663343200.3890057,957447567.0857847,294104366.69677895,44.337
8ACKERMAN CC_360627,8HAYWOOD TN_360542,33.38593855,-89.20997726,35.54308246,-89.19654872,259.332,500,631707643.0694557,926591579.3810987,294883936.311643,46.68
8CLAY_360688,8HAYWOOD TN_360542,33.47863869,-88.74043971,35.54308246,-89.19654872,256.95,500,621197902.0559767,917792533.3274183,296594631.2714416,47.746
8COGEN CALED_360606,8HAYWOOD TN_360542,33.64779158,-88.31593565,35.54308246,-89.19654872,249.076,500,610847685.0056615,872301942.1384804,261454257.1328189,42.802
8E POINT AL_360058,8HAYWOOD TN_360542,34.19181783,-86.74805975,35.54308246,-89.19654872,305.498,500,739283057.2329743,971377252.2382407,232094195.0052665,31.394
6CENTER PNT_360533,8HAYWOOD TN_360542,34.6665318,-84.97089121,35.54308246,-89.19654872,471.1,500,1153355409.0183425,1456448450.1801353,303093041.16179264,26.279
8BR FERRY NP_360052,8HAYWOOD TN_360542,34.70520875,-87.11705751,35.54308246,-89.19654872,234.881,500,564003639.6020424,796049604.7898998,232045965.18785733,41.143
6LOOPERS FRM_360602,8HAYWOOD TN_360542,34.708916,-84.922795,35.54308246,-89.19654872,477.851,500,1171495232.472075,1476566897.549395,305071665.07732016,26.041
6COUNTY LINE_360013,8HAYWOOD TN_360542,34.74311084,-85.00751569,35.54308246,-89.19654872,443.502,500,1086483450.5861301,1368346607.932743,281863157.3466129,25.943
6YOUNG GA_361454,8HAYWOOD TN_360542,34.75072952,-85.27349349,35.54308246,-89.19654872,406.42,500,999297972.67716,1214387245.9221659,215089273.24500597,21.524
6KENSNGTN GA_361503,8HAYWOOD TN_360542,34.81265905,-85.32344844,35.54308246,-89.19654872,406.716,500,999672202.9183663,1212385422.293817,212713219.37545082,21.278
6ALPHA GA_361502,8HAYWOOD TN_360542,34.813027,-84.853226,35.54308246,-89.19654872,488.415,500,1190558841.7165217,1405266854.966466,214708013.24994412,18.034
6CLOUDLANDGA_361633,8HAYWOOD TN_360542,34.81849122,-85.5353055,35.54308246,-89.19654872,380.411,500,931922236.4436305,1139643012.500717,207720776.0570865,22.289
6ROCK SPG GA_361500,8HAYWOOD TN_360542,34.83897801,-85.28020801,35.54308246,-89.19654872,410.754,500,1008929406.1553739,1222850734.977098,213921328.82172403,21.203
6WID CRK FP_360068,8HAYWOOD TN_360542,34.88515896,-85.75604163,35.54308246,-89.19654872,346.958,500,843876574.1599351,1046788403.0792236,202911828.91928846,24.045
6WRINGOLD GA_361504,8HAYWOOD TN_360542,34.89324284,-85.13750475,35.54308246,-89.19654872,451.734,500,1103738360.6373293,1383534471.8819408,279796111.2446114,25.35
6BATTLFLD GA_361530,8HAYWOOD TN_360542,34.9555953,-85.26465286,35.54308246,-89.19654872,389.167,500,958100498.558604,1170959828.4595904,212859329.9009865,22.217
6S HAVEN CC_360594,8HAYWOOD TN_360542,34.99627529,-90.0485284,35.54308246,-89.19654872,154.271,500,388621660.81051505,580153686.4973662,191532025.68685114,49.285
6CONCORD TN_361509,8HAYWOOD TN_360542,34.99679719,-85.1610968,35.54308246,-89.19654872,473.521,500,1159309409.7434325,1447180855.5545802,287871445.81114775,24.831
8BRADLEY TN_360662,8HAYWOOD TN_360542,35.0367008,-84.963798,35.54308246,-89.19654872,456.882,500,1112215035.26568,1316635185.573249,204420150.307569,18.38
8BENTON MS_360612,8HAYWOOD TN_360542,35.17466126,-89.74553609,35.54308246,-89.19654872,84.892,500,212689627.61649477,316164411.35564077,103474783.73914598,48.651
8FRANKLIN TN_360069,8HAYWOOD TN_360542,35.33506701,-86.11727644,35.54308246,-89.19654872,304.76,500,735991844.7269977,929995795.7009355,194003950.97393775,26.36
8ANDERSON TN_360120,8HAYWOOD TN_360542,35.94503289,-84.38856432,35.54308246,-89.19654872,478.162,500,1171109847.8194034,1369889467.2605872,198779619.44118392,16.974
8BULL RUN FP_360093,8HAYWOOD TN_360542,36.01895969,-84.15785445,35.54308246,-89.19654872,570.645,500,1400202219.942366,1619340405.5252311,219138185.58286527,15.65
8DAVIDSON TN_360048,8HAYWOOD TN_360542,36.06703747,-86.9841046,35.54308246,-89.19654872,230.519,500,558634510.7960148,803664339.6742173,245029828.87820253,43.862
8GLEASON CT_360582,8HAYWOOD TN_360542,36.24522988,-88.6114255,35.54308246,-89.19654872,105.104,500,250767645.9120061,359018977.9902357,108251332.0782296,43.168
8CUMBERLAND_360040,8HAYWOOD TN_360542,36.3921331,-87.65747953,35.54308246,-89.19654872,183.453,500,444268665.5710186,599322928.0571573,155054262.48613873,34.901
7SHAWNEE FP_360002,8HAYWOOD TN_360542,37.150267,-88.778122,35.54308246,-89.19654872,212.563,500,506493784.0301517,748202592.1957921,241708808.16564032,47.722
8CHOCTAW MS_360654,8CLAY_360688,33.2984397,-89.4127739,33.47863869,-88.74043971,79.829,500,194718920.87022147,268084541.0353941,73365620.16517264,37.678
8ACKERMAN CC_360627,8CLAY_360688,33.38593855,-89.20997726,33.47863869,-88.74043971,57.169,500,140566567.89743084,195266640.95256916,54700073.05513832,38.914
6CENTER PNT_360533,8CLAY_360688,34.6665318,-84.97089121,33.47863869,-88.74043971,427.287,500,1048270695.5948627,1192181423.794785,143910728.19992232,13.728
8BR FERRY NP_360052,8CLAY_360688,34.70520875,-87.11705751,33.47863869,-88.74043971,242.26,500,588105861.7202702,707844996.9551544,119739135.2348843,20.36
6LOOPERS FRM_360602,8CLAY_360688,34.708916,-84.922795,33.47863869,-88.74043971,434.038,500,1066410519.0485955,1212146043.8384125,145735524.78981698,13.666
6COUNTY LINE_360013,8CLAY_360688,34.74311084,-85.00751569,33.47863869,-88.74043971,420.351,500,1031832828.4015372,1172570576.4648962,140737748.06335902,13.64
6YOUNG GA_361454,8CLAY_360688,34.75072952,-85.27349349,33.47863869,-88.74043971,386.454,500,944954090.6872586,1081155977.532299,136201886.84504035,14.414
6KENSNGTN GA_361503,8CLAY_360688,34.81265905,-85.32344844,33.47863869,-88.74043971,386.653,500,945482771.7183404,1080614671.612321,135131899.8939804,14.292
6ALPHA GA_361502,8CLAY_360688,34.813027,-84.853226,33.47863869,-88.74043971,453.109,500,1112505312.7740316,1262855118.6141424,150349805.84011066,13.515
6CLOUDLANDGA_361633,8CLAY_360688,34.81849122,-85.5353055,33.47863869,-88.74043971,366.928,500,894617702.617959,1022771779.4621241,128154076.84416512,14.325
6ROCK SPG GA_361500,8CLAY_360688,34.83897801,-85.28020801,33.47863869,-88.74043971,390.692,500,954695587.9252248,1090951747.698305,136256159.7730802,14.272
6WID CRK FP_360068,8CLAY_360688,34.88515896,-85.75604163,33.47863869,-88.74043971,343.836,500,834051585.010129,950269459.8132187,116217874.80308971,13.934
6WRINGOLD GA_361504,8CLAY_360688,34.89324284,-85.13750475,33.47863869,-88.74043971,428.583,500,1049087738.4527361,1188386911.131779,139299172.6790429,13.278
6BATTLFLD GA_361530,8CLAY_360688,34.9555953,-85.26465286,33.47863869,-88.74043971,398.274,500,975670327.0273627,1106061565.0144393,130391237.98707667,13.364
6S HAVEN CC_360594,8CLAY_360688,34.99627529,-90.0485284,33.47863869,-88.74043971,233.364,500,574394120.3982632,831564685.062383,257170564.66411984,44.772
6CONCORD TN_361509,8CLAY_360688,34.99679719,-85.1610968,33.47863869,-88.74043971,450.37,500,1104658787.558839,1251442278.4185147,146783490.85967574,13.288
8BRADLEY TN_360662,8CLAY_360688,35.0367008,-84.963798,33.47863869,-88.74043971,456.358,500,1117207230.5022807,1273061818.855258,155854588.35297737,13.95
8BENTON MS_360612,8CLAY_360688,35.17466126,-89.74553609,33.47863869,-88.74043971,243.908,500,591952652.0844955,883261823.2728884,291309171.1883928,49.212
8ANDERSON TN_360120,8CLAY_360688,35.94503289,-84.38856432,33.47863869,-88.74043971,532.967,500,1311115781.6883569,1434757319.1392834,123641537.45092663,9.43
8BULL RUN FP_360093,8CLAY_360688,36.01895969,-84.15785445,33.47863869,-88.74043971,627.579,500,1546123872.7241888,1710953809.652516,164829936.92832702,10.661
7SHAWNEE FP_360002,8CLAY_360688,37.150267,-88.778122,33.47863869,-88.74043971,457.388,500,1101285590.6349363,1615083290.385517,513797699.75058055,46.654
8CHOCTAW MS_360654,8RACCOON MTN_360079,33.2984397,-89.4127739,35.05681146,-85.38724619,453.718,500,1103992762.5431418,1276408091.6146598,172415329.07151783,15.617
8ACKERMAN CC_360627,8RACCOON MTN_360079,33.38593855,-89.20997726,35.05681146,-85.38724619,432.113,500,1050476555.0308577,1207430510.5151653,156953955.48430753,14.941
8CLAY_360688,8RACCOON MTN_360079,33.47863869,-88.74043971,35.05681146,-85.38724619,385.403,500,938253689.1769042,1060685072.1670642,122431382.99016005,13.049
8COGEN CALED_360606,8RACCOON MTN_360079,33.64779158,-88.31593565,35.05681146,-85.38724619,338.219,500,823202902.6760814,895062982.5454254,71860079.86934403,8.729
8E POINT AL_360058,8RACCOON MTN_360079,34.19181783,-86.74805975,35.05681146,-85.38724619,191.33,500,467068468.0544275,482500219.26611376,15431751.211686265,3.304
6CENTER PNT_360533,8RACCOON MTN_360079,34.6665318,-84.97089121,35.05681146,-85.38724619,142.836,500,371310620.7944863,408321705.7629341,37011084.96844783,9.968
8BR FERRY NP_360052,8RACCOON MTN_360079,34.70520875,-87.11705751,35.05681146,-85.38724619,189.285,500,479288928.1879753,500281493.5874986,20992565.39952333,4.38
6LOOPERS FRM_360602,8RACCOON MTN_360079,34.708916,-84.922795,35.05681146,-85.38724619,136.045,500,368464413.6169311,401912324.9658217,33447911.348890595,9.078
8LIMESTONE_360088,8RACCOON MTN_360079,34.71890958,-86.84630969,35.05681146,-85.38724619,163.911,500,417352959.05147123,438272899.2208946,20919940.169423327,5.013
6COUNTY LINE_360013,8RACCOON MTN_360079,34.74311084,-85.00751569,35.05681146,-85.38724619,111.637,500,291045775.46047896,316080765.56553227,25034990.105053317,8.602
6YOUNG GA_361454,8RACCOON MTN_360079,34.75072952,-85.27349349,35.05681146,-85.38724619,62.043,500,161356710.5208645,174168860.95551008,12812150.434645582,7.94
8MADISON AL_360060,8RACCOON MTN_360079,34.79577878,-86.52158584,35.05681146,-85.38724619,126.927,500,329162084.47424316,338129732.6459146,8967648.17167144,2.724
6KENSNGTN GA_361503,8RACCOON MTN_360079,34.81265905,-85.32344844,35.05681146,-85.38724619,62.339,500,161730940.7620708,171690316.47573873,9959375.71366794,6.158
6ALPHA GA_361502,8RACCOON MTN_360079,34.813027,-84.853226,35.05681146,-85.38724619,116.54,500,320247500.6574489,348873488.2900735,28625987.632624596,8.939
6CLOUDLANDGA_361633,8RACCOON MTN_360079,34.81849122,-85.5353055,35.05681146,-85.38724619,36.034,500,93980974.28733489,99474911.26913175,5493936.981796862,5.846
8MAGNOL CC1_360613,8RACCOON MTN_360079,34.8287922,-89.20041124,35.05681146,-85.38724619,382.836,500,934929796.2686071,1188124589.3194733,253194793.05086622,27.082
6ROCK SPG GA_361500,8RACCOON MTN_360079,34.83897801,-85.28020801,35.05681146,-85.38724619,66.377,500,170988143.99907836,182046045.93715906,11057901.938080713,6.467
6WID CRK FP_360068,8RACCOON MTN_360079,34.88515896,-85.75604163,35.05681146,-85.38724619,42.076,500,107259262.79775232,112598654.03021736,5339391.232465041,4.978
6WRINGOLD GA_361504,8RACCOON MTN_360079,34.89324284,-85.13750475,35.05681146,-85.38724619,119.869,500,308300685.5116781,332566448.9164075,24265763.404729437,7.871
6BATTLFLD GA_361530,8RACCOON MTN_360079,34.9555953,-85.26465286,35.05681146,-85.38724619,30.837,500,83049372.70528215,94038244.03588355,10988871.330601387,13.232
6S HAVEN CC_360594,8RACCOON MTN_360079,34.99627529,-90.0485284,35.05681146,-85.38724619,475.284,500,1167179887.0592818,1538039788.017612,370859900.95833015,31.774
6CONCORD TN_361509,8RACCOON MTN_360079,34.99679719,-85.1610968,35.05681146,-85.38724619,122.043,500,335008582.24030185,371273148.448048,36264566.207746156,10.825
8BRADLEY TN_360662,8RACCOON MTN_360079,35.0367008,-84.963798,35.05681146,-85.38724619,85.007,500,241903694.20660728,260855727.10969463,18952032.903087344,7.835
8BENTON MS_360612,8RACCOON MTN_360079,35.17466126,-89.74553609,35.05681146,-85.38724619,431.431,500,1058626862.3353295,1370956135.1820898,312329272.8467603,29.503
8FRANKLIN TN_360069,8RACCOON MTN_360079,35.33506701,-86.11727644,35.05681146,-85.38724619,86.673,500,219101871.32337523,222708490.09447232,3606618.771097098,1.646
8HAYWOOD TN_360542,8RACCOON MTN_360079,35.54308246,-89.19654872,35.05681146,-85.38724619,375.725,500,918724271.3774561,1124807660.8384886,206083389.46103248,22.431
8HIWASSEE TN_360110,8RACCOON MTN_360079,35.60032498,-84.78911434,35.05681146,-85.38724619,106.337,500,263068204.4926542,263862546.4439644,794341.9513101842,0.302
8LAG CRK CC_360615,8RACCOON MTN_360079,35.65702785,-89.39460044,35.05681146,-85.38724619,398.598,500,973477550.2671766,1205320201.4415317,231842651.1743549,23.816
8MAURY TN_360050,8RACCOON MTN_360079,35.672863,-87.01861625,35.05681146,-85.38724619,185.751,500,463904074.60226953,499884051.58896595,35979976.98669644,7.756
8JACKSON TN_360019,8RACCOON MTN_360079,35.70901203,-88.79407261,35.05681146,-85.38724619,346.662,500,847118238.56789,1011579059.5122354,164460820.94434536,19.414
8ANDERSON TN_360120,8RACCOON MTN_360079,35.94503289,-84.38856432,35.05681146,-85.38724619,155.653,500,391677347.87752,392527919.3668249,850571.489304873,0.217
8BULL RUN FP_360093,8RACCOON MTN_360079,36.01895969,-84.15785445,35.05681146,-85.38724619,250.851,500,635891942.0282865,636747894.8448069,855952.8165204816,0.135
8JVILLE FP_360037,8RACCOON MTN_360079,36.02382902,-87.98154082,35.05681146,-85.38724619,289.429,500,711530103.9355884,789844274.6696651,78314170.73407668,11.006
8PIN HOOK TN_360581,8RACCOON MTN_360079,36.04646628,-86.60595108,35.05681146,-85.38724619,191.549,500,483031461.26162636,524412574.4354706,41381113.173844196,8.567
8PLATEAU TN_360077,8RACCOON MTN_360079,36.05858036,-85.14194112,35.05681146,-85.38724619,125.935,500,312483809.1552957,313480397.27304184,996588.1177460988,0.319
8DAVIDSON TN_360048,8RACCOON MTN_360079,36.06703747,-86.9841046,35.05681146,-85.38724619,218.89,500,550916941.7254735,628166985.263009,77250043.53753543,14.022
8GLEASON CT_360582,8RACCOON MTN_360079,36.24522988,-88.6114255,35.05681146,-85.38724619,354.191,500,865468278.7386723,1014516906.3062586,149048627.5675863,17.222
8LAG CRK CT_360568,8RACCOON MTN_360079,36.27534882,-88.83423675,35.05681146,-85.38724619,375.097,500,914707559.518404,1081852442.6106188,167144883.0922148,18.273
8CUMBERLAND_360040,8RACCOON MTN_360079,36.3921331,-87.65747953,35.05681146,-85.38724619,289.515,500,722559611.1046419,873668102.5230327,151108491.41839072,20.913
8PHIPPS B NP_360102,8RACCOON MTN_360079,36.46070569,-82.80788409,35.05681146,-85.38724619,340.341,500,865387841.1063448,866221998.9152781,834157.8089332867,0.096
8MONTGOMERY_360044,8RACCOON MTN_360079,36.59438524,-87.25325857,35.05681146,-85.38724619,290.609,500,728392645.0735482,891001706.9644703,162609061.89092204,22.324
8MARSHALL KY_360015,8RACCOON MTN_360079,37.02455006,-88.39384277,35.05681146,-85.38724619,412.702,500,1026084071.7878388,1236818860.4904358,210734788.70259702,20.538
7SHAWNEE FP_360002,8RACCOON MTN_360079,37.150267,-88.778122,35.05681146,-85.38724619,468.73,500,1138992707.9169297,1385351906.7405794,246359198.82364967,21.63
8PARADISE CC_360117,8RACCOON MTN_360079,37.259697,-86.976991,35.05681146,-85.38724619,318.677,500,779021297.218743,854693113.7364804,75671816.51773736,9.714
8PARADISE CC_360117,8RACCOON MTN_360079,37.259697,-86.976991,35.05681146,-85.38724619,318.677,500,779021297.218743,854693113.7364804,75671816.51773736,9.714
8CHOCTAW MS_360654,8PARADISE CC_360117,33.2984397,-89.4127739,37.259697,-86.976991,544.187,500,1308485810.9445179,1827909135.196929,519423324.2524112,39.697
8CHOCTAW MS_360654,8PARADISE CC_360117,33.2984397,-89.4127739,37.259697,-86.976991,544.187,500,1308485810.9445179,1827909135.196929,519423324.2524112,39.697
8ACKERMAN CC_360627,8PARADISE CC_360117,33.38593855,-89.20997726,37.259697,-86.976991,524.844,500,1264115480.8178566,1759719685.4295232,495604204.6116666,39.206
8ACKERMAN CC_360627,8PARADISE CC_360117,33.38593855,-89.20997726,37.259697,-86.976991,524.844,500,1264115480.8178566,1759719685.4295232,495604204.6116666,39.206
8CLAY_360688,8PARADISE CC_360117,33.47863869,-88.74043971,37.259697,-86.976991,496.347,500,1195674472.8611116,1673715235.9782581,478040763.11714655,39.981
8CLAY_360688,8PARADISE CC_360117,33.47863869,-88.74043971,37.259697,-86.976991,496.347,500,1195674472.8611116,1673715235.9782581,478040763.11714655,39.981
8COGEN CALED_360606,8PARADISE CC_360117,33.64779158,-88.31593565,37.259697,-86.976991,461.274,500,1110882809.3513947,1424673861.5283318,313791052.17693704,28.247
8COGEN CALED_360606,8PARADISE CC_360117,33.64779158,-88.31593565,37.259697,-86.976991,461.274,500,1110882809.3513947,1424673861.5283318,313791052.17693704,28.247
8E POINT AL_360058,8PARADISE CC_360117,34.19181783,-86.74805975,37.259697,-86.976991,420.09,500,1027877098.3409328,1138518403.797556,110641305.45662308,10.764
8E POINT AL_360058,8PARADISE CC_360117,34.19181783,-86.74805975,37.259697,-86.976991,420.09,500,1027877098.3409328,1138518403.797556,110641305.45662308,10.764
6CENTER PNT_360533,8PARADISE CC_360117,34.6665318,-84.97089121,37.259697,-86.976991,406.282,500,994104558.4368572,1096270060.3225026,102165501.8856453,10.277
6CENTER PNT_360533,8PARADISE CC_360117,34.6665318,-84.97089121,37.259697,-86.976991,406.282,500,994104558.4368572,1096270060.3225026,102165501.8856453,10.277
8BR FERRY NP_360052,8PARADISE CC_360117,34.70520875,-87.11705751,37.259697,-86.976991,312.372,500,760213903.6727314,953662003.6538264,193448099.98109496,25.447
8BR FERRY NP_360052,8PARADISE CC_360117,34.70520875,-87.11705751,37.259697,-86.976991,312.372,500,760213903.6727314,953662003.6538264,193448099.98109496,25.447
6LOOPERS FRM_360602,8PARADISE CC_360117,34.708916,-84.922795,37.259697,-86.976991,398.495,500,973752994.0057318,1073889530.1785994,100136536.17286742,10.284
6LOOPERS FRM_360602,8PARADISE CC_360117,34.708916,-84.922795,37.259697,-86.976991,398.495,500,973752994.0057318,1073889530.1785994,100136536.17286742,10.284
8LIMESTONE_360088,8PARADISE CC_360117,34.71890958,-86.84630969,37.259697,-86.976991,318.063,500,775359251.0821735,984498724.5489582,209139473.46678472,26.973
8LIMESTONE_360088,8PARADISE CC_360117,34.71890958,-86.84630969,37.259697,-86.976991,318.063,500,775359251.0821735,984498724.5489582,209139473.46678472,26.973
6COUNTY LINE_360013,8PARADISE CC_360117,34.74311084,-85.00751569,37.259697,-86.976991,394.202,500,964329484.1828195,1068989206.7451186,104659722.56229912,10.853
6COUNTY LINE_360013,8PARADISE CC_360117,34.74311084,-85.00751569,37.259697,-86.976991,394.202,500,964329484.1828195,1068989206.7451186,104659722.56229912,10.853
6YOUNG GA_361454,8PARADISE CC_360117,34.75072952,-85.27349349,37.259697,-86.976991,365.938,500,900485413.4440565,993226068.1078693,92740654.66381273,10.299
6YOUNG GA_361454,8PARADISE CC_360117,34.75072952,-85.27349349,37.259697,-86.976991,365.938,500,900485413.4440565,993226068.1078693,92740654.66381273,10.299
8MADISON AL_360060,8PARADISE CC_360117,34.79577878,-86.52158584,37.259697,-86.976991,323.222,500,789025270.8871012,1000454209.7097433,211428938.8226421,26.796
8MADISON AL_360060,8PARADISE CC_360117,34.79577878,-86.52158584,37.259697,-86.976991,323.222,500,789025270.8871012,1000454209.7097433,211428938.8226421,26.796
6KENSNGTN GA_361503,8PARADISE CC_360117,34.81265905,-85.32344844,37.259697,-86.976991,366.233,500,900859643.6852628,990679845.925278,89820202.24001515,9.97
6KENSNGTN GA_361503,8PARADISE CC_360117,34.81265905,-85.32344844,37.259697,-86.976991,366.233,500,900859643.6852628,990679845.925278,89820202.24001515,9.97
6ALPHA GA_361502,8PARADISE CC_360117,34.813027,-84.853226,37.259697,-86.976991,378.99,500,925536081.0462497,1020859406.0561337,95323325.00988401,10.299
6ALPHA GA_361502,8PARADISE CC_360117,34.813027,-84.853226,37.259697,-86.976991,378.99,500,925536081.0462497,1020859406.0561337,95323325.00988401,10.299
6CLOUDLANDGA_361633,8PARADISE CC_360117,34.81849122,-85.5353055,37.259697,-86.976991,339.928,500,833109677.210527,918628264.0679113,85518586.85738432,10.265
6CLOUDLANDGA_361633,8PARADISE CC_360117,34.81849122,-85.5353055,37.259697,-86.976991,339.928,500,833109677.210527,918628264.0679113,85518586.85738432,10.265
8MAGNOL CC1_360613,8PARADISE CC_360117,34.8287922,-89.20041124,37.259697,-86.976991,367.862,500,888904245.3908195,1240422812.9925847,351518567.60176504,39.545
8MAGNOL CC1_360613,8PARADISE CC_360117,34.8287922,-89.20041124,37.259697,-86.976991,367.862,500,888904245.3908195,1240422812.9925847,351518567.60176504,39.545
6ROCK SPG GA_361500,8PARADISE CC_360117,34.83897801,-85.28020801,37.259697,-86.976991,370.272,500,910116846.9222704,1001056434.9465808,90939588.02431038,9.992
6ROCK SPG GA_361500,8PARADISE CC_360117,34.83897801,-85.28020801,37.259697,-86.976991,370.272,500,910116846.9222704,1001056434.9465808,90939588.02431038,9.992
6WID CRK FP_360068,8PARADISE CC_360117,34.88515896,-85.75604163,37.259697,-86.976991,320.239,500,783821272.8079156,861611651.0217485,77790378.21383291,9.925
6WID CRK FP_360068,8PARADISE CC_360117,34.88515896,-85.75604163,37.259697,-86.976991,320.239,500,783821272.8079156,861611651.0217485,77790378.21383291,9.925
6WRINGOLD GA_361504,8PARADISE CC_360117,34.89324284,-85.13750475,37.259697,-86.976991,377.537,500,921493963.9234722,1021891938.4383647,100397974.51489264,10.895
6WRINGOLD GA_361504,8PARADISE CC_360117,34.89324284,-85.13750475,37.259697,-86.976991,377.537,500,921493963.9234722,1021891938.4383647,100397974.51489264,10.895
6BATTLFLD GA_361530,8PARADISE CC_360117,34.9555953,-85.26465286,37.259697,-86.976991,341.65,500,840539461.7372987,932781793.2810762,92242331.54377742,10.974
6BATTLFLD GA_361530,8PARADISE CC_360117,34.9555953,-85.26465286,37.259697,-86.976991,341.65,500,840539461.7372987,932781793.2810762,92242331.54377742,10.974
6S HAVEN CC_360594,8PARADISE CC_360117,34.99627529,-90.0485284,37.259697,-86.976991,448.041,500,1091217428.4801903,1482907481.5042155,391690053.0240252,35.895
6S HAVEN CC_360594,8PARADISE CC_360117,34.99627529,-90.0485284,37.259697,-86.976991,448.041,500,1091217428.4801903,1482907481.5042155,391690053.0240252,35.895
6CONCORD TN_361509,8PARADISE CC_360117,34.99679719,-85.1610968,37.259697,-86.976991,384.492,500,940297162.6291027,1043626578.4222829,103329415.7931802,10.989
6CONCORD TN_361509,8PARADISE CC_360117,34.99679719,-85.1610968,37.259697,-86.976991,384.492,500,940297162.6291027,1043626578.4222829,103329415.7931802,10.989
8BRADLEY TN_360662,8PARADISE CC_360117,35.0367008,-84.963798,37.259697,-86.976991,347.456,500,847192274.5954081,932668555.4159002,85476280.82049215,10.089
8BRADLEY TN_360662,8PARADISE CC_360117,35.0367008,-84.963798,37.259697,-86.976991,347.456,500,847192274.5954081,932668555.4159002,85476280.82049215,10.089
8BENTON MS_360612,8PARADISE CC_360117,35.17466126,-89.74553609,37.259697,-86.976991,382.97,500,928740499.240715,1252516807.069185,323776307.82846993,34.862
8BENTON MS_360612,8PARADISE CC_360117,35.17466126,-89.74553609,37.259697,-86.976991,382.97,500,928740499.240715,1252516807.069185,323776307.82846993,34.862
8FRANKLIN TN_360069,8PARADISE CC_360117,35.33506701,-86.11727644,37.259697,-86.976991,281.822,500,681678872.6684508,760115083.6423471,78436210.97389625,11.506
8FRANKLIN TN_360069,8PARADISE CC_360117,35.33506701,-86.11727644,37.259697,-86.976991,281.822,500,681678872.6684508,760115083.6423471,78436210.97389625,11.506
8HAYWOOD TN_360542,8PARADISE CC_360117,35.54308246,-89.19654872,37.259697,-86.976991,306.961,500,742225951.0765359,971088915.1278166,228862964.05128062,30.835
8HAYWOOD TN_360542,8PARADISE CC_360117,35.54308246,-89.19654872,37.259697,-86.976991,306.961,500,742225951.0765359,971088915.1278166,228862964.05128062,30.835
8HIWASSEE TN_360110,8PARADISE CC_360117,35.60032498,-84.78911434,37.259697,-86.976991,300.251,500,731318614.3665638,810918878.6305554,79600264.26399162,10.884
8HIWASSEE TN_360110,8PARADISE CC_360117,35.60032498,-84.78911434,37.259697,-86.976991,300.251,500,731318614.3665638,810918878.6305554,79600264.26399162,10.884
8LAG CRK CC_360615,8PARADISE CC_360117,35.65702785,-89.39460044,37.259697,-86.976991,316.437,500,762072145.1217594,1002910552.4270177,240838407.30525833,31.603
8LAG CRK CC_360615,8PARADISE CC_360117,35.65702785,-89.39460044,37.259697,-86.976991,316.437,500,762072145.1217594,1002910552.4270177,240838407.30525833,31.603
8MAURY TN_360050,8PARADISE CC_360117,35.672863,-87.01861625,37.259697,-86.976991,196.732,500,483610961.68496025,635936158.6137167,152325196.92875645,31.497
8MAURY TN_360050,8PARADISE CC_360117,35.672863,-87.01861625,37.259697,-86.976991,196.732,500,483610961.68496025,635936158.6137167,152325196.92875645,31.497
8JACKSON TN_360019,8PARADISE CC_360117,35.70901203,-88.79407261,37.259697,-86.976991,262.638,500,634146292.2869395,808929454.705826,174783162.41888648,27.562
8JACKSON TN_360019,8PARADISE CC_360117,35.70901203,-88.79407261,37.259697,-86.976991,262.638,500,634146292.2869395,808929454.705826,174783162.41888648,27.562
8ANDERSON TN_360120,8PARADISE CC_360117,35.94503289,-84.38856432,37.259697,-86.976991,310.581,500,764699494.8469815,829760660.9641366,65061166.11715504,8.508
8ANDERSON TN_360120,8PARADISE CC_360117,35.94503289,-84.38856432,37.259697,-86.976991,310.581,500,764699494.8469815,829760660.9641366,65061166.11715504,8.508
8BULL RUN FP_360093,8PARADISE CC_360117,36.01895969,-84.15785445,37.259697,-86.976991,357.866,500,878348644.3003893,910624310.8309062,32275666.53051686,3.675
8BULL RUN FP_360093,8PARADISE CC_360117,36.01895969,-84.15785445,37.259697,-86.976991,357.866,500,878348644.3003893,910624310.8309062,32275666.53051686,3.675
8JVILLE FP_360037,8PARADISE CC_360117,36.02382902,-87.98154082,37.259697,-86.976991,180.853,500,437245324.93763995,580421664.1756244,143176339.23798445,32.745
8JVILLE FP_360037,8PARADISE CC_360117,36.02382902,-87.98154082,37.259697,-86.976991,180.853,500,437245324.93763995,580421664.1756244,143176339.23798445,32.745
8DAVIDSON TN_360048,8PARADISE CC_360117,36.06703747,-86.9841046,37.259697,-86.976991,154.271,500,377491724.1251425,493701026.53424734,116209302.40910482,30.785
8DAVIDSON TN_360048,8PARADISE CC_360117,36.06703747,-86.9841046,37.259697,-86.976991,154.271,500,377491724.1251425,493701026.53424734,116209302.40910482,30.785
8GLEASON CT_360582,8PARADISE CC_360117,36.24522988,-88.6114255,37.259697,-86.976991,223.325,500,540189989.0303802,669412450.2012409,129222461.17086068,23.922
8GLEASON CT_360582,8PARADISE CC_360117,36.24522988,-88.6114255,37.259697,-86.976991,223.325,500,540189989.0303802,669412450.2012409,129222461.17086068,23.922
8LAG CRK CT_360568,8PARADISE CC_360117,36.27534882,-88.83423675,37.259697,-86.976991,240.859,500,580248561.6392677,785297702.0505049,205049140.41123727,35.338
8LAG CRK CT_360568,8PARADISE CC_360117,36.27534882,-88.83423675,37.259697,-86.976991,240.859,500,580248561.6392677,785297702.0505049,205049140.41123727,35.338
8CUMBERLAND_360040,8PARADISE CC_360117,36.3921331,-87.65747953,37.259697,-86.976991,125.382,500,302795420.1871104,415622703.2174017,112827283.03029126,37.262
8CUMBERLAND_360040,8PARADISE CC_360117,36.3921331,-87.65747953,37.259697,-86.976991,125.382,500,302795420.1871104,415622703.2174017,112827283.03029126,37.262
8MONTGOMERY_360044,8PARADISE CC_360117,36.59438524,-87.25325857,37.259697,-86.976991,92.728,500,222586199.6629209,277612780.29914325,55026580.63622234,24.721
8MONTGOMERY_360044,8PARADISE CC_360117,36.59438524,-87.25325857,37.259697,-86.976991,92.728,500,222586199.6629209,277612780.29914325,55026580.63622234,24.721
8MARSHALL KY_360015,8PARADISE CC_360117,37.02455006,-88.39384277,37.259697,-86.976991,140.264,500,338710367.8713596,448142874.2740351,109432506.40267551,32.309
8MARSHALL KY_360015,8PARADISE CC_360117,37.02455006,-88.39384277,37.259697,-86.976991,140.264,500,338710367.8713596,448142874.2740351,109432506.40267551,32.309
7SHAWNEE FP_360002,8PARADISE CC_360117,37.150267,-88.778122,37.259697,-86.976991,259.776,500,623695937.2860234,855362410.6482685,231666473.36224505,37.144
7SHAWNEE FP_360002,8PARADISE CC_360117,37.150267,-88.778122,37.259697,-86.976991,259.776,500,623695937.2860234,855362410.6482685,231666473.36224505,37.144
8CHOCTAW MS_360654,8FRANKLIN TN_360069,33.2984397,-89.4127739,35.33506701,-86.11727644,413.629,500,1002503871.2621762,1211599938.063241,209096066.80106476,20.857
8ACKERMAN CC_360627,8FRANKLIN TN_360069,33.38593855,-89.20997726,35.33506701,-86.11727644,392.023,500,948987663.749892,1142347962.9192712,193360299.16937914,20.375
8CLAY_360688,8FRANKLIN TN_360069,33.47863869,-88.74043971,35.33506701,-86.11727644,354.288,500,854869622.7043517,1013979766.2320997,159110143.52774802,18.612
8COGEN CALED_360606,8FRANKLIN TN_360069,33.64779158,-88.31593565,35.33506701,-86.11727644,315.224,500,756696013.9645799,875790097.7184352,119094083.75385523,15.739
8E POINT AL_360058,8FRANKLIN TN_360069,34.19181783,-86.74805975,35.33506701,-86.11727644,170.476,500,423932453.90137136,446912741.17745626,22980287.276084896,5.421
6CENTER PNT_360533,8FRANKLIN TN_360069,34.6665318,-84.97089121,35.33506701,-86.11727644,202.297,500,508969203.6975322,552357201.0222894,43387997.32475726,8.525
8BR FERRY NP_360052,8FRANKLIN TN_360069,34.70520875,-87.11705751,35.33506701,-86.11727644,137.27,500,332340833.13640237,364137867.9863504,31797034.84994807,9.568
6LOOPERS FRM_360602,8FRANKLIN TN_360069,34.708916,-84.922795,35.33506701,-86.11727644,209.048,500,527109027.1512649,572315845.3761997,45206818.22493485,8.576
6COUNTY LINE_360013,8FRANKLIN TN_360069,34.74311084,-85.00751569,35.33506701,-86.11727644,172.076,500,436243497.8262049,465672741.9058186,29429244.079613656,6.746
6YOUNG GA_361454,8FRANKLIN TN_360069,34.75072952,-85.27349349,35.33506701,-86.11727644,120.258,500,307228554.49436337,320611164.2308827,13382609.73651936,4.356
6KENSNGTN GA_361503,8FRANKLIN TN_360069,34.81265905,-85.32344844,35.33506701,-86.11727644,120.554,500,307602784.73556966,317923099.06395525,10320314.32838559,3.355
6ALPHA GA_361502,8FRANKLIN TN_360069,34.813027,-84.853226,35.33506701,-86.11727644,196.18,500,485546779.97325397,506389414.34139806,20842634.36814408,4.293
6CLOUDLANDGA_361633,8FRANKLIN TN_360069,34.81849122,-85.5353055,35.33506701,-86.11727644,94.249,500,239852818.26083377,245533712.73966724,5680894.4788334705,2.368
6ROCK SPG GA_361500,8FRANKLIN TN_360069,34.83897801,-85.28020801,35.33506701,-86.11727644,124.592,500,316859987.9725772,328301798.83663756,11441810.864060367,3.611
6WID CRK FP_360068,8FRANKLIN TN_360069,34.88515896,-85.75604163,35.33506701,-86.11727644,66.911,500,170601041.29404023,175898461.22605714,5297419.93201691,3.105
6WRINGOLD GA_361504,8FRANKLIN TN_360069,34.89324284,-85.13750475,35.33506701,-86.11727644,180.308,500,453498407.877404,482218655.62082684,28720247.74342287,6.333
6BATTLFLD GA_361530,8FRANKLIN TN_360069,34.9555953,-85.26465286,35.33506701,-86.11727644,103.005,500,266031080.37580737,278829289.66122377,12798209.285416424,4.811
6S HAVEN CC_360594,8FRANKLIN TN_360069,34.99627529,-90.0485284,35.33506701,-86.11727644,408.389,500,990719455.5707331,1353101407.3405442,362381951.7698111,36.578
6CONCORD TN_361509,8FRANKLIN TN_360069,34.99679719,-85.1610968,35.33506701,-86.11727644,201.683,500,500307861.556107,528714773.91316,28406912.35705304,5.678
8BRADLEY TN_360662,8FRANKLIN TN_360069,35.0367008,-84.963798,35.33506701,-86.11727644,164.646,500,407202973.5224123,418661294.60119057,11458321.078778295,2.814
8BENTON MS_360612,8FRANKLIN TN_360069,35.17466126,-89.74553609,35.33506701,-86.11727644,363.918,500,880295362.47248,1178513084.8753483,298217722.4028682,33.877
8ANDERSON TN_360120,8FRANKLIN TN_360069,35.94503289,-84.38856432,35.33506701,-86.11727644,190.713,500,473535317.1110178,474743877.6265676,1208560.5155497862,0.255
8BULL RUN FP_360093,8FRANKLIN TN_360069,36.01895969,-84.15785445,35.33506701,-86.11727644,282.4,500,710370742.3010881,710792606.4777325,421864.1766444568,0.059
8DAVIDSON TN_360048,8FRANKLIN TN_360069,36.06703747,-86.9841046,35.33506701,-86.11727644,148.808,500,371524760.70503104,444518520.05405605,72993759.34902504,19.647
8CUMBERLAND_360040,8FRANKLIN TN_360069,36.3921331,-87.65747953,35.33506701,-86.11727644,219.682,500,540427169.1453544,674035433.6666583,133608264.52130388,24.723
7SHAWNEE FP_360002,8FRANKLIN TN_360069,37.150267,-88.778122,35.33506701,-86.11727644,394.484,500,947539032.2290145,1181848283.5643966,234309251.3353821,24.728
8CHOCTAW MS_360654,8GLEASON CT_360582,33.2984397,-89.4127739,36.24522988,-88.6114255,367.691,500,887891956.2786036,1288975198.1901217,401083241.91151804,45.173
8ACKERMAN CC_360627,8GLEASON CT_360582,33.38593855,-89.20997726,36.24522988,-88.6114255,351.313,500,851517482.8291144,1236912564.370643,385395081.54152846,45.26
8CLAY_360688,8GLEASON CT_360582,33.47863869,-88.74043971,36.24522988,-88.6114255,335.418,500,809691357.1907932,1194600257.8056283,384908900.61483514,47.538
8COGEN CALED_360606,8GLEASON CT_360582,33.64779158,-88.31593565,36.24522988,-88.6114255,314.191,500,755782273.4816582,1061211446.0557117,305429172.5740535,40.412
8E POINT AL_360058,8GLEASON CT_360582,34.19181783,-86.74805975,36.24522988,-88.6114255,326.574,500,787387747.7235212,986839533.81608,199451786.0925587,25.331
6CENTER PNT_360533,8GLEASON CT_360582,34.6665318,-84.97089121,36.24522988,-88.6114255,455.711,500,1114253700.5705996,1296726915.6474319,182473215.07683232,16.376
8BR FERRY NP_360052,8GLEASON CT_360582,34.70520875,-87.11705751,36.24522988,-88.6114255,233.155,500,560785582.5876939,734546341.931926,173760759.34423202,30.985
6LOOPERS FRM_360602,8GLEASON CT_360582,34.708916,-84.922795,36.24522988,-88.6114255,462.462,500,1132393524.0243325,1316669581.5564122,184276057.5320797,16.273
6COUNTY LINE_360013,8GLEASON CT_360582,34.74311084,-85.00751569,36.24522988,-88.6114255,426.473,500,1043178389.6280344,1207998760.1048,164820370.47676557,15.8
6YOUNG GA_361454,8GLEASON CT_360582,34.75072952,-85.27349349,36.24522988,-88.6114255,384.887,500,946041980.0383762,1103269590.28062,157227610.2422439,16.62
6KENSNGTN GA_361503,8GLEASON CT_360582,34.81265905,-85.32344844,36.24522988,-88.6114255,385.183,500,946416210.2795825,1100979227.4506652,154563017.17108274,16.331
6ALPHA GA_361502,8GLEASON CT_360582,34.813027,-84.853226,36.24522988,-88.6114255,444.797,500,1094187895.0863116,1247165222.8656857,152977327.77937412,13.981
6CLOUDLANDGA_361633,8GLEASON CT_360582,34.81849122,-85.5353055,36.24522988,-88.6114255,358.877,500,878666243.8048465,1028913252.9341488,150247009.1293023,17.099
6ROCK SPG GA_361500,8GLEASON CT_360582,34.83897801,-85.28020801,36.24522988,-88.6114255,389.221,500,955673413.5165901,1111371017.422375,155697603.9057848,16.292
6WID CRK FP_360068,8GLEASON CT_360582,34.88515896,-85.75604163,36.24522988,-88.6114255,325.35,500,790870844.313817,934207305.3485419,143336461.0347248,18.124
6WRINGOLD GA_361504,8GLEASON CT_360582,34.89324284,-85.13750475,36.24522988,-88.6114255,434.705,500,1060433299.6792336,1223656023.1421509,163222723.4629174,15.392
6BATTLFLD GA_361530,8GLEASON CT_360582,34.9555953,-85.26465286,36.24522988,-88.6114255,367.633,500,904844505.9198202,1060662313.8678725,155817807.94805223,17.22
6S HAVEN CC_360594,8GLEASON CT_360582,34.99627529,-90.0485284,36.24522988,-88.6114255,250.399,500,616955743.592418,913673857.0457829,296718113.45336497,48.094
6CONCORD TN_361509,8GLEASON CT_360582,34.99679719,-85.1610968,36.24522988,-88.6114255,450.3,500,1108948976.6691647,1269197553.7831063,160248577.11394164,14.45
8BRADLEY TN_360662,8GLEASON CT_360582,35.0367008,-84.963798,36.24522988,-88.6114255,413.263,500,1015844088.6354702,1158862620.6274042,143018531.99193412,14.079
8BENTON MS_360612,8GLEASON CT_360582,35.17466126,-89.74553609,36.24522988,-88.6114255,172.349,500,416962413.36973953,612981784.3999678,196019371.03022826,47.011
8FRANKLIN TN_360069,8GLEASON CT_360582,35.33506701,-86.11727644,36.24522988,-88.6114255,280.008,500,675093758.0156989,813592676.7922578,138498918.77655882,20.516
8ANDERSON TN_360120,8GLEASON CT_360582,35.94503289,-84.38856432,36.24522988,-88.6114255,433.341,500,1072588569.9882238,1208239162.898012,135650592.90978816,12.647
8BULL RUN FP_360093,8GLEASON CT_360582,36.01895969,-84.15785445,36.24522988,-88.6114255,516.488,500,1266702827.1431289,1480595481.529146,213892654.38601708,16.886
8DAVIDSON TN_360048,8GLEASON CT_360582,36.06703747,-86.9841046,36.24522988,-88.6114255,164.431,500,403159382.96686393,516227651.3388711,113068268.37200716,28.046
8CUMBERLAND_360040,8GLEASON CT_360582,36.3921331,-87.65747953,36.24522988,-88.6114255,99.817,500,242232703.5248628,297610967.7587528,55378264.233890034,22.862
7SHAWNEE FP_360002,8GLEASON CT_360582,37.150267,-88.778122,36.24522988,-88.6114255,128.791,500,306002574.9272279,442019261.2316419,136016686.304414,44.45
8CHOCTAW MS_360654,8MAURY TN_360050,33.2984397,-89.4127739,35.672863,-87.01861625,380.952,500,919155466.3631675,1187564171.009748,268408704.64658034,29.202
8ACKERMAN CC_360627,8MAURY TN_360050,33.38593855,-89.20997726,35.672863,-87.01861625,359.347,500,865639258.8508832,1118139161.5443382,252499902.69345492,29.169
8CLAY_360688,8MAURY TN_360050,33.47863869,-88.74043971,35.672863,-87.01861625,321.612,500,772285549.1880109,995567331.6710272,223281782.4830163,28.912
8COGEN CALED_360606,8MAURY TN_360050,33.64779158,-88.31593565,35.672863,-87.01861625,283.791,500,680441292.626596,842077742.3548135,161636449.7282175,23.755
8E POINT AL_360058,8MAURY TN_360050,34.19181783,-86.74805975,35.672863,-87.01861625,226.625,500,557158499.862853,598313305.6841682,41154805.82131519,7.387
6CENTER PNT_360533,8MAURY TN_360050,34.6665318,-84.97089121,35.672863,-87.01861625,289.19,500,717828029.8937654,785107484.2090266,67279454.31526108,9.373
8BR FERRY NP_360052,8MAURY TN_360050,34.70520875,-87.11705751,35.672863,-87.01861625,125.362,500,304243636.0816846,341989775.77739066,37746139.695706084,12.407
6LOOPERS FRM_360602,8MAURY TN_360050,34.708916,-84.922795,35.672863,-87.01861625,295.941,500,735967853.3474982,805064578.7883573,69096725.44085911,9.389
8LIMESTONE_360088,8MAURY TN_360050,34.71890958,-86.84630969,35.672863,-87.01861625,123.457,500,299030459.2237053,340951229.60487133,41920770.381166026,14.019
6COUNTY LINE_360013,8MAURY TN_360050,34.74311084,-85.00751569,35.672863,-87.01861625,259.953,500,646752718.9512002,696340268.2504171,49587549.29921685,7.667
6YOUNG GA_361454,8MAURY TN_360050,34.75072952,-85.27349349,35.672863,-87.01861625,216.447,500,544477775.9019734,588362225.3225967,43884449.4206233,8.06
8MADISON AL_360060,8MAURY TN_360050,34.79577878,-86.52158584,35.672863,-87.01861625,126.132,500,306319245.5778132,337686524.811017,31367279.233203784,10.24
6KENSNGTN GA_361503,8MAURY TN_360050,34.81265905,-85.32344844,35.672863,-87.01861625,216.742,500,544852006.1431798,585849095.0868769,40997088.94369715,7.524
6ALPHA GA_361502,8MAURY TN_360050,34.813027,-84.853226,35.672863,-87.01861625,281.621,500,696577316.9254651,751682798.8148715,55105481.889406405,7.911
6CLOUDLANDGA_361633,8MAURY TN_360050,34.81849122,-85.5353055,35.672863,-87.01861625,190.437,500,477102039.66844386,513666780.4070768,36564740.73863294,7.664
8MAGNOL CC1_360613,8MAURY TN_360050,34.8287922,-89.20041124,35.672863,-87.01861625,239.885,500,574870495.3161254,783524432.064037,208653936.7479116,36.296
6ROCK SPG GA_361500,8MAURY TN_360050,34.83897801,-85.28020801,35.672863,-87.01861625,220.781,500,554109209.3801873,596214162.4919707,42104953.111783415,7.599
6WID CRK FP_360068,8MAURY TN_360050,34.88515896,-85.75604163,35.672863,-87.01861625,156.91,500,389306640.1774143,417571948.37276065,28265308.195346385,7.26
6WRINGOLD GA_361504,8MAURY TN_360050,34.89324284,-85.13750475,35.672863,-87.01861625,268.184,500,664007629.0023992,712759074.723445,48751445.7210458,7.342
6BATTLFLD GA_361530,8MAURY TN_360050,34.9555953,-85.26465286,35.672863,-87.01861625,199.193,500,503280301.7834175,546323140.0034356,43042838.220018044,8.552
6S HAVEN CC_360594,8MAURY TN_360050,34.99627529,-90.0485284,35.672863,-87.01861625,329.211,500,800612441.1701449,1130969010.258565,330356569.0884199,41.263
6CONCORD TN_361509,8MAURY TN_360050,34.99679719,-85.1610968,35.672863,-87.01861625,287.124,500,711338398.5083181,773695642.4759632,62357243.967645176,8.766
8BRADLEY TN_360662,8MAURY TN_360050,35.0367008,-84.963798,35.672863,-87.01861625,250.087,500,618233510.4746234,663929106.2550586,45695595.78043526,7.391
8BENTON MS_360612,8MAURY TN_360050,35.17466126,-89.74553609,35.672863,-87.01861625,276.906,500,670200031.5029634,938792249.9620919,268592218.45912844,40.076
8FRANKLIN TN_360069,8MAURY TN_360050,35.33506701,-86.11727644,35.672863,-87.01861625,109.655,500,265052468.55413014,286271670.86953425,21219202.3154041,8.006
8HAYWOOD TN_360542,8MAURY TN_360050,35.54308246,-89.19654872,35.672863,-87.01861625,211.928,500,508707618.63677317,699006507.8258752,190298889.18910202,37.408
8HIWASSEE TN_360110,8MAURY TN_360050,35.60032498,-84.78911434,35.672863,-87.01861625,222.973,500,549036252.2925227,584848631.7137891,35812379.42126641,6.523
8LAG CRK CC_360615,8MAURY TN_360050,35.65702785,-89.39460044,35.672863,-87.01861625,231.771,500,558796987.3812265,795095288.6857898,236298301.30456322,42.287
8JACKSON TN_360019,8MAURY TN_360050,35.70901203,-88.79407261,35.672863,-87.01861625,174.37,500,419269427.0817863,586188778.7988182,166919351.717032,39.812
8ANDERSON TN_360120,8MAURY TN_360050,35.94503289,-84.38856432,35.672863,-87.01861625,270.165,500,674977991.8273771,711543534.168666,36565542.3412889,5.417
8BULL RUN FP_360093,8MAURY TN_360050,36.01895969,-84.15785445,35.672863,-87.01861625,360.376,500,897640431.1955178,948402912.6642928,50762481.46877499,5.655
8JVILLE FP_360037,8MAURY TN_360050,36.02382902,-87.98154082,35.672863,-87.01861625,106.157,500,254045339.57066175,303842450.09751445,49797110.52685271,19.602
8DAVIDSON TN_360048,8MAURY TN_360050,36.06703747,-86.9841046,35.672863,-87.01861625,52.249,500,132425709.64032373,170731012.85019132,38305303.20986759,28.926
8GLEASON CT_360582,8MAURY TN_360050,36.24522988,-88.6114255,35.672863,-87.01861625,172.153,500,413456485.81246775,503922207.6313422,90465721.81887445,21.88
8LAG CRK CT_360568,8MAURY TN_360050,36.27534882,-88.83423675,35.672863,-87.01861625,193.73,500,464882494.07795393,571067394.5738102,106184900.49585627,22.841
8CUMBERLAND_360040,8MAURY TN_360050,36.3921331,-87.65747953,35.672863,-87.01861625,113.204,500,278822941.19993275,383141771.381853,104318830.18192026,37.414
8MARSHALL KY_360015,8MAURY TN_360050,37.02455006,-88.39384277,35.672863,-87.01861625,236.39,500,582347401.8831296,746362932.7726392,164015530.8895096,28.165
7SHAWNEE FP_360002,8MAURY TN_360050,37.150267,-88.778122,35.672863,-87.01861625,285.459,500,681507943.5520031,901337864.8980203,219829921.34601706,32.256
8CHOCTAW MS_360654,8MARSHALL KY_360015,33.2984397,-89.4127739,37.02455006,-88.39384277,473.837,500,1142749517.2008698,1666241170.0377188,523491652.83684903,45.81
8ACKERMAN CC_360627,8MARSHALL KY_360015,33.38593855,-89.20997726,37.02455006,-88.39384277,457.232,500,1106352328.0933852,1614288550.27706,507936222.1836749,45.911
8CLAY_360688,8MARSHALL KY_360015,33.47863869,-88.74043971,37.02455006,-88.39384277,441.337,500,1064526202.4550639,1572092401.8557036,507566199.40063965,47.68
8COGEN CALED_360606,8MARSHALL KY_360015,33.64779158,-88.31593565,37.02455006,-88.39384277,414.983,500,997596942.9845828,1418199900.908665,420602957.9240821,42.162
8E POINT AL_360058,8MARSHALL KY_360015,34.19181783,-86.74805975,37.02455006,-88.39384277,415.72,500,1001745610.2853172,1292575134.111789,290829523.8264718,29.032
6CENTER PNT_360533,8MARSHALL KY_360015,34.6665318,-84.97089121,37.02455006,-88.39384277,526.313,500,1284300567.2279158,1490218081.8047185,205917514.57680267,16.033
8BR FERRY NP_360052,8MARSHALL KY_360015,34.70520875,-87.11705751,37.02455006,-88.39384277,322.3,500,775143445.1494899,1039007821.4242843,263864376.27479443,34.041
6LOOPERS FRM_360602,8MARSHALL KY_360015,34.708916,-84.922795,37.02455006,-88.39384277,518.526,500,1263949002.7967904,1467907825.186032,203958822.38924176,16.137
8LIMESTONE_360088,8MARSHALL KY_360015,34.71890958,-86.84630969,37.02455006,-88.39384277,344.487,500,828478173.3356792,1088505195.4865422,260027022.15086305,31.386
6COUNTY LINE_360013,8MARSHALL KY_360015,34.74311084,-85.00751569,37.02455006,-88.39384277,494.885,500,1227976469.4837928,1452800964.69395,224824495.2101571,18.309
6YOUNG GA_361454,8MARSHALL KY_360015,34.75072952,-85.27349349,37.02455006,-88.39384277,451.01,500,1124869774.6572886,1341680872.1045566,216811097.44726792,19.274
8MADISON AL_360060,8MARSHALL KY_360015,34.79577878,-86.52158584,37.02455006,-88.39384277,347.144,500,844625655.7350403,987158017.4834018,142532361.74836147,16.875
6KENSNGTN GA_361503,8MARSHALL KY_360015,34.81265905,-85.32344844,37.02455006,-88.39384277,451.305,500,1125244004.8984947,1339359695.939411,214115691.04091617,19.028
6ALPHA GA_361502,8MARSHALL KY_360015,34.813027,-84.853226,37.02455006,-88.39384277,499.02,500,1215732089.8373084,1414910652.6036463,199178562.76633793,16.383
6CLOUDLANDGA_361633,8MARSHALL KY_360015,34.81849122,-85.5353055,37.02455006,-88.39384277,425.0,500,1057494038.4237589,1267635524.4949026,210141486.07114387,19.872
8MAGNOL CC1_360613,8MARSHALL KY_360015,34.8287922,-89.20041124,37.02455006,-88.39384277,293.182,500,708678345.3599288,1029079448.3493313,320401102.9894024,45.211
6ROCK SPG GA_361500,8MARSHALL KY_360015,34.83897801,-85.28020801,37.02455006,-88.39384277,455.344,500,1134501208.1355023,1349740919.6558726,215239711.5203702,18.972
6WID CRK FP_360068,8MARSHALL KY_360015,34.88515896,-85.75604163,37.02455006,-88.39384277,391.473,500,969698638.9327295,1173714045.723785,204015406.79105538,21.039
6WRINGOLD GA_361504,8MARSHALL KY_360015,34.89324284,-85.13750475,37.02455006,-88.39384277,497.568,500,1211689972.714531,1415673581.933925,203983609.2193939,16.835
6BATTLFLD GA_361530,8MARSHALL KY_360015,34.9555953,-85.26465286,37.02455006,-88.39384277,430.299,500,1075990841.2802465,1296042005.1406002,220051163.86035383,20.451
6S HAVEN CC_360594,8MARSHALL KY_360015,34.99627529,-90.0485284,37.02455006,-88.39384277,382.234,500,914564772.4267181,1352869540.0688581,438304767.6421399,47.925
6CONCORD TN_361509,8MARSHALL KY_360015,34.99679719,-85.1610968,37.02455006,-88.39384277,504.523,500,1230493171.4201612,1437296554.4934673,206803383.07330605,16.807
8BRADLEY TN_360662,8MARSHALL KY_360015,35.0367008,-84.963798,37.02455006,-88.39384277,467.487,500,1137388283.3864665,1326698412.4034042,189310129.0169378,16.644
8BENTON MS_360612,8MARSHALL KY_360015,35.17466126,-89.74553609,37.02455006,-88.39384277,281.814,500,679027125.8501843,985670221.4922931,306643095.64210874,45.159
8FRANKLIN TN_360069,8MARSHALL KY_360015,35.33506701,-86.11727644,37.02455006,-88.39384277,342.869,500,843951629.8285512,1037234419.7194594,193282789.89090827,22.902
8HAYWOOD TN_360542,8MARSHALL KY_360015,35.54308246,-89.19654872,37.02455006,-88.39384277,215.54,500,514831001.02893996,740464375.5205722,225633374.49163222,43.827
8HIWASSEE TN_360110,8MARSHALL KY_360015,35.60032498,-84.78911434,37.02455006,-88.39384277,420.282,500,1021514623.1576222,1204063873.4592936,182549250.30167142,17.87
8LAG CRK CC_360615,8MARSHALL KY_360015,35.65702785,-89.39460044,37.02455006,-88.39384277,211.376,500,507106949.77154285,727538932.7510184,220431982.9794756,43.469
8JACKSON TN_360019,8MARSHALL KY_360015,35.70901203,-88.79407261,37.02455006,-88.39384277,178.271,500,426793374.9961066,624063065.245903,197269690.24979642,46.221
8ANDERSON TN_360120,8MARSHALL KY_360015,35.94503289,-84.38856432,37.02455006,-88.39384277,431.795,500,1057755920.380635,1208850383.4724326,151094463.0917976,14.284
8BULL RUN FP_360093,8MARSHALL KY_360015,36.01895969,-84.15785445,37.02455006,-88.39384277,486.272,500,1191315886.2772336,1319983600.7087507,128667714.43151708,10.8
8JVILLE FP_360037,8MARSHALL KY_360015,36.02382902,-87.98154082,37.02455006,-88.39384277,145.335,500,354955762.7675397,416507961.2168832,61552198.44934353,17.341
8DAVIDSON TN_360048,8MARSHALL KY_360015,36.06703747,-86.9841046,37.02455006,-88.39384277,203.497,500,501243877.03368443,651541057.8488746,150297180.81519008,29.985
8GLEASON CT_360582,8MARSHALL KY_360015,36.24522988,-88.6114255,37.02455006,-88.39384277,111.429,500,267326963.2762127,381488385.2247848,114161421.9485721,42.705
8LAG CRK CT_360568,8MARSHALL KY_360015,36.27534882,-88.83423675,37.02455006,-88.39384277,118.534,500,286398591.77265763,409549820.8724978,123151229.09984016,43.0
8CUMBERLAND_360040,8MARSHALL KY_360015,36.3921331,-87.65747953,37.02455006,-88.39384277,130.503,500,320842004.4373987,392630363.5522363,71788359.11483768,22.375
7SHAWNEE FP_360002,8MARSHALL KY_360015,37.150267,-88.778122,37.02455006,-88.39384277,137.451,500,329845967.4194133,478768459.72264814,148922492.30323482,45.149
