{"type":"FeatureCollection","crs":{"type":"name","properties":{"name":"EPSG:4326"}},"features":[{"type":"Feature","geometry":{"type":"MultiPolygon","coordinates":[[[[-118.083012142,34.237689598],[-118.083021974,34.2376689590001],[-118.083039776,34.2376794570001],[-118.083070906,34.2376978120001],[-118.083025194,34.2378320650001],[-118.082967661,34.237782967],[-118.083012142,34.237689598]]],[[[-118.083667743,34.236542199],[-118.083755859,34.236452151],[-118.083971021,34.236615074],[-118.083970754,34.236618121],[-118.083970175,34.236624695],[-118.083950084,34.2368531320001],[-118.083828425,34.2368116760001],[-118.083659041,34.2365512430001],[-118.083667743,34.236542199]]],[[[-118.093003762,34.1664590770001],[-118.093032463,34.166456989],[-118.093061165,34.166459076],[-118.093088996,34.1664652750001],[-118.093115107,34.1664753960001],[-118.093138708,34.166489133],[-118.09315908,34.1665060660001],[-118.093175605,34.1665256840001],[-118.093187782,34.1665473890001],[-118.093195238,34.166570521],[-118.09319775,34.1665943780001],[-118.093195239,34.1666182370001],[-118.093187782,34.1666413680001],[-118.093175605,34.1666630730001],[-118.09315908,34.1666826910001],[-118.093138707,34.166699626],[-118.093115107,34.1667133620001],[-118.093088995,34.1667234830001],[-118.093061166,34.166729681],[-118.093032465,34.1667317690001],[-118.093003763,34.166729682],[-118.092975931,34.1667234830001],[-118.092949821,34.1667133620001],[-118.09292622,34.166699625],[-118.092905848,34.1666826910001],[-118.092889323,34.1666630730001],[-118.092877146,34.166641369],[-118.092869689,34.166618236],[-118.092867178,34.1665943790001],[-118.092869689,34.166570521],[-118.092877146,34.1665473890001],[-118.092889323,34.1665256840001],[-118.092905848,34.1665060670001],[-118.092926221,34.166489132],[-118.092949821,34.1664753950001],[-118.092975933,34.1664652750001],[-118.093003762,34.1664590770001]]],[[[-118.094742923,34.166876415],[-118.094771625,34.1668743280001],[-118.094800327,34.166876415],[-118.094828155,34.166882613],[-118.094854268,34.166892735],[-118.09487787,34.1669064710001],[-118.094898242,34.166923405],[-118.094914768,34.166943023],[-118.094926944,34.166964727],[-118.0949344,34.1669878600001],[-118.094936912,34.167011717],[-118.094934401,34.1670355750001],[-118.094926944,34.167058707],[-118.094914768,34.1670804130001],[-118.094898242,34.16710003],[-118.09487787,34.1671169640001],[-118.094854268,34.1671307],[-118.094828156,34.167140821],[-118.094800327,34.1671470200001],[-118.094771625,34.1671491070001],[-118.094742924,34.1671470200001],[-118.094715094,34.1671408220001],[-118.094688982,34.1671307010001],[-118.094665381,34.1671169640001],[-118.094645008,34.16710003],[-118.094628483,34.1670804120001],[-118.094616306,34.1670587080001],[-118.094608849,34.1670355750001],[-118.094606339,34.167011718],[-118.09460885,34.1669878600001],[-118.094616307,34.166964728],[-118.094628483,34.1669430220001],[-118.094645009,34.166923405],[-118.094665382,34.1669064710001],[-118.094688983,34.166892735],[-118.094715095,34.166882614],[-118.094742923,34.166876415]]],[[[-118.099095638,34.167672768],[-118.09912434,34.1676706800001],[-118.099153042,34.167672768],[-118.099180872,34.167678966],[-118.099206984,34.167689087],[-118.099230585,34.1677028240001],[-118.099250956,34.167719757],[-118.099267483,34.1677393750001],[-118.09927966,34.16776108],[-118.099287117,34.1677842120001],[-118.099289628,34.16780807],[-118.099287117,34.1678319270001],[-118.099279659,34.1678550600001],[-118.099267483,34.1678767650001],[-118.099250958,34.167896382],[-118.099230585,34.1679133160001],[-118.099206984,34.167927053],[-118.099180872,34.167937174],[-118.099153042,34.167943372],[-118.09912434,34.1679454590001],[-118.099095638,34.167943372],[-118.099067808,34.167937173],[-118.099041697,34.167927053],[-118.099018095,34.1679133160001],[-118.098997722,34.167896383],[-118.098981197,34.167876764],[-118.09896902,34.1678550600001],[-118.098961563,34.1678319270001],[-118.098959052,34.16780807],[-118.098961563,34.1677842120001],[-118.09896902,34.1677610790001],[-118.098981197,34.1677393750001],[-118.098997722,34.167719757],[-118.099018095,34.1677028230001],[-118.099041696,34.167689087],[-118.099067808,34.1676789650001],[-118.099095638,34.167672768]]],[[[-118.096567996,34.167704975],[-118.096596698,34.1677028880001],[-118.0966254,34.167704976],[-118.09665323,34.167711174],[-118.096679342,34.167721295],[-118.096702943,34.1677350310001],[-118.096723317,34.167751965],[-118.096739842,34.167771583],[-118.096752018,34.167793288],[-118.096759475,34.1678164210001],[-118.096761986,34.167840278],[-118.096759476,34.1678641350001],[-118.096752018,34.1678872680001],[-118.096739842,34.1679089720001],[-118.096723316,34.16792859],[-118.096702943,34.1679455240001],[-118.096679342,34.1679592610001],[-118.09665323,34.167969382],[-118.0966254,34.1679755810001],[-118.096596698,34.167977668],[-118.096567996,34.1679755800001],[-118.096540166,34.167969382],[-118.096514054,34.1679592610001],[-118.096490453,34.1679455240001],[-118.09647008,34.1679285910001],[-118.096453555,34.1679089730001],[-118.096441378,34.1678872680001],[-118.096433921,34.1678641350001],[-118.09643141,34.167840278],[-118.096433921,34.1678164210001],[-118.096441378,34.167793288],[-118.096453555,34.167771583],[-118.096470081,34.167751966],[-118.096490453,34.1677350320001],[-118.096514054,34.167721295],[-118.096540166,34.167711174],[-118.096567996,34.167704975]]],[[[-118.093035715,34.1680115130001],[-118.093064417,34.168009425],[-118.09309312,34.1680115120001],[-118.09312095,34.1680177100001],[-118.093147063,34.1680278320001],[-118.093170663,34.168041568],[-118.093191036,34.1680585020001],[-118.093207562,34.1680781200001],[-118.093219738,34.1680998250001],[-118.093227196,34.168122957],[-118.093229707,34.1681468140001],[-118.093227195,34.168170672],[-118.093219738,34.168193805],[-118.093207562,34.168215509],[-118.093191037,34.1682351270001],[-118.093170663,34.168252061],[-118.093147063,34.168265798],[-118.09312095,34.1682759180001],[-118.093093121,34.168282117],[-118.093064418,34.168284204],[-118.093035716,34.168282117],[-118.093007884,34.1682759190001],[-118.092981773,34.1682657970001],[-118.092958173,34.1682520620001],[-118.0929378,34.1682351270001],[-118.092921274,34.168215509],[-118.092909098,34.1681938040001],[-118.09290164,34.168170672],[-118.092899129,34.1681468150001],[-118.092901641,34.168122957],[-118.092909098,34.168099824],[-118.092921274,34.1680781200001],[-118.0929378,34.1680585020001],[-118.092958173,34.168041568],[-118.092981773,34.1680278320001],[-118.093007886,34.1680177110001],[-118.093035715,34.1680115130001]]],[[[-118.072443457,34.1690045820001],[-118.072472159,34.169002495],[-118.072500862,34.1690045820001],[-118.072528692,34.1690107800001],[-118.072554805,34.1690209010001],[-118.072578406,34.169034638],[-118.072598779,34.1690515710001],[-118.072615305,34.1690711890001],[-118.072627481,34.1690928940001],[-118.072634938,34.169116027],[-118.07263745,34.1691398830001],[-118.072634938,34.169163741],[-118.072627482,34.1691868730001],[-118.072615306,34.1692085780001],[-118.07259878,34.1692281960001],[-118.072578406,34.16924513],[-118.072554805,34.1692588670001],[-118.072528692,34.1692689870001],[-118.072500862,34.169275186],[-118.07247216,34.169277273],[-118.072443457,34.169275186],[-118.072415627,34.1692689870001],[-118.072389514,34.1692588660001],[-118.072365912,34.16924513],[-118.072345538,34.1692281960001],[-118.072329013,34.169208579],[-118.072316836,34.169186874],[-118.07230938,34.169163741],[-118.072306868,34.1691398840001],[-118.072309379,34.169116026],[-118.072316837,34.1690928940001],[-118.072329012,34.1690711890001],[-118.072345539,34.1690515710001],[-118.072365913,34.169034637],[-118.072389514,34.1690209010001],[-118.072415626,34.1690107800001],[-118.072443457,34.1690045820001]]],[[[-118.100052321,34.1695573280001],[-118.100081024,34.1695552410001],[-118.100109726,34.169557329],[-118.100137557,34.169563527],[-118.100163669,34.169573648],[-118.100187271,34.1695873840001],[-118.100207644,34.169604318],[-118.10022417,34.1696239360001],[-118.100236345,34.1696456400001],[-118.100243804,34.1696687730001],[-118.100246316,34.169692631],[-118.100243803,34.1697164880001],[-118.100236346,34.16973962],[-118.10022417,34.169761325],[-118.100207645,34.169780943],[-118.100187271,34.1697978770001],[-118.100163669,34.169811614],[-118.100137556,34.169821735],[-118.100109726,34.1698279330001],[-118.100081023,34.1698300200001],[-118.10005232,34.1698279330001],[-118.10002449,34.169821735],[-118.099998377,34.169811614],[-118.099974776,34.1697978780001],[-118.099954403,34.169780943],[-118.099937876,34.1697613260001],[-118.0999257,34.1697396210001],[-118.099918243,34.1697164880001],[-118.09991573,34.16969263],[-118.099918243,34.1696687730001],[-118.0999257,34.169645641],[-118.099937877,34.1696239360001],[-118.099954402,34.169604319],[-118.099974776,34.1695873850001],[-118.099998378,34.169573648],[-118.100024491,34.169563526],[-118.100052321,34.1695573280001]]],[[[-118.098683805,34.170007055],[-118.098712508,34.1700049680001],[-118.09874121,34.170007055],[-118.098769041,34.170013253],[-118.098795155,34.170023375],[-118.098818756,34.1700371110001],[-118.09883913,34.170054045],[-118.098855656,34.170073662],[-118.098867832,34.170095367],[-118.098875289,34.1701185000001],[-118.0988778,34.170142357],[-118.09887529,34.1701662150001],[-118.098867832,34.1701893470001],[-118.098855655,34.170211051],[-118.09883913,34.17023067],[-118.098818756,34.1702476040001],[-118.098795155,34.17026134],[-118.098769041,34.170271461],[-118.098741211,34.1702776600001],[-118.098712509,34.1702797470001],[-118.098683806,34.1702776600001],[-118.098655975,34.170271461],[-118.098629861,34.17026134],[-118.09860626,34.1702476040001],[-118.098585887,34.170230669],[-118.09856936,34.1702110520001],[-118.098557184,34.1701893470001],[-118.098549727,34.1701662150001],[-118.098547216,34.1701423580001],[-118.098549727,34.1701184990001],[-118.098557184,34.170095367],[-118.098569361,34.170073663],[-118.098585887,34.170054045],[-118.09860626,34.1700371110001],[-118.098629862,34.170023374],[-118.098655974,34.170013253],[-118.098683805,34.170007055]]],[[[-118.065513087,34.170613544],[-118.06554179,34.1706114570001],[-118.065570494,34.170613544],[-118.065598325,34.170619743],[-118.065624436,34.170629863],[-118.065648039,34.1706435990001],[-118.065668413,34.170660534],[-118.065684939,34.170680152],[-118.065697116,34.1707018560001],[-118.065704573,34.1707249890001],[-118.065707084,34.170748846],[-118.065704574,34.1707727040001],[-118.065697115,34.170795836],[-118.06568494,34.1708175410001],[-118.065668412,34.170837158],[-118.065648039,34.1708540930001],[-118.065624437,34.170867829],[-118.065598325,34.1708779510001],[-118.065570494,34.170884148],[-118.065541791,34.1708862360001],[-118.065513087,34.1708841490001],[-118.065485256,34.17087795],[-118.065459143,34.170867829],[-118.065435541,34.1708540930001],[-118.065415168,34.170837158],[-118.065398642,34.1708175410001],[-118.065386464,34.1707958370001],[-118.065379008,34.1707727030001],[-118.065376497,34.170748846],[-118.065379008,34.1707249890001],[-118.065386466,34.1707018560001],[-118.065398642,34.1706801510001],[-118.065415169,34.170660534],[-118.065435542,34.1706436000001],[-118.065459144,34.170629864],[-118.065485257,34.170619742],[-118.065513087,34.170613544]]],[[[-118.076195348,34.1705670650001],[-118.07622405,34.1705649780001],[-118.076252753,34.1705670650001],[-118.076280584,34.1705732630001],[-118.076306697,34.1705833840001],[-118.076330299,34.1705971210001],[-118.076350672,34.170614055],[-118.076367198,34.1706336720001],[-118.076379375,34.1706553770001],[-118.076386832,34.1706785100001],[-118.076389344,34.170702367],[-118.076386832,34.1707262250001],[-118.076379376,34.170749357],[-118.076367199,34.170771062],[-118.076350673,34.17079068],[-118.076330299,34.1708076140001],[-118.076306697,34.17082135],[-118.076280584,34.170831472],[-118.076252753,34.17083767],[-118.07622405,34.1708397570001],[-118.076195347,34.170837669],[-118.076167516,34.170831472],[-118.076141403,34.17082135],[-118.076117801,34.1708076140001],[-118.076097428,34.170790679],[-118.076080901,34.170771062],[-118.076068725,34.1707493580001],[-118.076061268,34.1707262240001],[-118.076058756,34.170702368],[-118.076061268,34.1706785100001],[-118.076068725,34.1706553770001],[-118.076080901,34.1706336720001],[-118.076097428,34.170614055],[-118.076117802,34.1705971210001],[-118.076141403,34.170583385],[-118.076167517,34.1705732630001],[-118.076195348,34.1705670650001]]],[[[-118.057223734,34.1715693470001],[-118.057252438,34.1715672600001],[-118.057281141,34.1715693470001],[-118.057308973,34.1715755450001],[-118.057335085,34.1715856660001],[-118.057358688,34.1715994030001],[-118.057379062,34.1716163360001],[-118.057395588,34.1716359540001],[-118.057407764,34.1716576590001],[-118.057415222,34.1716807920001],[-118.057417733,34.171704649],[-118.057415222,34.1717285060001],[-118.057407764,34.171751639],[-118.057395588,34.171773344],[-118.057379062,34.1717929610001],[-118.057358688,34.171809895],[-118.057335086,34.1718236310001],[-118.057308972,34.171833753],[-118.057281141,34.171839951],[-118.057252438,34.1718420380001],[-118.057223734,34.171839951],[-118.057195903,34.171833753],[-118.05716979,34.171823632],[-118.057146188,34.171809895],[-118.057125813,34.171792962],[-118.057109288,34.171773344],[-118.057097111,34.171751639],[-118.057089653,34.1717285060001],[-118.057087142,34.171704649],[-118.057089653,34.171680791],[-118.05709711,34.1716576590001],[-118.057109288,34.1716359540001],[-118.057125814,34.171616337],[-118.057146188,34.1715994030001],[-118.05716979,34.171585667],[-118.057195904,34.1715755450001],[-118.057223734,34.1715693470001]]],[[[-118.056117176,34.1719944330001],[-118.05614588,34.171992346],[-118.056174583,34.1719944340001],[-118.056202415,34.172000632],[-118.056228528,34.1720107530001],[-118.05625213,34.1720244890001],[-118.056272504,34.1720414230001],[-118.05628903,34.1720610410001],[-118.056301208,34.1720827450001],[-118.056308664,34.172105878],[-118.056311176,34.1721297350001],[-118.056308665,34.1721535930001],[-118.056301208,34.172176726],[-118.056289031,34.172198431],[-118.056272505,34.172218048],[-118.056252131,34.1722349820001],[-118.056228528,34.172248719],[-118.056202414,34.1722588390001],[-118.056174584,34.172265038],[-118.05614588,34.1722671250001],[-118.056117176,34.172265037],[-118.056089346,34.1722588390001],[-118.056063231,34.172248718],[-118.056039629,34.1722349820001],[-118.056019256,34.172218048],[-118.056002729,34.172198431],[-118.055990551,34.172176726],[-118.055983095,34.1721535930001],[-118.055980583,34.1721297350001],[-118.055983095,34.172105878],[-118.055990553,34.1720827450001],[-118.056002729,34.1720610400001],[-118.056019255,34.1720414230001],[-118.056039629,34.1720244890001],[-118.056063232,34.1720107520001],[-118.056089345,34.172000632],[-118.056117176,34.1719944330001]]],[[[-118.075028789,34.1722937070001],[-118.075057493,34.1722916190001],[-118.075086197,34.1722937070001],[-118.075114028,34.172299906],[-118.075140142,34.172310026],[-118.075163744,34.1723237630001],[-118.075184117,34.172340697],[-118.075200645,34.1723603140001],[-118.075212821,34.1723820190001],[-118.075220278,34.1724051520001],[-118.07522279,34.172429009],[-118.075220279,34.1724528660001],[-118.07521282,34.172475999],[-118.075200645,34.172497703],[-118.075184118,34.172517321],[-118.075163745,34.1725342550001],[-118.075140142,34.172547992],[-118.075114028,34.172558113],[-118.075086197,34.172564311],[-118.075057494,34.1725663990001],[-118.075028788,34.172564311],[-118.075000958,34.172558113],[-118.074974845,34.172547992],[-118.074951243,34.1725342550001],[-118.074930869,34.172517321],[-118.074914341,34.1724977040001],[-118.074902165,34.172475999],[-118.074894707,34.1724528660001],[-118.074892196,34.172429009],[-118.074894708,34.1724051520001],[-118.074902165,34.1723820190001],[-118.074914342,34.1723603140001],[-118.074930868,34.172340697],[-118.074951242,34.1723237630001],[-118.074974845,34.172310026],[-118.075000958,34.172299905],[-118.075028789,34.1722937070001]]],[[[-118.072701969,34.172370679],[-118.072730673,34.1723685920001],[-118.072759376,34.17237068],[-118.072787207,34.172376877],[-118.072813321,34.172386998],[-118.072836924,34.1724007350001],[-118.072857297,34.172417669],[-118.072873824,34.172437286],[-118.072886001,34.172458991],[-118.072893459,34.1724821240001],[-118.072895969,34.1725059820001],[-118.072893459,34.1725298380001],[-118.072886001,34.1725529710001],[-118.072873824,34.1725746760001],[-118.072857298,34.1725942940001],[-118.072836924,34.1726112280001],[-118.072813321,34.1726249640001],[-118.072787207,34.172635085],[-118.072759377,34.1726412840001],[-118.072730672,34.172643371],[-118.072701969,34.1726412830001],[-118.072674138,34.1726350860001],[-118.072648024,34.1726249650001],[-118.072624421,34.1726112280001],[-118.072604047,34.1725942940001],[-118.072587521,34.1725746760001],[-118.072575344,34.1725529710001],[-118.072567886,34.172529839],[-118.072565376,34.172505981],[-118.072567887,34.1724821240001],[-118.072575345,34.172458991],[-118.072587521,34.172437287],[-118.072604048,34.172417669],[-118.072624423,34.1724007350001],[-118.072648025,34.172386999],[-118.072674138,34.1723768780001],[-118.072701969,34.172370679]]],[[[-118.074662819,34.172930966],[-118.074691523,34.1729288780001],[-118.074720226,34.172930965],[-118.074748057,34.172937163],[-118.074774172,34.1729472850001],[-118.074797774,34.172961021],[-118.074818148,34.1729779550001],[-118.074834674,34.172997573],[-118.074846852,34.173019278],[-118.074854309,34.1730424100001],[-118.07485682,34.1730662680001],[-118.074854309,34.173090125],[-118.074846852,34.1731132580001],[-118.074834676,34.1731349620001],[-118.074818148,34.1731545800001],[-118.074797775,34.173171514],[-118.074774172,34.1731852500001],[-118.074748058,34.1731953710001],[-118.074720226,34.1732015690001],[-118.074691522,34.173203657],[-118.074662819,34.1732015700001],[-118.074634987,34.1731953720001],[-118.074608873,34.1731852500001],[-118.074585271,34.173171514],[-118.074564896,34.1731545800001],[-118.07454837,34.1731349620001],[-118.074536193,34.1731132580001],[-118.074528736,34.173090125],[-118.074526225,34.173066267],[-118.074528736,34.1730424100001],[-118.074536193,34.173019277],[-118.07454837,34.172997573],[-118.074564897,34.1729779550001],[-118.074585271,34.172961021],[-118.074608873,34.1729472850001],[-118.074634988,34.1729371640001],[-118.074662819,34.172930966]]],[[[-118.074283526,34.173200652],[-118.074312228,34.1731985650001],[-118.074340934,34.173200652],[-118.074368766,34.17320685],[-118.074394879,34.173216971],[-118.074418481,34.1732307080001],[-118.074438856,34.173247642],[-118.074455381,34.1732672590001],[-118.07446756,34.1732889640001],[-118.074475017,34.1733120970001],[-118.074477528,34.173335954],[-118.074475017,34.1733598120001],[-118.07446756,34.173382944],[-118.074455383,34.1734046490001],[-118.074438856,34.173424267],[-118.074418482,34.1734412000001],[-118.074394879,34.173454937],[-118.074368765,34.173465058],[-118.074340933,34.173471256],[-118.07431223,34.1734733440001],[-118.074283526,34.173471256],[-118.074255694,34.173465058],[-118.07422958,34.1734549380001],[-118.074205978,34.1734412010001],[-118.074185603,34.173424267],[-118.074169077,34.1734046490001],[-118.074156899,34.1733829450001],[-118.074149442,34.1733598120001],[-118.074146931,34.173335955],[-118.074149442,34.1733120970001],[-118.074156899,34.173288965],[-118.074169077,34.17326726],[-118.074185604,34.173247642],[-118.074205978,34.1732307080001],[-118.07422958,34.173216971],[-118.074255694,34.173206851],[-118.074283526,34.173200652]]],[[[-118.098579187,34.175146828],[-118.098607891,34.1751447400001],[-118.098636596,34.175146828],[-118.098664429,34.175153025],[-118.098690542,34.175163147],[-118.098714146,34.1751768830001],[-118.09873452,34.175193817],[-118.098751047,34.175213435],[-118.098763225,34.17523514],[-118.098770682,34.1752582720001],[-118.098773193,34.175282129],[-118.098770683,34.1753059870001],[-118.098763225,34.175329119],[-118.098751048,34.1753508250001],[-118.098734521,34.175370442],[-118.098714146,34.1753873760001],[-118.098690543,34.175401112],[-118.098664428,34.175411233],[-118.098636596,34.1754174320001],[-118.098607892,34.1754195190001],[-118.098579187,34.175417431],[-118.098551354,34.175411234],[-118.09852524,34.175401112],[-118.098501637,34.1753873760001],[-118.098481262,34.175370442],[-118.098464735,34.1753508240001],[-118.098452557,34.175329119],[-118.098445101,34.1753059870001],[-118.098442589,34.17528213],[-118.098445099,34.1752582720001],[-118.098452558,34.17523514],[-118.098464735,34.175213435],[-118.098481262,34.175193817],[-118.098501637,34.1751768840001],[-118.09852524,34.175163147],[-118.098551355,34.175153026],[-118.098579187,34.175146828]]],[[[-118.098804674,34.1757660330001],[-118.098833379,34.1757639460001],[-118.098862082,34.1757660330001],[-118.098889916,34.1757722310001],[-118.09891603,34.1757823520001],[-118.098939633,34.175796088],[-118.098960008,34.1758130220001],[-118.098976536,34.1758326400001],[-118.098988713,34.1758543450001],[-118.09899617,34.175877477],[-118.098998682,34.175901335],[-118.098996171,34.1759251920001],[-118.098988713,34.175948325],[-118.098976535,34.17597003],[-118.098960008,34.175989648],[-118.098939634,34.1760065820001],[-118.09891603,34.1760203170001],[-118.098889916,34.176030439],[-118.098862083,34.176036637],[-118.098833378,34.1760387240001],[-118.098804674,34.176036637],[-118.098776841,34.176030439],[-118.098750727,34.176020318],[-118.098727123,34.1760065820001],[-118.098706748,34.175989648],[-118.098690221,34.17597003],[-118.098678042,34.175948325],[-118.098670586,34.1759251920001],[-118.098668074,34.175901335],[-118.098670586,34.175877477],[-118.098678044,34.1758543450001],[-118.098690221,34.1758326400001],[-118.098706749,34.175813023],[-118.098727123,34.175796088],[-118.098750727,34.175782353],[-118.098776841,34.1757722310001],[-118.098804674,34.1757660330001]]],[[[-118.136354295,34.1765141980001],[-118.136382999,34.1765121110001],[-118.136411705,34.1765141980001],[-118.136439538,34.1765203960001],[-118.136465653,34.1765305170001],[-118.136489256,34.176544253],[-118.136509632,34.1765611880001],[-118.136526158,34.1765808050001],[-118.136538336,34.1766025090001],[-118.136545794,34.176625642],[-118.136548306,34.1766495000001],[-118.136545795,34.176673357],[-118.136538337,34.17669649],[-118.136526159,34.176718194],[-118.136509631,34.1767378120001],[-118.136489257,34.176754746],[-118.136465653,34.176768483],[-118.136439539,34.1767786030001],[-118.136411705,34.176784802],[-118.136383,34.176786889],[-118.136354295,34.176784802],[-118.136326463,34.1767786030001],[-118.136300348,34.176768483],[-118.136276744,34.176754746],[-118.136256369,34.1767378120001],[-118.136239842,34.176718194],[-118.136227665,34.17669649],[-118.136220206,34.176673357],[-118.136217695,34.1766495000001],[-118.136220206,34.176625642],[-118.136227664,34.1766025100001],[-118.136239843,34.1765808050001],[-118.13625637,34.1765611870001],[-118.136276744,34.1765442540001],[-118.136300348,34.1765305170001],[-118.136326461,34.1765203960001],[-118.136354295,34.1765141980001]]],[[[-118.105110073,34.1841932630001],[-118.10513878,34.1841911760001],[-118.105167487,34.1841932630001],[-118.105195322,34.184199461],[-118.10522144,34.1842095820001],[-118.105245045,34.1842233190001],[-118.105265422,34.1842402520001],[-118.105281951,34.1842598700001],[-118.10529413,34.1842815750001],[-118.105301588,34.184304707],[-118.1053041,34.184328565],[-118.105301587,34.1843524220001],[-118.10529413,34.184375555],[-118.105281952,34.18439726],[-118.105265422,34.184416877],[-118.105245046,34.1844338110001],[-118.10522144,34.184447548],[-118.105195323,34.1844576680001],[-118.105167487,34.184463866],[-118.10513878,34.1844659540001],[-118.105110073,34.184463867],[-118.105082237,34.1844576680001],[-118.105056119,34.184447547],[-118.105032514,34.1844338110001],[-118.105012137,34.184416877],[-118.104995609,34.184397259],[-118.10498343,34.184375555],[-118.104975972,34.1843524220001],[-118.104973459,34.184328565],[-118.104975972,34.1843047080001],[-118.10498343,34.1842815750001],[-118.104995608,34.1842598710001],[-118.105012138,34.184240253],[-118.105032514,34.1842233190001],[-118.10505612,34.1842095820001],[-118.105082238,34.184199461],[-118.105110073,34.1841932630001]]],[[[-118.105150175,34.184503385],[-118.105178883,34.184501298],[-118.10520759,34.184503385],[-118.105235426,34.1845095830001],[-118.105261544,34.184519704],[-118.105285149,34.1845334400001],[-118.105305526,34.184550374],[-118.105322054,34.184569992],[-118.105334233,34.184591697],[-118.105341692,34.1846148290001],[-118.105344204,34.1846386870001],[-118.105341692,34.184662544],[-118.105334233,34.1846856770001],[-118.105322055,34.1847073820001],[-118.105305526,34.1847269990001],[-118.105285149,34.184743933],[-118.105261543,34.1847576690001],[-118.105235426,34.18476779],[-118.10520759,34.1847739880001],[-118.105178883,34.184776076],[-118.105150175,34.1847739890001],[-118.10512234,34.18476779],[-118.105096222,34.1847576690001],[-118.105072617,34.184743933],[-118.105052239,34.1847269990001],[-118.105035711,34.1847073810001],[-118.105023531,34.1846856770001],[-118.105016074,34.184662544],[-118.105013562,34.1846386870001],[-118.105016074,34.18461483],[-118.105023532,34.184591697],[-118.10503571,34.184569992],[-118.10505224,34.1845503750001],[-118.105072617,34.184533441],[-118.105096222,34.184519704],[-118.10512234,34.1845095830001],[-118.105150175,34.184503385]]],[[[-118.105545981,34.184614595],[-118.105574687,34.184612509],[-118.105603396,34.1846145960001],[-118.105631231,34.1846207940001],[-118.105657348,34.1846309150001],[-118.105680954,34.184644651],[-118.105701331,34.1846615860001],[-118.105717859,34.184681203],[-118.105730039,34.1847029080001],[-118.105737497,34.18472604],[-118.105740008,34.1847498980001],[-118.105737497,34.184773755],[-118.105730039,34.1847968870001],[-118.10571786,34.1848185920001],[-118.105701332,34.1848382100001],[-118.105680955,34.184855144],[-118.105657348,34.1848688800001],[-118.105631231,34.1848790020001],[-118.105603395,34.1848852000001],[-118.105574688,34.184887287],[-118.10554598,34.1848852000001],[-118.105518144,34.1848790010001],[-118.105492028,34.1848688800001],[-118.105468421,34.184855144],[-118.105448045,34.1848382090001],[-118.105431514,34.1848185920001],[-118.105419336,34.1847968870001],[-118.105411879,34.184773754],[-118.105409366,34.1847498980001],[-118.105411879,34.18472604],[-118.105419337,34.1847029080001],[-118.105431516,34.184681203],[-118.105448044,34.1846615850001],[-118.105468421,34.184644651],[-118.105492028,34.1846309150001],[-118.105518145,34.1846207940001],[-118.105545981,34.184614595]]],[[[-118.157556032,34.185696341],[-118.157584739,34.1856942540001],[-118.157613448,34.185696341],[-118.157641283,34.1857025400001],[-118.1576674,34.185712661],[-118.157691007,34.1857263970001],[-118.157711384,34.185743331],[-118.157727912,34.185762948],[-118.157740092,34.185784654],[-118.157747551,34.1858077860001],[-118.157750062,34.185831643],[-118.157747551,34.185855501],[-118.157740093,34.1858786330001],[-118.157727914,34.1859003370001],[-118.157711384,34.185919955],[-118.157691007,34.1859368900001],[-118.157667402,34.185950625],[-118.157641283,34.185960747],[-118.157613447,34.1859669450001],[-118.157584738,34.1859690320001],[-118.157556031,34.1859669450001],[-118.157528195,34.185960747],[-118.157502078,34.185950625],[-118.157478471,34.1859368890001],[-118.157458094,34.185919955],[-118.157441565,34.1859003380001],[-118.157429386,34.1858786330001],[-118.157421928,34.1858555000001],[-118.157419417,34.185831643],[-118.157421928,34.1858077850001],[-118.157429386,34.185784653],[-118.157441565,34.185762949],[-118.157458095,34.185743331],[-118.157478471,34.1857263970001],[-118.157502077,34.185712661],[-118.157528196,34.1857025400001],[-118.157556032,34.185696341]]],[[[-118.104684065,34.185987583],[-118.104712773,34.1859854960001],[-118.104741482,34.185987584],[-118.104769317,34.185993782],[-118.104795435,34.186003903],[-118.104819041,34.1860176390001],[-118.104839418,34.1860345740001],[-118.104855948,34.186054191],[-118.104868127,34.186075895],[-118.104875585,34.1860990280001],[-118.104878097,34.186122885],[-118.104875584,34.1861467430001],[-118.104868127,34.1861698750001],[-118.104855948,34.1861915800001],[-118.104839418,34.186211198],[-118.104819042,34.1862281320001],[-118.104795435,34.186241868],[-118.104769318,34.186251989],[-118.104741482,34.1862581880001],[-118.104712773,34.1862602750001],[-118.104684065,34.1862581870001],[-118.10465623,34.186251989],[-118.104630111,34.186241868],[-118.104606506,34.1862281320001],[-118.104586128,34.186211197],[-118.104569598,34.1861915800001],[-118.10455742,34.1861698760001],[-118.104549961,34.1861467430001],[-118.10454745,34.1861228860001],[-118.104549961,34.1860990280001],[-118.10455742,34.186075896],[-118.104569599,34.186054191],[-118.104586129,34.186034573],[-118.104606505,34.1860176390001],[-118.104630112,34.186003903],[-118.104656229,34.185993782],[-118.104684065,34.185987583]]],[[[-118.157679102,34.185982992],[-118.15770781,34.1859809050001],[-118.157736518,34.185982992],[-118.157764354,34.185989191],[-118.157790472,34.185999312],[-118.157814078,34.1860130480001],[-118.157834455,34.186029982],[-118.157850984,34.1860495990001],[-118.157863164,34.1860713040001],[-118.157870622,34.1860944370001],[-118.157873133,34.186118294],[-118.157870622,34.1861421520001],[-118.157863164,34.186165284],[-118.157850985,34.1861869890001],[-118.157834455,34.186206606],[-118.157814078,34.1862235400001],[-118.157790471,34.186237277],[-118.157764354,34.186247398],[-118.157736518,34.186253596],[-118.157707811,34.1862556830001],[-118.157679101,34.186253596],[-118.157651266,34.186247398],[-118.157625148,34.186237276],[-118.157601541,34.1862235400001],[-118.157581165,34.186206606],[-118.157564635,34.1861869890001],[-118.157552456,34.186165284],[-118.157544999,34.1861421510001],[-118.157542486,34.186118294],[-118.157544998,34.1860944370001],[-118.157552456,34.1860713040001],[-118.157564635,34.1860495990001],[-118.157581165,34.186029982],[-118.157601542,34.1860130480001],[-118.157625148,34.185999311],[-118.157651266,34.185989191],[-118.157679102,34.185982992]]],[[[-118.154393625,34.186008466],[-118.154422333,34.186006379],[-118.15445104,34.186008466],[-118.154478877,34.186014664],[-118.154504995,34.186024785],[-118.154528601,34.1860385210001],[-118.154548978,34.1860554560001],[-118.154565507,34.186075073],[-118.154577686,34.186096778],[-118.154585144,34.186119911],[-118.154587656,34.1861437680001],[-118.154585145,34.186167626],[-118.154577686,34.1861907580001],[-118.154565506,34.1862124620001],[-118.154548978,34.18623208],[-118.154528601,34.1862490140001],[-118.154504995,34.1862627510001],[-118.154478877,34.186272871],[-118.154451041,34.1862790700001],[-118.154422333,34.1862811570001],[-118.154393625,34.1862790700001],[-118.154365789,34.1862728720001],[-118.154339671,34.1862627510001],[-118.154316064,34.1862490140001],[-118.154295687,34.18623208],[-118.154279157,34.1862124620001],[-118.154266979,34.1861907580001],[-118.154259521,34.1861676250001],[-118.154257009,34.1861437680001],[-118.15425952,34.1861199100001],[-118.15426698,34.186096778],[-118.154279159,34.186075073],[-118.154295688,34.1860554560001],[-118.154316066,34.1860385210001],[-118.154339671,34.186024785],[-118.154365789,34.186014664],[-118.154393625,34.186008466]]],[[[-118.157203048,34.186043727],[-118.157231757,34.18604164],[-118.157260464,34.186043727],[-118.1572883,34.1860499250001],[-118.157314418,34.1860600460001],[-118.157338024,34.186073783],[-118.157358402,34.1860907170001],[-118.15737493,34.186110335],[-118.157387108,34.186132039],[-118.157394568,34.186155172],[-118.15739708,34.1861790290001],[-118.157394568,34.186202886],[-118.15738711,34.1862260190001],[-118.157374931,34.1862477240001],[-118.1573584,34.1862673420001],[-118.157338024,34.186284276],[-118.157314418,34.1862980110001],[-118.1572883,34.1863081330001],[-118.157260464,34.1863143310001],[-118.157231756,34.186316418],[-118.157203048,34.1863143310001],[-118.157175211,34.1863081330001],[-118.157149094,34.1862980120001],[-118.157125488,34.186284276],[-118.157105111,34.1862673410001],[-118.157088582,34.1862477230001],[-118.157076403,34.1862260190001],[-118.157068944,34.186202886],[-118.157066432,34.1861790290001],[-118.157068944,34.186155172],[-118.157076402,34.186132039],[-118.157088582,34.186110334],[-118.157105111,34.1860907170001],[-118.157125488,34.1860737820001],[-118.157149095,34.1860600470001],[-118.157175212,34.1860499250001],[-118.157203048,34.186043727]]],[[[-118.159588258,34.1891651510001],[-118.159616967,34.189163063],[-118.159645676,34.1891651510001],[-118.159673513,34.189171349],[-118.15969963,34.1891814700001],[-118.159723239,34.1891952060001],[-118.159743616,34.189212141],[-118.159760147,34.1892317580001],[-118.159772325,34.1892534630001],[-118.159779785,34.189276595],[-118.159782297,34.1893004520001],[-118.159779785,34.1893243100001],[-118.159772326,34.189347442],[-118.159760147,34.189369147],[-118.159743617,34.189388765],[-118.159723239,34.189405698],[-118.159699632,34.189419435],[-118.159673513,34.1894295560001],[-118.159645676,34.189435754],[-118.159616967,34.1894378420001],[-118.159588257,34.189435754],[-118.15956042,34.1894295560001],[-118.159534302,34.189419435],[-118.159510695,34.1894056990001],[-118.159490316,34.1893887640001],[-118.159473787,34.189369147],[-118.159461608,34.189347442],[-118.159454148,34.189324309],[-118.159451636,34.189300453],[-118.159454149,34.189276595],[-118.159461608,34.1892534620001],[-118.159473787,34.1892317570001],[-118.159490315,34.1892121400001],[-118.159510694,34.1891952070001],[-118.159534301,34.1891814700001],[-118.159560421,34.189171349],[-118.159588258,34.1891651510001]]],[[[-118.160177492,34.1917821930001],[-118.160206201,34.1917801070001],[-118.160234912,34.191782194],[-118.16026275,34.191788392],[-118.160288869,34.191798513],[-118.160312477,34.1918122500001],[-118.160332855,34.191829183],[-118.160349386,34.191848801],[-118.160361565,34.1918705050001],[-118.160369024,34.1918936390001],[-118.160371536,34.191917495],[-118.160369025,34.1919413530001],[-118.160361566,34.1919644860001],[-118.160349386,34.1919861910001],[-118.160332856,34.192005808],[-118.160312477,34.1920227420001],[-118.16028887,34.192036478],[-118.16026275,34.192046599],[-118.160234912,34.1920527980001],[-118.160206202,34.1920548850001],[-118.160177491,34.192052797],[-118.160149653,34.1920466],[-118.160123534,34.192036478],[-118.160099927,34.1920227420001],[-118.160079548,34.192005808],[-118.160063018,34.1919861910001],[-118.160050838,34.1919644860001],[-118.160043379,34.1919413530001],[-118.160040867,34.191917496],[-118.160043378,34.1918936380001],[-118.160050838,34.191870506],[-118.160063018,34.191848801],[-118.160079548,34.191829183],[-118.160099926,34.1918122500001],[-118.160123534,34.191798514],[-118.160149654,34.191788392],[-118.160177492,34.1917821930001]]],[[[-118.157177035,34.200693083],[-118.157205748,34.200690996],[-118.157234462,34.200693083],[-118.157262301,34.2006992820001],[-118.157288424,34.2007094030001],[-118.157312035,34.200723139],[-118.157332415,34.2007400730001],[-118.157348948,34.20075969],[-118.157361128,34.200781394],[-118.157368588,34.2008045270001],[-118.1573711,34.2008283850001],[-118.157368588,34.2008522410001],[-118.157361129,34.2008753740001],[-118.157348947,34.2008970790001],[-118.157332416,34.200916696],[-118.157312035,34.2009336300001],[-118.157288425,34.200947367],[-118.157262302,34.200957488],[-118.157234462,34.2009636860001],[-118.157205749,34.2009657730001],[-118.157177034,34.2009636860001],[-118.157149195,34.200957487],[-118.157123072,34.200947366],[-118.157099461,34.2009336300001],[-118.157079081,34.200916696],[-118.157062548,34.200897078],[-118.157050368,34.2008753750001],[-118.157042908,34.2008522410001],[-118.157040396,34.200828384],[-118.157042908,34.2008045270001],[-118.157050368,34.200781394],[-118.15706255,34.20075969],[-118.157079081,34.200740072],[-118.157099462,34.2007231380001],[-118.157123072,34.200709402],[-118.157149195,34.200699281],[-118.157177035,34.200693083]]],[[[-118.099694603,34.167389003],[-118.099723305,34.1673869160001],[-118.099752007,34.167389003],[-118.099779837,34.167395201],[-118.099805948,34.167405322],[-118.09982955,34.1674190580001],[-118.099849921,34.167435993],[-118.099866448,34.167455611],[-118.099878624,34.167477315],[-118.099886081,34.1675004480001],[-118.099888593,34.167524305],[-118.099886082,34.1675481620001],[-118.099878624,34.1675712950001],[-118.099866448,34.1675930000001],[-118.099860596,34.167599947],[-118.099860876,34.1676026110001],[-118.099858365,34.167626468],[-118.099850908,34.1676496010001],[-118.099838733,34.167671306],[-118.099822206,34.1676909230001],[-118.099801833,34.167707858],[-118.099778233,34.1677215940001],[-118.09975212,34.1677317150001],[-118.099724291,34.1677379130001],[-118.099695589,34.167740001],[-118.099666887,34.1677379130001],[-118.099639056,34.1677317150001],[-118.099612945,34.1677215940001],[-118.099589343,34.167707858],[-118.099568971,34.1676909230001],[-118.099552445,34.1676713050001],[-118.099540269,34.1676496010001],[-118.099532812,34.167626468],[-118.099530301,34.1676026110001],[-118.099532812,34.167578753],[-118.099540269,34.16755562],[-118.099552445,34.167533916],[-118.099558297,34.1675269690001],[-118.099558017,34.167524305],[-118.099560528,34.1675004480001],[-118.099567986,34.167477315],[-118.099580162,34.16745561],[-118.099596688,34.167435993],[-118.099617061,34.1674190580001],[-118.099640661,34.167405322],[-118.099666773,34.167395201],[-118.099694603,34.167389003]]],[[[-118.106128925,34.1830990460001],[-118.106157632,34.1830969590001],[-118.10618634,34.1830990460001],[-118.106214175,34.183105244],[-118.106240291,34.183115365],[-118.106263897,34.1831291020001],[-118.106284273,34.183146036],[-118.106300802,34.183165654],[-118.106312981,34.1831873580001],[-118.10632044,34.1832104910001],[-118.106322951,34.183234348],[-118.106320439,34.1832582060001],[-118.106312981,34.183281338],[-118.106300803,34.183303043],[-118.106284274,34.18332266],[-118.106263897,34.1833395940001],[-118.106260358,34.1833416540001],[-118.106261184,34.1833495010001],[-118.106258672,34.183373359],[-118.106251214,34.1833964910001],[-118.106239035,34.183418196],[-118.106222506,34.1834378130001],[-118.10620213,34.183454748],[-118.106178525,34.1834684840001],[-118.106152408,34.1834786050001],[-118.106124573,34.183484804],[-118.106095866,34.183486891],[-118.106067158,34.183484804],[-118.106039323,34.1834786050001],[-118.106013205,34.1834684840001],[-118.105989601,34.183454748],[-118.105969224,34.1834378130001],[-118.105952696,34.183418197],[-118.105940517,34.1833964910001],[-118.105933057,34.183373359],[-118.105930547,34.1833495020001],[-118.105933059,34.183325644],[-118.105940517,34.1833025120001],[-118.105952696,34.1832808070001],[-118.105969225,34.1832611900001],[-118.105989601,34.183244255],[-118.105993141,34.183242195],[-118.105992315,34.183234348],[-118.105994826,34.1832104900001],[-118.106002284,34.1831873580001],[-118.106014464,34.1831656530001],[-118.106030992,34.183146036],[-118.106051369,34.1831291020001],[-118.106074973,34.183115366],[-118.10610109,34.183105244],[-118.106128925,34.1830990460001]]],[[[-118.079061602,34.173902873],[-118.079090305,34.173900786],[-118.079119009,34.173902873],[-118.079146841,34.173909071],[-118.079172956,34.173919192],[-118.079196557,34.173932929],[-118.079216933,34.1739498630001],[-118.079233459,34.17396948],[-118.079245637,34.173991185],[-118.079253093,34.174014318],[-118.079255605,34.1740381750001],[-118.079254713,34.1740466530001],[-118.079271754,34.1740565710001],[-118.07929213,34.174073505],[-118.079308656,34.174093122],[-118.079320834,34.174114827],[-118.079328291,34.1741379590001],[-118.079330802,34.174161817],[-118.079328291,34.174185675],[-118.079320834,34.1742088070001],[-118.079308656,34.1742305120001],[-118.079292129,34.174250129],[-118.079271754,34.174267064],[-118.079248152,34.1742808000001],[-118.079222039,34.1742909210001],[-118.079194206,34.1742971190001],[-118.079165502,34.1742992060001],[-118.079136798,34.1742971190001],[-118.079108966,34.1742909210001],[-118.079082851,34.1742808000001],[-118.07905925,34.1742670630001],[-118.079038874,34.174250129],[-118.079022347,34.1742305120001],[-118.07901017,34.1742088070001],[-118.079002711,34.174185675],[-118.079000202,34.174161817],[-118.079001095,34.17415334],[-118.078984052,34.1741434210001],[-118.078963679,34.174126487],[-118.078947151,34.1741068700001],[-118.078934973,34.1740851650001],[-118.078927516,34.1740620320001],[-118.078925006,34.1740381750001],[-118.078927516,34.1740143170001],[-118.078934974,34.173991185],[-118.078947151,34.17396948],[-118.078963678,34.173949862],[-118.078984052,34.1739329280001],[-118.079007656,34.173919192],[-118.079033769,34.173909071],[-118.079061602,34.173902873]]],[[[-118.095531916,34.163280527],[-118.095560616,34.163278441],[-118.095589317,34.163280527],[-118.095617146,34.163286726],[-118.095643256,34.163296847],[-118.095666856,34.1633105830001],[-118.095687227,34.1633275180001],[-118.095703752,34.163347135],[-118.095715929,34.16336884],[-118.095723385,34.1633919720001],[-118.09572522,34.1634094140001],[-118.095741824,34.1634131120001],[-118.095767935,34.163423234],[-118.095791535,34.1634369700001],[-118.095811906,34.1634539040001],[-118.095828432,34.1634735210001],[-118.095840608,34.1634952270001],[-118.095848064,34.1635183590001],[-118.095850575,34.163542217],[-118.095848064,34.1635660740001],[-118.095840608,34.163589206],[-118.095828431,34.163610912],[-118.095811907,34.163630529],[-118.095791535,34.1636474630001],[-118.095767935,34.163661199],[-118.095741824,34.163671321],[-118.095713996,34.163677519],[-118.095685295,34.1636796060001],[-118.095656594,34.1636775200001],[-118.095628766,34.163671321],[-118.095602655,34.1636612],[-118.095579056,34.1636474630001],[-118.095558684,34.163630529],[-118.095542159,34.163610912],[-118.095529983,34.163589207],[-118.095522527,34.1635660740001],[-118.095520691,34.1635486330001],[-118.095504087,34.1635449340001],[-118.095477976,34.1635348130001],[-118.095454377,34.163521077],[-118.095434005,34.1635041420001],[-118.09541748,34.1634845250001],[-118.095405304,34.1634628200001],[-118.095397848,34.163439688],[-118.095395337,34.1634158300001],[-118.095397848,34.163391973],[-118.095405303,34.16336884],[-118.09541748,34.163347135],[-118.095434005,34.1633275180001],[-118.095454376,34.1633105830001],[-118.095477976,34.163296847],[-118.095504088,34.163286726],[-118.095531916,34.163280527]]],[[[-118.094920929,34.1645569940001],[-118.094918417,34.164580851],[-118.094910961,34.1646039840001],[-118.094898785,34.164625689],[-118.094882261,34.1646453060001],[-118.094861888,34.164662241],[-118.094838288,34.1646759770001],[-118.094812177,34.1646860990001],[-118.094784348,34.164692297],[-118.094755647,34.164694384],[-118.094726946,34.164692297],[-118.094699118,34.1646860980001],[-118.094673005,34.164675978],[-118.094649406,34.164662241],[-118.094632932,34.1646485470001],[-118.094626515,34.1646522820001],[-118.094600405,34.1646624030001],[-118.094572576,34.1646686],[-118.094543875,34.1646706880001],[-118.094515175,34.1646686010001],[-118.094487345,34.164662402],[-118.094461235,34.1646522820001],[-118.094437634,34.1646385450001],[-118.094417262,34.164621611],[-118.094400737,34.1646019930001],[-118.094388561,34.1645802890001],[-118.094381104,34.1645571550001],[-118.094378594,34.164533298],[-118.094381104,34.1645094410001],[-118.094388562,34.1644863080001],[-118.094400737,34.164464604],[-118.094417262,34.164444986],[-118.094437634,34.1644280520001],[-118.094461234,34.164414315],[-118.094487346,34.164404194],[-118.094515175,34.164397996],[-118.094543875,34.1643959090001],[-118.094572576,34.164397996],[-118.094600405,34.164404195],[-118.094626516,34.164414315],[-118.094650116,34.1644280520001],[-118.09466659,34.1644417460001],[-118.094673006,34.1644380110001],[-118.094699117,34.1644278900001],[-118.094726946,34.164421691],[-118.094755647,34.164419605],[-118.094784347,34.1644216920001],[-118.094812176,34.1644278900001],[-118.094838288,34.1644380110001],[-118.094861888,34.164451747],[-118.09488226,34.1644686810001],[-118.094898785,34.164488299],[-118.094910961,34.1645100040001],[-118.094918418,34.164533137],[-118.094920929,34.1645569940001]]],[[[-118.136867112,34.185429721],[-118.13689582,34.1854276330001],[-118.136924528,34.1854297200001],[-118.136952363,34.1854359180001],[-118.13697848,34.18544604],[-118.137002087,34.1854597760001],[-118.137022463,34.18547671],[-118.137038993,34.1854963280001],[-118.137051172,34.1855180320001],[-118.137058631,34.1855411650001],[-118.137061143,34.185565022],[-118.13705863,34.1855888800001],[-118.137051172,34.185612012],[-118.137038993,34.185633716],[-118.137022465,34.1856533340001],[-118.137002087,34.185670268],[-118.136978481,34.1856840040001],[-118.136952363,34.185694126],[-118.136924528,34.185700324],[-118.136917758,34.1857008160001],[-118.136920513,34.1857093620001],[-118.136923026,34.185733219],[-118.136920513,34.1857570770001],[-118.136913054,34.185780209],[-118.136900876,34.185801913],[-118.136884347,34.185821531],[-118.13686397,34.1858384650001],[-118.136840363,34.185852201],[-118.136814246,34.185862323],[-118.13678641,34.185868521],[-118.136757702,34.1858706090001],[-118.136728995,34.185868521],[-118.136701158,34.185862322],[-118.136675041,34.185852202],[-118.136651434,34.1858384650001],[-118.136631058,34.185821531],[-118.136614528,34.185801914],[-118.136602349,34.185780209],[-118.136594891,34.1857570760001],[-118.136592379,34.185733219],[-118.136594891,34.1857093620001],[-118.136602349,34.1856862290001],[-118.136614527,34.1856645240001],[-118.136631058,34.185644907],[-118.136651434,34.1856279730001],[-118.136675041,34.185614237],[-118.136701158,34.185604115],[-118.136728994,34.1855979170001],[-118.136735764,34.185597425],[-118.136733009,34.1855888790001],[-118.136730496,34.185565022],[-118.136733009,34.185541164],[-118.136740468,34.1855180320001],[-118.136752646,34.1854963280001],[-118.136769176,34.18547671],[-118.136789552,34.1854597760001],[-118.136813159,34.18544604],[-118.136839277,34.1854359180001],[-118.136867112,34.185429721]]],[[[-118.07301046,34.1733393220001],[-118.073039164,34.173337234],[-118.073067868,34.1733393220001],[-118.0730957,34.1733455200001],[-118.073121813,34.1733556410001],[-118.073145416,34.1733693780001],[-118.07316579,34.1733863110001],[-118.073182317,34.1734059290001],[-118.073194494,34.1734276340001],[-118.073201952,34.1734507670001],[-118.073204463,34.1734746240001],[-118.073201952,34.173498481],[-118.073194494,34.173521613],[-118.073182317,34.173543319],[-118.073165791,34.1735629360001],[-118.073145417,34.17357987],[-118.073121814,34.173593607],[-118.0730957,34.1736037270001],[-118.073084362,34.1736062520001],[-118.073093138,34.1736166690001],[-118.073105313,34.1736383730001],[-118.073112772,34.173661506],[-118.073115283,34.1736853630001],[-118.073112772,34.173709221],[-118.073105314,34.173732353],[-118.073093138,34.173754058],[-118.073076611,34.1737736760001],[-118.073056235,34.17379061],[-118.073032634,34.173804347],[-118.07300652,34.1738144670001],[-118.072978688,34.173820666],[-118.072949984,34.173822753],[-118.072921281,34.173820666],[-118.072893448,34.173814468],[-118.072867334,34.173804347],[-118.072843731,34.17379061],[-118.072823357,34.1737736760001],[-118.07280683,34.173754059],[-118.072794653,34.173732354],[-118.072787196,34.173709221],[-118.072784684,34.1736853630001],[-118.072787196,34.173661506],[-118.072794653,34.1736383740001],[-118.07280683,34.1736166690001],[-118.072823357,34.1735970510001],[-118.072843732,34.173580117],[-118.072867334,34.1735663800001],[-118.072893448,34.1735562600001],[-118.072904786,34.173553735],[-118.072896011,34.173543318],[-118.072883834,34.173521613],[-118.072876376,34.1734984820001],[-118.072873865,34.1734746240001],[-118.072876376,34.173450766],[-118.072883834,34.1734276340001],[-118.072896011,34.1734059290001],[-118.072912538,34.1733863110001],[-118.072932912,34.173369377],[-118.072956514,34.1733556410001],[-118.072982628,34.1733455200001],[-118.07301046,34.1733393220001]]],[[[-118.113027358,34.1840776980001],[-118.113039537,34.1840559940001],[-118.113056066,34.1840363760001],[-118.113076443,34.1840194420001],[-118.113100048,34.1840057060001],[-118.113126165,34.183995585],[-118.113154001,34.1839893860001],[-118.113182708,34.1839872990001],[-118.113209912,34.1839892770001],[-118.113199651,34.18397099],[-118.113192192,34.1839478570001],[-118.113189681,34.183924],[-118.113192193,34.183900142],[-118.113199651,34.1838770100001],[-118.11321183,34.1838553050001],[-118.113228358,34.183835688],[-118.113248735,34.183818753],[-118.11327234,34.183805018],[-118.113298457,34.1837948960001],[-118.113326293,34.1837886980001],[-118.113355,34.18378661],[-118.113383707,34.1837886980001],[-118.113411543,34.1837948960001],[-118.113437659,34.183805018],[-118.113461265,34.183818753],[-118.113481642,34.1838356870001],[-118.113498171,34.1838553050001],[-118.113510349,34.1838770090001],[-118.113517808,34.183900142],[-118.11352032,34.183924],[-118.113517808,34.1839478570001],[-118.11351035,34.183970989],[-118.113498171,34.183992694],[-118.113481642,34.1840123110001],[-118.113461264,34.1840292460001],[-118.11343766,34.184042983],[-118.113411543,34.1840531030001],[-118.113383707,34.184059302],[-118.113355,34.1840613890001],[-118.113327796,34.1840594110001],[-118.113338056,34.1840776980001],[-118.113345516,34.184100831],[-118.113348027,34.184124689],[-118.113345516,34.1841485460001],[-118.113338058,34.184171678],[-118.113325878,34.184193383],[-118.11330935,34.1842130000001],[-118.113288973,34.1842299350001],[-118.113265368,34.184243671],[-118.11323925,34.184253792],[-118.113211415,34.18425999],[-118.113182707,34.1842620780001],[-118.113154,34.18425999],[-118.113126166,34.184253792],[-118.113100048,34.184243671],[-118.113076442,34.1842299350001],[-118.113056066,34.184213001],[-118.113039537,34.184193383],[-118.113027358,34.184171678],[-118.113019899,34.184148545],[-118.113017388,34.1841246880001],[-118.1130199,34.184100831],[-118.113027358,34.1840776980001]]],[[[-118.137935256,34.1849147560001],[-118.137963964,34.184912669],[-118.137992671,34.1849147560001],[-118.138020507,34.1849209550001],[-118.138046625,34.1849310750001],[-118.13807023,34.184944812],[-118.138090607,34.1849617460001],[-118.138107136,34.1849813640001],[-118.138119315,34.1850030680001],[-118.138126773,34.185026201],[-118.138129285,34.185050059],[-118.138126773,34.185073915],[-118.138119315,34.185097049],[-118.138107136,34.185118753],[-118.138090607,34.1851383700001],[-118.13807023,34.185155305],[-118.138046625,34.1851690410001],[-118.138020507,34.1851791620001],[-118.137992671,34.185185361],[-118.137964633,34.185187399],[-118.137967255,34.1851895780001],[-118.137983784,34.185209195],[-118.137995963,34.1852309000001],[-118.138003422,34.185254032],[-118.138005934,34.1852778900001],[-118.138003422,34.185301747],[-118.137995964,34.1853248800001],[-118.137983785,34.185346585],[-118.137967256,34.1853662020001],[-118.137946878,34.185383136],[-118.137923273,34.1853968730001],[-118.137897155,34.1854069930001],[-118.13786932,34.1854131920001],[-118.137840612,34.18541528],[-118.137811904,34.1854131920001],[-118.137784068,34.1854069940001],[-118.13775795,34.1853968730001],[-118.137734344,34.185383136],[-118.137713968,34.1853662020001],[-118.137697439,34.185346585],[-118.13768526,34.1853248800001],[-118.137677801,34.185301748],[-118.137675289,34.1852778900001],[-118.137677801,34.185254033],[-118.13768526,34.1852309000001],[-118.137697439,34.185209195],[-118.137713968,34.1851895780001],[-118.137734344,34.185172644],[-118.137757951,34.1851589070001],[-118.137784068,34.1851487870001],[-118.137811904,34.1851425880001],[-118.13783994,34.185140549],[-118.137837319,34.1851383710001],[-118.13782079,34.185118753],[-118.137808612,34.185097049],[-118.137801154,34.185073915],[-118.137798641,34.1850500580001],[-118.137801153,34.185026201],[-118.137808612,34.1850030680001],[-118.137820791,34.1849813640001],[-118.13783732,34.184961747],[-118.137857697,34.184944812],[-118.137881302,34.1849310760001],[-118.13790742,34.1849209550001],[-118.137935256,34.1849147560001]]],[[[-118.153931673,34.1873331950001],[-118.15396038,34.187331108],[-118.15398909,34.1873331950001],[-118.154016925,34.1873393930001],[-118.154043043,34.1873495140001],[-118.15406665,34.18736325],[-118.154087028,34.1873801840001],[-118.154103558,34.1873998020001],[-118.154115735,34.1874215060001],[-118.154123195,34.187444639],[-118.154125706,34.1874684960001],[-118.154123196,34.187492354],[-118.154115736,34.1875154860001],[-118.154103556,34.187537191],[-118.154087029,34.1875568090001],[-118.154066651,34.187573742],[-118.154049654,34.187583633],[-118.154050555,34.187592195],[-118.154048044,34.1876160530001],[-118.154040584,34.1876391850001],[-118.154028405,34.187660889],[-118.154011877,34.187680507],[-118.153991499,34.1876974410001],[-118.153967892,34.187711178],[-118.153941774,34.187721299],[-118.153924036,34.187725248],[-118.153922313,34.187730591],[-118.153910134,34.187752296],[-118.153893605,34.1877719130001],[-118.153873227,34.187788848],[-118.153849621,34.1878025840001],[-118.153823502,34.1878127050001],[-118.153795665,34.187818903],[-118.153766957,34.18782099],[-118.153738249,34.187818903],[-118.153710412,34.187812706],[-118.153684294,34.1878025840001],[-118.153660687,34.187788847],[-118.153640309,34.1877719130001],[-118.153623781,34.187752296],[-118.153611601,34.187730591],[-118.153604142,34.187707459],[-118.15360163,34.1876836010001],[-118.153604142,34.187659744],[-118.1536116,34.1876366110001],[-118.153623781,34.1876149070001],[-118.153640309,34.18759529],[-118.153660687,34.187578355],[-118.153684294,34.1875646190001],[-118.153710412,34.1875544980001],[-118.153728151,34.187550549],[-118.153729873,34.187545205],[-118.153742052,34.187523501],[-118.153758581,34.187503883],[-118.153778959,34.1874869490001],[-118.153795955,34.1874770580001],[-118.153795054,34.1874684970001],[-118.153797566,34.187444639],[-118.153805024,34.1874215070001],[-118.153817204,34.1873998020001],[-118.153833733,34.1873801840001],[-118.153854111,34.18736325],[-118.153877718,34.1873495140001],[-118.153903836,34.1873393930001],[-118.153931673,34.1873331950001]]],[[[-118.158246692,34.185156018],[-118.15826707,34.1851390840001],[-118.158290675,34.185125348],[-118.158316794,34.185115227],[-118.158344629,34.185109029],[-118.158373336,34.1851069410001],[-118.158402045,34.1851090280001],[-118.15842988,34.185115227],[-118.158455998,34.185125348],[-118.158479604,34.1851390850001],[-118.158495461,34.1851522630001],[-118.158506886,34.185149719],[-118.158535595,34.1851476320001],[-118.158564302,34.185149719],[-118.158592138,34.185155917],[-118.158618256,34.185166038],[-118.158641861,34.1851797750001],[-118.158662238,34.185196709],[-118.158678767,34.185216326],[-118.158690946,34.185238031],[-118.158698405,34.1852611640001],[-118.158700916,34.185285021],[-118.158698405,34.1853088780001],[-118.158690946,34.1853320110001],[-118.158684099,34.1853442130001],[-118.15868728,34.185346856],[-118.158703809,34.185366473],[-118.158715987,34.185388178],[-118.158723447,34.1854113100001],[-118.158725958,34.185435168],[-118.158723446,34.1854590250001],[-118.158715988,34.1854821580001],[-118.158703809,34.1855038630001],[-118.15868728,34.18552348],[-118.158666902,34.1855404140001],[-118.158643296,34.18555415],[-118.15861718,34.185564271],[-118.158589344,34.1855704700001],[-118.158588387,34.1855705400001],[-118.158573018,34.1855833120001],[-118.158549412,34.185597048],[-118.158523294,34.185607168],[-118.15849546,34.185613367],[-118.158466752,34.1856154540001],[-118.158438044,34.185613367],[-118.158410208,34.185607169],[-118.15838409,34.185597048],[-118.158360484,34.1855833110001],[-118.158340107,34.185566377],[-118.158323578,34.1855467600001],[-118.158311399,34.185525055],[-118.15830394,34.1855019220001],[-118.158301429,34.185478066],[-118.158303941,34.1854542080001],[-118.1583114,34.1854310750001],[-118.158323578,34.1854093700001],[-118.158340108,34.185389753],[-118.15835167,34.1853801440001],[-118.158344629,34.185379632],[-118.158316792,34.185373434],[-118.158290676,34.185363313],[-118.158267069,34.1853495770001],[-118.158246693,34.185332642],[-118.158230163,34.185313025],[-118.158217985,34.18529132],[-118.158210526,34.1852681880001],[-118.158208015,34.185244331],[-118.158210526,34.1852204730001],[-118.158217985,34.1851973400001],[-118.158230164,34.1851756360001],[-118.158246692,34.185156018]]],[[[-118.118315833,34.1792368910001],[-118.118309719,34.1792441480001],[-118.118289344,34.179261083],[-118.118265739,34.1792748190001],[-118.118239624,34.1792849400001],[-118.11821179,34.179291139],[-118.118183084,34.179293226],[-118.118154379,34.1792911380001],[-118.118126545,34.1792849400001],[-118.11810043,34.1792748190001],[-118.118076825,34.179261082],[-118.11805645,34.1792441480001],[-118.118039922,34.179224531],[-118.118027743,34.1792028260001],[-118.118023216,34.179188787],[-118.118020968,34.1791900960001],[-118.117994852,34.179200216],[-118.117967018,34.1792064150001],[-118.117938313,34.1792085020001],[-118.117909607,34.1792064150001],[-118.117881773,34.179200216],[-118.117855658,34.179190095],[-118.117832053,34.1791763590001],[-118.117811678,34.1791594250001],[-118.11779515,34.1791398070001],[-118.117782973,34.1791181020001],[-118.117775514,34.1790949700001],[-118.117773002,34.1790711130001],[-118.117775514,34.179047256],[-118.117782972,34.179024123],[-118.11779515,34.179002418],[-118.117811678,34.1789828],[-118.117832054,34.1789658660001],[-118.117855657,34.17895213],[-118.117881774,34.178942009],[-118.117904841,34.1789368710001],[-118.117913442,34.1789215430001],[-118.117929969,34.178901925],[-118.117950345,34.1788849910001],[-118.117973949,34.1788712540001],[-118.118000065,34.178861134],[-118.118023612,34.178855889],[-118.118027398,34.178849143],[-118.118043925,34.178829525],[-118.118064301,34.178812592],[-118.118087905,34.178798855],[-118.118114021,34.1787887340001],[-118.118141854,34.178782535],[-118.11817056,34.1787804480001],[-118.118199265,34.178782535],[-118.118227099,34.1787887340001],[-118.118253214,34.178798855],[-118.118276819,34.1788125910001],[-118.118297194,34.1788295260001],[-118.118313722,34.178849142],[-118.1183259,34.178870848],[-118.118333358,34.1788939800001],[-118.118335869,34.1789178380001],[-118.118333358,34.178941695],[-118.1183259,34.1789648270001],[-118.11831514,34.1789840050001],[-118.118334738,34.1789916000001],[-118.118358341,34.179005336],[-118.118378716,34.1790222700001],[-118.118395245,34.179041887],[-118.118407423,34.179063592],[-118.118414881,34.179086725],[-118.118417392,34.1791105820001],[-118.118414881,34.17913444],[-118.118407423,34.1791575720001],[-118.118395245,34.1791792770001],[-118.118378717,34.179198894],[-118.118358342,34.179215829],[-118.118334737,34.1792295650001],[-118.118315833,34.1792368910001]]],[[[-118.095494499,34.164099295],[-118.095484494,34.1641000230001],[-118.095472016,34.1641072850001],[-118.095445905,34.1641174060001],[-118.095418076,34.164123605],[-118.095389376,34.164125692],[-118.095363109,34.164123782],[-118.095342084,34.1641360190001],[-118.095315973,34.1641461400001],[-118.095288144,34.1641523390001],[-118.095259443,34.164154426],[-118.095230743,34.1641523390001],[-118.095202914,34.1641461410001],[-118.095176803,34.1641360190001],[-118.095153202,34.164122283],[-118.09513283,34.1641053490001],[-118.095116305,34.1640857310001],[-118.09510413,34.1640640270001],[-118.095096673,34.164040894],[-118.095094163,34.1640170360001],[-118.095096674,34.163993179],[-118.09510413,34.163970046],[-118.095116306,34.163948342],[-118.095132831,34.1639287240001],[-118.095150679,34.163913887],[-118.095145871,34.16389897],[-118.09514336,34.1638751130001],[-118.095145871,34.163851256],[-118.095153327,34.163828123],[-118.095165503,34.163806418],[-118.095182028,34.1637868010001],[-118.0952024,34.1637698660001],[-118.095226,34.16375613],[-118.095252111,34.1637460090001],[-118.09527994,34.16373981],[-118.09530864,34.163737724],[-118.095337341,34.16373981],[-118.095365169,34.1637460090001],[-118.09539128,34.16375613],[-118.095414881,34.1637698660001],[-118.095435252,34.1637868010001],[-118.095451777,34.163806418],[-118.095463205,34.1638267920001],[-118.095465798,34.1638266030001],[-118.095494498,34.1638286900001],[-118.095522327,34.1638348880001],[-118.095532958,34.163839008],[-118.095531512,34.163825274],[-118.095534023,34.1638014170001],[-118.095541479,34.163778285],[-118.095553655,34.1637565790001],[-118.09557018,34.163736962],[-118.095590553,34.1637200280001],[-118.095614152,34.163706292],[-118.095640263,34.163696171],[-118.095668092,34.163689972],[-118.095696792,34.1636878850001],[-118.095725493,34.163689972],[-118.095753321,34.16369617],[-118.095779432,34.163706291],[-118.095803032,34.1637200280001],[-118.095823403,34.163736962],[-118.095839928,34.1637565790001],[-118.095852105,34.163778284],[-118.095859561,34.1638014160001],[-118.095862072,34.1638252750001],[-118.095859561,34.1638491320001],[-118.095852105,34.1638722640001],[-118.095839928,34.1638939690001],[-118.095823404,34.163913586],[-118.095803032,34.1639305210001],[-118.095779432,34.163944257],[-118.095753321,34.163954378],[-118.095725492,34.1639605770001],[-118.095696791,34.1639626640001],[-118.095668091,34.1639605770001],[-118.095640263,34.1639543790001],[-118.095629634,34.163950259],[-118.095631078,34.163963992],[-118.095628567,34.1639878490001],[-118.095621112,34.164010982],[-118.095608936,34.164032687],[-118.09559241,34.1640523040001],[-118.095572039,34.1640692390001],[-118.095548439,34.164082975],[-118.095522328,34.164093096],[-118.095494499,34.164099295]]],[[[-118.055887756,34.1674352470001],[-118.055867383,34.167418313],[-118.055850857,34.167398695],[-118.055838681,34.16737699],[-118.055831224,34.1673538570001],[-118.055829136,34.1673340090001],[-118.055825229,34.167333139],[-118.055799117,34.167323018],[-118.055775516,34.1673092820001],[-118.055755142,34.167292348],[-118.055738619,34.16727273],[-118.055726442,34.167251025],[-118.055718985,34.167227892],[-118.055716474,34.1672040350001],[-118.055717671,34.167192664],[-118.055697539,34.1672093980001],[-118.055673937,34.167223134],[-118.055647825,34.167233255],[-118.055625257,34.167238282],[-118.055621856,34.1672488310001],[-118.055609681,34.167270536],[-118.055593155,34.1672901540001],[-118.055572782,34.167307088],[-118.055549181,34.1673208240001],[-118.055523069,34.167330946],[-118.05549524,34.167337145],[-118.055466538,34.167339231],[-118.055437836,34.167337144],[-118.055410007,34.167330946],[-118.055383894,34.1673208240001],[-118.055360294,34.167307088],[-118.055339921,34.1672901540001],[-118.055323395,34.167270537],[-118.055311219,34.167248832],[-118.055303762,34.167225699],[-118.055301251,34.1672018420001],[-118.055303762,34.167177984],[-118.055311219,34.1671548520001],[-118.055323395,34.1671331470001],[-118.055339921,34.1671135300001],[-118.055360293,34.167096595],[-118.055383895,34.1670828590001],[-118.055410007,34.1670727380001],[-118.055432574,34.1670677110001],[-118.055435976,34.1670571610001],[-118.055448152,34.1670354560001],[-118.055464677,34.167015839],[-118.05548505,34.1669989050001],[-118.055508651,34.166985169],[-118.055534763,34.166975048],[-118.055562592,34.1669688490001],[-118.055591294,34.1669667620001],[-118.055619996,34.1669688490001],[-118.055647826,34.1669750470001],[-118.055673937,34.166985169],[-118.055697538,34.1669989050001],[-118.05571791,34.167015839],[-118.055734436,34.1670354570001],[-118.055746613,34.167057162],[-118.055754069,34.1670802940001],[-118.05575658,34.167104151],[-118.055755384,34.1671155230001],[-118.055775517,34.1670987890001],[-118.055799117,34.1670850520001],[-118.055825229,34.1670749310001],[-118.055853059,34.1670687330001],[-118.055881761,34.167066646],[-118.055910462,34.1670687330001],[-118.055938292,34.1670749310001],[-118.055964405,34.1670850520001],[-118.055988005,34.167098788],[-118.056008378,34.1671157220001],[-118.056024903,34.1671353400001],[-118.056037079,34.1671570450001],[-118.056044536,34.167180178],[-118.056046624,34.167200026],[-118.056050531,34.1672008960001],[-118.056076644,34.1672110170001],[-118.056100244,34.1672247540001],[-118.056120617,34.167241688],[-118.056137144,34.1672613060001],[-118.056149319,34.1672830100001],[-118.056156776,34.1673061430001],[-118.056159287,34.16733],[-118.056156777,34.1673538580001],[-118.056149319,34.16737699],[-118.056137143,34.167398695],[-118.056120617,34.1674183120001],[-118.056100245,34.167435246],[-118.056076644,34.167448983],[-118.056050532,34.167459105],[-118.056022702,34.167465303],[-118.055994,34.1674673900001],[-118.055965298,34.167465303],[-118.055937469,34.167459105],[-118.055911356,34.167448983],[-118.055887756,34.1674352470001]]],[[[-118.157086075,34.1805166610001],[-118.157086075,34.180721653],[-118.156590615,34.180721653],[-118.15626031,34.18044833],[-118.156425462,34.180243338],[-118.157086075,34.1805166610001]]],[[[-118.156536726,34.1809687310001],[-118.156562842,34.1809586100001],[-118.156590676,34.1809524120001],[-118.156619383,34.180950324],[-118.156648089,34.1809524120001],[-118.156675924,34.1809586110001],[-118.15669898,34.180967546],[-118.156708641,34.180961924],[-118.156734757,34.180951802],[-118.156762591,34.180945604],[-118.156791298,34.1809435170001],[-118.156820004,34.180945604],[-118.156847837,34.180951803],[-118.156873955,34.180961924],[-118.156897559,34.1809756600001],[-118.156917936,34.180992594],[-118.156934464,34.1810122110001],[-118.156946642,34.181033917],[-118.1569541,34.1810570480001],[-118.156956612,34.181080906],[-118.1569541,34.1811047630001],[-118.156946643,34.1811278960001],[-118.156934464,34.1811496010001],[-118.156917935,34.181169218],[-118.156897559,34.1811861530001],[-118.15688982,34.1811906500001],[-118.156897275,34.181213777],[-118.156899787,34.1812376340001],[-118.156897275,34.181261492],[-118.156889817,34.1812846240001],[-118.156877639,34.1813063290001],[-118.156861109,34.1813259460001],[-118.156840735,34.18134288],[-118.156834114,34.1813467330001],[-118.156844886,34.1813595180001],[-118.156857065,34.1813812230001],[-118.156864523,34.181404355],[-118.156867034,34.1814282130001],[-118.156864523,34.18145207],[-118.156857065,34.181475203],[-118.156848852,34.1814898390001],[-118.156852474,34.1815010720001],[-118.156854984,34.1815249300001],[-118.156852474,34.1815487870001],[-118.156845016,34.1815719190001],[-118.156832837,34.1815936240001],[-118.156816308,34.181613241],[-118.156795933,34.1816301750001],[-118.156772328,34.181643912],[-118.156746211,34.181654033],[-118.156718377,34.1816602320001],[-118.15668967,34.1816623190001],[-118.156660964,34.1816602320001],[-118.156633129,34.181654033],[-118.156607013,34.1816439130001],[-118.156583408,34.1816301760001],[-118.156563031,34.181613242],[-118.156546503,34.1815936240001],[-118.156534325,34.1815719190001],[-118.156526867,34.1815487870001],[-118.156524356,34.181524929],[-118.156526867,34.1815010720001],[-118.156534325,34.18147794],[-118.156542538,34.181463304],[-118.156538916,34.181452071],[-118.156536405,34.1814282130001],[-118.156538916,34.181404356],[-118.156546374,34.1813812230001],[-118.156548229,34.181377916],[-118.156537582,34.181377142],[-118.156509748,34.181370944],[-118.156483631,34.181360823],[-118.156460026,34.1813470860001],[-118.15643965,34.181330152],[-118.156423122,34.1813105350001],[-118.156410943,34.18128883],[-118.156403485,34.1812656970001],[-118.156400974,34.18124184],[-118.156403486,34.1812179820001],[-118.156410944,34.1811948500001],[-118.156423122,34.1811731450001],[-118.15643965,34.181153528],[-118.156460027,34.1811365940001],[-118.156463917,34.1811343300001],[-118.15645658,34.181111571],[-118.156454069,34.1810877140001],[-118.15645658,34.181063856],[-118.156464038,34.1810407240001],[-118.156476217,34.1810190190001],[-118.156492745,34.1809994020001],[-118.156513121,34.180982468],[-118.156536726,34.1809687310001]]],[[[-118.100783023,34.1666452260001],[-118.100781843,34.1666415670001],[-118.100766234,34.1666404320001],[-118.100738405,34.166634233],[-118.100720506,34.1666272950001],[-118.100694187,34.1666292090001],[-118.100665485,34.1666271220001],[-118.100637657,34.166620923],[-118.100611544,34.166610802],[-118.100587944,34.1665970660001],[-118.100567571,34.166580132],[-118.100551046,34.166560514],[-118.10053887,34.166538809],[-118.100531413,34.1665156770001],[-118.100528902,34.166491819],[-118.100531413,34.166467961],[-118.10053887,34.1664448290001],[-118.100551047,34.1664231240001],[-118.100567572,34.166403507],[-118.100587944,34.1663865720001],[-118.100611545,34.1663728360001],[-118.100637656,34.166362715],[-118.100665485,34.1663565160001],[-118.100694188,34.1663544290001],[-118.100707799,34.1663554190001],[-118.100701646,34.1663503030001],[-118.100685121,34.166330686],[-118.100672945,34.166308981],[-118.100665488,34.166285848],[-118.100662977,34.1662619900001],[-118.100665487,34.166238133],[-118.100672943,34.1662150010001],[-118.100685121,34.1661932960001],[-118.100701646,34.1661736780001],[-118.100722019,34.166156744],[-118.100745619,34.1661430080001],[-118.100771731,34.1661328870001],[-118.100799561,34.1661266880001],[-118.100828262,34.166124601],[-118.100856963,34.1661266880001],[-118.100884792,34.1661328870001],[-118.100907443,34.166141666],[-118.100909808,34.16614029],[-118.10093592,34.166130169],[-118.100963749,34.1661239700001],[-118.10099245,34.1661218830001],[-118.101021151,34.1661239700001],[-118.101048981,34.166130169],[-118.101067873,34.1661374920001],[-118.101092891,34.1661319200001],[-118.101121592,34.1661298330001],[-118.101150293,34.1661319200001],[-118.101178123,34.166138119],[-118.101204234,34.1661482390001],[-118.101227835,34.1661619760001],[-118.101248208,34.16617891],[-118.101264733,34.1661985280001],[-118.101276909,34.1662202320001],[-118.101284365,34.1662433650001],[-118.101286877,34.166267222],[-118.101284366,34.1662910800001],[-118.10127691,34.1663142130001],[-118.101264732,34.1663359180001],[-118.101248208,34.166355534],[-118.101227836,34.1663724690001],[-118.101204235,34.166386205],[-118.101178123,34.166396327],[-118.101150294,34.166402525],[-118.101121592,34.1664046120001],[-118.101092891,34.166402525],[-118.101065061,34.166396326],[-118.10104617,34.1663890040001],[-118.101021152,34.1663945760001],[-118.100992449,34.1663966630001],[-118.100963749,34.1663945760001],[-118.100935919,34.166388377],[-118.100913269,34.1663795970001],[-118.100910904,34.166380974],[-118.100885566,34.166390795],[-118.100901179,34.1663998820001],[-118.100921551,34.166416817],[-118.100938077,34.166436434],[-118.100950253,34.166458139],[-118.100951871,34.1664631580001],[-118.10096748,34.166464294],[-118.10099531,34.166470492],[-118.101021421,34.166480613],[-118.101045021,34.1664943500001],[-118.101065394,34.166511284],[-118.10108192,34.166530901],[-118.101094096,34.166552606],[-118.101101552,34.1665757390001],[-118.101104064,34.166599596],[-118.101101552,34.1666234530001],[-118.10109531,34.166642821],[-118.101102329,34.1666645940001],[-118.10110484,34.166688451],[-118.10110233,34.166712309],[-118.101094873,34.1667354420001],[-118.101082696,34.1667571460001],[-118.101066171,34.166776763],[-118.101045799,34.166793698],[-118.101022198,34.1668074340001],[-118.100996086,34.1668175560001],[-118.100968256,34.1668237540001],[-118.100939555,34.166825841],[-118.100910853,34.1668237540001],[-118.100883023,34.1668175550001],[-118.100856912,34.1668074340001],[-118.100833312,34.166793698],[-118.100812939,34.1667767640001],[-118.100796413,34.1667571470001],[-118.100784237,34.1667354410001],[-118.100776781,34.1667123080001],[-118.100774269,34.166688451],[-118.10077678,34.1666645940001],[-118.100783023,34.1666452260001]]],[[[-118.135440196,34.1777332360001],[-118.135428018,34.177754941],[-118.13541149,34.1777745590001],[-118.135391115,34.177791493],[-118.135367512,34.1778052290001],[-118.135341396,34.177815351],[-118.135313563,34.177821549],[-118.135284858,34.177823636],[-118.135256153,34.177821549],[-118.13522832,34.177815351],[-118.135202204,34.17780523],[-118.135178601,34.177791493],[-118.135158224,34.1777745590001],[-118.135141698,34.177754941],[-118.135136803,34.1777462200001],[-118.135121818,34.177749557],[-118.135093113,34.1777516440001],[-118.135064408,34.177749557],[-118.135039973,34.1777441150001],[-118.135024871,34.1777620410001],[-118.135004496,34.177778975],[-118.134980892,34.1777927110001],[-118.134954777,34.1778028320001],[-118.134926944,34.177809031],[-118.134898238,34.177811117],[-118.134869533,34.177809031],[-118.134841699,34.1778028320001],[-118.134815585,34.1777927110001],[-118.134791981,34.177778974],[-118.134771606,34.1777620410001],[-118.134755078,34.177742423],[-118.134742901,34.177720718],[-118.134735443,34.1776975860001],[-118.134732931,34.1776737280001],[-118.134733337,34.177669871],[-118.134729392,34.1776683420001],[-118.134705788,34.177654605],[-118.134685413,34.1776376710001],[-118.134668885,34.177618054],[-118.134656708,34.1775963490001],[-118.13464925,34.177573217],[-118.134646738,34.1775493600001],[-118.134649249,34.177525502],[-118.134656707,34.177502369],[-118.134668886,34.177480664],[-118.134685413,34.1774610470001],[-118.134705788,34.177444113],[-118.134729391,34.1774303760001],[-118.134755507,34.1774202550001],[-118.134783341,34.1774140570001],[-118.134812045,34.17741197],[-118.134840751,34.1774140570001],[-118.134868584,34.1774202560001],[-118.134894699,34.1774303770001],[-118.134907256,34.177437684],[-118.134907846,34.177432074],[-118.134915305,34.1774089420001],[-118.134916309,34.1774071520001],[-118.13490391,34.1773999370001],[-118.134883536,34.177383003],[-118.134867009,34.177363385],[-118.13485483,34.177341681],[-118.134847373,34.1773185480001],[-118.134844861,34.1772946900001],[-118.134847373,34.1772708330001],[-118.134854832,34.1772477000001],[-118.134867009,34.1772259960001],[-118.134883536,34.1772063780001],[-118.134903911,34.1771894440001],[-118.134927515,34.1771757070001],[-118.13495363,34.1771655860001],[-118.134981463,34.1771593880001],[-118.135010168,34.1771573010001],[-118.135038873,34.1771593880001],[-118.135066706,34.177165587],[-118.135092821,34.177175708],[-118.135116425,34.1771894440001],[-118.1351368,34.1772063780001],[-118.135153328,34.1772259960001],[-118.135165506,34.1772477000001],[-118.135172964,34.1772708330001],[-118.135175475,34.177294691],[-118.135172964,34.1773185480001],[-118.135168964,34.1773309530001],[-118.135169456,34.1773303690001],[-118.135189831,34.177313435],[-118.135213434,34.1772996980001],[-118.135239549,34.1772895770001],[-118.135267382,34.177283378],[-118.135296087,34.177281292],[-118.135324792,34.177283378],[-118.135352625,34.1772895770001],[-118.135378741,34.1772996980001],[-118.135402344,34.177313434],[-118.13542272,34.1773303680001],[-118.135439247,34.177349986],[-118.135451425,34.1773716910001],[-118.135458883,34.177394823],[-118.135461395,34.1774186800001],[-118.135458883,34.177442538],[-118.135451425,34.1774656700001],[-118.135439246,34.1774873750001],[-118.135422719,34.1775069920001],[-118.135402344,34.177523927],[-118.135378741,34.1775376630001],[-118.135362445,34.1775439780001],[-118.135367919,34.1775609580001],[-118.135368653,34.177567928],[-118.135391115,34.177581],[-118.135411491,34.1775979340001],[-118.135428018,34.1776175520001],[-118.135440196,34.1776392570001],[-118.135447654,34.1776623900001],[-118.135450165,34.1776862460001],[-118.135447654,34.177710104],[-118.135440196,34.1777332360001]]],[[[-118.160058833,34.1913812670001],[-118.159781144,34.191151484],[-118.159775535,34.191168879],[-118.159763355,34.191190584],[-118.159746824,34.191210201],[-118.159726447,34.1912271360001],[-118.15970284,34.191240872],[-118.159676719,34.191250993],[-118.159648882,34.191257191],[-118.159620173,34.1912592780001],[-118.159591462,34.191257191],[-118.159563624,34.191250993],[-118.159537505,34.191240871],[-118.159513897,34.1912271350001],[-118.159493519,34.191210201],[-118.159476989,34.191190583],[-118.159464808,34.191168878],[-118.15945735,34.1911457460001],[-118.159454839,34.191121889],[-118.15945735,34.1910980320001],[-118.159464808,34.1910748990001],[-118.159473778,34.191058916],[-118.159470866,34.1910537260001],[-118.159463407,34.191030594],[-118.159460895,34.1910067370001],[-118.159463407,34.19098288],[-118.159470866,34.1909597470001],[-118.159483045,34.190938042],[-118.159499577,34.1909184250001],[-118.159519954,34.190901491],[-118.159543561,34.1908877540001],[-118.159569681,34.1908776330001],[-118.159597519,34.1908714350001],[-118.159626228,34.190869348],[-118.159654939,34.1908714360001],[-118.159677522,34.190876464],[-118.159689957,34.1908661310001],[-118.159713565,34.190852395],[-118.159739683,34.190842274],[-118.15976752,34.190836076],[-118.159796231,34.1908339890001],[-118.15982494,34.190836076],[-118.159852778,34.190842274],[-118.159878897,34.190852396],[-118.159902504,34.1908661310001],[-118.159922883,34.190883066],[-118.159939413,34.190902683],[-118.159951592,34.190924388],[-118.15995905,34.1909475200001],[-118.159961564,34.190971378],[-118.159959052,34.1909952350001],[-118.159951593,34.191018367],[-118.159939671,34.191039613],[-118.160058833,34.191039613],[-118.160636868,34.1913129370001],[-118.160306563,34.1917229210001],[-118.159976256,34.1915862600001],[-118.160058833,34.1913812670001]]],[[[-118.158509167,34.187220993],[-118.158506656,34.1872448500001],[-118.158499196,34.187267983],[-118.158487017,34.1872896880001],[-118.158470488,34.187309305],[-118.15845011,34.1873262390001],[-118.158426505,34.187339975],[-118.158400386,34.187350097],[-118.158372549,34.187356295],[-118.15834384,34.1873583830001],[-118.158315132,34.187356295],[-118.158287296,34.187350097],[-118.158261178,34.187339976],[-118.158237572,34.1873262390001],[-118.158223535,34.1873145750001],[-118.158210748,34.1873155050001],[-118.15818204,34.187313417],[-118.158154203,34.187307219],[-118.158128084,34.187297098],[-118.158104479,34.1872833620001],[-118.158084101,34.187266428],[-118.158067572,34.18724681],[-118.158055391,34.187225105],[-118.158047933,34.187201972],[-118.158045423,34.1871781150001],[-118.158047934,34.187154257],[-118.158055393,34.1871311250001],[-118.158067572,34.1871094210001],[-118.158084102,34.187089803],[-118.158104478,34.1870728690001],[-118.158128085,34.187059133],[-118.158154204,34.187049012],[-118.158160933,34.187047514],[-118.158153763,34.187043342],[-118.158133385,34.1870264080001],[-118.158116856,34.1870067900001],[-118.158104677,34.1869850850001],[-118.158097219,34.186961952],[-118.158094707,34.1869380950001],[-118.158097218,34.1869142370001],[-118.158104678,34.186891105],[-118.158116857,34.186869401],[-118.158133386,34.1868497830001],[-118.158153763,34.186832849],[-118.158177369,34.1868191130001],[-118.158203488,34.1868089920001],[-118.158231324,34.186802793],[-118.15823501,34.1868025250001],[-118.158231832,34.186792671],[-118.158230887,34.186783688],[-118.157994417,34.18673477],[-118.157994417,34.1865981080001],[-118.157994417,34.186188122],[-118.158572453,34.1859831300001],[-118.158407301,34.186256454],[-118.158349799,34.186637106],[-118.158365938,34.1866335130001],[-118.158394646,34.186631425],[-118.158423355,34.1866335120001],[-118.15845119,34.1866397110001],[-118.158477309,34.1866498320001],[-118.158500914,34.186663568],[-118.158521292,34.1866805020001],[-118.15852456,34.18668438],[-118.158525725,34.186684465],[-118.158553561,34.186690663],[-118.158579679,34.186700784],[-118.158603286,34.1867145200001],[-118.158623662,34.186731455],[-118.158640192,34.186751072],[-118.158652371,34.186772777],[-118.158659829,34.1867959090001],[-118.158662341,34.186819767],[-118.158659831,34.1868436240001],[-118.158652371,34.1868667570001],[-118.158640192,34.186888461],[-118.158623663,34.186908079],[-118.158603285,34.1869250130001],[-118.158579679,34.186938749],[-118.158553561,34.186948871],[-118.158525725,34.186955068],[-118.158499866,34.186956949],[-118.158496542,34.186959711],[-118.158488854,34.186964184],[-118.158496164,34.186967017],[-118.15851977,34.1869807530001],[-118.158540147,34.1869976880001],[-118.158556676,34.187017305],[-118.158568856,34.18703901],[-118.158576314,34.1870621420001],[-118.158578826,34.187085999],[-118.158576315,34.1871098570001],[-118.158568856,34.1871329900001],[-118.158556677,34.1871546940001],[-118.158540147,34.187174312],[-118.158519768,34.1871912460001],[-118.158506828,34.1871987760001],[-118.158509167,34.187220993]]],[[[-118.160410609,34.194228611],[-118.160381896,34.1942306980001],[-118.160368043,34.194229691],[-118.160356764,34.1942430760001],[-118.160336385,34.1942600100001],[-118.160312776,34.1942737470001],[-118.160286656,34.1942838680001],[-118.160258817,34.1942900660001],[-118.160230107,34.194292153],[-118.160201395,34.1942900660001],[-118.160173557,34.194283867],[-118.160147437,34.1942737460001],[-118.16013302,34.1942653580001],[-118.159835597,34.1948778620001],[-118.159649119,34.193992876],[-118.159651493,34.193982427],[-118.15964595,34.1939778400001],[-118.159811103,34.1932262],[-118.160389139,34.193294532],[-118.160471715,34.193567855],[-118.160444953,34.1935963270001],[-118.160456807,34.1936139860001],[-118.1603321,34.193855378],[-118.160262293,34.193999138],[-118.16027562,34.1939880630001],[-118.160299229,34.193974326],[-118.160325348,34.193964205],[-118.160353187,34.193958007],[-118.160381899,34.1939559200001],[-118.160410609,34.193958007],[-118.160438447,34.193964205],[-118.160464567,34.193974327],[-118.160488176,34.1939880630001],[-118.160508554,34.194004997],[-118.160525085,34.1940246140001],[-118.160537266,34.19404632],[-118.160544725,34.1940694520001],[-118.160547237,34.194093309],[-118.160544725,34.1941171660001],[-118.160537266,34.194140298],[-118.160525086,34.194162003],[-118.160508555,34.194181621],[-118.160488175,34.1941985550001],[-118.160464567,34.194212292],[-118.160438447,34.194222413],[-118.160410609,34.194228611]]],[[[-118.136769253,34.1779593840001],[-118.136748879,34.177976318],[-118.136725273,34.1779900540001],[-118.136699159,34.1780001760001],[-118.136671325,34.1780063730001],[-118.136642621,34.178008461],[-118.136613915,34.1780063730001],[-118.136587197,34.1780004230001],[-118.136586058,34.1780010860001],[-118.136559943,34.178011208],[-118.13653211,34.178017406],[-118.136503405,34.1780194930001],[-118.1364747,34.178017405],[-118.136446867,34.1780112070001],[-118.136425155,34.1780027930001],[-118.136411153,34.17800822],[-118.136383319,34.178014417],[-118.136354614,34.1780165050001],[-118.136325909,34.178014417],[-118.136298076,34.178008219],[-118.13627196,34.177998098],[-118.136252714,34.177986898],[-118.136240034,34.1779918120001],[-118.1362122,34.1779980100001],[-118.136183495,34.178000098],[-118.136154789,34.1779980100001],[-118.136126956,34.177991811],[-118.136103734,34.177982812],[-118.136086792,34.177986585],[-118.136058087,34.1779886730001],[-118.13602938,34.177986585],[-118.136001548,34.177980388],[-118.135975432,34.177970266],[-118.135951828,34.177956529],[-118.135937729,34.1779448120001],[-118.135934137,34.177947798],[-118.135910532,34.1779615340001],[-118.135884416,34.1779716550001],[-118.135856584,34.1779778530001],[-118.135827878,34.177979941],[-118.135799173,34.1779778540001],[-118.13577134,34.1779716550001],[-118.135745225,34.1779615340001],[-118.135721621,34.1779477970001],[-118.135701245,34.177930863],[-118.135684716,34.1779112460001],[-118.13567254,34.1778895420001],[-118.135665082,34.177866409],[-118.135662569,34.177842551],[-118.135665083,34.1778186940001],[-118.13567254,34.177795561],[-118.135684717,34.177773857],[-118.135701245,34.177754239],[-118.135706182,34.177750136],[-118.135703495,34.1777469460001],[-118.135691317,34.1777252420001],[-118.13568386,34.17770211],[-118.135681348,34.1776782520001],[-118.135683859,34.1776543940001],[-118.135691318,34.177631262],[-118.135703495,34.177609557],[-118.135720023,34.1775899400001],[-118.135740398,34.1775730050001],[-118.135764002,34.1775592700001],[-118.135782722,34.1775520150001],[-118.135780788,34.177551265],[-118.135757184,34.1775375290001],[-118.135736809,34.177520595],[-118.135720281,34.1775009770001],[-118.135708102,34.1774792730001],[-118.135700645,34.1774561400001],[-118.135698134,34.177432283],[-118.135700645,34.1774084250001],[-118.135708103,34.177385293],[-118.135720281,34.177363588],[-118.135736808,34.17734397],[-118.135757183,34.1773270360001],[-118.135780788,34.1773133],[-118.135806903,34.177303179],[-118.135834735,34.1772969800001],[-118.135845917,34.1772961670001],[-118.13561616,34.1769634570001],[-118.135781313,34.176758464],[-118.136276772,34.176758464],[-118.136689655,34.177100119],[-118.136772232,34.177373441],[-118.136675029,34.1773814850001],[-118.13665667,34.177734704],[-118.136671325,34.17773577],[-118.136699158,34.1777419680001],[-118.136725275,34.1777520890001],[-118.136748878,34.1777658250001],[-118.136769254,34.177782759],[-118.13678578,34.177802377],[-118.136797958,34.177824082],[-118.136805417,34.1778472140001],[-118.136807928,34.177871071],[-118.136805416,34.177894929],[-118.136797958,34.1779180610001],[-118.136785781,34.1779397660001],[-118.136769253,34.1779593840001]]],[[[-118.136170997,34.1776004500001],[-118.13619883,34.1775942520001],[-118.136227535,34.1775921650001],[-118.136256241,34.1775942530001],[-118.136279821,34.1775995040001],[-118.136153554,34.1775397590001],[-118.136154747,34.177541885],[-118.136162205,34.1775650180001],[-118.136164717,34.177588875],[-118.136163179,34.1776034800001],[-118.136170997,34.1776004500001]]],[[[-118.136583239,34.1777430700001],[-118.136440109,34.1776753460001],[-118.136447861,34.177689163],[-118.136455319,34.177712296],[-118.136457831,34.1777361530001],[-118.136456278,34.177750904],[-118.136474699,34.1777468020001],[-118.136503404,34.177744714],[-118.13653211,34.1777468020001],[-118.136558828,34.1777527520001],[-118.136559967,34.1777520890001],[-118.136583239,34.1777430700001]]],[[[-118.157101824,34.1857250900001],[-118.157099772,34.1857242950001],[-118.157076166,34.185710559],[-118.157055789,34.1856936240001],[-118.15703926,34.1856740060001],[-118.157027081,34.1856523020001],[-118.157019623,34.185629169],[-118.157017111,34.1856053120001],[-118.157019622,34.185581455],[-118.157027081,34.1855583220001],[-118.15703926,34.185536617],[-118.157055789,34.1855170000001],[-118.157076166,34.185500066],[-118.157082998,34.1854960900001],[-118.156920923,34.185436483],[-118.157003499,34.1846848430001],[-118.156898867,34.184338521],[-118.156887766,34.1843477460001],[-118.15686416,34.184361483],[-118.156838043,34.184371603],[-118.156810208,34.184377801],[-118.1567815,34.1843798890001],[-118.156752793,34.184377802],[-118.156724957,34.184371604],[-118.156714096,34.184367395],[-118.156694627,34.1843688110001],[-118.15666592,34.184366723],[-118.156638084,34.184360525],[-118.156611967,34.184350404],[-118.156588361,34.1843366680001],[-118.156583994,34.184333038],[-118.156577172,34.184345195],[-118.156560642,34.1843648110001],[-118.156540266,34.184381746],[-118.15651666,34.1843954820001],[-118.156490543,34.1844056030001],[-118.156462706,34.1844118010001],[-118.156434,34.184413889],[-118.156405292,34.1844118020001],[-118.156377457,34.1844056040001],[-118.15635134,34.1843954820001],[-118.156327734,34.184381746],[-118.156307357,34.1843648120001],[-118.156290828,34.1843451940001],[-118.15627865,34.1843234900001],[-118.156271192,34.184300357],[-118.15626868,34.1842765000001],[-118.156271191,34.184252642],[-118.15627865,34.1842295100001],[-118.156290828,34.184207805],[-118.156307358,34.1841881880001],[-118.156327734,34.184171254],[-118.156342781,34.184162498],[-118.156339895,34.184157355],[-118.156332436,34.1841342220001],[-118.156329925,34.184110365],[-118.156332436,34.1840865070001],[-118.156339895,34.1840633750001],[-118.156352073,34.1840416700001],[-118.156368602,34.184022053],[-118.156388979,34.1840051180001],[-118.156412585,34.183991383],[-118.156438702,34.183981262],[-118.156466537,34.183975063],[-118.156495244,34.1839729760001],[-118.156523952,34.183975063],[-118.156551787,34.183981261],[-118.156560993,34.1839848290001],[-118.156568209,34.1839820320001],[-118.156596044,34.1839758340001],[-118.156624752,34.183973747],[-118.156653459,34.1839758340001],[-118.156681294,34.1839820320001],[-118.156688282,34.18398474],[-118.15670055,34.1839745450001],[-118.156724155,34.1839608080001],[-118.156750272,34.183950688],[-118.156778107,34.1839444890001],[-118.156806815,34.1839424020001],[-118.156835522,34.1839444890001],[-118.156863358,34.183950688],[-118.156889476,34.1839608080001],[-118.15689157,34.1839620270001],[-118.156920922,34.1838648730001],[-118.157746688,34.1837282110001],[-118.157664111,34.1822932640001],[-118.157911841,34.1822249320001],[-118.158572454,34.182498256],[-118.158407301,34.1830449030001],[-118.158407301,34.1838648730001],[-118.158246684,34.1840642350001],[-118.158252039,34.184063043],[-118.158280747,34.1840609560001],[-118.158309455,34.184063043],[-118.158309996,34.1840631640001],[-118.158309742,34.1840607550001],[-118.158312253,34.1840368970001],[-118.158319711,34.184013764],[-118.158331891,34.183992059],[-118.15834842,34.183972442],[-118.158368796,34.1839555080001],[-118.158392401,34.183941772],[-118.158418519,34.1839316510001],[-118.158446354,34.183925452],[-118.158475062,34.1839233650001],[-118.158503769,34.183925452],[-118.158531604,34.18393165],[-118.158557722,34.183941772],[-118.158581327,34.1839555080001],[-118.158601703,34.183972442],[-118.158618233,34.183992059],[-118.158630411,34.184013764],[-118.15863787,34.1840368970001],[-118.158640381,34.1840607550001],[-118.158637869,34.184084612],[-118.158630411,34.1841077440001],[-118.158618231,34.1841294490001],[-118.158601703,34.184149066],[-118.158581327,34.1841660010001],[-118.158557722,34.1841797370001],[-118.158531604,34.184189858],[-118.158503769,34.1841960560001],[-118.158475061,34.1841981430001],[-118.158446354,34.1841960570001],[-118.158445813,34.184195936],[-118.158446066,34.184198344],[-118.158443555,34.1842222020001],[-118.158436096,34.1842453350001],[-118.158423917,34.1842670390001],[-118.15840739,34.184286657],[-118.1583996,34.1842931310001],[-118.158400988,34.184294778],[-118.158413166,34.184316483],[-118.158420625,34.184339616],[-118.158423136,34.1843634730001],[-118.158420625,34.184387331],[-118.158413166,34.1844104630001],[-118.158400987,34.1844321680001],[-118.15838446,34.1844517860001],[-118.158364082,34.1844687190001],[-118.158340477,34.1844824560001],[-118.158314359,34.1844925770001],[-118.158286523,34.1844987750001],[-118.15828576,34.1844988300001],[-118.158290896,34.184503099],[-118.158307425,34.1845227160001],[-118.158319604,34.1845444210001],[-118.158327063,34.1845675540001],[-118.158329574,34.184591411],[-118.158327063,34.1846152680001],[-118.158319605,34.1846384],[-118.158307424,34.184660105],[-118.158290896,34.184679723],[-118.158272138,34.184695312],[-118.158282349,34.184713511],[-118.15828981,34.1847366420001],[-118.15829232,34.1847605],[-118.158289809,34.1847843570001],[-118.158282351,34.18480749],[-118.158270171,34.1848291950001],[-118.158253643,34.184848812],[-118.158233266,34.1848657460001],[-118.15820966,34.184879483],[-118.158183543,34.184889604],[-118.158155708,34.184895802],[-118.158126999,34.1848978890001],[-118.158098292,34.184895802],[-118.158084233,34.184892672],[-118.158080929,34.1848954170001],[-118.158057323,34.184909154],[-118.158031206,34.184919275],[-118.158003369,34.1849254740001],[-118.157974662,34.1849275600001],[-118.157945955,34.1849254730001],[-118.15791812,34.184919275],[-118.157892002,34.184909154],[-118.157868396,34.1848954180001],[-118.157848019,34.184878484],[-118.157834728,34.1848627100001],[-118.157773057,34.185168902],[-118.157792501,34.1851645720001],[-118.157821208,34.185162485],[-118.157849917,34.1851645720001],[-118.157877752,34.1851707710001],[-118.15790387,34.1851808920001],[-118.157927476,34.185194628],[-118.157947853,34.1852115620001],[-118.157964382,34.185231179],[-118.157976561,34.1852528840001],[-118.157984019,34.185276017],[-118.157986531,34.1852998740001],[-118.157984019,34.185323732],[-118.157976561,34.1853468640001],[-118.157964383,34.185368569],[-118.157954107,34.1853807630001],[-118.157954907,34.185381228],[-118.157975284,34.1853981620001],[-118.157991813,34.1854177800001],[-118.158003993,34.1854394850001],[-118.15801145,34.185462617],[-118.158013962,34.1854864750001],[-118.158011451,34.185510332],[-118.158003993,34.1855334640001],[-118.157991814,34.1855551690001],[-118.157975285,34.1855747870001],[-118.157954907,34.185591721],[-118.157931301,34.1856054580001],[-118.157905184,34.1856155780001],[-118.157877348,34.1856217770001],[-118.157870597,34.185622268],[-118.157859147,34.1856426750001],[-118.157842618,34.1856622920001],[-118.15782224,34.185679226],[-118.157798634,34.1856929630001],[-118.157772516,34.1857030840001],[-118.15774468,34.1857092820001],[-118.157715973,34.185711369],[-118.157687265,34.1857092820001],[-118.157665206,34.1857043700001],[-118.157664111,34.185709806],[-118.157346458,34.1855929820001],[-118.157347756,34.1856053120001],[-118.157345243,34.185629169],[-118.157341437,34.185640977],[-118.15734349,34.1856417720001],[-118.157367096,34.1856555090001],[-118.157387473,34.185672443],[-118.157404003,34.1856920610001],[-118.157416181,34.1857137650001],[-118.15742364,34.1857368980001],[-118.157426151,34.185760755],[-118.15742364,34.1857846120001],[-118.157416182,34.185807745],[-118.157404003,34.18582945],[-118.157395394,34.185839667],[-118.157402619,34.1858620780001],[-118.157405132,34.185885936],[-118.15740262,34.1859097930001],[-118.157395161,34.185932925],[-118.157382982,34.18595463],[-118.157366453,34.185974247],[-118.157346076,34.1859911820001],[-118.15732247,34.186004918],[-118.157296353,34.186015039],[-118.157268516,34.186021237],[-118.157239808,34.1860233240001],[-118.1572111,34.186021237],[-118.157183265,34.186015039],[-118.157157146,34.186004918],[-118.15713354,34.1859911820001],[-118.157113163,34.185974248],[-118.157096633,34.185954629],[-118.157084455,34.185932925],[-118.157076997,34.1859097930001],[-118.157074485,34.185885935],[-118.157076997,34.1858620780001],[-118.157084455,34.1858389450001],[-118.157096634,34.1858172410001],[-118.157105243,34.185807024],[-118.157098017,34.1857846130001],[-118.157095506,34.185760755],[-118.157098016,34.1857368980001],[-118.157101824,34.1857250900001]]],[[[-118.157918119,34.184661068],[-118.157945954,34.184654869],[-118.157974663,34.1846527820001],[-118.15800337,34.184654869],[-118.158017428,34.1846580000001],[-118.158019114,34.184656599],[-118.158008903,34.1846384],[-118.158005778,34.184628709],[-118.157984823,34.1846302320001],[-118.157956116,34.184628145],[-118.157928281,34.184621946],[-118.157902163,34.184611825],[-118.157887033,34.184603021],[-118.157870821,34.184683514],[-118.157892002,34.184671189],[-118.157918119,34.184661068]]],[[[-118.1351207,34.1842065270001],[-118.1351207,34.183454888],[-118.135698736,34.1832498960001],[-118.135698736,34.1838648730001],[-118.136029042,34.183933204],[-118.136276772,34.1831132340001],[-118.136607079,34.1833865570001],[-118.136937385,34.1837282110001],[-118.137432844,34.183659881],[-118.137928304,34.1830449030001],[-118.138588917,34.183318226],[-118.138516588,34.18373719],[-118.138509609,34.1837776130001],[-118.138507011,34.183800412],[-118.138602982,34.184006067],[-118.138575544,34.184063205],[-118.138577552,34.1840822630001],[-118.13857504,34.1841061210001],[-118.138567582,34.184129253],[-118.138555403,34.184150958],[-118.138538875,34.184170576],[-118.138518497,34.184187509],[-118.138494892,34.184201246],[-118.138468774,34.184211368],[-118.13844094,34.184217566],[-118.138412232,34.184219652],[-118.138383524,34.184217566],[-118.138355689,34.184211367],[-118.138329571,34.184201246],[-118.138305966,34.1841875100001],[-118.13828559,34.1841705750001],[-118.138277975,34.1841615380001],[-118.138175726,34.184159869],[-118.138169053,34.1841677890001],[-118.138148676,34.184184724],[-118.138125071,34.1841984600001],[-118.138098953,34.1842085810001],[-118.138071118,34.18421478],[-118.138044595,34.1842167080001],[-118.137932473,34.1844788720001],[-118.137930809,34.1845142870001],[-118.137928304,34.1845310410001],[-118.137928304,34.184616513],[-118.138010881,34.184753175],[-118.137680574,34.1850264980001],[-118.137542601,34.185492568],[-118.136800452,34.185339512],[-118.136669632,34.1853099620001],[-118.135848282,34.1850458600001],[-118.134883991,34.18463983],[-118.1351207,34.1842065270001]]],[[[-118.157492194,34.2113953520001],[-118.157627975,34.2109978570001],[-118.157631199,34.2106274600001],[-118.157981796,34.210468807],[-118.158561457,34.2105398420001],[-118.159079818,34.2106465950001],[-118.159550048,34.2105223500001],[-118.159812446,34.2101671570001],[-118.159861957,34.2099534770001],[-118.159605722,34.2095975760001],[-118.159223726,34.2093299910001],[-118.159211875,34.2090070190001],[-118.159563373,34.208909727],[-118.159563373,34.2086006440001],[-118.159892133,34.208419281],[-118.159757406,34.20827251],[-118.159811064,34.20794649],[-118.160265826,34.208069046],[-118.160290876,34.208075797],[-118.160521371,34.2080158680001],[-118.160584709,34.207920862],[-118.160605822,34.207873358],[-118.160737776,34.2078311330001],[-118.160811669,34.2077941860001],[-118.160880285,34.207704458],[-118.160876795,34.2076916610001],[-118.160859322,34.207627593],[-118.160848616,34.207588339],[-118.160769444,34.2075144450001],[-118.160732497,34.2074722200001],[-118.160801113,34.207440551],[-118.160848616,34.2074774980001],[-118.160890841,34.2074827760001],[-118.160933066,34.2074986100001],[-118.160991126,34.2074933320001],[-118.16100696,34.2074563850001],[-118.16107901,34.2074666780001],[-118.161087266,34.2074680540001],[-118.161103585,34.2074669410001],[-118.161140239,34.2074669410001],[-118.161172408,34.207470959],[-118.161185121,34.2074725470001],[-118.161227817,34.2074771210001],[-118.161286757,34.2074884560001],[-118.161379702,34.2075247270001],[-118.161437043,34.2075820680001],[-118.161443607,34.2075842420001],[-118.161451521,34.207615762],[-118.161454577,34.2076291330001],[-118.161486261,34.2076395930001],[-118.161503832,34.207666229],[-118.161516551,34.2076939500001],[-118.161493344,34.2077282700001],[-118.161509177,34.207756794],[-118.161519757,34.2077881640001],[-118.161534636,34.2078197640001],[-118.161530765,34.207859269],[-118.161542284,34.207887966],[-118.161533684,34.207916502],[-118.161575718,34.2079511950001],[-118.161531878,34.207949537],[-118.161551684,34.2079555920001],[-118.161563336,34.2079557540001],[-118.161584054,34.20796024],[-118.161574977,34.20798411],[-118.161551074,34.2080034210001],[-118.161529736,34.208035239],[-118.161512383,34.2080652610001],[-118.161501383,34.2080966930001],[-118.16150367,34.208128163],[-118.161495766,34.2081625880001],[-118.161487511,34.208189412],[-118.161486342,34.208220801],[-118.161479329,34.2082568340001],[-118.161492867,34.20829021],[-118.1615289,34.2082902490001],[-118.161535946,34.208317213],[-118.161552213,34.2083458390001],[-118.161586503,34.208365739],[-118.161605508,34.208388508],[-118.161625571,34.2084155900001],[-118.161611443,34.2084456750001],[-118.161596822,34.208477015],[-118.16158426,34.208506841],[-118.16156278,34.2085287130001],[-118.161539852,34.2085530530001],[-118.161541957,34.2085864700001],[-118.161524885,34.208610918],[-118.161508273,34.2086385120001],[-118.161491766,34.208672017],[-118.16148834,34.2087068320001],[-118.161463049,34.2087402610001],[-118.161443953,34.2087675970001],[-118.161426133,34.2087968860001],[-118.161433939,34.2088343500001],[-118.161463055,34.208857187],[-118.161496653,34.2088657840001],[-118.161530243,34.208878096],[-118.161569609,34.208885116],[-118.161607902,34.2088858720001],[-118.161604891,34.208919232],[-118.161619686,34.208948655],[-118.161655575,34.208940393],[-118.161692348,34.208932513],[-118.161708581,34.208966323],[-118.161710473,34.2089958880001],[-118.161686522,34.209017568],[-118.161664894,34.209049183],[-118.161690173,34.2090882690001],[-118.161765435,34.209109815],[-118.161770109,34.209168505],[-118.161728624,34.2091531610001],[-118.161646827,34.209136421],[-118.161613383,34.2091343980001],[-118.161584682,34.209120097],[-118.161556325,34.2091348160001],[-118.161528024,34.2091608920001],[-118.161505009,34.209181017],[-118.161473859,34.2091934090001],[-118.161438948,34.2091919280001],[-118.161405223,34.2091971310001],[-118.161402458,34.209229824],[-118.161425351,34.209255861],[-118.16139801,34.209278479],[-118.161401501,34.209310805],[-118.161373951,34.209342013],[-118.161336908,34.209352591],[-118.161304637,34.209377778],[-118.161307813,34.2094104540001],[-118.16133324,34.209431174],[-118.161353387,34.2094578630001],[-118.16137979,34.209485021],[-118.161411022,34.2094988600001],[-118.161442271,34.209469273],[-118.161478264,34.209474834],[-118.161517932,34.209481097],[-118.161527165,34.2095085440001],[-118.161563551,34.209507301],[-118.161556539,34.209534257],[-118.161555399,34.2095374030001],[-118.161542994,34.2095716210001],[-118.161490311,34.2097035690001],[-118.161477272,34.2097319810001],[-118.16145724,34.209763912],[-118.161458516,34.2097914820001],[-118.161445989,34.2098255510001],[-118.161416439,34.20983848],[-118.161400338,34.209863489],[-118.161386819,34.209889167],[-118.16135414,34.2099019730001],[-118.161323868,34.2099195700001],[-118.161283684,34.2099126780001],[-118.16125512,34.2099332080001],[-118.161236521,34.209959057],[-118.161209579,34.209981955],[-118.161179611,34.2099989820001],[-118.161144417,34.21000158],[-118.161109085,34.210005073],[-118.161087209,34.210027526],[-118.161071007,34.2100516680001],[-118.161076482,34.2100841750001],[-118.161051966,34.210116849],[-118.161017724,34.2101170120001],[-118.161013086,34.2100877390001],[-118.16101087,34.2100544900001],[-118.161000135,34.210023736],[-118.160976113,34.21000394],[-118.160940292,34.2100310330001],[-118.1609068,34.2100526950001],[-118.160867541,34.2100473850001],[-118.160832269,34.2100491750001],[-118.160794999,34.210052267],[-118.160780088,34.2100788160001],[-118.16078484,34.2101084060001],[-118.160781883,34.210137913],[-118.160787599,34.2101730890001],[-118.160783755,34.2102032020001],[-118.160791781,34.2102393770001],[-118.160791939,34.210239728],[-118.160801405,34.2102605050001],[-118.160807236,34.2102787950001],[-118.160806717,34.210292877],[-118.160805928,34.210314296],[-118.160805536,34.2103188620001],[-118.160832438,34.2103389500001],[-118.16083224,34.2103541640001],[-118.160832041,34.210369455],[-118.160808953,34.210380711],[-118.160754247,34.210406812],[-118.160723645,34.2104214130001],[-118.160622931,34.2104694650001],[-118.160554537,34.210502096],[-118.16044425,34.2105547150001],[-118.160399237,34.2105761920001],[-118.160234402,34.2109441110001],[-118.159716052,34.2110161190001],[-118.159816908,34.2110577340001],[-118.159855135,34.211067395],[-118.159891299,34.211078684],[-118.15992459,34.2110956760001],[-118.159948677,34.211119528],[-118.159980363,34.2111442930001],[-118.159994349,34.2111466310001],[-118.160019064,34.211165468],[-118.160016832,34.211182267],[-118.159985658,34.2112075260001],[-118.159962768,34.211231522],[-118.159923095,34.2112361900001],[-118.159881131,34.2112460920001],[-118.159858034,34.211272395],[-118.159840594,34.21129856],[-118.159811589,34.211315911],[-118.159836386,34.211338803],[-118.159842568,34.2113689940001],[-118.1598687,34.211389126],[-118.159902371,34.211391092],[-118.159932943,34.2114049510001],[-118.159943988,34.2113777540001],[-118.159970079,34.211358418],[-118.159972098,34.211389636],[-118.159978601,34.2114187180001],[-118.159974392,34.211456533],[-118.159938662,34.2114732140001],[-118.159892614,34.2114627290001],[-118.159860046,34.2114570090001],[-118.159890837,34.2114821820001],[-118.159887482,34.211514605],[-118.159890695,34.211548459],[-118.159888725,34.2115780940001],[-118.159849032,34.211563734],[-118.159837109,34.2115367110001],[-118.159807496,34.2115496970001],[-118.159768871,34.211563891],[-118.159751304,34.2115397260001],[-118.159750822,34.211509445],[-118.159733619,34.211485409],[-118.159694773,34.211482512],[-118.15965844,34.211474432],[-118.159617149,34.2114808210001],[-118.159595472,34.2115135450001],[-118.159568246,34.211537478],[-118.159580848,34.211567089],[-118.15961388,34.211574355],[-118.159650843,34.2115802700001],[-118.159667878,34.2115955350001],[-118.15960409,34.2118018030001],[-118.15960294,34.211806891],[-118.159402383,34.2118970600001],[-118.159130157,34.212019452],[-118.159037074,34.2120403370001],[-118.15902348,34.2120456690001],[-118.158753349,34.2124023380001],[-118.158453709,34.212265302],[-118.158291484,34.212234488],[-118.158210801,34.2122191620001],[-118.157953628,34.2121703130001],[-118.157933742,34.212166536],[-118.157921773,34.212164263],[-118.157639101,34.2121293870001],[-118.157593719,34.2122122150001],[-118.157380032,34.2126022190001],[-118.15736383,34.2126284880001],[-118.157327785,34.2126951810001],[-118.157116012,34.213032169],[-118.157029161,34.213176074],[-118.157099622,34.21345942],[-118.157351701,34.2133268360001],[-118.157413313,34.2132944310001],[-118.157456222,34.2132718620001],[-118.157458142,34.213259334],[-118.15749155,34.213253281],[-118.15749202,34.213253034],[-118.157543238,34.213226095],[-118.157814042,34.2131941210001],[-118.157825543,34.2131927630001],[-118.157865872,34.2135594170001],[-118.157806692,34.213877343],[-118.158006794,34.2141808000001],[-118.157982419,34.214210613],[-118.157976483,34.2142400330001],[-118.157966108,34.2142845880001],[-118.15793353,34.214304272],[-118.157889145,34.2143080720001],[-118.157857586,34.214315083],[-118.157823876,34.214312685],[-118.157783047,34.2143051460001],[-118.157781713,34.2143328560001],[-118.157747914,34.214344371],[-118.157713027,34.214313852],[-118.157691066,34.2142876840001],[-118.157646005,34.2142887970001],[-118.157606292,34.2142862090001],[-118.15758702,34.214254345],[-118.157566225,34.21422734],[-118.157544364,34.214175836],[-118.157466359,34.214165849],[-118.157483033,34.2141943300001],[-118.157442659,34.214198009],[-118.157401894,34.2142199740001],[-118.157368065,34.214222916],[-118.157329351,34.2142304560001],[-118.157297577,34.2142436140001],[-118.157271378,34.214268519],[-118.157245962,34.2142909570001],[-118.157225694,34.2143189660001],[-118.157203957,34.214347678],[-118.157193346,34.2143745650001],[-118.157168342,34.214394025],[-118.157127867,34.214406459],[-118.157080489,34.214420067],[-118.157046199,34.2144291160001],[-118.157027784,34.21445218],[-118.156997754,34.2144730590001],[-118.156962912,34.2144636090001],[-118.156923563,34.2144724980001],[-118.156885772,34.2144552680001],[-118.156866105,34.2144790610001],[-118.156851521,34.214506251],[-118.156825444,34.2145294270001],[-118.156783623,34.214532182],[-118.156742032,34.214519081],[-118.156704412,34.2145098240001],[-118.156666864,34.214513206],[-118.156623409,34.214497561],[-118.156579091,34.214477736],[-118.156540873,34.214469507],[-118.156535851,34.2144967880001],[-118.156528987,34.2145326620001],[-118.15651181,34.214557348],[-118.156489612,34.2145783770001],[-118.156465964,34.214604007],[-118.156433276,34.214619208],[-118.156430006,34.2146507],[-118.15643782,34.2146800800001],[-118.156418516,34.2147136940001],[-118.156418271,34.2147506470001],[-118.156408656,34.2147874360001],[-118.15640147,34.214819382],[-118.156396872,34.2148530310001],[-118.156411256,34.2148849330001],[-118.156392344,34.2149164300001],[-118.156386063,34.2149477840001],[-118.156399926,34.21498201],[-118.156406238,34.2150099560001],[-118.156427599,34.2150360140001],[-118.156438177,34.2150644860001],[-118.15646471,34.21508536],[-118.156474208,34.21512152],[-118.156469336,34.2151558470001],[-118.156450028,34.215180366],[-118.1564177,34.2152005520001],[-118.156400733,34.2152310450001],[-118.156420546,34.2152606400001],[-118.156449757,34.215284791],[-118.15647389,34.2153058550001],[-118.156482856,34.215336001],[-118.156501795,34.2153605930001],[-118.156540025,34.2153793840001],[-118.156531244,34.2154104140001],[-118.156513027,34.2154475560001],[-118.156536284,34.215474423],[-118.156525601,34.21550015],[-118.156728161,34.215529179],[-118.156728783,34.2155464460001],[-118.156741639,34.215569099],[-118.156744194,34.2155992290001],[-118.156744078,34.2156349380001],[-118.156740537,34.215664566],[-118.156741294,34.2156945990001],[-118.15673886,34.2157255120001],[-118.156738539,34.215727429],[-118.156733227,34.2157591280001],[-118.156732095,34.215765881],[-118.156714315,34.2158061750001],[-118.156706108,34.2158339690001],[-118.156705513,34.2158359850001],[-118.156704266,34.215840207],[-118.156672676,34.2158625800001],[-118.156642606,34.2158859840001],[-118.156627894,34.215912243],[-118.156606439,34.21593669],[-118.156592524,34.215960947],[-118.156588598,34.21596779],[-118.15657451,34.2159990060001],[-118.156543129,34.2160149790001],[-118.15652256,34.21602999],[-118.156512433,34.216039983],[-118.156495349,34.216061634],[-118.156487808,34.216064284],[-118.156458298,34.216093404],[-118.156441767,34.2160959500001],[-118.156088388,34.21615037],[-118.156079097,34.216151801],[-118.156077395,34.216152063],[-118.15597618,34.216202523],[-118.155809093,34.216292653],[-118.155749914,34.216512692],[-118.155743456,34.216515052],[-118.155742227,34.2165192150001],[-118.155718917,34.216526016],[-118.1556812,34.216539734],[-118.155643917,34.216553183],[-118.155642008,34.2165543680001],[-118.15563836,34.216556633],[-118.155609484,34.2165714060001],[-118.155592084,34.2165728150001],[-118.15557545,34.2165738160001],[-118.155571047,34.2165745180001],[-118.155556289,34.21657687],[-118.15548999,34.216592016],[-118.155453942,34.2165823300001],[-118.155410433,34.2165896000001],[-118.155389512,34.21659973],[-118.155376633,34.2166059670001],[-118.155344583,34.2166134670001],[-118.155341632,34.2166168630001],[-118.155340853,34.216617044],[-118.155313004,34.216648439],[-118.15529805,34.2166627],[-118.155285115,34.2166945000001],[-118.155276883,34.2167233170001],[-118.155245367,34.216735333],[-118.15520635,34.216737767],[-118.155163484,34.2167337830001],[-118.155123833,34.2167403330001],[-118.15508685,34.2167396670001],[-118.155050733,34.2167468170001],[-118.1550054,34.216758016],[-118.154975283,34.216769867],[-118.15493345,34.2167913000001],[-118.154891,34.2168004160001],[-118.1548494,34.2168088330001],[-118.15481985,34.2168288670001],[-118.154788884,34.2168389330001],[-118.154768749,34.2168629500001],[-118.154731266,34.2168730670001],[-118.154695,34.2168749160001],[-118.154653017,34.2168897830001],[-118.154614217,34.216912816],[-118.154590933,34.216932634],[-118.154562083,34.21695585],[-118.154539783,34.2169841830001],[-118.154511583,34.2170092160001],[-118.154497667,34.2170341670001],[-118.154469317,34.217050466],[-118.154442365,34.2170713670001],[-118.154418783,34.2170936000001],[-118.154391524,34.2171061610001],[-118.154397417,34.2171211840001],[-118.154407917,34.2171560830001],[-118.154422984,34.217182967],[-118.154450251,34.217207633],[-118.154484134,34.2172279170001],[-118.154521433,34.2172360170001],[-118.154569384,34.217243567],[-118.154611267,34.21725595],[-118.154646917,34.2172725],[-118.154687316,34.21726905],[-118.154720833,34.21728505],[-118.154746267,34.217266216],[-118.154779917,34.2172528830001],[-118.154816234,34.217251834],[-118.1548378,34.2172247170001],[-118.154854417,34.2171979670001],[-118.154883183,34.2172171330001],[-118.154888817,34.2172462500001],[-118.154918683,34.217232317],[-118.154951017,34.217246883],[-118.154978416,34.2172676170001],[-118.155003183,34.217286517],[-118.155014817,34.217314366],[-118.155043617,34.217340533],[-118.155075933,34.2173271670001],[-118.15509595,34.2173051660001],[-118.155075716,34.217278766],[-118.155073984,34.2172483160001],[-118.155101767,34.2172697],[-118.155127566,34.217287217],[-118.155163,34.217281567],[-118.1551922,34.2173055160001],[-118.155232717,34.217305783],[-118.155258417,34.2172874830001],[-118.155289019,34.217283261],[-118.155295017,34.217282434],[-118.155296667,34.2172807760001],[-118.155628989,34.2175400530001],[-118.155644467,34.2175521290001],[-118.15567242,34.217573938],[-118.155808005,34.2176874960001],[-118.155817132,34.21769514],[-118.156206656,34.2181391030001],[-118.156211959,34.2181557750001],[-118.156218853,34.2181774520001],[-118.156220559,34.218179585],[-118.156265302,34.2182914420001],[-118.156316572,34.2184613640001],[-118.156310347,34.218465114],[-118.156414383,34.2187922090001],[-118.156423505,34.2188208900001],[-118.156446724,34.2188938910001],[-118.156485163,34.219014745],[-118.15649851,34.2190567100001],[-118.156237468,34.2193226140001],[-118.156214497,34.2193460130001],[-118.155869355,34.2196975860001],[-118.155794862,34.219773467],[-118.155826223,34.2197900190001],[-118.155195751,34.2202967170001],[-118.153831773,34.2206602740001],[-118.153196296,34.2211024960001],[-118.152225505,34.2208668420001],[-118.15058153,34.221615263],[-118.148790258,34.2215725900001],[-118.146906557,34.2205997670001],[-118.146544186,34.2204126240001],[-118.146355963,34.220315418],[-118.146315916,34.220294736],[-118.146251872,34.2202616610001],[-118.146205912,34.220237925],[-118.145771296,34.2200134710001],[-118.145555111,34.219901824],[-118.145554574,34.2199018260001],[-118.145102943,34.2199032230001],[-118.144974751,34.219903619],[-118.144967969,34.21990364],[-118.144909473,34.219904005],[-118.144892214,34.219904113],[-118.144887842,34.21990414],[-118.144785986,34.2199042030001],[-118.144696954,34.219904478],[-118.144634657,34.21979873],[-118.144617789,34.219770096],[-118.144607676,34.2197529320001],[-118.144596614,34.219734153],[-118.144580859,34.219707408],[-118.144170316,34.2190105190001],[-118.143785862,34.2183579150001],[-118.143785051,34.2183565390001],[-118.14371506,34.2183352170001],[-118.143662777,34.2183192900001],[-118.143660048,34.2183159320001],[-118.143574715,34.2182899360001],[-118.143539495,34.218279206],[-118.143463834,34.218256157],[-118.143432418,34.2182465860001],[-118.143278862,34.218199806],[-118.142071454,34.2172677020001],[-118.141492287,34.2170996070001],[-118.139642255,34.217396739],[-118.137968808,34.2174982130001],[-118.137622488,34.2175977810001],[-118.137549665,34.217618718],[-118.137477501,34.217639465],[-118.136946674,34.217792079],[-118.136528166,34.217912401],[-118.136515386,34.2179160760001],[-118.136307908,34.2179757260001],[-118.136186262,34.2180107],[-118.136105722,34.218033855],[-118.135940243,34.218081431],[-118.134525071,34.217316655],[-118.133998124,34.2171801480001],[-118.133705436,34.2172005210001],[-118.133109899,34.2173904690001],[-118.13277453,34.2176503060001],[-118.132752299,34.2176675310001],[-118.132787975,34.217698065],[-118.133145658,34.218004202],[-118.133725461,34.218383988],[-118.133789578,34.2184343660001],[-118.133793145,34.2184360540001],[-118.134097404,34.2185800510001],[-118.134222443,34.21864264],[-118.134366153,34.2187041380001],[-118.134502952,34.218685856],[-118.134746717,34.2186532790001],[-118.134972275,34.2186231360001],[-118.135174947,34.2185987190001],[-118.135200978,34.218592572],[-118.13513559,34.218811658],[-118.135121008,34.2188605150001],[-118.135052105,34.2190913750001],[-118.135000638,34.2192638170001],[-118.134945762,34.2194476820001],[-118.134898558,34.219605836],[-118.134894782,34.219618487],[-118.134547389,34.2196452950001],[-118.134517743,34.219647583],[-118.134425592,34.2196162930001],[-118.134182294,34.21953368],[-118.133935167,34.2194497670001],[-118.133770764,34.2193960720001],[-118.133658619,34.219368377],[-118.133589839,34.219432329],[-118.133345844,34.2196592010001],[-118.133334639,34.2196534120001],[-118.133065706,34.219514491],[-118.133064818,34.219515444],[-118.133038955,34.219543189],[-118.132892173,34.219700652],[-118.132787636,34.2197685],[-118.132786187,34.219769441],[-118.132231408,34.2196295840001],[-118.132201055,34.219618747],[-118.132098207,34.2195820260001],[-118.131980786,34.219532643],[-118.131865544,34.2194989560001],[-118.13139928,34.219712069],[-118.130945019,34.2198786540001],[-118.130322245,34.2201546270001],[-118.130230559,34.220525395],[-118.130119123,34.220843648],[-118.130112991,34.2208467940001],[-118.130041224,34.2208836240001],[-118.129399708,34.221212834],[-118.128860611,34.2214524130001],[-118.12881866,34.221471056],[-118.128782428,34.2214681930001],[-118.128765706,34.221448622],[-118.128744245,34.2214183140001],[-118.12869383,34.2214188340001],[-118.128663137,34.221431067],[-118.128629141,34.2214406790001],[-118.128622767,34.2214103210001],[-118.128599084,34.2213901170001],[-118.128564878,34.2213741470001],[-118.12853651,34.2213544460001],[-118.128500056,34.221342398],[-118.128469523,34.2213693050001],[-118.128474414,34.221400089],[-118.128492491,34.221425272],[-118.128497269,34.2214319290001],[-118.128494874,34.221437909],[-118.128491939,34.221445239],[-118.128490605,34.2214485700001],[-118.128486209,34.221459548],[-118.128446275,34.221478274],[-118.128438023,34.221483241],[-118.128406696,34.2215020960001],[-118.128368954,34.2215009970001],[-118.128335772,34.2215174660001],[-118.128311293,34.2215463910001],[-118.128269292,34.2215452630001],[-118.128234244,34.221536159],[-118.12819696,34.2215287700001],[-118.128183988,34.221502973],[-118.128167957,34.221476884],[-118.128135581,34.221466868],[-118.128133596,34.2214662540001],[-118.128132145,34.22146501],[-118.128107716,34.2214440710001],[-118.128111655,34.221415189],[-118.128100517,34.221400961],[-118.128087824,34.221389693],[-118.127979423,34.221362492],[-118.12797281,34.221326935],[-118.127966528,34.2212860400001],[-118.127957103,34.221243594],[-118.127947181,34.221204879],[-118.127945413,34.2211995220001],[-118.127932514,34.221159546],[-118.127898672,34.221054667],[-118.127739431,34.2209393900001],[-118.1277298,34.220967376],[-118.127606311,34.2209028070001],[-118.127626707,34.220871312],[-118.127593712,34.2208778350001],[-118.127557473,34.2208954810001],[-118.127525027,34.2208783350001],[-118.127485977,34.220880133],[-118.127462244,34.220911137],[-118.127459756,34.2209387090001],[-118.127422015,34.22094581],[-118.127384865,34.220963313],[-118.127348978,34.2209755430001],[-118.127311259,34.2209793750001],[-118.127286887,34.2210034020001],[-118.127258155,34.2210264080001],[-118.127220425,34.221031822],[-118.12722719,34.220998249],[-118.127194065,34.2210058690001],[-118.127210566,34.221030639],[-118.127188449,34.2210098560001],[-118.127161343,34.2210349650001],[-118.127167309,34.221064873],[-118.127197065,34.221083607],[-118.127231896,34.221094076],[-118.127213818,34.2211235230001],[-118.127214607,34.2211516570001],[-118.127223589,34.2211836060001],[-118.127261797,34.2211815680001],[-118.127302358,34.221187011],[-118.127322882,34.2212118520001],[-118.127323263,34.221242912],[-118.127295805,34.221261328],[-118.127267071,34.221275274],[-118.127230503,34.221271093],[-118.127198321,34.22128093],[-118.127182024,34.2213055350001],[-118.127158139,34.221327709],[-118.127161846,34.221363513],[-118.127195139,34.221370719],[-118.127224572,34.221387851],[-118.127265676,34.221398294],[-118.127288327,34.2214191620001],[-118.127307302,34.221445261],[-118.12729577,34.2214700100001],[-118.127292488,34.221477055],[-118.12728228,34.2214760630001],[-118.127257969,34.221473702],[-118.127232332,34.221492433],[-118.127198072,34.2215067810001],[-118.127185643,34.221512868],[-118.127164514,34.221523215],[-118.127159761,34.221554547],[-118.127135263,34.2215757970001],[-118.127136299,34.2215772530001],[-118.127155361,34.2216040390001],[-118.127154866,34.2216067140001],[-118.127147597,34.2216463190001],[-118.127147549,34.22164659],[-118.127143956,34.2216670010001],[-118.127132261,34.2216930230001],[-118.127123915,34.22172176],[-118.127124279,34.221722545],[-118.127129024,34.2217327820001],[-118.127138655,34.221753559],[-118.12716697,34.221735907],[-118.127200211,34.221726039],[-118.127224686,34.221756177],[-118.127212537,34.2217867620001],[-118.127176153,34.2217911450001],[-118.127154635,34.2218149920001],[-118.127139176,34.221845451],[-118.127119038,34.221867473],[-118.127151915,34.2218635300001],[-118.127166253,34.221889128],[-118.127154666,34.2219318640001],[-118.127088987,34.2219614460001],[-118.127055523,34.2219638940001],[-118.127021769,34.2219627540001],[-118.126980663,34.221969384],[-118.126979552,34.2219695630001],[-118.126978527,34.2219696130001],[-118.126941067,34.2219736380001],[-118.126900885,34.222028707],[-118.126905571,34.222052621],[-118.126905404,34.2220526610001],[-118.126905418,34.2220527330001],[-118.126878755,34.2220590360001],[-118.126876617,34.2220619670001],[-118.1268276,34.2220777570001],[-118.126806158,34.222103802],[-118.126785692,34.2221270520001],[-118.126747059,34.2221155440001],[-118.12671146,34.222109049],[-118.126679673,34.2221199620001],[-118.126614679,34.2221422750001],[-118.126214157,34.2225148480001],[-118.126179663,34.2224800480001],[-118.12620605,34.2225223890001],[-118.126122395,34.2223937250001],[-118.125985745,34.2221835490001],[-118.125931834,34.222206746],[-118.124932287,34.222636827],[-118.124798625,34.2230184540001],[-118.124061466,34.2233392320001],[-118.1238747,34.2236352480001],[-118.123793123,34.2240146070001],[-118.123590331,34.2242483260001],[-118.123218035,34.2243642770001],[-118.122888909,34.224355363],[-118.122449615,34.224522392],[-118.122258786,34.2248272630001],[-118.121785738,34.2251891390001],[-118.120604565,34.225056174],[-118.121353608,34.2245382020001],[-118.121356394,34.224536275],[-118.121455896,34.2243326710001],[-118.121378973,34.224075713],[-118.120811076,34.2235684030001],[-118.12080145,34.223565804],[-118.120449237,34.2234707100001],[-118.120108954,34.2235723220001],[-118.119828581,34.2238250120001],[-118.119605934,34.22407235],[-118.119328535,34.224212585],[-118.118807818,34.224291674],[-118.118375264,34.22425573],[-118.118363142,34.2242508520001],[-118.118011496,34.224109388],[-118.118000386,34.2243616420001],[-118.11821313,34.224598691],[-118.118309206,34.2248027690001],[-118.118266316,34.225224703],[-118.117971165,34.2252955590001],[-118.117965648,34.2252890770001],[-118.117744537,34.225029287],[-118.117736816,34.2250296450001],[-118.117671266,34.2250326820001],[-118.117507627,34.2252961140001],[-118.117625948,34.225548673],[-118.117634266,34.2256012340001],[-118.117612428,34.225806892],[-118.1171035,34.2257734],[-118.116792401,34.2258028000001],[-118.116875715,34.2261002380001],[-118.117180956,34.226544162],[-118.117427561,34.2267415920001],[-118.117573712,34.2271028000001],[-118.117708541,34.2272745380001],[-118.11750122,34.2275683300001],[-118.11767763,34.227881285],[-118.117273386,34.2281300880001],[-118.117052426,34.228519792],[-118.11682591,34.228870564],[-118.116758364,34.229107062],[-118.117331402,34.229347175],[-118.11745223,34.2295108760001],[-118.117254273,34.2297101710001],[-118.11726905,34.2301811460001],[-118.116630858,34.2302793750001],[-118.116046497,34.230530436],[-118.115933111,34.2307123350001],[-118.115898805,34.231197116],[-118.115898603,34.231199975],[-118.116167648,34.2312439360001],[-118.116421471,34.2313197130001],[-118.116705567,34.2310491370001],[-118.117203476,34.2309954080001],[-118.117209286,34.230994781],[-118.117530138,34.2312722570001],[-118.117539185,34.2312800810001],[-118.117785688,34.2310486320001],[-118.117786991,34.231047409],[-118.117911998,34.231117582],[-118.11792216,34.2311232860001],[-118.118463373,34.230903332],[-118.119479306,34.2307890880001],[-118.119777362,34.2307444030001],[-118.120126156,34.230559299],[-118.120126207,34.2305592720001],[-118.120538587,34.2307262040001],[-118.120411595,34.230805585],[-118.120294339,34.231043007],[-118.120140249,34.2312004670001],[-118.120080102,34.2312308080001],[-118.120019575,34.2313440350001],[-118.120063962,34.231715131],[-118.119675524,34.2317740620001],[-118.119778589,34.2320850410001],[-118.119983231,34.232624566],[-118.119985058,34.232629381],[-118.120060796,34.2326298740001],[-118.120072747,34.232629952],[-118.120091143,34.2330135980001],[-118.119843434,34.233497635],[-118.11959166,34.2337783890001],[-118.119439691,34.2340500390001],[-118.11934377,34.2345264360001],[-118.119396013,34.2347700020001],[-118.118810779,34.234658521],[-118.11880503,34.2346548630001],[-118.118371695,34.2343791760001],[-118.118367672,34.234379484],[-118.118283116,34.2343859480001],[-118.117918873,34.234561521],[-118.117884245,34.234578212],[-118.117680194,34.234632317],[-118.117617723,34.234648882],[-118.117617245,34.2346488810001],[-118.117541348,34.234648651],[-118.117384415,34.234596912],[-118.1172764,34.2345613000001],[-118.117208682,34.2345353150001],[-118.116964814,34.2345025540001],[-118.116933496,34.2344962540001],[-118.116901844,34.234477677],[-118.116839182,34.2344586790001],[-118.116798846,34.2344437350001],[-118.116766334,34.234431639],[-118.116707287,34.2344078580001],[-118.116670461,34.2343977900001],[-118.116637839,34.2343818460001],[-118.116605793,34.23436488],[-118.116573432,34.2343527990001],[-118.116538851,34.234340693],[-118.116507085,34.2343264630001],[-118.1164798,34.2343145250001],[-118.116412348,34.2342870190001],[-118.116382557,34.23427487],[-118.116367037,34.234267851],[-118.116332373,34.2342579940001],[-118.116319652,34.2342531620001],[-118.116288538,34.234241345],[-118.116248797,34.2342320110001],[-118.116202585,34.2342218970001],[-118.116158978,34.234218291],[-118.116113049,34.2342191380001],[-118.116069126,34.2342209990001],[-118.116022037,34.234220898],[-118.115988447,34.234222238],[-118.115976033,34.234222733],[-118.115933195,34.2342312370001],[-118.115885117,34.234238453],[-118.115881998,34.2342392240001],[-118.115785443,34.234263094],[-118.115762754,34.2342685740001],[-118.115724749,34.2342770880001],[-118.115697374,34.2342867360001],[-118.115690109,34.234289296],[-118.115656567,34.234299811],[-118.115624815,34.2343106170001],[-118.115593275,34.2343194960001],[-118.115559628,34.2343283270001],[-118.115533866,34.2343354340001],[-118.115412744,34.234247211],[-118.115409821,34.234239857],[-118.115411752,34.2342372900001],[-118.115404934,34.23422757],[-118.115394908,34.2342132750001],[-118.11536129,34.2342151820001],[-118.115352535,34.234181914],[-118.115324161,34.234159284],[-118.115301747,34.234184353],[-118.115276988,34.2342095870001],[-118.115244401,34.234216369],[-118.11521841,34.234197947],[-118.115212078,34.2341692300001],[-118.115166158,34.234173142],[-118.115141432,34.2341534020001],[-118.115100512,34.234161773],[-118.115061514,34.2341638930001],[-118.115028428,34.234154942],[-118.114991787,34.2341477460001],[-118.114963092,34.234130754],[-118.114931234,34.234155522],[-118.114897697,34.234163483],[-118.114861436,34.234159774],[-118.1148251,34.2341646400001],[-118.11478857,34.2341593940001],[-118.114748853,34.234154926],[-118.114708947,34.234159549],[-118.114675115,34.23415906],[-118.114655802,34.2341892650001],[-118.114640045,34.234214831],[-118.114614128,34.2342319970001],[-118.11458088,34.2342399350001],[-118.114552424,34.2342230400001],[-118.114518031,34.23421992],[-118.114488988,34.2342065190001],[-118.114452233,34.2342163230001],[-118.114405741,34.2342092810001],[-118.114377617,34.2342244490001],[-118.114346966,34.2342115930001],[-118.114317338,34.2342278460001],[-118.11428169,34.2342198850001],[-118.114249082,34.2342315760001],[-118.114223672,34.2342125440001],[-118.114190503,34.234211798],[-118.114169374,34.234220264],[-118.114043111,34.23421983],[-118.114043342,34.2342224610001],[-118.113965064,34.2342074050001],[-118.11395248,34.2341794000001],[-118.11390667,34.234183167],[-118.113892923,34.2341967570001],[-118.113783574,34.234180726],[-118.113701607,34.2341590950001],[-118.113661916,34.234142122],[-118.113621778,34.234141804],[-118.113594403,34.234122266],[-118.113562804,34.2341128850001],[-118.113527223,34.2340951470001],[-118.11350978,34.2341225220001],[-118.113480128,34.2341026720001],[-118.113442903,34.23409887],[-118.11340302,34.2340898800001],[-118.113370637,34.2340744800001],[-118.113338473,34.2340643640001],[-118.113317963,34.234039008],[-118.113283459,34.2340351870001],[-118.11325605,34.234057421],[-118.113216029,34.2340588100001],[-118.113182683,34.234058089],[-118.113145054,34.234060894],[-118.11310702,34.234056481],[-118.113098192,34.234028304],[-118.113063009,34.2340281150001],[-118.113021173,34.2340272810001],[-118.11298518,34.233991889],[-118.112999064,34.2340182900001],[-118.112971933,34.234038823],[-118.112935349,34.234050364],[-118.112904749,34.2340371550001],[-118.112878143,34.234016893],[-118.112841155,34.2340054220001],[-118.112809938,34.233993378],[-118.112793214,34.2339929180001],[-118.112775441,34.2339924290001],[-118.112742797,34.233983849],[-118.112707735,34.233980418],[-118.112674522,34.2339682470001],[-118.11264223,34.233956203],[-118.112613868,34.23393989],[-118.112611553,34.2339330840001],[-118.112608648,34.233924544],[-118.112604145,34.233911305],[-118.112593039,34.2339020040001],[-118.112587548,34.233897406],[-118.112583451,34.2338939740001],[-118.112579658,34.2338893730001],[-118.112577924,34.2338842680001],[-118.112570212,34.233861566],[-118.112553679,34.2338358710001],[-118.112538496,34.233827535],[-118.112529223,34.2338224430001],[-118.112528221,34.233821892],[-118.112528154,34.2338218560001],[-118.112521427,34.2338181370001],[-118.112520693,34.2338172990001],[-118.112519823,34.2338162980001],[-118.112517648,34.2338136700001],[-118.112513386,34.233808621],[-118.112512736,34.2338078510001],[-118.112512429,34.233807475],[-118.112512133,34.2338071030001],[-118.112506514,34.233800408],[-118.112500922,34.2337937460001],[-118.11250053,34.233793271],[-118.112500204,34.233792984],[-118.112499999,34.233792786],[-118.112499209,34.233792038],[-118.112497991,34.233790894],[-118.112497403,34.2337903420001],[-118.112472928,34.23376734],[-118.112443169,34.2337530190001],[-118.112413841,34.233737487],[-118.112385607,34.233721222],[-118.1123826,34.2337194890001],[-118.112346418,34.233710059],[-118.112309368,34.2337178670001],[-118.112273303,34.233695395],[-118.112241321,34.2336828430001],[-118.112203772,34.233691514],[-118.112187532,34.2336838190001],[-118.112174784,34.233677775],[-118.112144008,34.233666633],[-118.112117777,34.233646836],[-118.11209094,34.233619957],[-118.112078944,34.2335907080001],[-118.112041854,34.2335781950001],[-118.112008684,34.233558654],[-118.111962604,34.23355093],[-118.111927813,34.2335515180001],[-118.111894454,34.2335412480001],[-118.111878589,34.2335168500001],[-118.111842128,34.233515869],[-118.111808752,34.2335162890001],[-118.111770303,34.2335197570001],[-118.111733188,34.233532832],[-118.111706808,34.2335510670001],[-118.111670264,34.2335548660001],[-118.111639373,34.233544239],[-118.111611918,34.233548876],[-118.11160311,34.2335503630001],[-118.111563223,34.233553226],[-118.111532518,34.2335674350001],[-118.111495807,34.2335736270001],[-118.111458319,34.2335883210001],[-118.111426598,34.2335724550001],[-118.11139379,34.233563153],[-118.111360848,34.2335589620001],[-118.111328034,34.23356647],[-118.111294305,34.2335786570001],[-118.111268547,34.233561084],[-118.111252074,34.2335859090001],[-118.111218589,34.23356377],[-118.111191914,34.23354626],[-118.111157251,34.2335266150001],[-118.111121847,34.2335452140001],[-118.111085532,34.2335553280001],[-118.111072537,34.2335857030001],[-118.111034327,34.23356655],[-118.111012542,34.2335410150001],[-118.110974266,34.23352486],[-118.110941493,34.2335209440001],[-118.11091964,34.2334975530001],[-118.110903351,34.2334646090001],[-118.110872208,34.2334708660001],[-118.110800891,34.2334066830001],[-118.11079244,34.233380002],[-118.110791816,34.2333780330001],[-118.110765945,34.233360755],[-118.110614305,34.233300231],[-118.1105796,34.2333084580001],[-118.110546079,34.2333032230001],[-118.110509527,34.2333002990001],[-118.110473209,34.2332931930001],[-118.110443211,34.2332813960001],[-118.110403661,34.2332779910001],[-118.110387337,34.233252447],[-118.1103621,34.233234184],[-118.110393291,34.2332245740001],[-118.110354191,34.2332242780001],[-118.110332351,34.233246481],[-118.110350215,34.2332766820001],[-118.110330457,34.2332531390001],[-118.11029139,34.2332288050001],[-118.110241648,34.2332306700001],[-118.110203995,34.2332397760001],[-118.110174704,34.2332563150001],[-118.110165612,34.2332568240001],[-118.110137247,34.2332584120001],[-118.110091516,34.233262584],[-118.110050735,34.2332543690001],[-118.110014009,34.2332636140001],[-118.109976353,34.2332764110001],[-118.109944494,34.233286838],[-118.109910241,34.233289293],[-118.10988083,34.233273689],[-118.109847463,34.233269159],[-118.109813666,34.2332578940001],[-118.10979112,34.233282768],[-118.109756162,34.233289761],[-118.10973754,34.2332614060001],[-118.109732596,34.2332315960001],[-118.109696869,34.2332212600001],[-118.109663373,34.2332202210001],[-118.109656074,34.2332151140001],[-118.109548839,34.233152719],[-118.109523962,34.2331551930001],[-118.109489556,34.233153594],[-118.109460094,34.2331407070001],[-118.109454879,34.2331386120001],[-118.109425483,34.2331268020001],[-118.109397867,34.233145446],[-118.109360007,34.233133405],[-118.109328776,34.233124015],[-118.109291495,34.23312394],[-118.10925991,34.23311117],[-118.109225229,34.2330945350001],[-118.109191071,34.2330911940001],[-118.109158577,34.2330847900001],[-118.109126826,34.23309261],[-118.109102355,34.233073377],[-118.109078638,34.2330509940001],[-118.10904647,34.2330577970001],[-118.109019298,34.233039879],[-118.108983598,34.2330319980001],[-118.108964696,34.2330083420001],[-118.108950254,34.2329832720001],[-118.10891667,34.2329757730001],[-118.108888049,34.23295969],[-118.108859036,34.232941526],[-118.108833313,34.232918903],[-118.108789291,34.23291025],[-118.108745501,34.2329014170001],[-118.108714147,34.232884427],[-118.108695048,34.2329086350001],[-118.10867851,34.2329085530001],[-118.108664979,34.2328972070001],[-118.108620766,34.232890835],[-118.108582634,34.2328854080001],[-118.108550359,34.2328781520001],[-118.108517624,34.2328607950001],[-118.108488214,34.2328459770001],[-118.108461487,34.232828684],[-118.108434612,34.2328002830001],[-118.108421711,34.2328286900001],[-118.108420193,34.232810612],[-118.108426685,34.2327991020001],[-118.108384929,34.2327858940001],[-118.108354921,34.2327600300001],[-118.108317062,34.2327574660001],[-118.108280306,34.2327588540001],[-118.108243161,34.2327718860001],[-118.108215427,34.2327871540001],[-118.108179637,34.2327793650001],[-118.108144658,34.2327998820001],[-118.10813887,34.232827596],[-118.108138425,34.2328565810001],[-118.108113652,34.2328348670001],[-118.108078889,34.232824915],[-118.108046015,34.2328308240001],[-118.108003625,34.232818605],[-118.107962999,34.232819959],[-118.107923559,34.232815185],[-118.107921631,34.232815234],[-118.107787665,34.232768994],[-118.107792372,34.2327577880001],[-118.107775781,34.23273119],[-118.10773199,34.232719897],[-118.10769868,34.232735565],[-118.107693729,34.232736571],[-118.107559868,34.232690367],[-118.107556846,34.232687148],[-118.1075526,34.2326878580001],[-118.107104525,34.2325332],[-118.107067403,34.2325193550001],[-118.107050911,34.2324934760001],[-118.107034124,34.232467308],[-118.107001487,34.232461492],[-118.106956014,34.2324622],[-118.10691571,34.2324577590001],[-118.106916217,34.232428613],[-118.106916578,34.2323976500001],[-118.106939169,34.2323654370001],[-118.106914624,34.232343988],[-118.106886275,34.2323263600001],[-118.10687764,34.232312096],[-118.106878755,34.2322964960001],[-118.106870883,34.2323009360001],[-118.106869166,34.232298101],[-118.106869906,34.232301487],[-118.106849952,34.232312742],[-118.106815829,34.2322981180001],[-118.106790554,34.232278487],[-118.106785989,34.2322749410001],[-118.106748193,34.2322602830001],[-118.106713847,34.232246493],[-118.106672037,34.2322329510001],[-118.106638814,34.232219953],[-118.106594852,34.2322049850001],[-118.106546061,34.2321958270001],[-118.106508089,34.2322019750001],[-118.106505478,34.2322060760001],[-118.106334905,34.23216275],[-118.106302409,34.2321471920001],[-118.106286197,34.23212131],[-118.106262979,34.2321016130001],[-118.10623706,34.232077787],[-118.106239083,34.2320453240001],[-118.106248022,34.2320158860001],[-118.106245213,34.232000075],[-118.105927113,34.2315848750001],[-118.105923963,34.231580186],[-118.105908134,34.231556626],[-118.105907951,34.2315504370001],[-118.105923204,34.231553702],[-118.105907305,34.231528585],[-118.105907897,34.231548613],[-118.105878729,34.231543329],[-118.105874669,34.231541366],[-118.105844963,34.231520039],[-118.105816613,34.2315026430001],[-118.105817737,34.2314736640001],[-118.105810903,34.2315015570001],[-118.105776966,34.231502377],[-118.105782189,34.231465873],[-118.105789379,34.2314388390001],[-118.105748475,34.2314331850001],[-118.105737442,34.231405103],[-118.105701848,34.2314057340001],[-118.10568671,34.2313802990001],[-118.10565744,34.231366015],[-118.105623641,34.231369885],[-118.10560682,34.231345774],[-118.105586472,34.2313161810001],[-118.105577714,34.2312843030001],[-118.105546386,34.2312692630001],[-118.105517578,34.2312544330001],[-118.10548132,34.231255893],[-118.105456225,34.231235488],[-118.105451865,34.231237842],[-118.105439786,34.2312443660001],[-118.105439089,34.231244743],[-118.105418631,34.231255791],[-118.105387832,34.23122922],[-118.105381675,34.23119731],[-118.105360053,34.231175798],[-118.10536592,34.231169074],[-118.105370708,34.2311635880001],[-118.105379567,34.2311534360001],[-118.105379934,34.2311530150001],[-118.105380443,34.2311524720001],[-118.105375459,34.2311363600001],[-118.105371272,34.231122826],[-118.105361712,34.2310930450001],[-118.105322523,34.23108726],[-118.10529332,34.2310717450001],[-118.105292464,34.2310707290001],[-118.105278452,34.231056648],[-118.10526759,34.2310422680001],[-118.105265649,34.2310396980001],[-118.105258887,34.231036986],[-118.105222118,34.2310222400001],[-118.105185484,34.2310109750001],[-118.105159007,34.230981409],[-118.105142949,34.23095607],[-118.105109378,34.230952196],[-118.10506891,34.2309432280001],[-118.105041251,34.2309210700001],[-118.105017152,34.2308917870001],[-118.104994683,34.230867663],[-118.104968223,34.230845978],[-118.104941087,34.2308173550001],[-118.104919694,34.2307876940001],[-118.104910258,34.2307583480001],[-118.104895988,34.230730582],[-118.104888426,34.230699487],[-118.104865772,34.230662841],[-118.104857539,34.230643942],[-118.104859578,34.230635702],[-118.104862551,34.230623687],[-118.10487123,34.230588611],[-118.104871359,34.2305828880001],[-118.104885304,34.2305605280001],[-118.104889158,34.230554349],[-118.104884607,34.2305236550001],[-118.104888422,34.2304931730001],[-118.104868356,34.2304634650001],[-118.104847277,34.2304360530001],[-118.104845835,34.2303972240001],[-118.104836485,34.2303653270001],[-118.104832908,34.23032778],[-118.104862965,34.2303043250001],[-118.104883573,34.230277571],[-118.104858555,34.230255642],[-118.104847947,34.230226992],[-118.104846437,34.2301869140001],[-118.104863394,34.230160099],[-118.104834444,34.230132285],[-118.104830847,34.23010363],[-118.104811013,34.2300764600001],[-118.104769518,34.2300714190001],[-118.104744411,34.2300510200001],[-118.104716203,34.23002846],[-118.10468511,34.2300139660001],[-118.104660909,34.229994107],[-118.104638471,34.2299713960001],[-118.10462204,34.229944463],[-118.104607159,34.229907118],[-118.104588201,34.229876651],[-118.104557388,34.229850046],[-118.104532563,34.229817235],[-118.104512855,34.2297891580001],[-118.104488371,34.2297563020001],[-118.104472253,34.229726166],[-118.104450859,34.229687234],[-118.10444146,34.229659199],[-118.104399359,34.229648695],[-118.10437901,34.229622872],[-118.104348287,34.2296012410001],[-118.104335644,34.2295718190001],[-118.104307469,34.229551659],[-118.104291921,34.2295219060001],[-118.104259271,34.2295269620001],[-118.104231151,34.2295122520001],[-118.104200282,34.2294934930001],[-118.104175175,34.2294694190001],[-118.104140526,34.22945392],[-118.104121693,34.229422196],[-118.10409102,34.229404518],[-118.104094374,34.229373756],[-118.104064208,34.2293484620001],[-118.104048134,34.229323681],[-118.104018736,34.229337113],[-118.104006899,34.2293060060001],[-118.103992609,34.229280922],[-118.103963892,34.2292544480001],[-118.103958418,34.2292257140001],[-118.103984102,34.229205076],[-118.103959861,34.2291846960001],[-118.103950668,34.229154566],[-118.103922957,34.2291367180001],[-118.10390152,34.229109539],[-118.10387843,34.229131034],[-118.103856393,34.229098664],[-118.103843766,34.229065797],[-118.103829762,34.2290355540001],[-118.103803092,34.229005274],[-118.103783965,34.228971116],[-118.103757898,34.22894002],[-118.103740973,34.2289149910001],[-118.103733019,34.228887559],[-118.103714077,34.2288627390001],[-118.103707698,34.2288314580001],[-118.103685512,34.2288100920001],[-118.103657804,34.2287876],[-118.103626887,34.2287747010001],[-118.103598187,34.22875586],[-118.103589515,34.2287257130001],[-118.10358544,34.228696803],[-118.103562779,34.228671837],[-118.10354026,34.228648852],[-118.103500969,34.228633904],[-118.103486521,34.228605681],[-118.103450998,34.228616705],[-118.103442276,34.2286187],[-118.103384373,34.2285733780001],[-118.103383426,34.2284397550001],[-118.103392315,34.228417366],[-118.103399615,34.2283879730001],[-118.103431502,34.2283684240001],[-118.103445024,34.2283336180001],[-118.103449706,34.2282980050001],[-118.103440346,34.228270174],[-118.103429417,34.228242374],[-118.103409534,34.228209921],[-118.103398856,34.228183803],[-118.103398789,34.2281487750001],[-118.103384151,34.228118442],[-118.103356099,34.228103622],[-118.103364662,34.228072281],[-118.103357378,34.228039439],[-118.103313256,34.228035656],[-118.103276153,34.228041616],[-118.103259033,34.2280139600001],[-118.103279119,34.2279853800001],[-118.103280418,34.2279551990001],[-118.103264406,34.2279283120001],[-118.10325984,34.2278930150001],[-118.103275441,34.2278553370001],[-118.103289491,34.2278292990001],[-118.103274008,34.2278001700001],[-118.103251185,34.2277750690001],[-118.103222964,34.2277546460001],[-118.103204015,34.2277223730001],[-118.10317696,34.227702983],[-118.103160339,34.2276788940001],[-118.103145253,34.227650107],[-118.103122993,34.2276267450001],[-118.103114579,34.2275972470001],[-118.103111521,34.227564924],[-118.103096728,34.227535688],[-118.10308286,34.2275100850001],[-118.103060203,34.2274870890001],[-118.103075635,34.227462659],[-118.10304521,34.227444785],[-118.103042092,34.227408439],[-118.103070026,34.2273890110001],[-118.10306626,34.22735686],[-118.103070242,34.227328083],[-118.103051658,34.2272903630001],[-118.103069358,34.2272640780001],[-118.103069189,34.227254116],[-118.10293782,34.2271818500001],[-118.10273154,34.227068439],[-118.102617844,34.2268295640001],[-118.102455363,34.2264884480001],[-118.102083964,34.225708722],[-118.101868769,34.2259284560001],[-118.101650919,34.2260205870001],[-118.101408567,34.22606848],[-118.101344223,34.2262747950001],[-118.10116206,34.226374756],[-118.100995363,34.2262883380001],[-118.100920528,34.226482725],[-118.100760431,34.226577472],[-118.100595792,34.2266081110001],[-118.100349967,34.2268203890001],[-118.100014041,34.227031685],[-118.099951406,34.2269756040001],[-118.099859098,34.2269713310001],[-118.099618372,34.226994732],[-118.099526475,34.227003666],[-118.099309486,34.2266219000001],[-118.099295469,34.226625486],[-118.098745257,34.226766233],[-118.098723672,34.226893886],[-118.098748952,34.227132779],[-118.098899941,34.227309314],[-118.099192161,34.227423747],[-118.099250814,34.2275665180001],[-118.098971405,34.2277483440001],[-118.098983077,34.2277510260001],[-118.099229752,34.227968235],[-118.099018837,34.228253608],[-118.098194481,34.228330316],[-118.098343513,34.2287957610001],[-118.097819058,34.2288201220001],[-118.097083269,34.228620087],[-118.096991416,34.22862503],[-118.09651891,34.228984747],[-118.096602468,34.229064081],[-118.097043148,34.2293601440001],[-118.097016042,34.229642459],[-118.096315539,34.229730809],[-118.095219362,34.2293469520001],[-118.095041171,34.2293204430001],[-118.094391883,34.229548869],[-118.094516577,34.2298683550001],[-118.094821816,34.2299463030001],[-118.095197684,34.229952574],[-118.095563375,34.229878109],[-118.095861622,34.2300844960001],[-118.096024794,34.230359122],[-118.096089751,34.230682464],[-118.095701025,34.2307061930001],[-118.09546992,34.2307325510001],[-118.09501746,34.2303826030001],[-118.094655702,34.2302248070001],[-118.094781877,34.2305480810001],[-118.095088456,34.23107938],[-118.095217339,34.231388731],[-118.094854884,34.231300413],[-118.094907821,34.231539791],[-118.095136002,34.23215916],[-118.095065499,34.232170609],[-118.094807134,34.2322322950001],[-118.094530797,34.2327913720001],[-118.094386506,34.2328474890001],[-118.094403521,34.232880521],[-118.094565118,34.233181723],[-118.094688581,34.2333688850001],[-118.094688581,34.233554656],[-118.094504721,34.2335763740001],[-118.094498462,34.233575978],[-118.09432227,34.2338236000001],[-118.094171051,34.233859318],[-118.094063037,34.233877179],[-118.093911818,34.233716444],[-118.093774251,34.233667702],[-118.093599137,34.2337773670001],[-118.093595011,34.23377723],[-118.093592464,34.2337821],[-118.093449406,34.233785846],[-118.093375986,34.23378718],[-118.093371748,34.2337878810001],[-118.093350146,34.2340200530001],[-118.093242132,34.234162928],[-118.092939694,34.2342343660001],[-118.092810077,34.234305804],[-118.092550844,34.2342700840001],[-118.092270008,34.2340914910001],[-118.09218948,34.233925055],[-118.091838871,34.2338262260001],[-118.091747799,34.2336026850001],[-118.091816351,34.23358705],[-118.091816351,34.233466412],[-118.092161995,34.23321638],[-118.092164018,34.2332074600001],[-118.092151868,34.2329892380001],[-118.092222405,34.2329273990001],[-118.092032378,34.2327877560001],[-118.091621926,34.2326984590001],[-118.091297885,34.2327163190001],[-118.090865829,34.2326448810001],[-118.090818949,34.2326227340001],[-118.090711723,34.232561629],[-118.090698839,34.2325196900001],[-118.09053758,34.2324990180001],[-118.089911763,34.232886192],[-118.089921926,34.232908824],[-118.08995893,34.232999428],[-118.089875857,34.23322362],[-118.089718777,34.2332983330001],[-118.089424204,34.2332805140001],[-118.08934416,34.2330600390001],[-118.089404395,34.2329326780001],[-118.089441933,34.2328827580001],[-118.089465078,34.232854251],[-118.089045851,34.232284356],[-118.089031495,34.232295568],[-118.088699681,34.2331805740001],[-118.088697015,34.233181829],[-118.088691824,34.2331842740001],[-118.088774743,34.233350081],[-118.088860535,34.2335000140001],[-118.088829495,34.2337552380001],[-118.088702527,34.233868611],[-118.088494333,34.2338486260001],[-118.08832401,34.2337014030001],[-118.088322949,34.233540514],[-118.08831819,34.2334991610001],[-118.08830792,34.233398365],[-118.088303963,34.233366947],[-118.088200834,34.233415517],[-118.087807976,34.2332510160001],[-118.087759302,34.2332826160001],[-118.086787116,34.2342525610001],[-118.086458802,34.2342244860001],[-118.086456989,34.2342281740001],[-118.085915106,34.2353308730001],[-118.085914085,34.2353329530001],[-118.086078908,34.2354358630001],[-118.085823262,34.235607402],[-118.08614695,34.2357855070001],[-118.086300529,34.236019039],[-118.085770164,34.2361106770001],[-118.085407391,34.2363863250001],[-118.085264644,34.236506703],[-118.084546749,34.2364210320001],[-118.084502308,34.236432698],[-118.084232494,34.2364611],[-118.083983495,34.2361017260001],[-118.083943308,34.236108491],[-118.083670463,34.23618248],[-118.083588704,34.236183372],[-118.083257693,34.236180727],[-118.083143494,34.236274409],[-118.082980524,34.2365646150001],[-118.082268125,34.2366285140001],[-118.081529925,34.236472415],[-118.081501416,34.236446055],[-118.081458543,34.2364064130001],[-118.081405137,34.2363615370001],[-118.081357333,34.2363119670001],[-118.08128385,34.2362408830001],[-118.081187483,34.236172633],[-118.081080584,34.2361114830001],[-118.081051109,34.2360982100001],[-118.08095745,34.2360560330001],[-118.08082615,34.236015466],[-118.080689267,34.235990617],[-118.080666607,34.235988825],[-118.080641352,34.2359868280001],[-118.080631069,34.235986015],[-118.080630718,34.2359865550001],[-118.080579233,34.2359852330001],[-118.080547524,34.2359847860001],[-118.080498364,34.235984092],[-118.080485193,34.235984855],[-118.080402834,34.2360022670001],[-118.080316216,34.2360178500001],[-118.080294711,34.2360226810001],[-118.080232384,34.2360414500001],[-118.080133416,34.2360689670001],[-118.0800345,34.23607615],[-118.079929084,34.2360571830001],[-118.07982815,34.2360287170001],[-118.079723917,34.2360067170001],[-118.079615517,34.2359959340001],[-118.079513817,34.2359890160001],[-118.079428066,34.2359736500001],[-118.079350283,34.235923433],[-118.079278433,34.2358583170001],[-118.079204667,34.2357957830001],[-118.0791159,34.235722917],[-118.07902295,34.235647483],[-118.0789291,34.235580133],[-118.078924606,34.2355777600001],[-118.078915047,34.2355754660001],[-118.078903589,34.235590906],[-118.078850484,34.235561433],[-118.07882095,34.2355419830001],[-118.078793783,34.235522234],[-118.078747433,34.235509316],[-118.078687067,34.2354839670001],[-118.07863476,34.2354523770001],[-118.078629334,34.2354491],[-118.078575783,34.235415683],[-118.078520666,34.2353742670001],[-118.0784692,34.235326467],[-118.078444034,34.2352976930001],[-118.078427467,34.2352787500001],[-118.078414562,34.2352689080001],[-118.078377533,34.235240667],[-118.078337666,34.235212328],[-118.078337184,34.2352119500001],[-118.078336737,34.235211668],[-118.0783252,34.2352034670001],[-118.078314122,34.2351973940001],[-118.078261417,34.2351685],[-118.078201867,34.2351350330001],[-118.078139417,34.2351039500001],[-118.078077786,34.2350778590001],[-118.078077613,34.2350777990001],[-118.078070883,34.23507514],[-118.078021167,34.2350555],[-118.077982062,34.2350409800001],[-118.07796645,34.235035183],[-118.077921317,34.2350132670001],[-118.077880316,34.23499695],[-118.077848134,34.2349871170001],[-118.077808484,34.234971434],[-118.077807197,34.234971053],[-118.077758217,34.2349565330001],[-118.077726535,34.2349420080001],[-118.07770805,34.234933534],[-118.0776591,34.234924434],[-118.077617434,34.2349156660001],[-118.077580684,34.234906134],[-118.077538916,34.234896017],[-118.077512525,34.234890953],[-118.07745872,34.2348814870001],[-118.077449484,34.234879934],[-118.077433882,34.2348768090001],[-118.077408617,34.23487175],[-118.077365583,34.2348666840001],[-118.077319017,34.2348673830001],[-118.077273734,34.2348757840001],[-118.077271282,34.2348765890001],[-118.077259334,34.2348767670001],[-118.077238471,34.2348818310001],[-118.077169099,34.2349009120001],[-118.077161368,34.234903038],[-118.077176093,34.234908068],[-118.077156867,34.234913583],[-118.077115266,34.234920134],[-118.077069483,34.2349409830001],[-118.077010534,34.2349596670001],[-118.076945567,34.2349763330001],[-118.076867366,34.2349885830001],[-118.076781316,34.2349896000001],[-118.076702667,34.2349773670001],[-118.076632583,34.234956966],[-118.076580366,34.2349237],[-118.076538668,34.2348800170001],[-118.076511,34.234833716],[-118.076475566,34.2347788170001],[-118.076442917,34.2347173000001],[-118.076419634,34.2346528670001],[-118.076391134,34.2345903830001],[-118.076356283,34.234534867],[-118.0763144,34.234480666],[-118.076279083,34.234449066],[-118.076242549,34.2344214500001],[-118.076181533,34.234387966],[-118.076150717,34.2343726170001],[-118.076119867,34.2343566340001],[-118.076077834,34.23433235],[-118.076048333,34.234317016],[-118.076011366,34.2343046340001],[-118.075968734,34.234294833],[-118.075929783,34.234290383],[-118.075896281,34.234284899],[-118.075803704,34.234259352],[-118.075794766,34.234258767],[-118.075746944,34.2342566840001],[-118.075730483,34.234255967],[-118.075663169,34.234247775],[-118.07561925,34.2342380090001],[-118.075613434,34.234236654],[-118.075577934,34.2342283830001],[-118.075572407,34.2342264580001],[-118.075496234,34.2341999330001],[-118.075465384,34.234133167],[-118.075452783,34.2340614330001],[-118.075452584,34.233979667],[-118.075441634,34.2338922330001],[-118.075411574,34.2338140620001],[-118.07540925,34.2338080170001],[-118.0753633,34.2337238330001],[-118.075297366,34.23364395],[-118.075221134,34.2335725830001],[-118.075134317,34.233518283],[-118.075113928,34.233511343],[-118.075027997,34.233485833],[-118.075027067,34.2334821580001],[-118.074983466,34.233309939],[-118.074979959,34.2332960850001],[-118.074970642,34.233297017],[-118.074959354,34.233298146],[-118.074950834,34.23329721],[-118.074948678,34.2332966710001],[-118.074930923,34.2332922320001],[-118.074917511,34.233288879],[-118.07491106,34.2332795610001],[-118.074895894,34.233257655],[-118.074891133,34.2332441670001],[-118.074881737,34.2332175450001],[-118.074895239,34.233212591],[-118.074898969,34.2332114430001],[-118.074912707,34.233207216],[-118.074919834,34.2331929630001],[-118.074925452,34.233181727],[-118.074925475,34.233181705],[-118.074929705,34.233177746],[-118.074934921,34.2331764420001],[-118.074935788,34.2331762250001],[-118.074970679,34.2331675030001],[-118.074984763,34.2331639820001],[-118.07498638,34.233161287],[-118.074991233,34.233153611],[-118.074991387,34.2331529420001],[-118.074993248,34.2331448690001],[-118.074994282,34.233140383],[-118.074995284,34.2331360330001],[-118.075012191,34.2331140260001],[-118.075034003,34.233078649],[-118.075043586,34.2330680850001],[-118.075056811,34.2330535070001],[-118.075039041,34.233037966],[-118.075028833,34.2330294170001],[-118.075028128,34.233028737],[-118.075004916,34.233006333],[-118.07500925,34.2329712330001],[-118.075026933,34.232939517],[-118.075038784,34.232912083],[-118.075040766,34.2328803],[-118.075028667,34.232852333],[-118.075000567,34.2328239500001],[-118.074973783,34.232805467],[-118.074949833,34.232783833],[-118.074946081,34.2327815520001],[-118.074878535,34.2327523640001],[-118.07485775,34.2327329],[-118.074869716,34.232704567],[-118.074866467,34.232702816],[-118.074705179,34.2326392520001],[-118.074630943,34.232589015],[-118.074566399,34.23255577],[-118.074546479,34.232549196],[-118.074474844,34.2325187180001],[-118.074471984,34.2324820160001],[-118.074485,34.2324431330001],[-118.074476,34.2324027670001],[-118.074456834,34.2323638330001],[-118.074426933,34.2323258170001],[-118.07438895,34.2322914000001],[-118.074369584,34.23224685],[-118.074374633,34.2321941330001],[-118.074377233,34.2321665170001],[-118.074376133,34.2321378500001],[-118.074356283,34.232088133],[-118.07433745,34.2320640840001],[-118.074296783,34.2320310160001],[-118.0742353,34.232014566],[-118.074168684,34.232012716],[-118.074129734,34.232012684],[-118.074091084,34.2320149830001],[-118.074049667,34.2320189160001],[-118.074007634,34.232024133],[-118.074005009,34.2320245280001],[-118.073992819,34.2320263600001],[-118.073992989,34.232025976],[-118.07398023,34.2320282520001],[-118.073962834,34.2320308660001],[-118.073937323,34.232035486],[-118.073876582,34.2320505120001],[-118.073864738,34.2320495000001],[-118.073839333,34.23205255],[-118.073824448,34.232050391],[-118.073802566,34.2320472170001],[-118.073790233,34.232043408],[-118.073783097,34.232039808],[-118.073715824,34.2320058770001],[-118.073708234,34.232002048],[-118.073592217,34.2319204070001],[-118.073580533,34.2319133500001],[-118.073537317,34.231883333],[-118.073484784,34.231855583],[-118.07343225,34.2318256500001],[-118.073378567,34.2317923160001],[-118.073332149,34.2317578830001],[-118.073285333,34.231729783],[-118.073241617,34.231697383],[-118.073191216,34.2316777670001],[-118.073137933,34.2316667170001],[-118.0730821,34.2316572670001],[-118.073029,34.231653067],[-118.072971383,34.231642734],[-118.072906215,34.2316423670001],[-118.072858484,34.2316385660001],[-118.07280565,34.2316385660001],[-118.07275315,34.2316341170001],[-118.072700984,34.2316242840001],[-118.072649834,34.2316119330001],[-118.072608417,34.2315955830001],[-118.072564,34.231581433],[-118.072524617,34.231570617],[-118.072502313,34.2315636800001],[-118.07235215,34.2315057860001],[-118.07235095,34.2315055170001],[-118.072297299,34.231491567],[-118.072249417,34.2314827660001],[-118.072207016,34.2314805660001],[-118.072154534,34.2314817330001],[-118.072123266,34.231492733],[-118.072077266,34.2314989160001],[-118.07200785,34.2314989330001],[-118.071940367,34.231499834],[-118.071872566,34.2315020670001],[-118.0718048,34.2315053830001],[-118.071751117,34.2315070670001],[-118.071698733,34.231496716],[-118.071650417,34.231471367],[-118.071603183,34.231445067],[-118.071563516,34.2314203670001],[-118.07152625,34.231395483],[-118.071488317,34.231348817],[-118.071459766,34.2313101670001],[-118.071433817,34.231272183],[-118.07140385,34.2312388170001],[-118.071373317,34.2312072500001],[-118.071344067,34.2311728830001],[-118.071322383,34.231137867],[-118.071303817,34.2311027330001],[-118.071287633,34.231066734],[-118.071271683,34.2310315170001],[-118.0712542,34.230993717],[-118.071233217,34.2309579330001],[-118.071213283,34.230924617],[-118.071194017,34.230895466],[-118.071165567,34.230860567],[-118.071131516,34.2308289330001],[-118.071096183,34.2307918000001],[-118.071079539,34.230778163],[-118.070933758,34.2306775530001],[-118.070931192,34.2306668350001],[-118.070914449,34.2306530610001],[-118.0709085,34.230648167],[-118.070870717,34.230605333],[-118.070837634,34.230558767],[-118.070814917,34.230505217],[-118.070791583,34.230457067],[-118.070783056,34.2304356340001],[-118.070667067,34.230239467],[-118.070627183,34.230251733],[-118.070586282,34.230263334],[-118.070544566,34.2302554830001],[-118.070525684,34.230229767],[-118.070498316,34.2302102670001],[-118.070465516,34.230205733],[-118.070436467,34.2302202170001],[-118.070402783,34.230230717],[-118.070360567,34.2302352840001],[-118.070356567,34.2302068830001],[-118.070372417,34.230177316],[-118.0703875,34.2301420840001],[-118.070350483,34.230122916],[-118.0703137,34.2301145170001],[-118.070279933,34.2301083],[-118.0702821,34.2300808160001],[-118.07027395,34.2300534330001],[-118.0702364,34.2300369330001],[-118.0702086,34.2300191840001],[-118.070204333,34.229989683],[-118.070192317,34.2299489170001],[-118.070157199,34.2299337170001],[-118.070137683,34.2299093330001],[-118.070129417,34.229879383],[-118.070113366,34.2298476670001],[-118.070080717,34.2298652170001],[-118.070057384,34.2298850170001],[-118.070019683,34.229900366],[-118.069980433,34.229899683],[-118.069941216,34.229914267],[-118.069903466,34.22991015],[-118.069861433,34.2299038],[-118.069821117,34.2298951330001],[-118.069789833,34.2298822830001],[-118.06975515,34.229885767],[-118.069719933,34.2298734],[-118.069692917,34.2298451],[-118.069667683,34.2298260330001],[-118.069639216,34.2298421830001],[-118.069598066,34.2298583840001],[-118.069565883,34.2298512830001],[-118.069549016,34.2298265000001],[-118.06953405,34.2297968330001],[-118.069511333,34.229761367],[-118.069481884,34.2297462330001],[-118.069448517,34.2297397840001],[-118.06940835,34.229736433],[-118.0693702,34.2297290500001],[-118.069351033,34.2297058830001],[-118.069373416,34.2296752330001],[-118.069406616,34.2296596830001],[-118.069413267,34.2296317670001],[-118.069437367,34.2296098830001],[-118.069437633,34.2295795160001],[-118.069432633,34.229551384],[-118.069437933,34.229518166],[-118.069481083,34.229505067],[-118.069518016,34.2295092000001],[-118.06953332,34.2294998260001],[-118.06945302,34.229314392],[-118.069451832,34.2293137],[-118.069420566,34.2293018340001],[-118.069369733,34.229286567],[-118.069314016,34.2292657],[-118.0692612,34.229241834],[-118.069209317,34.229217733],[-118.069148617,34.229191783],[-118.069087983,34.2291666],[-118.069026968,34.229136383],[-118.068971783,34.229110033],[-118.068932933,34.2290780000001],[-118.06889235,34.2290514170001],[-118.068863817,34.2290289170001],[-118.068825067,34.2290030830001],[-118.068778933,34.2289654840001],[-118.068730684,34.2289264500001],[-118.068694932,34.2288903670001],[-118.068657085,34.228848117],[-118.068614334,34.228809067],[-118.068571816,34.2287668500001],[-118.068518733,34.228729883],[-118.068483867,34.2286860500001],[-118.06844865,34.228644167],[-118.06841255,34.2286025000001],[-118.068371496,34.2285648660001],[-118.068327627,34.2284881530001],[-118.068327644,34.2284864870001],[-118.068266429,34.2283811350001],[-118.068115869,34.228122021],[-118.068118009,34.2281157950001],[-118.067998762,34.2280598090001],[-118.067985483,34.228045283],[-118.067944534,34.2279911000001],[-118.067906383,34.2279521670001],[-118.067878717,34.227903016],[-118.067850317,34.227851867],[-118.067831667,34.2278018330001],[-118.067815717,34.2277487170001],[-118.067814509,34.227713818],[-118.067854484,34.227549433],[-118.067854567,34.2275495160001],[-118.0678741,34.2275228500001],[-118.067896116,34.2274944160001],[-118.067923267,34.2274601500001],[-118.067963583,34.2274217830001],[-118.068001667,34.227379017],[-118.068037783,34.22733515],[-118.068083933,34.227296417],[-118.068127917,34.2272522000001],[-118.068166833,34.2272070830001],[-118.068210667,34.2271491660001],[-118.06825265,34.2270970340001],[-118.068282567,34.227048016],[-118.068314733,34.2269882840001],[-118.068328682,34.2269506100001],[-118.068323379,34.22674405],[-118.068308685,34.2267407840001],[-118.068291481,34.226743029],[-118.06827217,34.2267421110001],[-118.06825098,34.226742314],[-118.068230871,34.2267444570001],[-118.06820837,34.2267458860001],[-118.068186439,34.2267473140001],[-118.068153457,34.2267462940001],[-118.068135342,34.2267388440001],[-118.068104567,34.2267424500001],[-118.068091533,34.226714283],[-118.068075417,34.2266872170001],[-118.0680581,34.226655334],[-118.0680291,34.226608867],[-118.06799465,34.226572683],[-118.067959867,34.226546483],[-118.067922833,34.2265192],[-118.067882283,34.2264956500001],[-118.067844633,34.2264809330001],[-118.0678117,34.226465267],[-118.067764567,34.2264588840001],[-118.067756241,34.2264572710001],[-118.067763817,34.2264453830001],[-118.067753931,34.226456824],[-118.06771595,34.2264494660001],[-118.067742628,34.2264699030001],[-118.0677423,34.226470283],[-118.067710333,34.2264607170001],[-118.067655016,34.226440316],[-118.067612482,34.226427716],[-118.067561867,34.2264147500001],[-118.067503717,34.226405234],[-118.0674349,34.2264039830001],[-118.067370033,34.226403034],[-118.067324084,34.226395316],[-118.0672774,34.226385733],[-118.067222933,34.2263741670001],[-118.0671713,34.22637215],[-118.067134333,34.2263672330001],[-118.0670701,34.2263573000001],[-118.067035683,34.2263501830001],[-118.066998983,34.226344383],[-118.066945734,34.2263371170001],[-118.066904933,34.2263322000001],[-118.066869517,34.226331617],[-118.066834067,34.2263312170001],[-118.066829753,34.2263310210001],[-118.066796177,34.2263294970001],[-118.066762467,34.226327966],[-118.06672045,34.226325183],[-118.066678434,34.2263212330001],[-118.066632816,34.2263143170001],[-118.066588083,34.2263047000001],[-118.066546233,34.226293583],[-118.066508583,34.226280667],[-118.066471316,34.2262643340001],[-118.066426066,34.2262426],[-118.066374567,34.2262156],[-118.066344074,34.22618866],[-118.066335003,34.226179087],[-118.066317049,34.2261601390001],[-118.066302298,34.226142876],[-118.066300283,34.226140517],[-118.066269167,34.226105617],[-118.066231333,34.2260735670001],[-118.066198283,34.22603875],[-118.066173069,34.2260131260001],[-118.06617357,34.226005581],[-118.066173665,34.2260041540001],[-118.066150334,34.22599196],[-118.066119966,34.2259663840001],[-118.066073267,34.2259329670001],[-118.066025117,34.2259003840001],[-118.065979267,34.225866083],[-118.065930233,34.2258413330001],[-118.065882834,34.2258209170001],[-118.06584185,34.2257987830001],[-118.065808634,34.225779233],[-118.065776584,34.225763483],[-118.065743916,34.2257578000001],[-118.0656866,34.2257456340001],[-118.065652734,34.22573185],[-118.065672269,34.2256825910001],[-118.065669445,34.2256621500001],[-118.065665328,34.225621479],[-118.065666387,34.2256035670001],[-118.065677445,34.2255719570001],[-118.065668857,34.2255603670001],[-118.065675327,34.225529179],[-118.065663329,34.225504734],[-118.065672386,34.225477971],[-118.065669798,34.225453316],[-118.065664622,34.2254221270001],[-118.06567202,34.2253701660001],[-118.065656433,34.225361634],[-118.06562015,34.2253436660001],[-118.0655849,34.2253269830001],[-118.065544216,34.2253082670001],[-118.065499983,34.2252886000001],[-118.065454233,34.2252667330001],[-118.06540845,34.2252406160001],[-118.065354817,34.225220033],[-118.065294633,34.225196317],[-118.065234683,34.225172167],[-118.065176,34.22515515],[-118.065120283,34.2251342160001],[-118.065061684,34.225123867],[-118.065003233,34.2251142330001],[-118.064952484,34.2251029170001],[-118.064895017,34.225089117],[-118.064838083,34.225082533],[-118.064784283,34.225074917],[-118.064725283,34.2250647500001],[-118.064672984,34.2250574],[-118.064626783,34.2250455000001],[-118.0645811,34.22503865],[-118.064547832,34.22502195],[-118.0645095,34.225010566],[-118.064502842,34.225007787],[-118.064479638,34.2249850640001],[-118.064490908,34.224937997],[-118.064489728,34.22488236],[-118.064486224,34.224821482],[-118.06447195,34.224819616],[-118.0644384,34.22480725],[-118.064421233,34.22477975],[-118.06438435,34.2247892830001],[-118.064410366,34.2247692330001],[-118.064411718,34.2247395160001],[-118.06442085,34.224710783],[-118.064450367,34.224694017],[-118.0644241,34.2246707],[-118.06439285,34.2246603830001],[-118.064377416,34.224632867],[-118.0643463,34.2246200330001],[-118.064318933,34.2245970170001],[-118.06429025,34.224578567],[-118.064258917,34.2245649170001],[-118.064226516,34.2245513],[-118.064206734,34.2245246840001],[-118.0641894,34.224500667],[-118.064165884,34.2244775660001],[-118.06412845,34.2244783830001],[-118.064082683,34.224477617],[-118.064080183,34.2244493170001],[-118.064083617,34.224409017],[-118.064047417,34.224409617],[-118.064011767,34.2244124000001],[-118.063974717,34.224403583],[-118.0639463,34.224389],[-118.063919083,34.2243700670001],[-118.063907016,34.2243404000001],[-118.063880166,34.2243228660001],[-118.063890166,34.2242956330001],[-118.063876235,34.2242641330001],[-118.063842067,34.224261433],[-118.063808634,34.2242667830001],[-118.0637826,34.2242471000001],[-118.063750884,34.2242176170001],[-118.063731016,34.2241953660001],[-118.063714917,34.2241701840001],[-118.0636802,34.2241547670001],[-118.063684217,34.2241268670001],[-118.06367365,34.224097783],[-118.063676834,34.2240629670001],[-118.063644583,34.224041533],[-118.063611533,34.2240174830001],[-118.063580816,34.223993767],[-118.063548433,34.2239680170001],[-118.063522367,34.2239441670001],[-118.063499533,34.2239165330001],[-118.063479683,34.223891967],[-118.063449166,34.2238663000001],[-118.06342265,34.223845784],[-118.063390315,34.223823017],[-118.063388466,34.223821716],[-118.063369533,34.2237944330001],[-118.063343783,34.2237815660001],[-118.063339383,34.2237793670001],[-118.063332576,34.2237764970001],[-118.063307617,34.223765207],[-118.063294236,34.22375916],[-118.063228238,34.2237287180001],[-118.063211633,34.223714934],[-118.063179934,34.2236978670001],[-118.063153574,34.223688478],[-118.06314105,34.223684017],[-118.063105583,34.2236720830001],[-118.063070834,34.2236536340001],[-118.0630455,34.223634567],[-118.0630148,34.2236204330001],[-118.062985417,34.2236055330001],[-118.0629525,34.223579134],[-118.062920883,34.223561617],[-118.062888861,34.223569968],[-118.062830929,34.2235449890001],[-118.062818784,34.223516567],[-118.062817484,34.2234857],[-118.0628079,34.223454367],[-118.062816018,34.2234274670001],[-118.062818883,34.2233999330001],[-118.06282135,34.2233663170001],[-118.062818084,34.223326333],[-118.062823133,34.223290783],[-118.062830434,34.2232580830001],[-118.062834417,34.223229717],[-118.062843334,34.223194483],[-118.062855417,34.223161367],[-118.0628613,34.2231317330001],[-118.062866868,34.2230959830001],[-118.062861533,34.2230668330001],[-118.062847266,34.223031217],[-118.062849,34.2229979000001],[-118.062854683,34.222964233],[-118.062878367,34.222935466],[-118.062898416,34.222905584],[-118.062905567,34.2228737],[-118.062907314,34.222870755],[-118.062910342,34.2228686770001],[-118.062912459,34.22286208],[-118.062922717,34.2228447840001],[-118.0629353,34.222812983],[-118.06294835,34.222784],[-118.062963066,34.222755066],[-118.0629556,34.2227161660001],[-118.062927617,34.222687783],[-118.062896017,34.2226686660001],[-118.062863583,34.2226507830001],[-118.06283522,34.2226402790001],[-118.062825332,34.222632748],[-118.062822142,34.2226319660001],[-118.062802716,34.2226182840001],[-118.0627627,34.2226044660001],[-118.062730533,34.22259015],[-118.062689533,34.2225794],[-118.06267114,34.222581258],[-118.062591202,34.2225897380001],[-118.062448533,34.222412057],[-118.062159083,34.222395009],[-118.062062497,34.222411165],[-118.061894399,34.2224434080001],[-118.061845175,34.222452053],[-118.061659977,34.222502547],[-118.061622074,34.222422571],[-118.061577372,34.2223322730001],[-118.061540983,34.222258767],[-118.061452816,34.2221668710001],[-118.060928106,34.221619966],[-118.060894962,34.2215715930001],[-118.060761338,34.220918489],[-118.060518077,34.2204066800001],[-118.060464906,34.2203528100001],[-118.060266309,34.219926807],[-118.059524778,34.219658243],[-118.059494137,34.218627584],[-118.059361056,34.2179642410001],[-118.059369102,34.217956165],[-118.059349855,34.217931933],[-118.059274329,34.217714083],[-118.059707183,34.217605045],[-118.059703751,34.2176031230001],[-118.059676806,34.217506412],[-118.059866778,34.2171297510001],[-118.060511853,34.217098365],[-118.06111553,34.216847495],[-118.061498762,34.2167530890001],[-118.061624077,34.2167291640001],[-118.061986287,34.216664263],[-118.062190389,34.2167482940001],[-118.062212253,34.2167778470001],[-118.062291662,34.2166644340001],[-118.062796615,34.216936909],[-118.063252167,34.217090844],[-118.063456242,34.216921475],[-118.063484647,34.216897901],[-118.063525327,34.2168641390001],[-118.063538729,34.2168530160001],[-118.063538574,34.216852719],[-118.06355727,34.21686442],[-118.063578816,34.2168858430001],[-118.063595769,34.2169066340001],[-118.063618599,34.2169196290001],[-118.063647309,34.216928867],[-118.063672942,34.216931668],[-118.063694826,34.216925987],[-118.063698373,34.216910592],[-118.063699871,34.216895433],[-118.063671572,34.2168572190001],[-118.063653338,34.216838771],[-118.063645658,34.216831002],[-118.063632644,34.216823264],[-118.063625867,34.2168182500001],[-118.06359815,34.2168021840001],[-118.063586665,34.2167953380001],[-118.063551505,34.216772844],[-118.063468945,34.2167200310001],[-118.063467664,34.216719218],[-118.063439817,34.2167016170001],[-118.063430041,34.216694133],[-118.0634064,34.2166760330001],[-118.063378367,34.2166368170001],[-118.063355833,34.2165919],[-118.0633434,34.216543067],[-118.063342133,34.2165133830001],[-118.06334371,34.216481356],[-118.063343767,34.2164802],[-118.063352283,34.2164319500001],[-118.0633526,34.216381584],[-118.063342433,34.2163321840001],[-118.063336466,34.216303284],[-118.06332795,34.216275834],[-118.063298333,34.2162307830001],[-118.063258184,34.2161963],[-118.063238683,34.2161662670001],[-118.06323865,34.216196783],[-118.063240267,34.2162261],[-118.0632139,34.2161976],[-118.063189933,34.2161770170001],[-118.063180414,34.2161701530001],[-118.063155866,34.21615245],[-118.06312165,34.2161365330001],[-118.063092833,34.2161192830001],[-118.0630581,34.2160850660001],[-118.063038166,34.2160410170001],[-118.0630238,34.2160094830001],[-118.063004267,34.2159748170001],[-118.06297665,34.2159370000001],[-118.0629442,34.215904084],[-118.062911117,34.2158782670001],[-118.06288475,34.2158564000001],[-118.062851617,34.215819583],[-118.062832317,34.215791983],[-118.062807935,34.2157478670001],[-118.062800383,34.2157200840001],[-118.062797083,34.2156901660001],[-118.062795833,34.215658816],[-118.062792733,34.215626333],[-118.062786833,34.2155938330001],[-118.062786583,34.2155636840001],[-118.062785767,34.215535317],[-118.062780683,34.2155072830001],[-118.062773467,34.2154717670001],[-118.062768183,34.215444517],[-118.062770534,34.2154128330001],[-118.062774366,34.2153828670001],[-118.062781317,34.215332183],[-118.062786817,34.215301534],[-118.0627918,34.2152684170001],[-118.0627935,34.2152129830001],[-118.062791967,34.215181133],[-118.062785233,34.215150733],[-118.062772316,34.2151247670001],[-118.062758134,34.2150992840001],[-118.0627456,34.215071483],[-118.062732483,34.215046134],[-118.0627173,34.215017217],[-118.06270085,34.2149894830001],[-118.0626872,34.2149643160001],[-118.062662333,34.214920867],[-118.062630966,34.2148816330001],[-118.062606217,34.214860033],[-118.062581167,34.214839367],[-118.06254425,34.2148061],[-118.062500534,34.2147754000001],[-118.062476267,34.214751967],[-118.062451833,34.214724183],[-118.062428316,34.2146963330001],[-118.062409066,34.2146704],[-118.062386283,34.214630416],[-118.062366634,34.2145970330001],[-118.062347617,34.2145561340001],[-118.062342583,34.2145022330001],[-118.062351033,34.214474667],[-118.062358633,34.2144466830001],[-118.06236425,34.2144186670001],[-118.062371166,34.2143908830001],[-118.062375734,34.2143629500001],[-118.062378817,34.2143080170001],[-118.062373017,34.2142607500001],[-118.062370133,34.214233117],[-118.062363284,34.2142054170001],[-118.062335283,34.214163317],[-118.06231525,34.2141402830001],[-118.062294217,34.214116334],[-118.062272083,34.2140942340001],[-118.062251718,34.2140716660001],[-118.062222433,34.214031517],[-118.062209192,34.2140121470001],[-118.062204783,34.2140264830001],[-118.062201751,34.214025916],[-118.062197067,34.2139857830001],[-118.062197054,34.213985635],[-118.06219305,34.213974884],[-118.062196435,34.2139786610001],[-118.062194435,34.2139561330001],[-118.062192784,34.2139278830001],[-118.062192766,34.2138908330001],[-118.062196017,34.2138521840001],[-118.062197784,34.2138166330001],[-118.062198367,34.2137819000001],[-118.062194917,34.2137493340001],[-118.062181517,34.2137184170001],[-118.062182483,34.2136702170001],[-118.062179483,34.2136237830001],[-118.062175067,34.2135951830001],[-118.062153783,34.213543067],[-118.062145766,34.213526555],[-118.062073421,34.2133631630001],[-118.062060216,34.213327517],[-118.06205259,34.2133100880001],[-118.061919175,34.2133025160001],[-118.061544387,34.2132812460001],[-118.061335212,34.2137458830001],[-118.060800725,34.214120699],[-118.060215682,34.2140965990001],[-118.060191957,34.214079283],[-118.060125961,34.214023707],[-118.06011581,34.214023707],[-118.060051091,34.214023707],[-118.059924749,34.214028387],[-118.059840521,34.2139909520001],[-118.059751614,34.213953517],[-118.059742255,34.2137850610001],[-118.059700427,34.21375369],[-118.059686103,34.2137429470001],[-118.059670342,34.21373435],[-118.059599024,34.21369545],[-118.059583158,34.2136867950001],[-118.059462082,34.2136478780001],[-118.059452136,34.2136446810001],[-118.059274322,34.2138365340001],[-118.058698763,34.214023707],[-118.058567742,34.213995631],[-118.058460117,34.2140938970001],[-118.058455191,34.21409636],[-118.058461572,34.2141983400001],[-118.058367534,34.214229043],[-118.058422683,34.214369978],[-118.058426669,34.214389908],[-118.058479276,34.214416945],[-118.058587374,34.2144690320001],[-118.05870488,34.214513197],[-118.0588921,34.2147918530001],[-118.0588921,34.214977622],[-118.058629992,34.2150705070001],[-118.058615121,34.215061899],[-118.058585898,34.2150810540001],[-118.058348331,34.215151516],[-118.058233815,34.215091226],[-118.05823269,34.2150162140001],[-118.058225262,34.2150162140001],[-118.058198162,34.214960192],[-118.058197592,34.2149590130001],[-118.0581825,34.214924108],[-118.058178208,34.2149107810001],[-118.058013972,34.2149709920001],[-118.058009,34.214973],[-118.058011339,34.214978091],[-118.058015618,34.2150172990001],[-118.057951682,34.215062243],[-118.057925,34.2150810000001],[-118.057829169,34.215100889],[-118.057819,34.2151030000001],[-118.057768,34.215113],[-118.057760966,34.2151224040001],[-118.057679,34.2152320000001],[-118.057664,34.215246],[-118.057661841,34.215246725],[-118.057532131,34.215292307],[-118.057504,34.2153670000001],[-118.057462034,34.21539455],[-118.057270777,34.215526567],[-118.057202769,34.215584447],[-118.057053807,34.215711228],[-118.057012605,34.215750858],[-118.056975,34.215781],[-118.05688571,34.2158017190001],[-118.056934393,34.215812682],[-118.056794,34.215823003],[-118.05648147,34.21584598],[-118.056228156,34.2157477640001],[-118.056205999,34.2157340000001],[-118.056159176,34.2156002150001],[-118.056020873,34.215646389],[-118.056018,34.215648],[-118.05586,34.215603],[-118.055855124,34.215584],[-118.055757994,34.2154291620001],[-118.05563776,34.2153289670001],[-118.055375609,34.215178865],[-118.055361833,34.2151736430001],[-118.055002438,34.2150615530001],[-118.054822,34.2150080000001],[-118.05479128,34.214991324],[-118.054604693,34.214989933],[-118.054602307,34.214990196],[-118.054595,34.2149910000001],[-118.054568,34.214858],[-118.054574404,34.214857163],[-118.054684112,34.214842816],[-118.054698001,34.214841],[-118.054724217,34.214745495],[-118.054954546,34.2146838960001],[-118.054979,34.214678],[-118.05499605,34.2146511400001],[-118.055035484,34.214584502],[-118.055071883,34.2144091170001],[-118.055074551,34.2143884720001],[-118.055210581,34.214240427],[-118.055271,34.2141760000001],[-118.055358821,34.214115441],[-118.055470736,34.214038268],[-118.055590359,34.2139557790001],[-118.055602298,34.2139488330001],[-118.05573005,34.2138745120001],[-118.055965,34.213808],[-118.055993474,34.2138020890001],[-118.056187738,34.2137621210001],[-118.056192046,34.213760865],[-118.056307,34.213737],[-118.056317941,34.213725008],[-118.056329727,34.2137121550001],[-118.056475822,34.213552839],[-118.056470759,34.2135575130001],[-118.056484,34.2135430000001],[-118.056543923,34.2133149050001],[-118.056746649,34.213240924],[-118.057307354,34.2132248230001],[-118.057309586,34.2132247110001],[-118.057911202,34.213133557],[-118.058027829,34.213115886],[-118.058044405,34.2131119860001],[-118.058089327,34.2130940170001],[-118.058111676,34.2130806070001],[-118.058136393,34.2130643260001],[-118.05840618,34.2128959610001],[-118.058416268,34.212900694],[-118.058418752,34.212899357],[-118.058421035,34.2129003950001],[-118.058649101,34.213004061],[-118.058850887,34.2127996680001],[-118.058873296,34.2127788130001],[-118.058873852,34.2127782960001],[-118.059020831,34.2126415160001],[-118.058937794,34.2124116970001],[-118.0587958,34.2123656000001],[-118.058739764,34.2123630470001],[-118.058736136,34.2123593910001],[-118.058731939,34.212355115],[-118.058726785,34.2123498890001],[-118.058723804,34.21234681],[-118.058716439,34.2123394000001],[-118.058713443,34.212336253],[-118.058711572,34.212334352],[-118.058709769,34.212332459],[-118.058708758,34.2123311130001],[-118.058706432,34.212327805],[-118.058701772,34.212321248],[-118.058689558,34.2123040490001],[-118.058671619,34.2122790060001],[-118.058668692,34.2122748990001],[-118.058651022,34.212257186],[-118.058636898,34.212243044],[-118.058610159,34.212217566],[-118.058585405,34.2121829490001],[-118.058566081,34.212155624],[-118.058539001,34.212128792],[-118.058511985,34.212102514],[-118.058491645,34.212073526],[-118.058479267,34.212073767],[-118.058460017,34.212039684],[-118.058437284,34.2120123670001],[-118.058423417,34.2119871830001],[-118.058413366,34.2119536170001],[-118.058403066,34.2119248000001],[-118.058377683,34.211899266],[-118.058372951,34.2118869830001],[-118.058366017,34.211868983],[-118.058350616,34.211841367],[-118.058332083,34.2118154],[-118.058300933,34.21179805],[-118.058279765,34.2117708370001],[-118.058277067,34.211766993],[-118.058266133,34.2117352000001],[-118.058255663,34.2117364920001],[-118.058230067,34.21173965],[-118.0581944,34.211740467],[-118.058154267,34.21173915],[-118.058116434,34.211741117],[-118.058082383,34.2117400160001],[-118.058048967,34.21173845],[-118.058013584,34.2117486830001],[-118.057974784,34.211740567],[-118.057958784,34.211713467],[-118.057933083,34.211689467],[-118.057900717,34.2116816000001],[-118.057853617,34.211677916],[-118.057828734,34.2116525660001],[-118.057795466,34.211646516],[-118.057779726,34.211634271],[-118.057727192,34.2115928600001],[-118.057712934,34.211585617],[-118.057698936,34.2115773850001],[-118.057685584,34.211569534],[-118.057656034,34.2115517670001],[-118.057631784,34.2115309330001],[-118.057601483,34.2115164000001],[-118.057575667,34.2114971670001],[-118.057543367,34.2114794840001],[-118.057517433,34.2114554],[-118.057499834,34.211432083],[-118.05746665,34.211426417],[-118.057431667,34.211407067],[-118.057405917,34.2113865170001],[-118.057374967,34.211372366],[-118.057352333,34.2113515840001],[-118.057329683,34.2113266000001],[-118.057295017,34.2113198170001],[-118.057262484,34.2113090660001],[-118.057229633,34.2112974660001],[-118.057196084,34.211294583],[-118.057185783,34.2112628670001],[-118.057199866,34.2112378840001],[-118.057166117,34.2112399170001],[-118.057132367,34.211232567],[-118.057102367,34.2112137170001],[-118.05706865,34.2111965830001],[-118.057029833,34.2111862830001],[-118.056987366,34.211183766],[-118.056944367,34.21117],[-118.056915867,34.21115545],[-118.0568777,34.211139716],[-118.056844266,34.2111195840001],[-118.056826916,34.211092116],[-118.056808933,34.2110659160001],[-118.056771249,34.2110501170001],[-118.056737115,34.2110368670001],[-118.0567054,34.211018833],[-118.056666133,34.211000067],[-118.056631516,34.210982567],[-118.056592067,34.210969683],[-118.056559933,34.210959684],[-118.056520867,34.21094085],[-118.056486317,34.210926833],[-118.056477727,34.210922048],[-118.056457684,34.210910884],[-118.056439658,34.2109094750001],[-118.056424416,34.210908283],[-118.056395517,34.2109250670001],[-118.056360017,34.2109324],[-118.0563456,34.210961867],[-118.056322817,34.2109928840001],[-118.0563256,34.2110203840001],[-118.056299167,34.211040633],[-118.056263366,34.2110329500001],[-118.056233533,34.2110103000001],[-118.056216984,34.2109783340001],[-118.056207717,34.210945967],[-118.056203318,34.2109138340001],[-118.056191516,34.210883617],[-118.056173083,34.2108580830001],[-118.056137433,34.210853683],[-118.056106484,34.2108410500001],[-118.056080083,34.210819816],[-118.056053867,34.2107940670001],[-118.0560159,34.210779534],[-118.055984517,34.210765517],[-118.055951833,34.2107518170001],[-118.055918667,34.2107404170001],[-118.055915599,34.2107098170001],[-118.055932434,34.2106967730001],[-118.055835524,34.210653015],[-118.05579555,34.210646883],[-118.055756333,34.2106436670001],[-118.055718733,34.210633967],[-118.055685133,34.2106219],[-118.055650883,34.210618567],[-118.055615799,34.2106189840001],[-118.0555848,34.210606317],[-118.055549333,34.2105928500001],[-118.055512117,34.210592234],[-118.055476187,34.210583973],[-118.055441948,34.210586946],[-118.055403267,34.2105843470001],[-118.05538228,34.2105611650001],[-118.055334525,34.210566167],[-118.055317931,34.2105540160001],[-118.055303524,34.210543703],[-118.055275317,34.210521183],[-118.055276267,34.210493383],[-118.055270067,34.2104636],[-118.055243734,34.210444183],[-118.05522315,34.210420017],[-118.0552126,34.2103923670001],[-118.055201284,34.2103638],[-118.055163133,34.210358334],[-118.055128165,34.2103551330001],[-118.055096083,34.2103377500001],[-118.055061834,34.2103279840001],[-118.0550617,34.2102996670001],[-118.055038434,34.2102757170001],[-118.055006783,34.210259783],[-118.054984267,34.210236267],[-118.054974817,34.2102093170001],[-118.054941467,34.210201883],[-118.054906583,34.2101863170001],[-118.054882984,34.2101620500001],[-118.054841,34.2101557830001],[-118.05481725,34.2101353830001],[-118.054781501,34.210119133],[-118.054760517,34.210090284],[-118.054737634,34.210061033],[-118.054708433,34.2100476000001],[-118.05468025,34.210024334],[-118.054687916,34.2099907],[-118.0547064,34.2099673170001],[-118.05471985,34.2099370830001],[-118.054699017,34.2099114170001],[-118.054663633,34.2098963],[-118.054656384,34.2098665830001],[-118.054625367,34.2098546830001],[-118.0545965,34.2098402840001],[-118.054564567,34.209850316],[-118.054526317,34.209838517],[-118.054492749,34.2098427500001],[-118.054453867,34.209850616],[-118.054431267,34.2098287330001],[-118.054411617,34.2098003],[-118.0543911,34.209768716],[-118.054363333,34.2097424500001],[-118.054343084,34.2097145170001],[-118.054323883,34.209681717],[-118.054302883,34.209657217],[-118.054269784,34.2096586500001],[-118.054289383,34.2096341340001],[-118.054285233,34.209597767],[-118.054275034,34.2095697830001],[-118.0542574,34.2095442840001],[-118.054230667,34.2095249500001],[-118.054198034,34.209518367],[-118.054158616,34.2095188500001],[-118.054121217,34.2095086670001],[-118.0541084,34.209481683],[-118.054085267,34.2094596170001],[-118.054077066,34.2094301830001],[-118.05406685,34.209400466],[-118.054042734,34.2093745830001],[-118.054013517,34.209354084],[-118.053990216,34.2093313840001],[-118.05396125,34.2093108830001],[-118.0539561,34.209277484],[-118.053921617,34.2092807170001],[-118.053887632,34.2092894840001],[-118.053856933,34.209276867],[-118.053825616,34.209263816],[-118.053794684,34.2092450660001],[-118.05375805,34.2092264],[-118.053728984,34.2092069340001],[-118.053703166,34.209189634],[-118.053703134,34.209159716],[-118.053696217,34.2091321830001],[-118.053683533,34.2091045170001],[-118.053653833,34.2090823670001],[-118.053614916,34.209079983],[-118.05357835,34.2090989500001],[-118.053546067,34.209107617],[-118.053517333,34.2090914660001],[-118.053490917,34.209070066],[-118.053465934,34.2090497830001],[-118.053444334,34.209026266],[-118.053421483,34.208995433],[-118.053401167,34.2089728500001],[-118.053372583,34.2089558000001],[-118.0533406,34.2089642670001],[-118.053326383,34.208989833],[-118.0532981,34.209005017],[-118.053267366,34.2089791000001],[-118.053239533,34.208954283],[-118.053216267,34.208933417],[-118.05318395,34.208912367],[-118.053162634,34.2088892830001],[-118.053129116,34.208889067],[-118.053101817,34.208873],[-118.053074484,34.2088556670001],[-118.053058217,34.2088267670001],[-118.053039117,34.2088042830001],[-118.053019933,34.2087786500001],[-118.05300805,34.208751283],[-118.052975616,34.208741683],[-118.052940517,34.2087471500001],[-118.052906267,34.2087382830001],[-118.052877367,34.2087241670001],[-118.052850067,34.208699633],[-118.052817266,34.208681433],[-118.052786768,34.208662233],[-118.052762333,34.2086392160001],[-118.052751683,34.2086129],[-118.05272335,34.2085916670001],[-118.052689416,34.2085754500001],[-118.052662933,34.208553566],[-118.0526335,34.208533683],[-118.052595383,34.208525066],[-118.052556817,34.208519917],[-118.052525317,34.208505233],[-118.052487083,34.2084985830001],[-118.052454333,34.2084892500001],[-118.052415284,34.2084833660001],[-118.052380933,34.2084871170001],[-118.052359417,34.2084651330001],[-118.052348383,34.2084346],[-118.052334815,34.2084332530001],[-118.052273341,34.208449242],[-118.052185032,34.2084722110001],[-118.052116618,34.2084900040001],[-118.052093217,34.2084735330001],[-118.0520571,34.2084808500001],[-118.052017367,34.208474267],[-118.052011264,34.2084720280001],[-118.051981934,34.208461266],[-118.05194435,34.208460383],[-118.051916517,34.208442367],[-118.05191205,34.2084076],[-118.051909433,34.2083729340001],[-118.051904116,34.208344633],[-118.051880984,34.208324383],[-118.051870967,34.208297483],[-118.051873168,34.208268483],[-118.051879067,34.2082407670001],[-118.051884249,34.2082352460001],[-118.051903266,34.2082149840001],[-118.0519226,34.2081908500001],[-118.05190105,34.2081641670001],[-118.051873817,34.2081446670001],[-118.051878167,34.2081168],[-118.0519119,34.2081130170001],[-118.051936067,34.2080915170001],[-118.051936616,34.208062517],[-118.051911766,34.208038834],[-118.051885101,34.2080145830001],[-118.051872483,34.20798095],[-118.051843767,34.207950216],[-118.051810833,34.207929983],[-118.051786484,34.2079050830001],[-118.0517649,34.207880867],[-118.051740034,34.207860033],[-118.051711117,34.2078332830001],[-118.051682584,34.2078090000001],[-118.051658083,34.2077825330001],[-118.051641167,34.2077565500001],[-118.0516271,34.2077252830001],[-118.051612634,34.207697033],[-118.051599383,34.2076620170001],[-118.05158055,34.207633683],[-118.051561784,34.2076077500001],[-118.051541117,34.207579034],[-118.051518933,34.207556116],[-118.05149435,34.207534733],[-118.05146975,34.207515867],[-118.0514385,34.207495517],[-118.051401083,34.207479533],[-118.051371067,34.2074652160001],[-118.051340217,34.207452217],[-118.051309917,34.2074305830001],[-118.051300517,34.2074020840001],[-118.051275867,34.2073811340001],[-118.05123415,34.207377883],[-118.051205966,34.207362233],[-118.051184816,34.2073336330001],[-118.051160533,34.2073113170001],[-118.05114165,34.2072871330001],[-118.051132967,34.2072593670001],[-118.051119083,34.207229684],[-118.051095733,34.2072037660001],[-118.051071183,34.2071807660001],[-118.0510472,34.207152466],[-118.051023733,34.207132883],[-118.051005584,34.2071086],[-118.050983516,34.2070869500001],[-118.050962417,34.2070581],[-118.050959295,34.2070549310001],[-118.050952526,34.207045743],[-118.050893219,34.20698542],[-118.050839113,34.2069337070001],[-118.050783637,34.2068934340001],[-118.050771836,34.2068558710001],[-118.050749403,34.206809826],[-118.050711647,34.2067756160001],[-118.050657286,34.206721454],[-118.05064618,34.2066894370001],[-118.050618808,34.2066716140001],[-118.050591175,34.206624248],[-118.050546444,34.206566696],[-118.050500982,34.2064882500001],[-118.050439844,34.2063223980001],[-118.050416477,34.2062893130001],[-118.050365645,34.2062020490001],[-118.050328707,34.2061967020001],[-118.050291783,34.2062066130001],[-118.050245132,34.2062223780001],[-118.050227967,34.20624373],[-118.050215863,34.2062775640001],[-118.050198289,34.206294244],[-118.050189303,34.2063013100001],[-118.050159934,34.206316325],[-118.050182766,34.2063395640001],[-118.050150181,34.206362594],[-118.050113683,34.2063628340001],[-118.0500871,34.2063436],[-118.050068969,34.20633622],[-118.050056183,34.206331016],[-118.0500448,34.206302366],[-118.050048067,34.206272583],[-118.050052617,34.2062408830001],[-118.050044516,34.206213217],[-118.050043818,34.206205971],[-118.050043583,34.206185863],[-118.050041757,34.2061845850001],[-118.05004145,34.2061814],[-118.050034066,34.206149184],[-118.05002125,34.2061226660001],[-118.050017784,34.20612005],[-118.049981667,34.2061065340001],[-118.04995795,34.206085683],[-118.049924866,34.2060721330001],[-118.049903893,34.2060880180001],[-118.04989395,34.20609555],[-118.049865333,34.206109833],[-118.04983095,34.2060940170001],[-118.049814033,34.206070133],[-118.0498083,34.206038117],[-118.049819851,34.2060291510001],[-118.04982131,34.206028019],[-118.04982622,34.206025751],[-118.049830173,34.206021139],[-118.04983585,34.2060167330001],[-118.049853967,34.2059890670001],[-118.049867416,34.205961217],[-118.049859267,34.2059289000001],[-118.049849033,34.205899733],[-118.049824617,34.2058767670001],[-118.049842416,34.205847867],[-118.049848084,34.2058139000001],[-118.049854466,34.205783517],[-118.049853983,34.205755633],[-118.04983475,34.20573305],[-118.049810866,34.205712684],[-118.049784334,34.2056954500001],[-118.049755784,34.2056772670001],[-118.049720984,34.2056754330001],[-118.049681767,34.2056699830001],[-118.049661033,34.2056481330001],[-118.049658534,34.2056175500001],[-118.049638567,34.205590183],[-118.049611416,34.2055726830001],[-118.049575067,34.2055674160001],[-118.049538266,34.2055606160001],[-118.049517267,34.205535717],[-118.04951555,34.2055071830001],[-118.049485417,34.205484417],[-118.0494521,34.2054629670001],[-118.049436433,34.2054360670001],[-118.049408767,34.205410967],[-118.049379734,34.205390133],[-118.049360184,34.205366183],[-118.049324417,34.20535885],[-118.049288783,34.205346616],[-118.049262133,34.2053265160001],[-118.0492431,34.2053026670001],[-118.049239017,34.205271167],[-118.049219317,34.2052417],[-118.049187583,34.2052136840001],[-118.049161966,34.2051928170001],[-118.0491405,34.2051703160001],[-118.04911545,34.2051514500001],[-118.049077934,34.205138167],[-118.049040467,34.205142417],[-118.0490012,34.205140167],[-118.048965316,34.205135167],[-118.04893355,34.205147217],[-118.0489453,34.205180483],[-118.04895445,34.2052118500001],[-118.048920583,34.2052239500001],[-118.048891867,34.20524585],[-118.048857166,34.205251683],[-118.048827751,34.2052654830001],[-118.048792384,34.2052530170001],[-118.048765833,34.2052346340001],[-118.048735483,34.2052118830001],[-118.048725133,34.2051852660001],[-118.048709783,34.2051567670001],[-118.0486899,34.205131384],[-118.048665849,34.2051074],[-118.048662883,34.2050753660001],[-118.048641817,34.2050468830001],[-118.048609966,34.2050354830001],[-118.0485762,34.205029784],[-118.048540717,34.2050353170001],[-118.048536802,34.2050425200001],[-118.048545874,34.20503482],[-118.048555168,34.205047243],[-118.048532288,34.205053112],[-118.048513741,34.205096616],[-118.048511303,34.2051116110001],[-118.048469863,34.2051231630001],[-118.048452453,34.2051470820001],[-118.048401941,34.2051088430001],[-118.04835203,34.2051050040001],[-118.048322335,34.2050748250001],[-118.048313816,34.2050457],[-118.048284574,34.20501685],[-118.048266907,34.205007337],[-118.048258999,34.204976039],[-118.048262999,34.204952243],[-118.04826447,34.204942993],[-118.048259531,34.2049111360001],[-118.048240637,34.2048828320001],[-118.048217643,34.2048212460001],[-118.048209823,34.2047947180001],[-118.04817674,34.204718927],[-118.048158988,34.204698944],[-118.04801381,34.204626381],[-118.0479506,34.2045902360001],[-118.047914778,34.2045837840001],[-118.047888277,34.204559063],[-118.047860133,34.2045347710001],[-118.047733449,34.2044668980001],[-118.047693416,34.2044413610001],[-118.047616697,34.2043662460001],[-118.047575604,34.2043264260001],[-118.04753688,34.2042855180001],[-118.047478842,34.2042197710001],[-118.047420538,34.2041699430001],[-118.047382049,34.2041673620001],[-118.047361104,34.2041624130001],[-118.047327275,34.204152143],[-118.047282547,34.204147907],[-118.04716915,34.2041293190001],[-118.047108969,34.2041313930001],[-118.047081563,34.2041109790001],[-118.047047172,34.2041206860001],[-118.04699817,34.2040925040001],[-118.046880628,34.204033774],[-118.046834233,34.2040190650001],[-118.046699956,34.203973488],[-118.046551851,34.2039507640001],[-118.046432332,34.2039015730001],[-118.046306395,34.2038426230001],[-118.046199605,34.2038135010001],[-118.046112897,34.203786624],[-118.046061882,34.203834757],[-118.046021608,34.203897096],[-118.046006554,34.203947801],[-118.045994248,34.2039779950001],[-118.046003928,34.2040651670001],[-118.046020551,34.204091631],[-118.046043989,34.204128944],[-118.046020551,34.2041382850001],[-118.046002376,34.2041479530001],[-118.045968231,34.2041591380001],[-118.045887674,34.2041912450001],[-118.045860006,34.204184759],[-118.045780875,34.204181083],[-118.045697788,34.2041653380001],[-118.045618333,34.2041017670001],[-118.045632324,34.204063282],[-118.045657791,34.2039908040001],[-118.045510556,34.203956319],[-118.045521794,34.20390174],[-118.04550274,34.2037679380001],[-118.045501575,34.2037632110001],[-118.045501169,34.2037615630001],[-118.045456405,34.2035799270001],[-118.045336063,34.203555667],[-118.045149887,34.203522671],[-118.045129197,34.203519004],[-118.044842425,34.2034482380001],[-118.044567284,34.203338253],[-118.044055344,34.2032239370001],[-118.043949531,34.2032280760001],[-118.043664706,34.203256181],[-118.043514695,34.2030227020001],[-118.043484695,34.2028775520001],[-118.043491162,34.202827251],[-118.043339607,34.202755907],[-118.043157763,34.2027560380001],[-118.043010391,34.20286394],[-118.042872714,34.202817732],[-118.042818422,34.2025634620001],[-118.042748811,34.202453463],[-118.042721904,34.202422346],[-118.042719467,34.202422644],[-118.042428369,34.202372225],[-118.042211897,34.2024004410001],[-118.041465815,34.202129186],[-118.040866411,34.201941876],[-118.040384787,34.2017528600001],[-118.040119339,34.201756242],[-118.03941717,34.2013857530001],[-118.039238497,34.201357111],[-118.03905939,34.2013102440001],[-118.038980323,34.2012563000001],[-118.039057032,34.2013146200001],[-118.038657433,34.2012899910001],[-118.038287402,34.2011821340001],[-118.037958798,34.2011282730001],[-118.037787959,34.2009959260001],[-118.037508531,34.2009302230001],[-118.037372376,34.2008771320001],[-118.037487894,34.2007776200001],[-118.037745483,34.2007389120001],[-118.037955368,34.2007755070001],[-118.038080465,34.200904531],[-118.038233468,34.2008944740001],[-118.038372832,34.200965572],[-118.038599939,34.2010225710001],[-118.038610342,34.200850202],[-118.038620429,34.2006905160001],[-118.038755279,34.200550736],[-118.038839877,34.200465916],[-118.038727963,34.2004208560001],[-118.038766315,34.200353003],[-118.038781183,34.2002466860001],[-118.038814626,34.2001305370001],[-118.038978896,34.2001587340001],[-118.03907615,34.20005637],[-118.039205417,34.200017991],[-118.039194001,34.199863011],[-118.039219546,34.199695977],[-118.039395204,34.199389425],[-118.039506376,34.1992187870001],[-118.039725778,34.1991185200001],[-118.039769982,34.199060918],[-118.039773248,34.199155526],[-118.039774125,34.1989823260001],[-118.03980607,34.1987734680001],[-118.039922964,34.198576034],[-118.03994335,34.198458858],[-118.039954181,34.1983935150001],[-118.039927181,34.1983326020001],[-118.039859404,34.1982478520001],[-118.03978523,34.1981631350001],[-118.039795958,34.198087565],[-118.039845495,34.1980284210001],[-118.039897324,34.1978820510001],[-118.039880522,34.197632405],[-118.039821585,34.1974903390001],[-118.03973019,34.1973820380001],[-118.039698183,34.1973441110001],[-118.039664868,34.197241401],[-118.039662734,34.1971357310001],[-118.039659798,34.1969903030001],[-118.039656515,34.1968277460001],[-118.03960691,34.1965693590001],[-118.03960436,34.1965560780001],[-118.039344226,34.1962197710001],[-118.039291432,34.1961515180001],[-118.039272796,34.1961042610001],[-118.039169886,34.196015136],[-118.039070244,34.195961396],[-118.039004889,34.1959431170001],[-118.038863558,34.1959150120001],[-118.03877731,34.19588994],[-118.03868344,34.19586295],[-118.03860369,34.1958194260001],[-118.038529823,34.1958058500001],[-118.038443532,34.1957795370001],[-118.038377713,34.195771483],[-118.038236285,34.1957502280001],[-118.038097902,34.195691342],[-118.037617342,34.195422475],[-118.03758972,34.1953673730001],[-118.037562948,34.1953430020001],[-118.037498976,34.1952805560001],[-118.037466321,34.1952395100001],[-118.037446173,34.1951772310001],[-118.037435557,34.1951301440001],[-118.037444829,34.195059583],[-118.037437563,34.195022722],[-118.037440262,34.194966241],[-118.03743728,34.1948544270001],[-118.037399511,34.1947910970001],[-118.03736999,34.194746916],[-118.037327784,34.1947299400001],[-118.03725175,34.194694337],[-118.037195223,34.1946746690001],[-118.037053939,34.194580579],[-118.037048411,34.1945756170001],[-118.036951434,34.1944819010001],[-118.036945825,34.1944536290001],[-118.036915008,34.1944318340001],[-118.036887088,34.194393097],[-118.036737666,34.194208233],[-118.036695019,34.1941516030001],[-118.036612914,34.1940546540001],[-118.036532267,34.1939664980001],[-118.0363817,34.1938608],[-118.036297242,34.1938245910001],[-118.03615063,34.1937617350001],[-118.036048797,34.1937070990001],[-118.035854689,34.1935679540001],[-118.03579908,34.193420706],[-118.035687724,34.1931258430001],[-118.035216304,34.192646661],[-118.034896718,34.192278625],[-118.03467476,34.1920178680001],[-118.034334785,34.1916403000001],[-118.034148358,34.1914068310001],[-118.034014898,34.191269708],[-118.03398039,34.191239997],[-118.033809874,34.191109415],[-118.033569096,34.190982736],[-118.033546599,34.1909709],[-118.033500231,34.1909465050001],[-118.03326094,34.1908131170001],[-118.033073801,34.1907088],[-118.032662849,34.1904818670001],[-118.032728163,34.190051286],[-118.032696362,34.1896011310001],[-118.03231821,34.189243403],[-118.031763521,34.1888200070001],[-118.031756061,34.1888187120001],[-118.030999087,34.1886873460001],[-118.030523873,34.188813914],[-118.030372233,34.1888503110001],[-118.030179822,34.1888964940001],[-118.029938584,34.1889664350001],[-118.029910369,34.188974677],[-118.029616049,34.189017807],[-118.029509953,34.1891073250001],[-118.029349589,34.189046193],[-118.029376427,34.188950232],[-118.029367,34.1888975000001],[-118.029165055,34.1888423290001],[-118.029165055,34.188790521],[-118.02913908,34.18843464],[-118.028820227,34.1881678450001],[-118.028814052,34.188167971],[-118.028094967,34.1881826260001],[-118.027299127,34.1881500900001],[-118.026430446,34.188093979],[-118.025682559,34.1880602680001],[-118.025090359,34.188143342],[-118.024523535,34.1881593620001],[-118.02403979,34.188082384],[-118.024038835,34.188079284],[-118.023936332,34.187746749],[-118.024175397,34.187350617],[-118.024480539,34.1869857780001],[-118.02423849,34.186580125],[-118.023604536,34.186149202],[-118.023715639,34.1854615],[-118.023614588,34.1852118260001],[-118.023603409,34.1852093700001],[-118.0209473,34.184625624],[-118.020940471,34.1846219130001],[-118.019246803,34.183701419],[-118.019245056,34.183702194],[-118.018344762,34.1841017],[-118.018334836,34.184095826],[-118.017041551,34.183330341],[-118.016356776,34.182983264],[-118.016354904,34.1829835950001],[-118.015779094,34.183085684],[-118.015183239,34.1831822820001],[-118.014657701,34.1833783170001],[-118.014139294,34.1836343100001],[-118.013124671,34.18343796],[-118.013127392,34.183435957],[-118.013803188,34.182938166],[-118.014543614,34.1828033960001],[-118.015331497,34.1824083990001],[-118.015755723,34.181175207],[-118.016364537,34.180605819],[-118.017144391,34.179937067],[-118.017554721,34.1795851950001],[-118.017814126,34.1792377190001],[-118.017749669,34.1791595930001],[-118.017620448,34.1789543460001],[-118.017659341,34.178622606],[-118.01796383,34.17829548],[-118.018331512,34.1782485790001],[-118.018720393,34.177966053],[-118.019092973,34.1775801580001],[-118.019511581,34.177064059],[-118.020030253,34.17655366],[-118.020094442,34.1766578620001],[-118.020116686,34.1769120010001],[-118.019905,34.1771700100001],[-118.019873876,34.1774589070001],[-118.020231472,34.1777100570001],[-118.020257428,34.1776924000001],[-118.020368686,34.1777138580001],[-118.020609181,34.1776972820001],[-118.021163393,34.177378532],[-118.021518196,34.1771364040001],[-118.021601457,34.177153833],[-118.021751103,34.177007755],[-118.021962775,34.176940057],[-118.022098718,34.177037571],[-118.022196069,34.1772783050001],[-118.022620214,34.177367093],[-118.022492134,34.177333827],[-118.0227051,34.1772146060001],[-118.02297242,34.177211309],[-118.023653836,34.177250869],[-118.024201994,34.177085908],[-118.024652136,34.1771867590001],[-118.025028692,34.1769289310001],[-118.025602093,34.17652495],[-118.025836385,34.1764064990001],[-118.026044215,34.1763045760001],[-118.026358517,34.1761045740001],[-118.026361205,34.1761170830001],[-118.026537772,34.1759749130001],[-118.026755996,34.1758068510001],[-118.026955233,34.1754902010001],[-118.027065156,34.175168226],[-118.027344761,34.175076516],[-118.027524666,34.175061854],[-118.027557171,34.1749919220001],[-118.028171263,34.174543554],[-118.028315755,34.173616925],[-118.028243509,34.1728696430001],[-118.028243509,34.1728098610001],[-118.028315756,34.172451166],[-118.028388001,34.171823449],[-118.028459913,34.171555665],[-118.028460246,34.171554428],[-118.028743249,34.1717007930001],[-118.028749231,34.1717038840001],[-118.029471692,34.171913123],[-118.029760676,34.171195733],[-118.029869045,34.1708669290001],[-118.030266399,34.17065769],[-118.031061106,34.170956602],[-118.031849549,34.170956602],[-118.031855812,34.170956602],[-118.032253165,34.171285406],[-118.032542151,34.171793558],[-118.032628948,34.1723202630001],[-118.032764794,34.172425165],[-118.032726499,34.1723955000001],[-118.032963158,34.172225043],[-118.033114085,34.1722861110001],[-118.033354436,34.172366583],[-118.033502309,34.172393492],[-118.033686117,34.172390164],[-118.033798999,34.172370981],[-118.033799214,34.1718901400001],[-118.033799214,34.1717019800001],[-118.034129521,34.1712236650001],[-118.03462498,34.171291995],[-118.035615899,34.171291995],[-118.036085625,34.1713475220001],[-118.036190319,34.1711455220001],[-118.036214857,34.17093168],[-118.036540447,34.1708537050001],[-118.036866397,34.1708692880001],[-118.036877336,34.1708698100001],[-118.036961481,34.1711693660001],[-118.03681082,34.1713842730001],[-118.036558997,34.1715353600001],[-118.03633395,34.1717728190001],[-118.036334029,34.1717729700001],[-118.036360058,34.171745437],[-118.036403062,34.171699948],[-118.036500669,34.171883934],[-118.03699915,34.171978788],[-118.03696898,34.172271988],[-118.03694569,34.1722640350001],[-118.037333812,34.1724039640001],[-118.03771102,34.1723466010001],[-118.037832975,34.1722919870001],[-118.037928044,34.1717019800001],[-118.038433944,34.1711903280001],[-118.038668416,34.1709531920001],[-118.038671234,34.170950341],[-118.039326844,34.1714928480001],[-118.039331847,34.1714969880001],[-118.039609086,34.1715256640001],[-118.040493209,34.1716171140001],[-118.040644868,34.171632801],[-118.040653072,34.17163365],[-118.041726568,34.172726944],[-118.041974298,34.173341921],[-118.042091186,34.1736804510001],[-118.042091959,34.1736826900001],[-118.042236477,34.173716217],[-118.042241218,34.1737173170001],[-118.042631784,34.1739162900001],[-118.042976951,34.1742800810001],[-118.042923771,34.1747789300001],[-118.042891946,34.175115686],[-118.042826672,34.175527613],[-118.042735789,34.175883535],[-118.042677361,34.1761670380001],[-118.042810459,34.176190526],[-118.04312627,34.1762430530001],[-118.043194566,34.176198549],[-118.04343527,34.176027866],[-118.0433781,34.175460178],[-118.043609656,34.1750130890001],[-118.043873559,34.174503546],[-118.044366743,34.174231478],[-118.044369019,34.1742302230001],[-118.045029632,34.174640207],[-118.045125717,34.174703815],[-118.045135199,34.1747100920001],[-118.045163607,34.1746953160001],[-118.045711086,34.1743677700001],[-118.046199122,34.173925194],[-118.04612232,34.173488026],[-118.046099344,34.173452002],[-118.046021425,34.1733298350001],[-118.045903725,34.173274389],[-118.045720297,34.1731982410001],[-118.045622443,34.172911093],[-118.045808463,34.172529685],[-118.046101235,34.172269052],[-118.046559425,34.1722650030001],[-118.046955806,34.172251966],[-118.04749239,34.1719410640001],[-118.047504904,34.171816418],[-118.047492255,34.1718163690001],[-118.047160136,34.17181507],[-118.046862035,34.1719011320001],[-118.04685471,34.1718948550001],[-118.046788444,34.171838058],[-118.046784436,34.1718401690001],[-118.046268281,34.172111966],[-118.046266226,34.1721017630001],[-118.046185704,34.1717019800001],[-118.046103128,34.1708820100001],[-118.046185704,34.1701987010001],[-118.046598588,34.169993709],[-118.046977306,34.1698892480001],[-118.047341776,34.1697887170001],[-118.048910732,34.1700620400001],[-118.050303881,34.1705367270001],[-118.050314534,34.1705403560001],[-118.050892569,34.1710186720001],[-118.050618422,34.1713967600001],[-118.050605655,34.1714443970001],[-118.050450726,34.171732911],[-118.05044741,34.1720139770001],[-118.05044741,34.172014038],[-118.050904538,34.1721951100001],[-118.051322688,34.1723346960001],[-118.05163365,34.1721074770001],[-118.05159017,34.1721274120001],[-118.051392338,34.1719768570001],[-118.051370615,34.1718673720001],[-118.051457513,34.1715643530001],[-118.051621958,34.1713362460001],[-118.051841454,34.171228344],[-118.052068474,34.1711865450001],[-118.052279857,34.171159704],[-118.05249471,34.171239497],[-118.052667474,34.171168858],[-118.052860854,34.1711290210001],[-118.052969034,34.171323719],[-118.053077487,34.1713839330001],[-118.05319593,34.171286991],[-118.053311196,34.1711950690001],[-118.053593565,34.1713851270001],[-118.053914258,34.1715073230001],[-118.054088454,34.1718731610001],[-118.054051831,34.172243015],[-118.054123913,34.172349841],[-118.05421914,34.1724768930001],[-118.054250232,34.1725183770001],[-118.054253625,34.172826254],[-118.054215878,34.173226798],[-118.053929601,34.1737092720001],[-118.054153359,34.174071466],[-118.054605186,34.17430739],[-118.055054555,34.1745078980001],[-118.055059007,34.1745098810001],[-118.055466468,34.1746628450001],[-118.055952897,34.174785254],[-118.056539847,34.1748956340001],[-118.056978807,34.17491548],[-118.057461278,34.1749939540001],[-118.058228521,34.174836145],[-118.058560954,34.174607629],[-118.058639117,34.174352662],[-118.058687754,34.1740367900001],[-118.058958468,34.1738526600001],[-118.059078204,34.1735570010001],[-118.059130526,34.173236681],[-118.059160814,34.1730077330001],[-118.059517218,34.1731497800001],[-118.059529396,34.173154633],[-118.059376068,34.1735665630001],[-118.059423515,34.173890498],[-118.059423871,34.1738929250001],[-118.05996638,34.174005618],[-118.060631768,34.173918945],[-118.060819992,34.173369355],[-118.06091867,34.172853914],[-118.060931808,34.172352839],[-118.06108403,34.1719676110001],[-118.061405781,34.1714671620001],[-118.061618542,34.1711904060001],[-118.06197529,34.170999915],[-118.062492482,34.171025093],[-118.063054532,34.1712408860001],[-118.063066487,34.171245476],[-118.063270133,34.17152464],[-118.063454122,34.171800552],[-118.063642823,34.172269536],[-118.06413699,34.1726050550001],[-118.064141448,34.1726080830001],[-118.06462741,34.17272489],[-118.064637446,34.1727273020001],[-118.065088857,34.1732499870001],[-118.065092769,34.173254517],[-118.065851932,34.1732867160001],[-118.065862071,34.1730348340001],[-118.065843945,34.1730418600001],[-118.065816112,34.1730480590001],[-118.065787408,34.173050146],[-118.065758705,34.1730480580001],[-118.065730873,34.1730418600001],[-118.06570476,34.1730317390001],[-118.065681157,34.173018003],[-118.065660782,34.1730010680001],[-118.065644257,34.1729814500001],[-118.065632079,34.1729597460001],[-118.065624621,34.172936613],[-118.065622111,34.172912755],[-118.065624622,34.172888899],[-118.065632079,34.172865766],[-118.065644257,34.172844061],[-118.065660783,34.1728244440001],[-118.065681157,34.17280751],[-118.06570476,34.172793773],[-118.065715699,34.172785549],[-118.065731124,34.1727841090001],[-118.065750585,34.172770788],[-118.065734059,34.17275117],[-118.065721882,34.172729465],[-118.065714424,34.1727063330001],[-118.065711913,34.172682475],[-118.065714425,34.1726586180001],[-118.065721882,34.172635486],[-118.065734059,34.1726137810001],[-118.065750585,34.172594163],[-118.06577096,34.1725772290001],[-118.065794562,34.1725634920001],[-118.065820675,34.172553372],[-118.065848507,34.1725471730001],[-118.065877211,34.1725450860001],[-118.065905914,34.1725471730001],[-118.065933746,34.172553372],[-118.065959859,34.172563493],[-118.065983462,34.1725772290001],[-118.066003836,34.172594163],[-118.066020362,34.1726137810001],[-118.066032539,34.172635486],[-118.066044246,34.1726501210001],[-118.066054647,34.172666695],[-118.066064274,34.172681448],[-118.066077454,34.172683944],[-118.066090064,34.172687195],[-118.066101113,34.172692123],[-118.066121908,34.1727004430001],[-118.066554562,34.1728651],[-118.066565969,34.172869442],[-118.066951174,34.17314242],[-118.066955316,34.1731453560001],[-118.067388647,34.1732503470001],[-118.067395955,34.1732521180001],[-118.067795003,34.173507343],[-118.067802779,34.1735123170001],[-118.068236386,34.173502947],[-118.068068503,34.173205259],[-118.068481385,34.1720436350001],[-118.069141998,34.1719753040001],[-118.070374376,34.1719753040001],[-118.070380647,34.1719753040001],[-118.070521383,34.1720917600001],[-118.070531493,34.172100126],[-118.070626829,34.1719386130001],[-118.070495983,34.171552288],[-118.070363548,34.171146843],[-118.070454817,34.1709914620001],[-118.070478181,34.1709440660001],[-118.070050341,34.170472025],[-118.070050341,34.169993709],[-118.070872418,34.1695175290001],[-118.070876107,34.169515393],[-118.071371566,34.1699253790001],[-118.071405991,34.1700962990001],[-118.07140775,34.1701050300001],[-118.071629575,34.170022927],[-118.071633732,34.1700213880001],[-118.071930211,34.170258919],[-118.071616371,34.1706641110001],[-118.071266256,34.1708832040001],[-118.071065237,34.171334755],[-118.071085903,34.171846702],[-118.071124245,34.1722328210001],[-118.071071111,34.17258758],[-118.070889524,34.172939609],[-118.070563602,34.1732163],[-118.070474335,34.1732678230001],[-118.070380647,34.1735469130001],[-118.070132917,34.1742302230001],[-118.070033352,34.1745185870001],[-118.070031476,34.174524019],[-118.070088039,34.174521794],[-118.070518701,34.174310447],[-118.070825043,34.17402329],[-118.071205011,34.1738863640001],[-118.071545244,34.173920342],[-118.071541842,34.173917514],[-118.071525315,34.1738978970001],[-118.071513139,34.1738761930001],[-118.071510481,34.1738679480001],[-118.071502889,34.1738723660001],[-118.071476775,34.1738824870001],[-118.071448943,34.173888687],[-118.071420239,34.173890773],[-118.071391535,34.1738886860001],[-118.071363703,34.1738824880001],[-118.071337589,34.1738723670001],[-118.071313986,34.17385863],[-118.071293612,34.1738416960001],[-118.071283045,34.173829153],[-118.071264652,34.1738398570001],[-118.071238539,34.1738499780001],[-118.071210707,34.1738561770001],[-118.071182003,34.173858264],[-118.071153299,34.1738561770001],[-118.071125467,34.1738499790001],[-118.071099352,34.1738398570001],[-118.07107575,34.173826121],[-118.071055376,34.1738091870001],[-118.071038849,34.1737895690001],[-118.071026672,34.1737678640001],[-118.071019215,34.173744732],[-118.071016704,34.1737208750001],[-118.071019215,34.1736970170001],[-118.071026672,34.173673884],[-118.071038849,34.17365218],[-118.071055377,34.1736325620001],[-118.071075751,34.1736156280001],[-118.071099353,34.1736018920001],[-118.071125466,34.1735917710001],[-118.071153299,34.173585573],[-118.071182002,34.1735834850001],[-118.071210707,34.173585572],[-118.071238538,34.17359177],[-118.071264653,34.1736018920001],[-118.071288256,34.1736156280001],[-118.071308629,34.1736325620001],[-118.071319197,34.173645106],[-118.071337589,34.1736344010001],[-118.071363703,34.1736242800001],[-118.071391535,34.1736180820001],[-118.071420239,34.173615994],[-118.071448943,34.173618081],[-118.071476774,34.1736242790001],[-118.071502889,34.1736344010001],[-118.071526492,34.173648137],[-118.071546865,34.1736650710001],[-118.071563393,34.173684689],[-118.071575569,34.1737063940001],[-118.071578227,34.173714638],[-118.07158582,34.173710219],[-118.071611934,34.173700098],[-118.071639766,34.1736939],[-118.07166847,34.1736918130001],[-118.071697173,34.1736939],[-118.071725006,34.173700099],[-118.071751119,34.173710219],[-118.071774722,34.1737239560001],[-118.071795097,34.17374089],[-118.071811623,34.173760508],[-118.0718238,34.173782212],[-118.071831258,34.1738053440001],[-118.07183377,34.173829202],[-118.071831258,34.1738530600001],[-118.071823801,34.1738761920001],[-118.071811624,34.1738978970001],[-118.071795097,34.173917514],[-118.071774723,34.1739344490001],[-118.07175112,34.173948185],[-118.071725006,34.173958306],[-118.071697173,34.1739645050001],[-118.07166847,34.1739665920001],[-118.071667738,34.173966539],[-118.071679613,34.174015657],[-118.071681179,34.1740221310001],[-118.072114756,34.1739568990001],[-118.072608553,34.1736844920001],[-118.072610215,34.173683575],[-118.072895494,34.173840953],[-118.072905089,34.173846245],[-118.072945738,34.17383971],[-118.072951556,34.173838774],[-118.073042494,34.173922045],[-118.073285048,34.174055851],[-118.07330126,34.1740366060001],[-118.073321635,34.174019672],[-118.073345238,34.1740059360001],[-118.073371352,34.1739958150001],[-118.073399184,34.1739896170001],[-118.073427888,34.173987529],[-118.073456591,34.1739896170001],[-118.073484423,34.1739958140001],[-118.073510538,34.1740059360001],[-118.07353414,34.174019672],[-118.073554514,34.1740366070001],[-118.073571041,34.174056224],[-118.073583219,34.1740779290001],[-118.073590677,34.174101061],[-118.073593188,34.1741249190001],[-118.073590676,34.174148776],[-118.073583219,34.1741719090001],[-118.073571041,34.1741936130001],[-118.073554515,34.1742132310001],[-118.07353414,34.174230166],[-118.073510538,34.1742439010001],[-118.073484424,34.1742540230001],[-118.07345659,34.1742602210001],[-118.073427887,34.174262308],[-118.073399184,34.1742602210001],[-118.073387502,34.17425762],[-118.073591296,34.174489126],[-118.074037098,34.174740898],[-118.074047413,34.174746724],[-118.074497923,34.1745164770001],[-118.074573968,34.174423506],[-118.074838378,34.1741002430001],[-118.07485894,34.1735652090001],[-118.075270845,34.1729741950001],[-118.07549049,34.1724148260001],[-118.075517333,34.1723688600001],[-118.075286842,34.1720112450001],[-118.075279757,34.1720238720001],[-118.075263231,34.1720434900001],[-118.075242857,34.1720604240001],[-118.075219255,34.1720741610001],[-118.075193141,34.1720842820001],[-118.07516531,34.1720904800001],[-118.075136606,34.172092568],[-118.075120064,34.172091365],[-118.075124501,34.172105125],[-118.075127011,34.1721289820001],[-118.0751245,34.17215284],[-118.075117043,34.172175972],[-118.075104866,34.172197677],[-118.07508834,34.1722172940001],[-118.075067966,34.172234229],[-118.075044363,34.1722479650001],[-118.07501825,34.1722580860001],[-118.074990419,34.1722642840001],[-118.074961715,34.172266372],[-118.074933011,34.172264285],[-118.07490518,34.172258087],[-118.074879067,34.1722479650001],[-118.074855465,34.172234228],[-118.074835091,34.1722172940001],[-118.074818564,34.172197677],[-118.074806388,34.172175973],[-118.074798929,34.172152839],[-118.074796419,34.1721289820001],[-118.074798931,34.172105125],[-118.074806388,34.1720819920001],[-118.074818565,34.1720602880001],[-118.074835091,34.1720406700001],[-118.074855464,34.172023736],[-118.074879068,34.1720100000001],[-118.07490518,34.1719998790001],[-118.074933012,34.1719936800001],[-118.074961715,34.171991592],[-118.074978257,34.1719927950001],[-118.074973821,34.171979035],[-118.074971311,34.1719551780001],[-118.074973822,34.171931321],[-118.074981279,34.171908188],[-118.074993456,34.171886484],[-118.075009982,34.1718668660001],[-118.075030356,34.171849932],[-118.075053959,34.1718361960001],[-118.075080072,34.1718260750001],[-118.075107903,34.171819876],[-118.075136607,34.1718177880001],[-118.075163411,34.1718197380001],[-118.075087513,34.1717019800001],[-118.075004937,34.171291995],[-118.075327006,34.171291995],[-118.075335243,34.171291995],[-118.075800256,34.1718691830001],[-118.075808746,34.17187972],[-118.076117816,34.171404362],[-118.076300797,34.170974186],[-118.076569512,34.170505925],[-118.077013823,34.1700151210001],[-118.077436065,34.169632721],[-118.077572236,34.1692186240001],[-118.077884637,34.168813733],[-118.078314695,34.1685809460001],[-118.07879261,34.168312305],[-118.079225889,34.1680058250001],[-118.079682968,34.1674685180001],[-118.079889341,34.166988191],[-118.080279062,34.1665852830001],[-118.080565462,34.1666427910001],[-118.080576165,34.1666449410001],[-118.080711944,34.1668976020001],[-118.080594684,34.1675341650001],[-118.080251676,34.1679356720001],[-118.080228458,34.1683730720001],[-118.080227705,34.1687352600001],[-118.080136,34.169153522],[-118.080066867,34.1695529570001],[-118.079837896,34.17008673],[-118.079611396,34.1704449630001],[-118.079362728,34.170745191],[-118.078864954,34.1708205570001],[-118.078416409,34.170936205],[-118.077899447,34.1711237820001],[-118.077330063,34.1713476],[-118.07689728,34.171610501],[-118.076377255,34.1719488910001],[-118.076174191,34.172475094],[-118.07645264,34.172904004],[-118.076998057,34.173238532],[-118.077382812,34.173479935],[-118.077836435,34.173754945],[-118.077792168,34.1742389230001],[-118.077705058,34.17466274],[-118.077309413,34.1752074550001],[-118.07724054,34.1753216560001],[-118.076919263,34.1758543770001],[-118.076542558,34.1769903480001],[-118.076471281,34.17742514],[-118.076494589,34.1779097780001],[-118.076812711,34.178302638],[-118.07717978,34.1788195120001],[-118.077426715,34.179138548],[-118.077678135,34.179549541],[-118.07790205,34.1798154000001],[-118.078158437,34.1800949770001],[-118.078557425,34.180319443],[-118.078817041,34.1806821710001],[-118.078895529,34.1810538840001],[-118.079166705,34.18136079],[-118.079633375,34.181745505],[-118.079662976,34.1821575010001],[-118.079568036,34.182654932],[-118.079828883,34.1830721090001],[-118.08030651,34.183286772],[-118.080316911,34.1832914460001],[-118.080992262,34.183370342],[-118.08144113,34.183247416],[-118.081610493,34.1830690890001],[-118.081922449,34.1829829160001],[-118.08243749,34.182948405],[-118.082896221,34.183106894],[-118.083351953,34.1832458960001],[-118.083464509,34.1832802270001],[-118.083657374,34.1833270020001],[-118.083883878,34.1833923570001],[-118.084051,34.1834640000001],[-118.084046151,34.1834438400001],[-118.084007015,34.1832811300001],[-118.083999535,34.183250038],[-118.08412274,34.1830820960001],[-118.084303491,34.1828085450001],[-118.084420126,34.182533918],[-118.084513291,34.1823451710001],[-118.084640194,34.1822762520001],[-118.084817672,34.1823883430001],[-118.08486026,34.182521007],[-118.08508335,34.182641475],[-118.085455145,34.182675626],[-118.08563133,34.18284098],[-118.085792835,34.1828563770001],[-118.085945287,34.1827912420001],[-118.086420779,34.1820519300001],[-118.08702667,34.181384404],[-118.087296722,34.181137151],[-118.087300382,34.180538384],[-118.087300088,34.180531946],[-118.087568003,34.1803156760001],[-118.087913041,34.1800677100001],[-118.08862561,34.180008119],[-118.08883892,34.179858993],[-118.088946128,34.179783892],[-118.089265272,34.1795603250001],[-118.090179035,34.179197441],[-118.091235532,34.1787677900001],[-118.091574677,34.17856871],[-118.091931684,34.1783591450001],[-118.092389463,34.1780771800001],[-118.092445657,34.178034987],[-118.092151354,34.177720535],[-118.092489966,34.177378662],[-118.092557533,34.1770907210001],[-118.092645244,34.1769395320001],[-118.092790348,34.1768396460001],[-118.09323953,34.176290124],[-118.093487904,34.176131062],[-118.093488013,34.176130761],[-118.09331462,34.1753892670001],[-118.093302544,34.1753848020001],[-118.092682327,34.175155483],[-118.092688762,34.1751754410001],[-118.092691274,34.175199299],[-118.092688763,34.1752231560001],[-118.092681304,34.175246288],[-118.092669126,34.175267993],[-118.0926526,34.175287611],[-118.092632225,34.1753045450001],[-118.092608622,34.175318281],[-118.092582507,34.175328402],[-118.092554675,34.1753346],[-118.09252597,34.1753366880001],[-118.092497267,34.175334601],[-118.092469435,34.175328402],[-118.092443319,34.175318281],[-118.092419716,34.1753045450001],[-118.092399341,34.1752876100001],[-118.092382814,34.175267993],[-118.092370637,34.175246288],[-118.092363179,34.1752231560001],[-118.092360668,34.1751992980001],[-118.092363179,34.1751754410001],[-118.092370637,34.1751523080001],[-118.092382816,34.1751306040001],[-118.092399342,34.175110986],[-118.092419717,34.1750940520001],[-118.092443319,34.175080316],[-118.092469434,34.1750701940001],[-118.092497267,34.1750639960001],[-118.092525971,34.1750619090001],[-118.092554675,34.1750639960001],[-118.092582507,34.1750701940001],[-118.092604751,34.1750788150001],[-118.092508138,34.1747191690001],[-118.093008245,34.1744003210001],[-118.093193869,34.1742522860001],[-118.092859923,34.17392604],[-118.092637759,34.1733894500001],[-118.09253419,34.1731263570001],[-118.0921309,34.1725030000001],[-118.091912663,34.172309038],[-118.09116733,34.172019128],[-118.090525176,34.172659809],[-118.089935762,34.172842675],[-118.089836352,34.172873517],[-118.089777513,34.172890018],[-118.089652949,34.1729201270001],[-118.089649884,34.1729208680001],[-118.089693297,34.172913529],[-118.089558856,34.173033435],[-118.089040956,34.1732328370001],[-118.088503608,34.1729751600001],[-118.088217148,34.1729500600001],[-118.08802548,34.1730458110001],[-118.087689155,34.172936135],[-118.087119939,34.1729849560001],[-118.08706601,34.1730677890001],[-118.086756147,34.173126031],[-118.08656133,34.1730999260001],[-118.086411842,34.173219219],[-118.086184061,34.1731671860001],[-118.085909594,34.173025556],[-118.085748202,34.173131961],[-118.085618356,34.17307142],[-118.085874253,34.1727204630001],[-118.086146431,34.1724535160001],[-118.086328909,34.172233276],[-118.086314475,34.1720731710001],[-118.086292424,34.1718495010001],[-118.086791485,34.171796971],[-118.08701031,34.1714631520001],[-118.087234658,34.1712791370001],[-118.087355556,34.1712334790001],[-118.08735566,34.17123344],[-118.087354756,34.1712314120001],[-118.087288445,34.171081772],[-118.087210725,34.170929669],[-118.087080165,34.170674153],[-118.08688423,34.170229125],[-118.086390915,34.169585983],[-118.086107128,34.168946368],[-118.085316528,34.168220895],[-118.084889666,34.167882241],[-118.08471312,34.1675967150001],[-118.084293655,34.1673539380001],[-118.084060644,34.167086177],[-118.083711764,34.166627346],[-118.083476871,34.166179454],[-118.083203053,34.165741245],[-118.082903034,34.165281706],[-118.082786041,34.164782836],[-118.08266647,34.1644868000001],[-118.082472056,34.1641727530001],[-118.082172967,34.163947201],[-118.08186597,34.163789459],[-118.081810423,34.1634972000001],[-118.081732142,34.1630752930001],[-118.081709398,34.1627810860001],[-118.081692404,34.1623672960001],[-118.081537993,34.162127927],[-118.081717377,34.1619451130001],[-118.085335575,34.1618921570001],[-118.085346584,34.1618919950001],[-118.08556456,34.162837843],[-118.085312624,34.1629087850001],[-118.084760205,34.1628869640001],[-118.08414369,34.162811789],[-118.083482237,34.1627129230001],[-118.083022357,34.1625425830001],[-118.082515348,34.162470295],[-118.082073398,34.162504654],[-118.082170982,34.1627508230001],[-118.082574388,34.1630978470001],[-118.082750363,34.1633813930001],[-118.082928325,34.16359787],[-118.083042651,34.1638036960001],[-118.082976965,34.164082652],[-118.083140031,34.164440778],[-118.083673823,34.1649959000001],[-118.08409039,34.165412132],[-118.084996862,34.166165086],[-118.08549053,34.16660369],[-118.086187042,34.167126732],[-118.086795093,34.167511179],[-118.087305537,34.167939383],[-118.087864472,34.1682551120001],[-118.088249925,34.1686811930001],[-118.088421715,34.1690652620001],[-118.08859863,34.169820314],[-118.088600985,34.1698303640001],[-118.089192197,34.16951885],[-118.089525649,34.1696276690001],[-118.090067905,34.1695145200001],[-118.09056156,34.169186225],[-118.091173047,34.168884991],[-118.091732728,34.168652626],[-118.092275163,34.168529633],[-118.093031272,34.1684749230001],[-118.093670172,34.1685025200001],[-118.09367123,34.168502566],[-118.094006332,34.168648252],[-118.094017327,34.1686530330001],[-118.094347597,34.168680427],[-118.094593272,34.168310886],[-118.094989242,34.1679818550001],[-118.095448854,34.167955218],[-118.095712015,34.1679142140001],[-118.095754014,34.167917733],[-118.095739021,34.167899935],[-118.095726845,34.16787823],[-118.095719388,34.167855097],[-118.095716877,34.1678312400001],[-118.095719388,34.167807382],[-118.095726844,34.1677842500001],[-118.095739021,34.1677625450001],[-118.095755547,34.1677429270001],[-118.09577592,34.167725993],[-118.095799521,34.1677122570001],[-118.095825633,34.1677021360001],[-118.095853462,34.1676959380001],[-118.095882165,34.16769385],[-118.095910867,34.1676959370001],[-118.095938697,34.1677021360001],[-118.095964809,34.1677122570001],[-118.09598841,34.167725993],[-118.096008783,34.1677429280001],[-118.096025309,34.167762544],[-118.096037485,34.1677842500001],[-118.096044942,34.167807383],[-118.096047453,34.1678312400001],[-118.096044942,34.167855097],[-118.096037485,34.16787823],[-118.096025309,34.167899934],[-118.096008783,34.1679195520001],[-118.095988411,34.1679364870001],[-118.095987085,34.167937259],[-118.096368847,34.167969242],[-118.096828195,34.168010442],[-118.097141371,34.1677915380001],[-118.097126335,34.1673125390001],[-118.097114267,34.16731101],[-118.096584098,34.1672438730001],[-118.096173662,34.167284367],[-118.095811662,34.1674074480001],[-118.095498967,34.1672841610001],[-118.095499007,34.167284098],[-118.095588211,34.167144185],[-118.095575296,34.167147061],[-118.095546594,34.1671491490001],[-118.095517891,34.167147062],[-118.095490063,34.167140863],[-118.095463951,34.167130742],[-118.095440349,34.1671170060001],[-118.095419977,34.167100072],[-118.095403452,34.167080454],[-118.095391275,34.167058749],[-118.095383818,34.1670356170001],[-118.095381307,34.167011759],[-118.095383818,34.166987901],[-118.095391275,34.1669647690001],[-118.095403451,34.1669430640001],[-118.095419976,34.1669234460001],[-118.09544035,34.1669065130001],[-118.095463951,34.1668927760001],[-118.095490063,34.1668826550001],[-118.095517891,34.1668764570001],[-118.095546593,34.166874369],[-118.095575295,34.1668764570001],[-118.095603123,34.1668826550001],[-118.095629236,34.166892777],[-118.095652838,34.1669065130001],[-118.09567321,34.166923447],[-118.095689736,34.1669430640001],[-118.095701912,34.1669647690001],[-118.095709369,34.1669879020001],[-118.09571188,34.167011759],[-118.095709927,34.1670303110001],[-118.095976759,34.1669416770001],[-118.096321823,34.166914836],[-118.096471016,34.1666128960001],[-118.09645056,34.1665765930001],[-118.096427126,34.1665856760001],[-118.096399296,34.1665918740001],[-118.096370595,34.166593962],[-118.096341893,34.1665918750001],[-118.096314063,34.1665856760001],[-118.096287952,34.1665755550001],[-118.096264351,34.166561819],[-118.096243978,34.1665448850001],[-118.096227454,34.1665252670001],[-118.096215277,34.1665035620001],[-118.096207821,34.16648043],[-118.096205309,34.1664565720001],[-118.09620782,34.1664327140001],[-118.096215278,34.166409582],[-118.096227453,34.166387877],[-118.096243979,34.166368259],[-118.096264352,34.166351326],[-118.096287953,34.1663375890001],[-118.096304195,34.166331294],[-118.096301228,34.166330633],[-118.096275116,34.166320512],[-118.096251516,34.1663067750001],[-118.096231143,34.166289841],[-118.096214617,34.166270223],[-118.096202442,34.166248518],[-118.096194985,34.1662253860001],[-118.096192474,34.166201528],[-118.096194985,34.1661776710001],[-118.096202442,34.1661545380001],[-118.096214618,34.1661328330001],[-118.096231143,34.166113216],[-118.096251516,34.1660962820001],[-118.096275117,34.166082546],[-118.096300457,34.1660727230001],[-118.096300748,34.1660699610001],[-118.096308205,34.166046829],[-118.096320381,34.166025124],[-118.096336906,34.166005506],[-118.096357279,34.1659885720001],[-118.096380878,34.165974836],[-118.096406991,34.165964715],[-118.096434819,34.165958517],[-118.096463522,34.1659564290001],[-118.096492223,34.165958516],[-118.096520052,34.165964714],[-118.096546164,34.165974836],[-118.096569764,34.1659885720001],[-118.096590137,34.166005506],[-118.096601757,34.1660193010001],[-118.096628072,34.1660180490001],[-118.096616903,34.166004791],[-118.096604727,34.165983086],[-118.096597271,34.1659599540001],[-118.09659476,34.1659360960001],[-118.096597271,34.1659122390001],[-118.096604727,34.1658891060001],[-118.096616904,34.1658674020001],[-118.09663343,34.1658477840001],[-118.096653801,34.1658308500001],[-118.096677402,34.1658171130001],[-118.096703513,34.1658069920001],[-118.096731343,34.1658007940001],[-118.096760044,34.165798706],[-118.096788745,34.1658007930001],[-118.096816575,34.1658069920001],[-118.096842686,34.1658171130001],[-118.096866286,34.165830849],[-118.096886659,34.1658477840001],[-118.096903185,34.1658674010001],[-118.096915361,34.1658891060001],[-118.096922817,34.165912238],[-118.096925328,34.1659360960001],[-118.096922818,34.165959953],[-118.096915361,34.165983086],[-118.096903184,34.16600479],[-118.096903035,34.166004967],[-118.097058239,34.165997583],[-118.097063156,34.1659973500001],[-118.097570857,34.166354955],[-118.097946026,34.166862431],[-118.098060506,34.1672725770001],[-118.097797995,34.1676550500001],[-118.097452045,34.1680105030001],[-118.097089942,34.168365787],[-118.096824798,34.168679947],[-118.096447517,34.1690485280001],[-118.096311369,34.1691744300001],[-118.096474852,34.1692420700001],[-118.096309699,34.169652055],[-118.0962755,34.169765248],[-118.09642969,34.1700279020001],[-118.096907012,34.1702974400001],[-118.096914119,34.1703014550001],[-118.097021473,34.1703197640001],[-118.096970311,34.169515393],[-118.097214902,34.1693129980001],[-118.097218041,34.1693104010001],[-118.097462567,34.1695127420001],[-118.097465771,34.169515393],[-118.098279037,34.1697172830001],[-118.098291538,34.1697203860001],[-118.098126384,34.170608687],[-118.097961842,34.1709588030001],[-118.098231094,34.17149032],[-118.09819938,34.1721167060001],[-118.098081707,34.172646333],[-118.097878118,34.1731752640001],[-118.09750292,34.1738228190001],[-118.097724757,34.1744522700001],[-118.098005272,34.175199181],[-118.098231267,34.1756082730001],[-118.098427602,34.1762802920001],[-118.09818311,34.177039424],[-118.098143342,34.1778329310001],[-118.098160774,34.1784097680001],[-118.098085371,34.1785758400001],[-118.098014888,34.1787310760001],[-118.09797348,34.1788482440001],[-118.098073738,34.1790430130001],[-118.098046316,34.179585735],[-118.097770567,34.1799379720001],[-118.097355521,34.180327532],[-118.097079034,34.1804824440001],[-118.096786431,34.1810196260001],[-118.097385495,34.181300649],[-118.098317598,34.1822647990001],[-118.099282797,34.183306928],[-118.099960887,34.183874088],[-118.09997947,34.1838896310001],[-118.099948608,34.1838945390001],[-118.100184095,34.1839895260001],[-118.100283882,34.1840411330001],[-118.100539679,34.184173426],[-118.100549866,34.184178694],[-118.100871583,34.184115734],[-118.10105166,34.184008632],[-118.101271694,34.18388809],[-118.101282813,34.1838858080001],[-118.101269602,34.1838781210001],[-118.101249226,34.1838611860001],[-118.101232697,34.183841569],[-118.101220518,34.183819864],[-118.10121306,34.1837967320001],[-118.101210548,34.1837728740001],[-118.10121306,34.183749017],[-118.101220518,34.1837258840001],[-118.101232697,34.1837041800001],[-118.101249225,34.183684563],[-118.101269602,34.183667628],[-118.101293208,34.1836538910001],[-118.101319324,34.183643771],[-118.10134716,34.1836375730001],[-118.101375867,34.183635485],[-118.101404574,34.1836375720001],[-118.101432409,34.183643771],[-118.101458526,34.1836538920001],[-118.101482132,34.183667628],[-118.101502509,34.1836845620001],[-118.101519037,34.1837041800001],[-118.101531216,34.1837258850001],[-118.101538674,34.183749017],[-118.101541187,34.183772875],[-118.101538674,34.183796731],[-118.101531216,34.183819864],[-118.101521724,34.1838367820001],[-118.101524506,34.183836211],[-118.101743401,34.184077266],[-118.102149916,34.1843539480001],[-118.10214546,34.1843486600001],[-118.102133281,34.1843269550001],[-118.102125823,34.1843038230001],[-118.102123311,34.184279965],[-118.102125823,34.1842561070001],[-118.102133281,34.184232975],[-118.10214546,34.184211271],[-118.102161989,34.184191653],[-118.102182366,34.1841747190001],[-118.102205971,34.184160983],[-118.102232089,34.184150861],[-118.102259923,34.184144663],[-118.102288631,34.1841425760001],[-118.102317339,34.184144663],[-118.102345174,34.184150861],[-118.102365031,34.184158557],[-118.102366217,34.1841472900001],[-118.102373676,34.184124157],[-118.102385854,34.184102452],[-118.102402383,34.184082835],[-118.102422761,34.1840659010001],[-118.102446364,34.184052164],[-118.102472483,34.184042043],[-118.102500318,34.184035845],[-118.102529026,34.1840337580001],[-118.102557733,34.184035845],[-118.102585568,34.184042043],[-118.102595774,34.184045998],[-118.102615262,34.1839837310001],[-118.102638976,34.1839274910001],[-118.102633214,34.183928774],[-118.102604506,34.1839308610001],[-118.102575799,34.183928774],[-118.102547964,34.183922576],[-118.102521847,34.183912455],[-118.102498241,34.1838987190001],[-118.102477865,34.1838817840001],[-118.102461336,34.183862166],[-118.102449157,34.183840462],[-118.102441698,34.1838173290001],[-118.102439187,34.183793472],[-118.102441699,34.1837696150001],[-118.102449157,34.1837464820001],[-118.102461335,34.1837247770001],[-118.102477863,34.18370516],[-118.102498242,34.183688225],[-118.102521847,34.1836744890001],[-118.102524461,34.183673476],[-118.102508731,34.183660403],[-118.102492202,34.1836407850001],[-118.102480023,34.1836190810001],[-118.102472564,34.1835959480001],[-118.102470053,34.183572091],[-118.102472565,34.1835482340001],[-118.102480023,34.183525101],[-118.102492201,34.183503396],[-118.10250873,34.183483779],[-118.102529107,34.1834668440001],[-118.102552713,34.183453108],[-118.102578829,34.183442987],[-118.102606665,34.183436789],[-118.102635372,34.1834347020001],[-118.102664079,34.183436789],[-118.102691914,34.183442987],[-118.102718031,34.183453108],[-118.102741636,34.1834668440001],[-118.102762013,34.183483778],[-118.102778541,34.183503397],[-118.10279072,34.183525101],[-118.102798179,34.1835482340001],[-118.102800691,34.183572091],[-118.102798179,34.1835959480001],[-118.102790721,34.1836190810001],[-118.102778543,34.1836407860001],[-118.102762014,34.183660403],[-118.102741636,34.1836773380001],[-118.102718031,34.183691074],[-118.102715419,34.1836920870001],[-118.102731148,34.1837051590001],[-118.102747676,34.1837247780001],[-118.102759855,34.1837464820001],[-118.102761671,34.1837521150001],[-118.102888186,34.1837717020001],[-118.102900222,34.1837735660001],[-118.102916382,34.1841263100001],[-118.102832434,34.1844346930001],[-118.102899169,34.184672521],[-118.103283259,34.184924584],[-118.103294203,34.184946079],[-118.103310106,34.1849272050001],[-118.103330484,34.18491027],[-118.10335409,34.1848965350001],[-118.103380206,34.1848864140001],[-118.103408042,34.1848802150001],[-118.103433196,34.184878386],[-118.103434654,34.18487386],[-118.103446834,34.184852155],[-118.103463363,34.184832537],[-118.103483739,34.1848156030001],[-118.103507346,34.184801867],[-118.103533464,34.184791745],[-118.103561298,34.184785547],[-118.103590006,34.1847834600001],[-118.103618715,34.184785548],[-118.10364655,34.184791746],[-118.103672668,34.184801867],[-118.103696273,34.1848156030001],[-118.10371665,34.184832537],[-118.103733179,34.184852155],[-118.103745357,34.184873859],[-118.103752817,34.1848969910001],[-118.103755328,34.184920849],[-118.103752817,34.1849447070001],[-118.103745358,34.184967839],[-118.10373318,34.1849895440001],[-118.103716651,34.185009161],[-118.103696272,34.1850260960001],[-118.103672667,34.185039832],[-118.103646549,34.185049953],[-118.103618715,34.185056151],[-118.103593562,34.1850579800001],[-118.103592102,34.1850625070001],[-118.103579923,34.1850842110001],[-118.103563394,34.1851038290001],[-118.103543017,34.185120764],[-118.103519411,34.1851344990001],[-118.103493294,34.1851446200001],[-118.103465458,34.1851508190001],[-118.10343675,34.185152906],[-118.103408042,34.1851508190001],[-118.103381333,34.185144871],[-118.10336547,34.1853727320001],[-118.103214993,34.1855678310001],[-118.103016755,34.185741954],[-118.102974038,34.186011498],[-118.103027464,34.18637089],[-118.103044252,34.1868509070001],[-118.102892261,34.187244849],[-118.102858533,34.1875833570001],[-118.103061533,34.1879785290001],[-118.103516671,34.1883432020001],[-118.10351838,34.1883445710001],[-118.103528387,34.1883486290001],[-118.103906647,34.1878965110001],[-118.103906746,34.1878963930001],[-118.104732512,34.1882380480001],[-118.10497465,34.188972719],[-118.104975039,34.1889720250001],[-118.104991568,34.188952408],[-118.105011946,34.1889354740001],[-118.105035553,34.188921738],[-118.105061672,34.188911617],[-118.105089509,34.188905418],[-118.105118218,34.1889033310001],[-118.105146927,34.188905418],[-118.105174764,34.188911617],[-118.105200882,34.188921738],[-118.10522449,34.1889354740001],[-118.105244867,34.188952408],[-118.105261398,34.188972026],[-118.105273577,34.18899373],[-118.105281036,34.1890168630001],[-118.105283547,34.18904072],[-118.105281036,34.1890645770001],[-118.105273577,34.18908771],[-118.105261398,34.1891094150001],[-118.105244868,34.189129033],[-118.10522449,34.1891459670001],[-118.105200883,34.189159703],[-118.105174764,34.189169824],[-118.105146927,34.189176022],[-118.105118217,34.1891781090001],[-118.105089509,34.1891760230001],[-118.105061671,34.189169824],[-118.105035553,34.189159702],[-118.105011946,34.1891459670001],[-118.104991568,34.189129032],[-118.104975038,34.1891094150001],[-118.104962859,34.18908771],[-118.1049554,34.1890645770001],[-118.104952888,34.18904072],[-118.104954402,34.189026342],[-118.104890572,34.1891168880001],[-118.104919724,34.1892120000001],[-118.104920121,34.189213298],[-118.104916948,34.18922474],[-118.104831209,34.1895339860001],[-118.104831169,34.1895341310001],[-118.105181133,34.189669773],[-118.105187586,34.189672274],[-118.105186373,34.1896607480001],[-118.105188885,34.18963689],[-118.105196343,34.1896137580001],[-118.105208523,34.1895920540001],[-118.105225054,34.189572436],[-118.105245432,34.1895555020001],[-118.105269039,34.1895417650001],[-118.105295157,34.189531645],[-118.105322994,34.1895254460001],[-118.105351704,34.1895233590001],[-118.105380413,34.1895254460001],[-118.10540825,34.1895316440001],[-118.105434368,34.189541766],[-118.105457976,34.1895555020001],[-118.105478355,34.189572436],[-118.105494884,34.1895920530001],[-118.105507064,34.1896137580001],[-118.105514523,34.1896368910001],[-118.105517034,34.1896607480001],[-118.105514522,34.1896846060001],[-118.105507063,34.189707738],[-118.105494885,34.189729442],[-118.105478354,34.1897490600001],[-118.105457976,34.189765994],[-118.105434369,34.189779731],[-118.105430773,34.189781125],[-118.105535515,34.1898280880001],[-118.105465307,34.190137258],[-118.105460336,34.1904666930001],[-118.105460251,34.1904723320001],[-118.105465076,34.1904747950001],[-118.106053738,34.190219643],[-118.107044657,34.1896729960001],[-118.107060028,34.1896507370001],[-118.107055869,34.189652349],[-118.107028032,34.1896585480001],[-118.106999322,34.1896606350001],[-118.106970613,34.1896585480001],[-118.106942776,34.189652349],[-118.106916657,34.189642228],[-118.106893051,34.1896284920001],[-118.106872673,34.189611558],[-118.106856143,34.1895919410001],[-118.106843963,34.1895702350001],[-118.106836505,34.1895471030001],[-118.106833992,34.1895232460001],[-118.106836505,34.189499389],[-118.106843964,34.189476256],[-118.106856142,34.189454552],[-118.106872672,34.1894349340001],[-118.106893051,34.1894179990001],[-118.106916658,34.189404263],[-118.106942777,34.189394142],[-118.106970614,34.189387944],[-118.106984412,34.1893869410001],[-118.106986715,34.1893650700001],[-118.106994174,34.189341938],[-118.107006354,34.1893202320001],[-118.107022883,34.189300615],[-118.107043262,34.1892836810001],[-118.107066868,34.189269945],[-118.107092987,34.189259824],[-118.107120824,34.189253625],[-118.107149534,34.1892515380001],[-118.107178242,34.189253626],[-118.107206079,34.189259824],[-118.107232198,34.189269945],[-118.107255805,34.1892836810001],[-118.107276184,34.189300615],[-118.107290266,34.1893173290001],[-118.107370042,34.189201806],[-118.107374963,34.1891946800001],[-118.107787846,34.189877988],[-118.108200729,34.1904929660001],[-118.10951074,34.1911027240001],[-118.109521955,34.1911079440001],[-118.11009999,34.190902952],[-118.110512874,34.1904929660001],[-118.110265144,34.189741327],[-118.110924067,34.189468703],[-118.110925757,34.189468004],[-118.112073001,34.1900782880001],[-118.112081829,34.190082982],[-118.112930622,34.1901298060001],[-118.112669341,34.1899153700001],[-118.11234631,34.189636218],[-118.112298778,34.189301503],[-118.112251462,34.1888444480001],[-118.112187039,34.1885747170001],[-118.112302194,34.1883583520001],[-118.112318959,34.188340247],[-118.112081829,34.1882380480001],[-118.111916676,34.1877597320001],[-118.112412136,34.187008092],[-118.113485631,34.1870764240001],[-118.113720658,34.1869597350001],[-118.113708153,34.18695502],[-118.113567564,34.186902],[-118.113566696,34.186901387],[-118.113355087,34.1867517640001],[-118.113323907,34.1864370700001],[-118.113365251,34.1864301640001],[-118.113155325,34.186256454],[-118.113072748,34.185709806],[-118.113568207,34.185436483],[-118.1137564,34.185422326],[-118.113743474,34.1854115840001],[-118.113726944,34.185391967],[-118.113714766,34.185370262],[-118.113707307,34.185347129],[-118.113704796,34.1853232720001],[-118.113707308,34.185299415],[-118.113714767,34.1852762830001],[-118.113726945,34.1852545780001],[-118.113743474,34.1852349600001],[-118.113763851,34.185218026],[-118.113787457,34.1852042900001],[-118.113813575,34.1851941680001],[-118.113841411,34.1851879710001],[-118.113870118,34.185185883],[-118.113898826,34.1851879700001],[-118.113926661,34.1851941690001],[-118.113952779,34.1852042900001],[-118.113976385,34.1852180270001],[-118.113996762,34.1852349600001],[-118.114013292,34.1852545780001],[-118.11402547,34.1852762820001],[-118.114032929,34.185299415],[-118.11403544,34.1853232720001],[-118.114032929,34.18534713],[-118.11402547,34.185370262],[-118.114013292,34.185391967],[-118.114003365,34.1854037480001],[-118.114266885,34.1853839240001],[-118.114266044,34.185381008],[-118.114284966,34.185050398],[-118.114282136,34.1850034600001],[-118.114270145,34.1850016560001],[-118.113981092,34.184958167],[-118.113980674,34.1849550580001],[-118.113815938,34.1837282110001],[-118.114063668,34.1830449030001],[-118.114311397,34.182498256],[-118.114311397,34.181883278],[-118.11472428,34.181199969],[-118.115384893,34.181268301],[-118.116116162,34.1815372400001],[-118.116128082,34.181541624],[-118.116251973,34.18178083],[-118.116259053,34.1817945010001],[-118.11630203,34.181720345],[-118.116587555,34.1813712630001],[-118.116852069,34.181096375],[-118.117296459,34.1808328440001],[-118.117471601,34.1807234680001],[-118.117567724,34.1805774270001],[-118.117584351,34.180429743],[-118.117694184,34.1802249410001],[-118.117716788,34.180136127],[-118.117697201,34.1801317650001],[-118.117671085,34.180121645],[-118.117647481,34.180107908],[-118.117627104,34.1800909740001],[-118.117610577,34.180071356],[-118.117598399,34.180049652],[-118.11759094,34.1800265190001],[-118.117588429,34.180002662],[-118.11759094,34.179978804],[-118.117598399,34.1799556710001],[-118.117610578,34.1799339670001],[-118.117627105,34.1799143490001],[-118.117647481,34.179897415],[-118.117671085,34.1798836790001],[-118.117697202,34.1798735580001],[-118.117725034,34.1798673590001],[-118.117753741,34.179865272],[-118.117778635,34.179867083],[-118.11778838,34.1798573830001],[-118.117773865,34.17984532],[-118.117757336,34.1798257020001],[-118.117745158,34.1798039980001],[-118.117737701,34.1797808650001],[-118.117735189,34.179757008],[-118.117737701,34.1797331500001],[-118.117745159,34.179710018],[-118.117757337,34.179688313],[-118.117773865,34.179668695],[-118.117794241,34.1796517610001],[-118.117817845,34.179638025],[-118.11784396,34.179627904],[-118.117871795,34.179621705],[-118.1179005,34.1796196180001],[-118.117929207,34.179621706],[-118.117957041,34.179627904],[-118.117983157,34.179638025],[-118.11800676,34.1796517610001],[-118.118027136,34.179668695],[-118.118043665,34.179688313],[-118.118055842,34.179710017],[-118.118063301,34.1797331500001],[-118.118065812,34.179757007],[-118.118065269,34.179762166],[-118.118081003,34.1797631630001],[-118.118089185,34.179763682],[-118.118203135,34.1798880220001],[-118.118317031,34.180011732],[-118.118453477,34.18007527],[-118.118449537,34.180091202],[-118.118547576,34.180186335],[-118.118532116,34.18021807],[-118.118425223,34.180350924],[-118.118265095,34.180376962],[-118.118079868,34.18043069],[-118.117985703,34.1805623810001],[-118.11795191,34.180700275],[-118.117944493,34.180847515],[-118.11786922,34.180982256],[-118.117824049,34.1810544050001],[-118.117714627,34.1811643140001],[-118.117609413,34.1815833050001],[-118.117554774,34.182069579],[-118.11755158,34.1823473760001],[-118.117630509,34.182638996],[-118.117643763,34.1829299080001],[-118.117689021,34.183207452],[-118.117735047,34.1834840720001],[-118.117586218,34.183676312],[-118.117577363,34.183667142],[-118.117424973,34.1835093500001],[-118.117478408,34.1832321530001],[-118.117414653,34.182997018],[-118.117366005,34.1827627860001],[-118.117318182,34.182500271],[-118.117270778,34.182182186],[-118.117273279,34.181918551],[-118.117161046,34.1817086130001],[-118.117153202,34.181711842],[-118.116832172,34.1818439900001],[-118.116530658,34.1820817810001],[-118.11637901,34.182428606],[-118.116459148,34.1827060960001],[-118.116631125,34.182883503],[-118.116632558,34.1828790590001],[-118.116644736,34.1828573540001],[-118.116661265,34.1828377370001],[-118.116681642,34.182820803],[-118.116705247,34.1828070670001],[-118.116731363,34.1827969450001],[-118.116759198,34.1827907470001],[-118.116787905,34.182788659],[-118.116816613,34.1827907470001],[-118.116844447,34.1827969460001],[-118.116870564,34.1828070660001],[-118.116894169,34.182820803],[-118.116914545,34.1828377370001],[-118.116931074,34.1828573540001],[-118.116943253,34.1828790590001],[-118.116950711,34.182902191],[-118.116953223,34.1829260490001],[-118.116950712,34.1829499070001],[-118.116943253,34.182973039],[-118.116931075,34.182994744],[-118.116914547,34.1830143620001],[-118.116894169,34.183031295],[-118.116870563,34.1830450310001],[-118.116844448,34.1830551530001],[-118.116816613,34.183061351],[-118.116787906,34.1830634390001],[-118.116759198,34.183061351],[-118.116731362,34.1830551530001],[-118.116705247,34.1830450320001],[-118.116681641,34.183031295],[-118.116673658,34.1830246600001],[-118.116628931,34.1832842760001],[-118.116953849,34.1835915500001],[-118.117201578,34.184001535],[-118.117779614,34.184274859],[-118.118192498,34.1848215050001],[-118.118200147,34.1849544310001],[-118.118505619,34.185245497],[-118.118817999,34.185432645],[-118.118827895,34.185438574],[-118.119276549,34.1852321440001],[-118.119966797,34.1852183140001],[-118.120571898,34.1853256740001],[-118.120577883,34.185326735],[-118.120801788,34.185464697],[-118.12079574,34.185495647],[-118.120793966,34.1855047220001],[-118.121247832,34.185368152],[-118.121578138,34.1846848430001],[-118.121495561,34.1838648730001],[-118.121743291,34.1832498960001],[-118.121908444,34.1829082420001],[-118.122403905,34.18283991],[-118.122899364,34.1826349180001],[-118.123394823,34.1827032480001],[-118.124138013,34.1827715800001],[-118.12470476,34.1829055740001],[-118.124716048,34.1829082420001],[-118.124859253,34.1832637420001],[-118.124861571,34.183269496],[-118.124924283,34.1832639150001],[-118.124915547,34.183248345],[-118.124908088,34.183225212],[-118.124905577,34.1832013540001],[-118.124908089,34.183177497],[-118.124915547,34.1831543650001],[-118.124927726,34.1831326600001],[-118.124944254,34.183113043],[-118.124964631,34.1830961090001],[-118.124988236,34.1830823720001],[-118.125014353,34.1830722510001],[-118.125030829,34.183068582],[-118.125046962,34.183055175],[-118.12505217,34.183052144],[-118.125053628,34.183038299],[-118.125061086,34.1830151670001],[-118.125073265,34.182993461],[-118.125089794,34.1829738440001],[-118.12511017,34.18295691],[-118.125133776,34.1829431740001],[-118.125159892,34.1829330530001],[-118.125187726,34.1829268550001],[-118.125216434,34.182924767],[-118.125245141,34.1829268540001],[-118.125272976,34.1829330530001],[-118.125299092,34.1829431740001],[-118.125322697,34.18295691],[-118.125343074,34.182973845],[-118.125359603,34.1829934620001],[-118.125371781,34.1830151660001],[-118.125379239,34.183038299],[-118.125381752,34.1830621560001],[-118.12537924,34.183086014],[-118.125371782,34.183109146],[-118.125359603,34.183130851],[-118.125343075,34.1831504680001],[-118.125322698,34.183167402],[-118.125317489,34.183170433],[-118.125316032,34.183184279],[-118.125308574,34.1832074110001],[-118.125296394,34.1832291160001],[-118.125279867,34.183248733],[-118.125259489,34.1832656670001],[-118.125235884,34.1832794040001],[-118.125209768,34.1832895250001],[-118.125193292,34.183293194],[-118.12517716,34.183306601],[-118.125155873,34.1833189870001],[-118.12515507,34.18377667],[-118.124778036,34.1843089500001],[-118.124597484,34.184572523],[-118.125046355,34.1850264980001],[-118.125615942,34.185295825],[-118.125624392,34.1852998210001],[-118.126202427,34.185436483],[-118.126317996,34.185414414],[-118.12630565,34.1854072300001],[-118.126285273,34.185390295],[-118.126268744,34.185370678],[-118.126256565,34.185348973],[-118.126249106,34.1853258410001],[-118.126246595,34.185301983],[-118.126249107,34.1852781260001],[-118.126256566,34.1852549930001],[-118.126268744,34.1852332880001],[-118.126285273,34.185213671],[-118.126305651,34.1851967370001],[-118.126329256,34.1851830000001],[-118.126355374,34.185172879],[-118.126383209,34.1851666810001],[-118.126411917,34.1851645940001],[-118.126440625,34.1851666810001],[-118.12646846,34.18517288],[-118.126494579,34.1851830000001],[-118.126518184,34.1851967370001],[-118.126538561,34.185213671],[-118.126555091,34.1852332880001],[-118.126567269,34.1852549930001],[-118.126574728,34.185278125],[-118.126577239,34.185301983],[-118.126574728,34.1853258400001],[-118.126567268,34.185348973],[-118.126556057,34.1853689550001],[-118.126880668,34.1853069680001],[-118.126881638,34.1852953630001],[-118.126861708,34.185299801],[-118.126832999,34.1853018890001],[-118.126804291,34.185299802],[-118.126776456,34.185293603],[-118.126750339,34.185283482],[-118.126726733,34.1852697460001],[-118.126706356,34.1852528110001],[-118.126689827,34.185233194],[-118.126677648,34.185211489],[-118.126670189,34.1851883570001],[-118.126667678,34.1851644990001],[-118.126670188,34.1851406420001],[-118.126677648,34.1851175100001],[-118.126689827,34.1850958050001],[-118.126691724,34.185093554],[-118.126037274,34.184958167],[-118.126037527,34.184955861],[-118.126119851,34.1842065270001],[-118.126532733,34.1835915500001],[-118.12711077,34.1833865570001],[-118.127771383,34.183318226],[-118.12797169,34.1832353500001],[-118.127827672,34.182995675],[-118.12759617,34.182801833],[-118.127589319,34.1828014170001],[-118.126812188,34.182754233],[-118.126085871,34.1826834390001],[-118.126078146,34.182678996],[-118.125708562,34.182466334],[-118.125704869,34.182466338],[-118.125293302,34.18246686],[-118.125293317,34.1824670010001],[-118.125290804,34.1824908580001],[-118.125283347,34.1825139900001],[-118.125271168,34.1825356960001],[-118.12525464,34.1825553130001],[-118.125234263,34.1825722470001],[-118.125210659,34.182585983],[-118.125184541,34.1825961050001],[-118.125156707,34.1826023020001],[-118.125128,34.1826043900001],[-118.125099293,34.1826023030001],[-118.125071458,34.1825961050001],[-118.125045341,34.182585983],[-118.125021736,34.1825722470001],[-118.12500136,34.182555312],[-118.124984831,34.1825356950001],[-118.124972653,34.1825139910001],[-118.124965194,34.1824908580001],[-118.124962683,34.182467],[-118.124965194,34.1824431430001],[-118.124972653,34.182420011],[-118.124984832,34.182398306],[-118.124991114,34.18239085],[-118.124983794,34.1823821620001],[-118.124971615,34.1823604580001],[-118.124964156,34.182337325],[-118.124961645,34.182313467],[-118.124964155,34.1822896100001],[-118.124971615,34.182266478],[-118.124983794,34.182244773],[-118.125000322,34.182225155],[-118.125020699,34.1822082210001],[-118.125044303,34.182194485],[-118.12507042,34.1821843640001],[-118.125098253,34.182178166],[-118.125126962,34.1821760780001],[-118.125155669,34.182178165],[-118.125183502,34.1821843640001],[-118.125209619,34.182194485],[-118.125233225,34.1822082210001],[-118.125253601,34.1822251560001],[-118.125270129,34.182244773],[-118.125270589,34.182245591],[-118.125331829,34.1821504650001],[-118.125922372,34.182129853],[-118.125706968,34.1819516090001],[-118.125294085,34.1816782860001],[-118.125294085,34.181404963],[-118.12652376,34.1812014550001],[-118.126532734,34.181199969],[-118.126945617,34.18201994],[-118.126945618,34.1822916560001],[-118.126945617,34.1822934420001],[-118.127337612,34.1823929400001],[-118.127275923,34.1816782860001],[-118.127606228,34.1811316390001],[-118.127853959,34.180379999],[-118.128101689,34.179970014],[-118.128679724,34.1799016840001],[-118.128868194,34.179960167],[-118.128892404,34.179850833],[-118.128969387,34.179609795],[-118.128679725,34.1794233680001],[-118.128431996,34.1786033970001],[-118.129010032,34.1784667360001],[-118.129670644,34.1785350660001],[-118.130000951,34.178193412],[-118.130404315,34.1782601680001],[-118.130413834,34.1782617430001],[-118.130578987,34.1784667360001],[-118.130413834,34.1788767200001],[-118.130369015,34.1789756160001],[-118.130368946,34.178975769],[-118.130711539,34.1791078840001],[-118.131313795,34.1792506730001],[-118.131324699,34.1792532590001],[-118.131555709,34.1796685320001],[-118.131232631,34.1798649730001],[-118.130882823,34.179816251],[-118.130415464,34.1797685130001],[-118.129886847,34.1800156840001],[-118.129821442,34.1801017990001],[-118.129817738,34.180106676],[-118.129918375,34.180106676],[-118.130496409,34.180311669],[-118.131322177,34.180311669],[-118.132065366,34.180106676],[-118.132884089,34.1797679360001],[-118.132891132,34.179765022],[-118.133211558,34.180251126],[-118.133219441,34.180263085],[-118.133304015,34.180123634],[-118.133304015,34.1796966910001],[-118.133634322,34.1794233680001],[-118.133386591,34.1790133820001],[-118.133799474,34.1784667360001],[-118.134283441,34.1786002270001],[-118.134294934,34.1786033970001],[-118.134541628,34.179215803],[-118.134542664,34.1792183740001],[-118.134859857,34.1792839940001],[-118.13487297,34.179286706],[-118.134608425,34.179899646],[-118.134836023,34.1801714000001],[-118.134837005,34.180172574],[-118.135048566,34.1802425380001],[-118.1351207,34.179765022],[-118.13536843,34.1793550360001],[-118.135770901,34.1793550360001],[-118.135781313,34.1793550360001],[-118.136029042,34.1800383450001],[-118.136029042,34.180584992],[-118.136359349,34.1809949770001],[-118.137019962,34.1813366310001],[-118.137102539,34.1816782860001],[-118.136800361,34.182053356],[-118.136813155,34.182113896],[-118.136792845,34.182151834],[-118.136801266,34.182152446],[-118.1368291,34.182158644],[-118.136855216,34.182168765],[-118.136878822,34.1821825010001],[-118.136899199,34.1821994360001],[-118.136915727,34.182219053],[-118.136927905,34.182240758],[-118.136935363,34.1822638900001],[-118.136937875,34.1822877480001],[-118.136935364,34.1823116050001],[-118.136927905,34.1823347380001],[-118.136915727,34.1823564420001],[-118.136899198,34.18237606],[-118.136878822,34.1823929940001],[-118.136855217,34.18240673],[-118.136829101,34.182416851],[-118.136801265,34.1824230500001],[-118.136772558,34.1824251370001],[-118.136743851,34.1824230500001],[-118.136716018,34.1824168520001],[-118.136689901,34.18240673],[-118.136666295,34.1823929940001],[-118.136664529,34.1823915260001],[-118.136628548,34.182458738],[-118.136085614,34.182879122],[-118.135669984,34.182930361],[-118.135666735,34.1829243830001],[-118.135497565,34.182613051],[-118.135651359,34.1822934040001],[-118.135390282,34.1820003220001],[-118.135127086,34.1818298800001],[-118.135124819,34.1818314230001],[-118.134615189,34.1821780810001],[-118.134111266,34.1823276960001],[-118.133512087,34.182384535],[-118.132835879,34.182387781],[-118.132668392,34.1827400220001],[-118.132688481,34.1827385620001],[-118.132717188,34.182740649],[-118.132745024,34.182746847],[-118.13277114,34.182756968],[-118.132794746,34.1827707050001],[-118.132815122,34.182787639],[-118.13283165,34.182807256],[-118.132843829,34.182828961],[-118.132851287,34.1828520930001],[-118.132853799,34.182875951],[-118.132851288,34.1828998080001],[-118.132843829,34.1829229410001],[-118.132831649,34.1829446450001],[-118.132815122,34.182964262],[-118.132794746,34.1829811970001],[-118.132771141,34.182994933],[-118.132745024,34.183005054],[-118.132717189,34.1830112530001],[-118.132688482,34.1830133400001],[-118.132659775,34.1830112530001],[-118.13263194,34.183005055],[-118.132605822,34.182994933],[-118.132582217,34.1829811970001],[-118.132564177,34.1829662050001],[-118.132550838,34.182995744],[-118.132577708,34.1829976980001],[-118.132605543,34.1830038960001],[-118.132631659,34.1830140170001],[-118.132655265,34.1830277540001],[-118.132675641,34.1830446880001],[-118.132692169,34.1830643050001],[-118.132704348,34.1830860090001],[-118.132711807,34.183109142],[-118.132714319,34.1831330000001],[-118.132711806,34.183156857],[-118.132704349,34.1831799890001],[-118.13269217,34.183201694],[-118.132675642,34.1832213110001],[-118.132655265,34.183238246],[-118.132640426,34.1832468810001],[-118.132641883,34.1832607170001],[-118.132639372,34.1832845750001],[-118.132631912,34.183307707],[-118.132619735,34.183329412],[-118.132603206,34.1833490290001],[-118.132595819,34.183355168],[-118.13259786,34.1833588040001],[-118.132605318,34.183381937],[-118.132607829,34.1834057940001],[-118.132605319,34.183429652],[-118.13259786,34.1834527840001],[-118.132585682,34.183474489],[-118.132569153,34.1834941060001],[-118.132567845,34.1834951930001],[-118.132572403,34.183503316],[-118.132579862,34.1835264490001],[-118.132582374,34.183550306],[-118.132579862,34.183574164],[-118.132572404,34.1835972960001],[-118.132560226,34.1836190010001],[-118.132543697,34.183638618],[-118.132523319,34.1836555520001],[-118.132499714,34.183669288],[-118.132478014,34.1836776980001],[-118.132478087,34.1836783910001],[-118.132475575,34.183702248],[-118.132468117,34.183725381],[-118.132455938,34.183747086],[-118.132439408,34.1837667030001],[-118.132419032,34.183783637],[-118.132395428,34.1837973740001],[-118.132369308,34.1838074950001],[-118.132341473,34.183813693],[-118.132312768,34.18381578],[-118.13228406,34.183813693],[-118.132256226,34.1838074950001],[-118.132245032,34.1838031570001],[-118.132237547,34.1838253670001],[-118.131987282,34.1837304410001],[-118.132798734,34.1841333200001],[-118.132808556,34.184138197],[-118.133221438,34.184138197],[-118.133469168,34.1837282110001],[-118.134035516,34.1837282110001],[-118.134047205,34.1837282110001],[-118.134129781,34.184548181],[-118.134287431,34.1853309000001],[-118.134302263,34.1853733500001],[-118.13487297,34.1857781370001],[-118.135285853,34.186256454],[-118.1351207,34.1868031000001],[-118.135063554,34.186822803],[-118.135130133,34.186972047],[-118.135209432,34.187309483],[-118.135263211,34.18746164],[-118.135265863,34.1874691450001],[-118.135691334,34.187351789],[-118.135698736,34.187349747],[-118.136029042,34.187828063],[-118.136441925,34.1882380480001],[-118.136441926,34.1882899460001],[-118.136441925,34.1882948260001],[-118.136458743,34.188294822],[-118.136466842,34.1882948200001],[-118.136888,34.188798251],[-118.137006126,34.189058392],[-118.137014223,34.1890762240001],[-118.137019962,34.189058018],[-118.137507995,34.1889907120001],[-118.137515421,34.1889896870001],[-118.137723082,34.1892474420001],[-118.137729917,34.1892559250001],[-118.138042871,34.189044804],[-118.137763151,34.188921357],[-118.137267692,34.188648033],[-118.137432844,34.188306379],[-118.137924267,34.18817083],[-118.137928304,34.1881697170001],[-118.138662864,34.1887100170001],[-118.138671494,34.1887163640001],[-118.138997058,34.1885816650001],[-118.1390018,34.1885797030001],[-118.139126573,34.1886944250001],[-118.13913456,34.1887017670001],[-118.139335689,34.188583512],[-118.139375576,34.188545182],[-118.139361877,34.18853721],[-118.139341499,34.1885202760001],[-118.13932497,34.1885006590001],[-118.13931279,34.1884789540001],[-118.139305332,34.188455821],[-118.139302821,34.1884319640001],[-118.139305333,34.1884081060001],[-118.139312791,34.188384974],[-118.13932497,34.188363269],[-118.1393415,34.1883436520001],[-118.139361878,34.188326718],[-118.139385485,34.188312981],[-118.139411604,34.1883028600001],[-118.13943944,34.188296662],[-118.139468149,34.188294575],[-118.139496858,34.188296662],[-118.139524694,34.1883028610001],[-118.139550813,34.188312981],[-118.13957442,34.188326718],[-118.1395897,34.1883394160001],[-118.139610997,34.188318951],[-118.139755347,34.1880692340001],[-118.139729543,34.1880673570001],[-118.139701705,34.188061159],[-118.139675588,34.188051038],[-118.139651981,34.1880373020001],[-118.139631602,34.188020367],[-118.139615073,34.1880007500001],[-118.139602894,34.1879790450001],[-118.139595435,34.1879559130001],[-118.139592923,34.1879320560001],[-118.139595436,34.1879081980001],[-118.139602894,34.187885065],[-118.139615074,34.187863361],[-118.139631603,34.187843743],[-118.139651981,34.1878268090001],[-118.139675588,34.187813073],[-118.139701706,34.187802952],[-118.139729543,34.187796753],[-118.139758251,34.1877946660001],[-118.13978696,34.187796753],[-118.139814797,34.187802952],[-118.139840914,34.187813073],[-118.139864522,34.1878268090001],[-118.139880548,34.1878401270001],[-118.140053216,34.187426008],[-118.14034234,34.1871784960001],[-118.140323026,34.187144754],[-118.140488179,34.186188122],[-118.141974557,34.186529776],[-118.14268191,34.1867248840001],[-118.14278856,34.1866180370001],[-118.142965477,34.186591637],[-118.142965477,34.18605146],[-118.143128833,34.1857135230001],[-118.14313063,34.185709806],[-118.143368535,34.1859066710001],[-118.143378359,34.185914799],[-118.143625465,34.1855740070001],[-118.14362609,34.185573145],[-118.144038973,34.1857781370001],[-118.144038973,34.186256454],[-118.143956396,34.18673477],[-118.143814578,34.1869303570001],[-118.143755069,34.187086091],[-118.143754423,34.187087782],[-118.145356778,34.18748556],[-118.145360198,34.187486409],[-118.146093665,34.1878235940001],[-118.146103387,34.187828063],[-118.146691184,34.187925342],[-118.146727669,34.187817158],[-118.147254933,34.187570706],[-118.147641078,34.1875970950001],[-118.148136033,34.187519658],[-118.148427381,34.1872717750001],[-118.148804393,34.187051678],[-118.148808885,34.187049055],[-118.149199478,34.1874300150001],[-118.149208818,34.187439124],[-118.149406451,34.187144754],[-118.149731726,34.1870774650001],[-118.149736758,34.1870764240001],[-118.149901911,34.1872130850001],[-118.149730892,34.187743766],[-118.149729901,34.187746842],[-118.150020796,34.1877865750001],[-118.15043272,34.187637737],[-118.150903342,34.1871434720001],[-118.151197787,34.186698563],[-118.151137492,34.1861547980001],[-118.150988362,34.1854628940001],[-118.15125463,34.185265072],[-118.151278494,34.1852512740001],[-118.15114056,34.184889836],[-118.151223136,34.1846848430001],[-118.151626784,34.1846848430001],[-118.15163602,34.1846848430001],[-118.151704985,34.184798981],[-118.151713935,34.1848137920001],[-118.151728091,34.1847702960001],[-118.15226125,34.1844724850001],[-118.152409418,34.184003369],[-118.15242527,34.183791296],[-118.152214056,34.1835915500001],[-118.152461786,34.18283991],[-118.153948164,34.182976572],[-118.154195894,34.182498256],[-118.15438299,34.182436329],[-118.154370875,34.1822750800001],[-118.154513933,34.181858242],[-118.154278471,34.181541624],[-118.154443624,34.180721653],[-118.155345521,34.180518115],[-118.155351967,34.1805166610001],[-118.155599697,34.180789985],[-118.155599697,34.1810566450001],[-118.155599697,34.1810622100001],[-118.155702346,34.181056405],[-118.155711751,34.181055874],[-118.155890109,34.1814030310001],[-118.155741061,34.181824154],[-118.15571075,34.1821721320001],[-118.155888564,34.182545201],[-118.156185638,34.182917161],[-118.156154553,34.183315851],[-118.155827351,34.183439628],[-118.155825213,34.183430951],[-118.155680148,34.182842259],[-118.155382958,34.1825939300001],[-118.155379464,34.1825963150001],[-118.155055336,34.1828176180001],[-118.155054817,34.1832644460001],[-118.155143335,34.183711649],[-118.155172169,34.184208502],[-118.155111883,34.184704842],[-118.155088279,34.184719586],[-118.155186813,34.1848215050001],[-118.155186813,34.185231491],[-118.154821903,34.1853447240001],[-118.15508071,34.1855972220001],[-118.154902339,34.185795146],[-118.15454598,34.1857954390001],[-118.15454008,34.18579056],[-118.154248907,34.1855496970001],[-118.153862251,34.1853083390001],[-118.153858154,34.185308509],[-118.153209767,34.185335604],[-118.152676315,34.185583206],[-118.152528242,34.1860523280001],[-118.152735192,34.186371761],[-118.152735588,34.186372373],[-118.152952966,34.186451027],[-118.153204975,34.185914799],[-118.153772281,34.1859818620001],[-118.153783011,34.1859831300001],[-118.153948164,34.186393115],[-118.153865588,34.186666438],[-118.154030741,34.187008092],[-118.153948164,34.1872130850001],[-118.153813894,34.1872130850001],[-118.153814249,34.1872141870001],[-118.153816761,34.187238044],[-118.153814249,34.1872619010001],[-118.153806791,34.1872850340001],[-118.153794612,34.1873067390001],[-118.153778081,34.187326356],[-118.153757704,34.187343291],[-118.153734098,34.187357026],[-118.15370798,34.1873671480001],[-118.153680144,34.1873733460001],[-118.153651435,34.1873754330001],[-118.153622727,34.1873733460001],[-118.15359489,34.1873671480001],[-118.153582529,34.187362358],[-118.153505444,34.1875804100001],[-118.153120479,34.1877784060001],[-118.1531135,34.1877708540001],[-118.152824509,34.187458119],[-118.152813223,34.1874542150001],[-118.152469318,34.1873352320001],[-118.152232917,34.187607605],[-118.152292386,34.18805144],[-118.152178891,34.1883546380001],[-118.152178205,34.1883564720001],[-118.153122399,34.1885797030001],[-118.153617858,34.1885113710001],[-118.154278471,34.1883747090001],[-118.154361048,34.1878963930001],[-118.154526201,34.1872814160001],[-118.15526939,34.1872814160001],[-118.155754395,34.1873483050001],[-118.15576485,34.187349747],[-118.155801054,34.1874216480001],[-118.155805953,34.1874313770001],[-118.15584904,34.187402671],[-118.156264875,34.1873773290001],[-118.156387477,34.1874194440001],[-118.156590615,34.1868031000001],[-118.156672596,34.18653175],[-118.156673192,34.186529776],[-118.157251229,34.186871431],[-118.157251229,34.1872774570001],[-118.157251229,34.1872814160001],[-118.158154646,34.187349376],[-118.158159571,34.187349747],[-118.158479136,34.1875480730001],[-118.158489877,34.1875547390001],[-118.158820184,34.187144754],[-118.15915049,34.18673477],[-118.159387213,34.18673477],[-118.15939822,34.18673477],[-118.159563374,34.1874180780001],[-118.159427398,34.1878118860001],[-118.159679849,34.1880411110001],[-118.159231085,34.188609609],[-118.158931249,34.189177398],[-118.158899527,34.1896704810001],[-118.15874971,34.1899908510001],[-118.158391641,34.190335754],[-118.158242148,34.190320252],[-118.158242148,34.1904929660001],[-118.158085475,34.190881899],[-118.158102684,34.19088315],[-118.158130521,34.190889348],[-118.158156641,34.190899469],[-118.158180249,34.1909132060001],[-118.158200627,34.19093014],[-118.158217158,34.1909497570001],[-118.158229337,34.190971462],[-118.158235398,34.1909902570001],[-118.158242134,34.190987647],[-118.158269972,34.190981449],[-118.158298681,34.1909793620001],[-118.158327392,34.190981449],[-118.158355229,34.190987647],[-118.158381348,34.190997769],[-118.158404955,34.1910115050001],[-118.158425333,34.191028439],[-118.158441864,34.191048057],[-118.158454043,34.1910697610001],[-118.158461503,34.1910928940001],[-118.158464015,34.191116751],[-118.158461503,34.1911406080001],[-118.158454044,34.191163741],[-118.158441865,34.1911854460001],[-118.158425334,34.191205063],[-118.158404955,34.1912219970001],[-118.158381348,34.191235734],[-118.158355229,34.191245854],[-118.158327391,34.191252053],[-118.158298682,34.1912541400001],[-118.15827485,34.191252408],[-118.158447486,34.1914180690001],[-118.158149389,34.191860294],[-118.158000467,34.192204152],[-118.158087663,34.192695115],[-118.158441512,34.193087808],[-118.158766223,34.193382356],[-118.158705221,34.193848051],[-118.158379182,34.1941175600001],[-118.158170607,34.1945091260001],[-118.15825727,34.195022957],[-118.158698612,34.195561383],[-118.158815341,34.195977133],[-118.158725521,34.196343703],[-118.158400463,34.1963677150001],[-118.157987002,34.196465291],[-118.158103591,34.1969777350001],[-118.158103772,34.19697853],[-118.158107375,34.1969870360001],[-118.158242147,34.1969160670001],[-118.158645931,34.1968492410001],[-118.158655031,34.1968477360001],[-118.158820184,34.1971893900001],[-118.158820184,34.197462714],[-118.158807873,34.197486484],[-118.159079392,34.1979368570001],[-118.158753412,34.198449768],[-118.159050179,34.1989422730001],[-118.159347427,34.199484516],[-118.159528062,34.199928492],[-118.159700292,34.200355406],[-118.159645497,34.200657645],[-118.15924697,34.2009338080001],[-118.159070848,34.2014275270001],[-118.158850753,34.2016835050001],[-118.158429548,34.201749577],[-118.158429168,34.201750756],[-118.158416986,34.2017724620001],[-118.158400455,34.201792078],[-118.158380074,34.2018090130001],[-118.158356463,34.201822749],[-118.158330341,34.20183287],[-118.158302499,34.201839068],[-118.158273786,34.2018411550001],[-118.158245073,34.201839068],[-118.158217231,34.20183287],[-118.158191109,34.201822749],[-118.158168868,34.20180981],[-118.158160182,34.201813175],[-118.15813234,34.201819373],[-118.158103627,34.2018214600001],[-118.158074914,34.201819373],[-118.158047073,34.201813175],[-118.15802095,34.201803054],[-118.157997339,34.2017893170001],[-118.157976959,34.201772384],[-118.157960427,34.201752766],[-118.157948245,34.201731061],[-118.157940786,34.2017079290001],[-118.157938273,34.201684072],[-118.157940785,34.2016602140001],[-118.157948246,34.201637082],[-118.157960427,34.2016153770001],[-118.157976959,34.20159576],[-118.157997339,34.2015788260001],[-118.158020949,34.201565089],[-118.158047073,34.201554969],[-118.158074914,34.20154877],[-118.158103627,34.2015466830001],[-118.158132341,34.20154877],[-118.158146016,34.201551814],[-118.158060472,34.201480143],[-118.158038485,34.201278728],[-118.157906346,34.2009491150001],[-118.157773554,34.200602336],[-118.157641032,34.200145675],[-118.157422758,34.199737267],[-118.157180128,34.1993158440001],[-118.156981241,34.1989515980001],[-118.156495969,34.198681342],[-118.156492864,34.1986815220001],[-118.15609962,34.1987042470001],[-118.156165617,34.1992172830001],[-118.156319629,34.199544659],[-118.156407715,34.2002561580001],[-118.156363565,34.200660258],[-118.15647342,34.201136779],[-118.156407489,34.201629419],[-118.156693483,34.2019218520001],[-118.15702341,34.2021778480001],[-118.156978723,34.2023980650001],[-118.156667531,34.2024528650001],[-118.15656091,34.2024716400001],[-118.15618681,34.2023945890001],[-118.155767574,34.2026967520001],[-118.156915116,34.202841468],[-118.157369489,34.203007391],[-118.157579129,34.203010776],[-118.157581533,34.2029975130001],[-118.157911841,34.202382535],[-118.158400546,34.2022477370001],[-118.158407301,34.202245874],[-118.158737607,34.2026558590001],[-118.158820184,34.202929183],[-118.15874349,34.203309964],[-118.158859863,34.203541553],[-118.158863196,34.203548186],[-118.159322516,34.203457084],[-118.15947807,34.203279089],[-118.159233066,34.202792521],[-118.15939822,34.2021775430001],[-118.159728526,34.202245874],[-118.160216436,34.202313164],[-118.160223986,34.2023142050001],[-118.160636869,34.2026558590001],[-118.16059167,34.2030672720001],[-118.160589177,34.2030899660001],[-118.160902036,34.202710225],[-118.161059601,34.2023996770001],[-118.16113853,34.202104434],[-118.16092251,34.201810562],[-118.160931992,34.2016923520001],[-118.160802022,34.201630896],[-118.160884598,34.201289242],[-118.161372139,34.2011547640001],[-118.161380058,34.20115258],[-118.16150598,34.201360976],[-118.161508404,34.2013649880001],[-118.161759193,34.2013872160001],[-118.161769459,34.201388126],[-118.161966628,34.201795443],[-118.161897703,34.202262143],[-118.162027053,34.2026517140001],[-118.162069997,34.202964783],[-118.161576417,34.203074911],[-118.161292203,34.2030020720001],[-118.160984812,34.2031477150001],[-118.160998704,34.203693211],[-118.161114322,34.204108913],[-118.161064274,34.2043973880001],[-118.160884227,34.204667122],[-118.16041906,34.204736731],[-118.159942501,34.204737019],[-118.159471197,34.204739493],[-118.158670647,34.2047416300001],[-118.158141445,34.204971728],[-118.158308391,34.2055061350001],[-118.158535205,34.205708986],[-118.15854359,34.205716485],[-118.158817824,34.2055273820001],[-118.158820184,34.2055257550001],[-118.159233066,34.205799079],[-118.159233066,34.2062090630001],[-118.159179076,34.2062358690001],[-118.159265985,34.2064966180001],[-118.159219045,34.206849854],[-118.158870129,34.2071109240001],[-118.158393454,34.207156603],[-118.1580042,34.207432779],[-118.157533018,34.2077311420001],[-118.157040821,34.2078495280001],[-118.156767412,34.207976806],[-118.157003499,34.20825899],[-118.157003499,34.208869614],[-118.157252478,34.2090104210001],[-118.157464888,34.2094148210001],[-118.157442681,34.2098167830001],[-118.157346003,34.2098492310001],[-118.157416383,34.2100355910001],[-118.157498958,34.2106505690001],[-118.156705728,34.210745751],[-118.156886656,34.210868842],[-118.15692871,34.2109101190001],[-118.156912008,34.210955319],[-118.157091835,34.211125485],[-118.157344328,34.211282209],[-118.157492194,34.2113953520001]]]]},"properties":{"poly_IncidentName":"Eaton","poly_GISAcres":14021.11,"attr_FireDiscoveryDateTime":1736302727000,"attr_POOState":"US-CA","attr_IncidentSize":14021.14}}]}