start_BusName,end_BusName,start_lat,start_lon,end_lat,end_lon,length_km,voltage,cost_before_penalty,cost_after_penalty,added_cost,pct_increase
6CENTER PNT_360533,6COUNTY LINE_360013,34.6665318,-84.97089121,34.74311084,-85.00751569,82.891,230,107809175.1072714,107933139.45893905,123964.35166764603,0.115
6ALPHA GA_361502,6COUNTY LINE_360013,34.813027,-84.853226,34.74311084,-85.00751569,62.794,230,76840465.87495142,77215238.32654473,374772.45159330644,0.488
6CLOUDLANDGA_361633,6COUNTY LINE_360013,34.81849122,-85.5353055,34.74311084,-85.00751569,78.18,230,100032820.2484853,100032820.2484853,0.0,0.0
6BATTLFLD GA_361530,6COUNTY LINE_360013,34.9555953,-85.26465286,34.74311084,-85.00751569,116.339,230,150725890.23314884,152740129.27274302,2014239.039594168,1.336
6CONCORD TN_361509,6COUNTY LINE_360013,34.99679719,-85.1610968,34.74311084,-85.00751569,43.874,230,55105524.14113958,55105524.14113958,0.0,0.0
6CENTER PNT_360533,6WID CRK FP_360068,34.6665318,-84.97089121,34.88515896,-85.75604163,137.354,230,167716362.66795582,168206939.28448626,490576.61653044575,0.293
6LOOPERS FRM_360602,6WID CRK FP_360068,34.708916,-84.922795,34.88515896,-85.75604163,144.106,230,176751780.05019403,177243201.1271098,491421.07691575703,0.278
6COUNTY LINE_360013,6WID CRK FP_360068,34.74311084,-85.00751569,34.88515896,-85.75604163,107.081,230,132582631.39150919,132582631.39150919,0.0,0.0
6KENSNGTN GA_361503,6WID CRK FP_360068,34.81265905,-85.32344844,34.88515896,-85.75604163,61.395,230,77432746.12729567,77432746.12729567,0.0,0.0
6ALPHA GA_361502,6WID CRK FP_360068,34.813027,-84.853226,34.88515896,-85.75604163,156.019,230,189598158.65589795,189956433.79311347,358275.13721553184,0.189
6CLOUDLANDGA_361633,6WID CRK FP_360068,34.81849122,-85.5353055,34.88515896,-85.75604163,38.583,230,47727409.91487699,47727409.91487699,0.0,0.0
6ROCK SPG GA_361500,6WID CRK FP_360068,34.83897801,-85.28020801,34.88515896,-85.75604163,65.284,230,81814747.52888122,81814747.52888122,0.0,0.0
6BATTLFLD GA_361530,6WID CRK FP_360068,34.9555953,-85.26465286,34.88515896,-85.75604163,54.82,230,71442468.10488304,71844704.0969435,402235.99206044734,0.563
6S HAVEN CC_360594,6WID CRK FP_360068,34.99627529,-90.0485284,34.88515896,-85.75604163,469.704,230,553842080.5704821,668378946.0223371,114536865.45185496,20.68
6CONCORD TN_361509,6WID CRK FP_360068,34.99679719,-85.1610968,34.88515896,-85.75604163,137.099,230,167863216.92208612,167863216.92208612,0.0,0.0
6CENTER PNT_360533,6WRINGOLD GA_361504,34.6665318,-84.97089121,34.89324284,-85.13750475,73.421,230,89299828.2406854,89670653.5554162,370825.3147307996,0.415
6LOOPERS FRM_360602,6WRINGOLD GA_361504,34.708916,-84.922795,34.89324284,-85.13750475,65.634,230,79235436.08145753,79608600.129362,373164.0479044738,0.471
6COUNTY LINE_360013,6WRINGOLD GA_361504,34.74311084,-85.00751569,34.89324284,-85.13750475,24.403,230,30745062.07572098,30745062.07572098,0.0,0.0
6KENSNGTN GA_361503,6WRINGOLD GA_361504,34.81265905,-85.32344844,34.89324284,-85.13750475,69.399,230,85671506.97401667,85671506.97401667,0.0,0.0
6ALPHA GA_361502,6WRINGOLD GA_361504,34.813027,-84.853226,34.89324284,-85.13750475,46.129,230,55750650.97679189,56127445.214830324,376794.2380384366,0.676
6CLOUDLANDGA_361633,6WRINGOLD GA_361504,34.81849122,-85.5353055,34.89324284,-85.13750475,86.486,230,108001204.65547043,108001204.65547043,0.0,0.0
6ROCK SPG GA_361500,6WRINGOLD GA_361504,34.83897801,-85.28020801,34.89324284,-85.13750475,73.152,230,89510280.08249113,89510280.08249113,0.0,0.0
6WID CRK FP_360068,6WRINGOLD GA_361504,34.88515896,-85.75604163,34.89324284,-85.13750475,115.387,230,140551015.79849434,140551015.79849434,0.0,0.0
6BATTLFLD GA_361530,6WRINGOLD GA_361504,34.9555953,-85.26465286,34.89324284,-85.13750475,124.645,230,158694274.64013398,160648517.03207457,1954242.391940599,1.231
6S HAVEN CC_360594,6WRINGOLD GA_361504,34.99627529,-90.0485284,34.89324284,-85.13750475,561.422,230,667600693.2616478,768483437.5234295,100882744.26178174,15.111
6CONCORD TN_361509,6WRINGOLD GA_361504,34.99679719,-85.1610968,34.89324284,-85.13750475,27.209,230,34015709.24298006,34015709.24298006,0.0,0.0
6ALPHA GA_361502,6CENTER PNT_360533,34.813027,-84.853226,34.6665318,-84.97089121,28.174,230,34648408.31792179,34648408.31792179,0.0,0.0
6BATTLFLD GA_361530,6CENTER PNT_360533,34.9555953,-85.26465286,34.6665318,-84.97089121,146.849,230,190304938.48239684,192421627.0137493,2116688.53135246,1.112
6CENTER PNT_360533,6KENSNGTN GA_361503,34.6665318,-84.97089121,34.81265905,-85.32344844,91.603,230,117282170.81627953,117404881.67304686,122710.85676733324,0.105
6COUNTY LINE_360013,6KENSNGTN GA_361503,34.74311084,-85.00751569,34.81265905,-85.32344844,61.093,230,77703122.56703153,77703122.56703153,0.0,0.0
6ALPHA GA_361502,6KENSNGTN GA_361503,34.813027,-84.853226,34.81265905,-85.32344844,110.032,230,134718649.8314203,135074674.84036112,356025.008940821,0.264
6CLOUDLANDGA_361633,6KENSNGTN GA_361503,34.81849122,-85.5353055,34.81265905,-85.32344844,28.192,230,36072236.57035432,36072236.57035432,0.0,0.0
6BATTLFLD GA_361530,6KENSNGTN GA_361503,34.9555953,-85.26465286,34.81265905,-85.32344844,66.352,230,86765306.55501786,88791855.80291118,2026549.247893314,2.336
6CONCORD TN_361509,6KENSNGTN GA_361503,34.99679719,-85.1610968,34.81265905,-85.32344844,91.112,230,112983708.09760846,112983708.09760846,0.0,0.0
6CENTER PNT_360533,6YOUNG GA_361454,34.6665318,-84.97089121,34.75072952,-85.27349349,85.98,230,109928928.7963007,110054082.98345032,125154.18714962824,0.114
6LOOPERS FRM_360602,6YOUNG GA_361454,34.708916,-84.922795,34.75072952,-85.27349349,92.731,230,118964346.17853892,119089907.613455,125561.43491607797,0.106
6COUNTY LINE_360013,6YOUNG GA_361454,34.74311084,-85.00751569,34.75072952,-85.27349349,55.471,230,70349880.5470527,70349880.5470527,0.0,0.0
6KENSNGTN GA_361503,6YOUNG GA_361454,34.81265905,-85.32344844,34.75072952,-85.27349349,8.921,230,10776981.49344478,10776981.49344478,0.0,0.0
6ALPHA GA_361502,6YOUNG GA_361454,34.813027,-84.853226,34.75072952,-85.27349349,104.409,230,127365407.81144145,127727681.80339903,362273.9919575798,0.284
6CLOUDLANDGA_361633,6YOUNG GA_361454,34.81849122,-85.5353055,34.75072952,-85.27349349,27.897,230,35939130.49763468,35939130.49763468,0.0,0.0
6ROCK SPG GA_361500,6YOUNG GA_361454,34.83897801,-85.28020801,34.75072952,-85.27349349,10.661,230,12728584.828059405,12728584.828059405,0.0,0.0
6WID CRK FP_360068,6YOUNG GA_361454,34.88515896,-85.75604163,34.75072952,-85.27349349,61.047,230,77171201.65887958,77171201.65887958,0.0,0.0
6WRINGOLD GA_361504,6YOUNG GA_361454,34.89324284,-85.13750475,34.75072952,-85.27349349,63.777,230,78318264.95403785,78318264.95403785,0.0,0.0
6BATTLFLD GA_361530,6YOUNG GA_361454,34.9555953,-85.26465286,34.75072952,-85.27349349,66.056,230,86632200.48229823,88635114.74482185,2002914.262523621,2.312
6S HAVEN CC_360594,6YOUNG GA_361454,34.99627529,-90.0485284,34.75072952,-85.27349349,519.271,230,616887067.7062453,718781081.249774,101894013.54352863,16.517
6CONCORD TN_361509,6YOUNG GA_361454,34.99679719,-85.1610968,34.75072952,-85.27349349,85.489,230,105630466.07762961,105630466.07762961,0.0,0.0
6CENTER PNT_360533,6ROCK SPG GA_361500,34.6665318,-84.97089121,34.83897801,-85.28020801,95.356,230,121120943.92475398,121244037.02240886,123093.09765487624,0.102
6LOOPERS FRM_360602,6ROCK SPG GA_361500,34.708916,-84.922795,34.83897801,-85.28020801,102.107,230,130156361.3069922,130279956.06680065,123594.7598084445,0.095
6COUNTY LINE_360013,6ROCK SPG GA_361500,34.74311084,-85.00751569,34.83897801,-85.28020801,64.846,230,81541895.675506,81541895.675506,0.0,0.0
6KENSNGTN GA_361503,6ROCK SPG GA_361500,34.81265905,-85.32344844,34.83897801,-85.28020801,6.115,230,7720996.85919515,7720996.85919515,0.0,0.0
6ALPHA GA_361502,6ROCK SPG GA_361500,34.813027,-84.853226,34.83897801,-85.28020801,113.784,230,138557422.93989474,138914369.11330935,356946.1734146113,0.258
6CLOUDLANDGA_361633,6ROCK SPG GA_361500,34.81849122,-85.5353055,34.83897801,-85.28020801,32.231,230,40481017.54117789,40481017.54117789,0.0,0.0
6BATTLFLD GA_361530,6ROCK SPG GA_361500,34.9555953,-85.26465286,34.83897801,-85.28020801,70.39,230,91174087.52584143,93201787.42261863,2027699.896777197,2.224
6CONCORD TN_361509,6ROCK SPG GA_361500,34.99679719,-85.1610968,34.83897801,-85.28020801,94.865,230,116822481.20608291,116822481.20608291,0.0,0.0
6CENTER PNT_360533,6CLOUDLANDGA_361633,34.6665318,-84.97089121,34.81849122,-85.5353055,108.689,230,139611868.49773327,139735025.5261249,123157.02839161787,0.088
6ALPHA GA_361502,6CLOUDLANDGA_361633,34.813027,-84.853226,34.81849122,-85.5353055,127.118,230,157048347.51287404,157405256.35309404,356908.8402200139,0.227
6BATTLFLD GA_361530,6CLOUDLANDGA_361633,34.9555953,-85.26465286,34.81849122,-85.5353055,40.046,230,53391034.48107455,53778427.4816227,387393.0005481517,0.726
6CENTER PNT_360533,6CONCORD TN_361509,34.6665318,-84.97089121,34.99679719,-85.1610968,80.377,230,98680129.76076284,99049416.51270837,369286.7519455232,0.374
6ALPHA GA_361502,6CONCORD TN_361509,34.813027,-84.853226,34.99679719,-85.1610968,53.084,230,65130952.496869326,65504484.96617228,373532.4693029504,0.574
6CLOUDLANDGA_361633,6CONCORD TN_361509,34.81849122,-85.5353055,34.99679719,-85.1610968,108.198,230,135313405.7790622,135313405.7790622,0.0,0.0
6BATTLFLD GA_361530,6CONCORD TN_361509,34.9555953,-85.26465286,34.99679719,-85.1610968,146.358,230,186006475.76372576,187981566.26199344,1975090.498267669,1.062
6CENTER PNT_360533,6LOOPERS FRM_360602,34.6665318,-84.97089121,34.708916,-84.922795,9.104,230,12361159.351459209,12361159.351459209,0.0,0.0
6COUNTY LINE_360013,6LOOPERS FRM_360602,34.74311084,-85.00751569,34.708916,-84.922795,82.299,230,100325250.97961704,100697645.37150827,372394.39189122914,0.371
6KENSNGTN GA_361503,6LOOPERS FRM_360602,34.81265905,-85.32344844,34.708916,-84.922795,98.354,230,126317588.19851774,126440840.30587694,123252.10735920443,0.098
6ALPHA GA_361502,6LOOPERS FRM_360602,34.813027,-84.853226,34.708916,-84.922795,20.387,230,24584016.158693902,24584016.158693902,0.0,0.0
6CLOUDLANDGA_361633,6LOOPERS FRM_360602,34.81849122,-85.5353055,34.708916,-84.922795,115.441,230,148647285.8799715,148770878.48516005,123592.60518855588,0.083
6BATTLFLD GA_361530,6LOOPERS FRM_360602,34.9555953,-85.26465286,34.708916,-84.922795,153.6,230,199340355.86463505,201461892.6127315,2121536.748096424,1.064
6CONCORD TN_361509,6LOOPERS FRM_360602,34.99679719,-85.1610968,34.708916,-84.922795,72.589,230,88615737.60153496,88986920.88439392,371183.2828589518,0.419
6ALPHA GA_361502,6BATTLFLD GA_361530,34.813027,-84.853226,34.9555953,-85.26465286,146.512,230,200865249.65331694,201089504.72903222,224255.0757152692,0.112
6CENTER PNT_360533,6S HAVEN CC_360594,34.6665318,-84.97089121,34.99627529,-90.0485284,578.085,230,688095777.2618825,790286622.9465986,102190845.68471614,14.851
6LOOPERS FRM_360602,6S HAVEN CC_360594,34.708916,-84.922795,34.99627529,-90.0485284,584.836,230,697131194.6441207,799434895.7538226,102303701.10970184,14.675
6COUNTY LINE_360013,6S HAVEN CC_360594,34.74311084,-85.00751569,34.99627529,-90.0485284,553.116,230,659632308.8546627,761163381.3180183,101531072.46335568,15.392
6KENSNGTN GA_361503,6S HAVEN CC_360594,34.81265905,-85.32344844,34.99627529,-90.0485284,519.62,230,617148612.1762794,719198537.7337229,102049925.55744344,16.536
6ALPHA GA_361502,6S HAVEN CC_360594,34.813027,-84.853226,34.99627529,-90.0485284,603.907,230,719437829.9263601,821883857.6372617,102446027.71090159,14.24
6CLOUDLANDGA_361633,6S HAVEN CC_360594,34.81849122,-85.5353055,34.99627529,-90.0485284,499.693,230,592088864.3455495,693297152.8846669,101208288.53911746,17.093
6ROCK SPG GA_361500,6S HAVEN CC_360594,34.83897801,-85.28020801,34.99627529,-90.0485284,523.509,230,621530613.576247,723601486.4237772,102070872.84753025,16.423
6BATTLFLD GA_361530,6S HAVEN CC_360594,34.9555953,-85.26465286,34.99627529,-90.0485284,511.785,230,610595521.7539045,724718338.522654,114122816.76874962,18.69
6CONCORD TN_361509,6S HAVEN CC_360594,34.99679719,-85.1610968,34.99627529,-90.0485284,583.134,230,694912894.3852396,796163972.7105631,101251078.3253235,14.57
6CENTER PNT_360533,7SHAWNEE FP_360002,34.6665318,-84.97089121,37.150267,-88.778122,570.42,345,1095355640.9955368,1240147175.423489,144791534.4279524,13.219
6LOOPERS FRM_360602,7SHAWNEE FP_360002,34.708916,-84.922795,37.150267,-88.778122,577.171,345,1109817437.8273346,1254578895.5743306,144761457.74699593,13.044
6COUNTY LINE_360013,7SHAWNEE FP_360002,34.74311084,-85.00751569,37.150267,-88.778122,541.161,345,1039274338.9466575,1182411261.9893162,143136923.0426587,13.773
6YOUNG GA_361454,7SHAWNEE FP_360002,34.75072952,-85.27349349,37.150267,-88.778122,499.478,345,962768444.9978719,1105590693.1456044,142822248.1477324,14.835
6KENSNGTN GA_361503,7SHAWNEE FP_360002,34.81265905,-85.32344844,37.150267,-88.778122,499.774,345,963034138.1814778,1106113419.5203614,143079281.33888352,14.857
6ALPHA GA_361502,7SHAWNEE FP_360002,34.813027,-84.853226,37.150267,-88.778122,558.102,345,1075351697.3693104,1215768671.5570204,140416974.18770996,13.058
6CLOUDLANDGA_361633,7SHAWNEE FP_360002,34.81849122,-85.5353055,37.150267,-88.778122,473.468,345,909249010.6263747,1049935700.3368605,140686689.71048582,15.473
6ROCK SPG GA_361500,7SHAWNEE FP_360002,34.83897801,-85.28020801,37.150267,-88.778122,503.812,345,970290443.0728117,1113379756.6605704,143089313.58775875,14.747
6WID CRK FP_360068,7SHAWNEE FP_360002,34.88515896,-85.75604163,37.150267,-88.778122,439.888,345,839437296.3808048,980563339.9060311,141126043.52522635,16.812
6WRINGOLD GA_361504,7SHAWNEE FP_360002,34.89324284,-85.13750475,37.150267,-88.778122,549.392,345,1052652531.4848341,1194644059.032804,141991527.54796985,13.489
6BATTLFLD GA_361530,7SHAWNEE FP_360002,34.9555953,-85.26465286,37.150267,-88.778122,482.172,345,930329705.998009,1070179985.2450732,139850279.24706423,15.032
6S HAVEN CC_360594,7SHAWNEE FP_360002,34.99627529,-90.0485284,37.150267,-88.778122,324.405,345,610537336.9028168,896527640.8978784,285990303.99506164,46.842
6CONCORD TN_361509,7SHAWNEE FP_360002,34.99679719,-85.1610968,37.150267,-88.778122,563.732,345,1087110966.459806,1227769108.6715865,140658142.21178067,12.939
8CHOCTAW MS_360654,8DAVIDSON TN_360048,33.2984397,-89.4127739,36.06703747,-86.9841046,418.796,500,1015865242.668355,1191598878.6895893,175733636.02123436,17.299
8ACKERMAN CC_360627,8DAVIDSON TN_360048,33.38593855,-89.20997726,36.06703747,-86.9841046,399.992,500,966709897.1056943,1092318297.3175635,125608400.21186912,12.993
8CLAY_360688,8DAVIDSON TN_360048,33.47863869,-88.74043971,36.06703747,-86.9841046,362.257,500,873356187.442822,976677211.2788191,103321023.8359971,11.83
8COGEN CALED_360606,8DAVIDSON TN_360048,33.64779158,-88.31593565,36.06703747,-86.9841046,324.436,500,781511930.8814071,857150878.500443,75638947.61903583,9.679
6CENTER PNT_360533,8DAVIDSON TN_360048,34.6665318,-84.97089121,36.06703747,-86.9841046,331.107,500,833371735.2335594,856673875.0410119,23302139.80745253,2.796
8BR FERRY NP_360052,8DAVIDSON TN_360048,34.70520875,-87.11705751,36.06703747,-86.9841046,169.22,500,415033001.81862473,440172468.4472623,25139466.628637567,6.057
6LOOPERS FRM_360602,8DAVIDSON TN_360048,34.708916,-84.922795,36.06703747,-86.9841046,322.479,500,806157974.243211,823967676.6321424,17809702.38893145,2.209
6COUNTY LINE_360013,8DAVIDSON TN_360048,34.74311084,-85.00751569,36.06703747,-86.9841046,300.886,500,760646029.3622322,782889542.324014,22243512.961781744,2.924
6YOUNG GA_361454,8DAVIDSON TN_360048,34.75072952,-85.27349349,36.06703747,-86.9841046,258.46,500,657052837.8623157,679159013.3510737,22106175.488758065,3.364
6KENSNGTN GA_361503,8DAVIDSON TN_360048,34.81265905,-85.32344844,36.06703747,-86.9841046,258.756,500,657427068.1035221,679608146.1556463,22181078.052124277,3.374
6ALPHA GA_361502,8DAVIDSON TN_360048,34.813027,-84.853226,36.06703747,-86.9841046,302.974,500,757941061.2837288,775703306.2994863,17762245.0157574,2.343
6CLOUDLANDGA_361633,8DAVIDSON TN_360048,34.81849122,-85.5353055,36.06703747,-86.9841046,232.45,500,589677101.6287861,608524577.276525,18847475.64773896,3.196
6ROCK SPG GA_361500,8DAVIDSON TN_360048,34.83897801,-85.28020801,36.06703747,-86.9841046,262.794,500,666684271.3405297,688871404.3200686,22187132.979538914,3.328
6WID CRK FP_360068,8DAVIDSON TN_360048,34.88515896,-85.75604163,36.06703747,-86.9841046,198.765,500,502197190.16748047,524605563.67636335,22408373.50888289,4.462
6WRINGOLD GA_361504,8DAVIDSON TN_360048,34.89324284,-85.13750475,36.06703747,-86.9841046,301.521,500,753898944.1609515,772041829.1021122,18142884.941160653,2.407
6BATTLFLD GA_361530,8DAVIDSON TN_360048,34.9555953,-85.26465286,36.06703747,-86.9841046,236.487,500,600823711.2178811,620398923.7066998,19575212.488818727,3.258
6S HAVEN CC_360594,8DAVIDSON TN_360048,34.99627529,-90.0485284,36.06703747,-86.9841046,350.142,500,860320514.7134149,1106247638.6415186,245927123.92810363,28.586
6CONCORD TN_361509,8DAVIDSON TN_360048,34.99679719,-85.1610968,36.06703747,-86.9841046,308.477,500,772702142.8665819,790843168.7941121,18141025.927530184,2.348
8BRADLEY TN_360662,8DAVIDSON TN_360048,35.0367008,-84.963798,36.06703747,-86.9841046,271.44,500,679597254.8328873,697201628.4441123,17604373.611225028,2.59
8BENTON MS_360612,8DAVIDSON TN_360048,35.17466126,-89.74553609,36.06703747,-86.9841046,295.774,500,721541769.9293933,912453755.2898684,190911985.36047512,26.459
8ANDERSON TN_360120,8DAVIDSON TN_360048,35.94503289,-84.38856432,36.06703747,-86.9841046,291.519,500,736341736.1856409,754577582.5663723,18235846.380731344,2.477
8BULL RUN FP_360093,8DAVIDSON TN_360048,36.01895969,-84.15785445,36.06703747,-86.9841046,381.729,500,959004175.5537817,978180163.2711583,19175987.71737662,2.0
8CUMBERLAND_360040,8DAVIDSON TN_360048,36.3921331,-87.65747953,36.06703747,-86.9841046,80.31,500,197719416.35048756,227106826.0450793,29387409.694591723,14.863
7SHAWNEE FP_360002,8DAVIDSON TN_360048,37.150267,-88.778122,36.06703747,-86.9841046,277.736,500,671210840.7063993,852925873.6484867,181715032.94208744,27.073
8ACKERMAN CC_360627,8BR FERRY NP_360052,33.38593855,-89.20997726,34.70520875,-87.11705751,279.995,500,682223902.7658104,791400775.7397175,109176872.97390717,16.003
6CENTER PNT_360533,8BR FERRY NP_360052,34.6665318,-84.97089121,34.70520875,-87.11705751,272.518,500,680961955.0832074,690058590.3196974,9096635.236489983,1.336
6LOOPERS FRM_360602,8BR FERRY NP_360052,34.708916,-84.922795,34.70520875,-87.11705751,279.27,500,699101778.5369401,708203875.8568034,9102097.31986331,1.302
6COUNTY LINE_360013,8BR FERRY NP_360052,34.74311084,-85.00751569,34.70520875,-87.11705751,245.763,500,617119648.4527452,624454620.5311302,7334972.078384941,1.189
6YOUNG GA_361454,8BR FERRY NP_360052,34.75072952,-85.27349349,34.70520875,-87.11705751,211.866,500,530240910.73846656,539040950.9190688,8800040.1806022,1.66
6KENSNGTN GA_361503,8BR FERRY NP_360052,34.81265905,-85.32344844,34.70520875,-87.11705751,212.065,500,530769591.76954836,539597469.7251259,8827877.955577528,1.663
6ALPHA GA_361502,8BR FERRY NP_360052,34.813027,-84.853226,34.70520875,-87.11705751,298.34,500,745196572.2623761,754304078.6177949,9107506.355418798,1.222
6CLOUDLANDGA_361633,8BR FERRY NP_360052,34.81849122,-85.5353055,34.70520875,-87.11705751,185.968,500,464174271.8617565,470205503.8497572,6031231.98800068,1.299
6ROCK SPG GA_361500,8BR FERRY NP_360052,34.83897801,-85.28020801,34.70520875,-87.11705751,216.104,500,539982407.9764328,548815935.5579622,8833527.581529357,1.636
6WID CRK FP_360068,8BR FERRY NP_360052,34.88515896,-85.75604163,34.70520875,-87.11705751,160.673,500,400843599.66358525,406925268.95633066,6081669.292745397,1.517
6WRINGOLD GA_361504,8BR FERRY NP_360052,34.89324284,-85.13750475,34.70520875,-87.11705751,253.995,500,634374558.5039443,641604324.87495,7229766.371005801,1.14
6BATTLFLD GA_361530,8BR FERRY NP_360052,34.9555953,-85.26465286,34.70520875,-87.11705751,203.209,500,518633298.6355768,527384027.16900635,8750728.533429585,1.687
6S HAVEN CC_360594,8BR FERRY NP_360052,34.99627529,-90.0485284,34.70520875,-87.11705751,320.826,500,782372833.9810385,995860248.1537266,213487414.17268813,27.287
6CONCORD TN_361509,8BR FERRY NP_360052,34.99679719,-85.1610968,34.70520875,-87.11705751,275.782,500,689945607.6100473,697206698.0425565,7261090.432509153,1.052
8BENTON MS_360612,8BR FERRY NP_360052,35.17466126,-89.74553609,34.70520875,-87.11705751,281.047,500,681505956.3236476,835769689.2235223,154263732.89987472,22.636
8ANDERSON TN_360120,8BR FERRY NP_360052,35.94503289,-84.38856432,34.70520875,-87.11705751,322.53,500,793303512.7463707,809681014.1992729,16377501.452902162,2.064
7SHAWNEE FP_360002,8BR FERRY NP_360052,37.150267,-88.778122,34.70520875,-87.11705751,354.632,500,848091553.6458982,1081824478.2354822,233732924.58958405,27.56
8CHOCTAW MS_360654,8CUMBERLAND_360040,33.2984397,-89.4127739,36.3921331,-87.65747953,422.223,500,1014271767.6210799,1261596870.8069227,247325103.18584266,24.385
8ACKERMAN CC_360627,8CUMBERLAND_360040,33.38593855,-89.20997726,36.3921331,-87.65747953,402.881,500,969901437.4944185,1158497043.9238846,188595606.42946607,19.445
8CLAY_360688,8CUMBERLAND_360040,33.47863869,-88.74043971,36.3921331,-87.65747953,374.384,500,901460429.5376737,1088282913.26656,186822483.7288865,20.724
8COGEN CALED_360606,8CUMBERLAND_360040,33.64779158,-88.31593565,36.3921331,-87.65747953,339.784,500,819264877.9633045,926368387.3143501,107103509.35104561,13.073
6CENTER PNT_360533,8CUMBERLAND_360040,34.6665318,-84.97089121,36.3921331,-87.65747953,400.936,500,995527319.7431612,1042282318.5688142,46754998.82565298,4.697
8BR FERRY NP_360052,8CUMBERLAND_360040,34.70520875,-87.11705751,36.3921331,-87.65747953,213.723,500,517459439.35818696,572999157.102419,55539717.74423204,10.733
6LOOPERS FRM_360602,8CUMBERLAND_360040,34.708916,-84.922795,36.3921331,-87.65747953,393.104,500,977800643.6223795,1022191977.369125,44391333.74674542,4.54
6COUNTY LINE_360013,8CUMBERLAND_360040,34.74311084,-85.00751569,36.3921331,-87.65747953,371.698,500,924452008.8005961,969277632.8422285,44825624.04163242,4.849
6YOUNG GA_361454,8CUMBERLAND_360040,34.75072952,-85.27349349,36.3921331,-87.65747953,327.823,500,821345313.9740916,871822477.1401644,50477163.16607272,6.146
6KENSNGTN GA_361503,8CUMBERLAND_360040,34.81265905,-85.32344844,36.3921331,-87.65747953,328.119,500,821719544.2152979,872334258.7427367,50614714.527438775,6.16
6ALPHA GA_361502,8CUMBERLAND_360040,34.813027,-84.853226,36.3921331,-87.65747953,373.599,500,929583730.6628973,973902146.3811164,44318415.71821904,4.768
6CLOUDLANDGA_361633,8CUMBERLAND_360040,34.81849122,-85.5353055,36.3921331,-87.65747953,301.814,500,753969577.7405622,801341841.8917809,47372264.15121859,6.283
6ROCK SPG GA_361500,8CUMBERLAND_360040,34.83897801,-85.28020801,36.3921331,-87.65747953,332.157,500,830976747.4523056,881598997.6930068,50622250.240701236,6.092
6WID CRK FP_360068,8CUMBERLAND_360040,34.88515896,-85.75604163,36.3921331,-87.65747953,268.286,500,666174178.2495325,712735744.2162967,46561565.96676426,6.989
6WRINGOLD GA_361504,8CUMBERLAND_360040,34.89324284,-85.13750475,36.3921331,-87.65747953,372.146,500,925541613.5401199,970233875.4401644,44692261.90004461,4.829
6BATTLFLD GA_361530,8CUMBERLAND_360040,34.9555953,-85.26465286,36.3921331,-87.65747953,307.112,500,772466380.5970496,819977504.1105852,47511123.513535604,6.151
6S HAVEN CC_360594,8CUMBERLAND_360040,34.99627529,-90.0485284,36.3921331,-87.65747953,324.533,500,793260142.974673,1029281059.3679396,236020916.3932666,29.753
6CONCORD TN_361509,8CUMBERLAND_360040,34.99679719,-85.1610968,36.3921331,-87.65747953,379.102,500,944344812.2457504,989022654.4413708,44677842.19562046,4.731
8BRADLEY TN_360662,8CUMBERLAND_360040,35.0367008,-84.963798,36.3921331,-87.65747953,342.065,500,851239924.2120557,895286969.6711998,44047045.45914416,5.174
8BENTON MS_360612,8CUMBERLAND_360040,35.17466126,-89.74553609,36.3921331,-87.65747953,259.462,500,630783213.7351975,826975863.6589739,196192649.92377633,31.103
8ANDERSON TN_360120,8CUMBERLAND_360040,35.94503289,-84.38856432,36.3921331,-87.65747953,367.387,500,902784303.565125,990429758.0714641,87645454.50633912,9.708
8BULL RUN FP_360093,8CUMBERLAND_360040,36.01895969,-84.15785445,36.3921331,-87.65747953,421.863,500,1036710850.3847916,1120021141.2575324,83310290.87274078,8.036
7SHAWNEE FP_360002,8CUMBERLAND_360040,37.150267,-88.778122,36.3921331,-87.65747953,213.122,500,510284161.2643982,676388777.0682776,166104615.8038794,32.551
8CHOCTAW MS_360654,8WID CRK FP_360065,33.2984397,-89.4127739,34.88726197,-85.75423778,412.691,500,1001168029.1461052,1101251972.6747973,100083943.52869204,9.997
8ACKERMAN CC_360627,8WID CRK FP_360065,33.38593855,-89.20997726,34.88726197,-85.75423778,391.086,500,947651821.633821,1033156931.3675082,85505109.73368718,9.023
8CLAY_360688,8WID CRK FP_360065,33.47863869,-88.74043971,34.88726197,-85.75423778,344.376,500,835428955.7798676,892812006.1530081,57383050.37314041,6.869
8WEST POINT_360035,8WID CRK FP_360065,33.63551392,-88.65363834,34.88726197,-85.75423778,327.072,500,789215754.6662996,834744886.3935486,45529131.727249,5.769
8COGEN CALED_360606,8WID CRK FP_360065,33.64779158,-88.31593565,34.88726197,-85.75423778,297.192,500,720378169.2790447,749919522.7755978,29541353.496553108,4.101
8E POINT AL_360058,8WID CRK FP_360065,34.19181783,-86.74805975,34.88726197,-85.75423778,150.303,500,364243734.65739083,364243734.65739083,0.0,0.0
8UNION MS_360033,8WID CRK FP_360065,34.37783096,-88.85850114,34.88726197,-85.75423778,333.05,500,805646757.1802783,899379597.8413304,93732840.6610521,11.634
8TRICO STEEL_360014,8WID CRK FP_360065,34.60872576,-87.05506218,34.88726197,-85.75423778,176.874,500,431219590.7415358,441626168.2672548,10406577.525719028,2.413
6CENTER PNT_360533,8WID CRK FP_360065,34.6665318,-84.97089121,34.88726197,-85.75423778,137.842,500,344654676.97418,345658452.9790407,1003776.0048606806,0.291
8BR FERRY NP_360052,8WID CRK FP_360065,34.70520875,-87.11705751,34.88726197,-85.75423778,158.965,500,400861793.9029729,409128299.67717946,8266505.774206553,2.062
6LOOPERS FRM_360602,8WID CRK FP_360065,34.708916,-84.922795,34.88726197,-85.75423778,144.593,500,362794500.42791283,363799034.53035736,1004534.1024445281,0.277
8LIMESTONE_360088,8WID CRK FP_360065,34.71890958,-86.84630969,34.88726197,-85.75423778,133.591,500,338925824.76646876,347195474.8672424,8269650.1007736195,2.44
6COUNTY LINE_360013,8WID CRK FP_360065,34.74311084,-85.00751569,34.88726197,-85.75423778,107.621,500,271928971.1028528,271928971.1028528,0.0,0.0
6YOUNG GA_361454,8WID CRK FP_360065,34.75072952,-85.27349349,34.88726197,-85.75423778,61.587,500,158156265.43714514,158156265.43714514,0.0,0.0
8MADISON AL_360060,8WID CRK FP_360065,34.79577878,-86.52158584,34.88726197,-85.75423778,96.607,500,250734950.1892407,252374030.24554938,1639080.0563086953,0.654
6KENSNGTN GA_361503,8WID CRK FP_360065,34.81265905,-85.32344844,34.88726197,-85.75423778,61.786,500,158684946.4682269,158684946.4682269,0.0,0.0
6ALPHA GA_361502,8WID CRK FP_360065,34.813027,-84.853226,34.88726197,-85.75423778,156.559,500,389852814.99667215,390586500.1441489,733685.1474767223,0.188
6CLOUDLANDGA_361633,8WID CRK FP_360065,34.81849122,-85.5353055,34.88726197,-85.75423778,39.123,500,98790748.84868428,98790748.84868428,0.0,0.0
8MAGNOL CC1_360613,8WID CRK FP_360065,34.8287922,-89.20041124,34.88726197,-85.75423778,353.783,500,859350244.3706262,966810106.4665675,107459862.09594128,12.505
6ROCK SPG GA_361500,8WID CRK FP_360065,34.83897801,-85.28020801,34.88726197,-85.75423778,65.824,500,167897762.6751113,167897762.6751113,0.0,0.0
6WID CRK FP_360068,8WID CRK FP_360065,34.88515896,-85.75604163,34.88726197,-85.75423778,0.307,500,786029.4753755697,786029.4753755697,0.0,0.0
6WRINGOLD GA_361504,8WID CRK FP_360065,34.89324284,-85.13750475,34.88726197,-85.75423778,115.852,500,289183881.15405184,289183881.15405184,0.0,0.0
6BATTLFLD GA_361530,8WID CRK FP_360065,34.9555953,-85.26465286,34.88726197,-85.75423778,54.438,500,143373551.48848137,144184837.69534072,811286.2068593621,0.566
6S HAVEN CC_360594,8WID CRK FP_360065,34.99627529,-90.0485284,34.88726197,-85.75423778,446.231,500,1091600335.161301,1314708128.616203,223107793.45490214,20.439
6CONCORD TN_361509,8WID CRK FP_360065,34.99679719,-85.1610968,34.88726197,-85.75423778,137.639,500,344754930.26015496,344754930.26015496,0.0,0.0
8BRADLEY TN_360662,8WID CRK FP_360065,35.0367008,-84.963798,34.88726197,-85.75423778,126.099,500,346995108.1220062,346995108.1220062,0.0,0.0
8RACCOON MTN_360079,8WID CRK FP_360065,35.05681146,-85.38724619,34.88726197,-85.75423778,41.567,500,105956913.63802293,105956913.63802293,0.0,0.0
8BENTON MS_360612,8WID CRK FP_360065,35.17466126,-89.74553609,34.88726197,-85.75423778,402.379,500,983047310.4373488,1169789302.7675617,186741992.33021277,18.996
8SEQUOYAH NP_360081,8WID CRK FP_360065,35.22706031,-85.09419774,34.88726197,-85.75423778,101.193,500,263243129.75941718,263243129.75941718,0.0,0.0
8FRANKLIN TN_360069,8WID CRK FP_360065,35.33506701,-86.11727644,34.88726197,-85.75423778,66.626,500,169869186.6135804,169869186.6135804,0.0,0.0
8SHELBY TN_360021,8WID CRK FP_360065,35.38606284,-89.80340294,34.88726197,-85.75423778,402.305,500,978990058.2015281,1163631238.7169743,184641180.51544625,18.86
8HAYWOOD TN_360542,8WID CRK FP_360065,35.54308246,-89.19654872,34.88726197,-85.75423778,346.672,500,843144719.4794753,955477703.517098,112332984.03762275,13.323
8HIWASSEE TN_360110,8WID CRK FP_360065,35.60032498,-84.78911434,34.88726197,-85.75423778,139.815,500,350209862.7646098,350209862.7646098,0.0,0.0
8LAG CRK CC_360615,8WID CRK FP_360065,35.65702785,-89.39460044,34.88726197,-85.75423778,369.546,500,897897998.3691957,1043379806.4303412,145481808.0611456,16.202
8MAURY TN_360050,8WID CRK FP_360065,35.672863,-87.01861625,34.88726197,-85.75423778,156.624,500,388574785.49695444,392001635.4682617,3426849.971307279,0.882
8JACKSON TN_360019,8WID CRK FP_360065,35.70901203,-88.79407261,34.88726197,-85.75423778,317.609,500,771538686.6699092,859778106.021743,88239419.35183376,11.437
8RUTHERFORD_360010,8WID CRK FP_360065,35.82791498,-86.59841524,34.88726197,-85.75423778,146.24,500,364437747.82011926,374261894.0796508,9824146.25953157,2.696
8ANDERSON TN_360120,8WID CRK FP_360065,35.94503289,-84.38856432,34.88726197,-85.75423778,189.131,500,478819006.14947563,478819006.14947563,0.0,0.0
8BULL RUN FP_360093,8WID CRK FP_360065,36.01895969,-84.15785445,34.88726197,-85.75423778,284.329,500,723033600.3002422,723033600.3002422,0.0,0.0
8JVILLE FP_360037,8WID CRK FP_360065,36.02382902,-87.98154082,34.88726197,-85.75423778,260.302,500,636200814.8302734,658176150.8770478,21975336.04677442,3.454
8PIN HOOK TN_360581,8WID CRK FP_360065,36.04646628,-86.60595108,34.88726197,-85.75423778,177.801,500,450831754.25288725,469468784.34289694,18637030.09000967,4.134
8PLATEAU TN_360077,8WID CRK FP_360065,36.05858036,-85.14194112,34.88726197,-85.75423778,158.23,500,390351413.97369564,390351413.97369564,0.0,0.0
8DAVIDSON TN_360048,8WID CRK FP_360065,36.06703747,-86.9841046,34.88726197,-85.75423778,198.479,500,501465335.4870207,523891818.23654544,22426482.749524742,4.472
8VOLUNTEER_360097,8WID CRK FP_360065,36.1219789,-83.81482256,34.88726197,-85.75423778,314.373,500,799304264.299973,799304264.299973,0.0,0.0
8GLEASON CT_360582,8WID CRK FP_360065,36.24522988,-88.6114255,34.88726197,-85.75423778,325.065,500,790138989.6333573,869244820.1572853,79105830.523928,10.012
8LAG CRK CT_360568,8WID CRK FP_360065,36.27534882,-88.83423675,34.88726197,-85.75423778,345.97,500,839378270.413089,936106860.8709078,96728590.4578188,11.524
8CUMBERLAND_360040,8WID CRK FP_360065,36.3921331,-87.65747953,34.88726197,-85.75423778,268.001,500,665442323.5690726,712032232.3672575,46589908.79818491,7.001
8PHIPPS B NP_360102,8WID CRK FP_360065,36.46070569,-82.80788409,34.88726197,-85.75423778,373.819,500,952529499.3783004,952529499.3783004,0.0,0.0
8MONTGOMERY_360044,8WID CRK FP_360065,36.59438524,-87.25325857,34.88726197,-85.75423778,270.198,500,678941038.8350954,738205711.259269,59264672.42417363,8.729
8MARSHALL KY_360015,8WID CRK FP_360065,37.02455006,-88.39384277,34.88726197,-85.75423778,391.187,500,968966784.2522695,1058364900.958137,89398116.70586757,9.226
7SHAWNEE FP_360002,8WID CRK FP_360065,37.150267,-88.778122,34.88726197,-85.75423778,439.603,500,1063663418.8116148,1242674853.234666,179011434.42305127,16.83
8PARADISE CC_360117,8WID CRK FP_360065,37.259697,-86.976991,34.88726197,-85.75423778,319.954,500,782911165.3093916,821789987.6363015,38878822.326909915,4.966
8PARADISE CC_360117,8WID CRK FP_360065,37.259697,-86.976991,34.88726197,-85.75423778,319.954,500,782911165.3093916,821789987.6363015,38878822.326909915,4.966
6CENTER PNT_360533,8ACKERMAN CC_360627,34.6665318,-84.97089121,33.38593855,-89.20997726,476.579,500,1167597680.4071276,1259724526.267064,92126845.85993652,7.89
6LOOPERS FRM_360602,8ACKERMAN CC_360627,34.708916,-84.922795,33.38593855,-89.20997726,483.33,500,1185737503.8608603,1277891414.461208,92153910.60034786,7.772
6COUNTY LINE_360013,8ACKERMAN CC_360627,34.74311084,-85.00751569,33.38593855,-89.20997726,467.061,500,1144055694.2554905,1228573908.4511635,84518214.19567293,7.388
6YOUNG GA_361454,8ACKERMAN CC_360627,34.75072952,-85.27349349,33.38593855,-89.20997726,433.164,500,1057176956.5412118,1143560925.787937,86383969.24672507,8.171
6KENSNGTN GA_361503,8ACKERMAN CC_360627,34.81265905,-85.32344844,33.38593855,-89.20997726,433.363,500,1057705637.5722938,1144230218.1487703,86524580.57647656,8.18
6ALPHA GA_361502,8ACKERMAN CC_360627,34.813027,-84.853226,33.38593855,-89.20997726,502.401,500,1231832297.586296,1324006634.4613457,92174336.87504968,7.483
6CLOUDLANDGA_361633,8ACKERMAN CC_360627,34.81849122,-85.5353055,33.38593855,-89.20997726,413.639,500,1006840568.4719126,1092117966.6558437,85277398.18393108,8.47
6ROCK SPG GA_361500,8ACKERMAN CC_360627,34.83897801,-85.28020801,33.38593855,-89.20997726,437.402,500,1066918453.7791783,1153443827.1644828,86525373.38530454,8.11
6WID CRK FP_360068,8ACKERMAN CC_360627,34.88515896,-85.75604163,33.38593855,-89.20997726,390.546,500,946274450.8640825,1031809112.489057,85534661.6249745,9.039
6WRINGOLD GA_361504,8ACKERMAN CC_360627,34.89324284,-85.13750475,33.38593855,-89.20997726,475.293,500,1161310604.3066897,1245091452.6138768,83780848.30718705,7.214
6BATTLFLD GA_361530,8ACKERMAN CC_360627,34.9555953,-85.26465286,33.38593855,-89.20997726,444.984,500,1087893192.8813162,1174015252.4454079,86122059.56409161,7.916
6S HAVEN CC_360594,8ACKERMAN CC_360627,34.99627529,-90.0485284,33.38593855,-89.20997726,217.517,500,533395861.98225963,699221543.951144,165825681.9688843,31.089
6CONCORD TN_361509,8ACKERMAN CC_360627,34.99679719,-85.1610968,33.38593855,-89.20997726,497.08,500,1216881653.4127927,1300710745.856813,83829092.44402024,6.889
7SHAWNEE FP_360002,8ACKERMAN CC_360627,37.150267,-88.778122,33.38593855,-89.20997726,464.712,500,1122319506.5957265,1521932338.5307367,399612831.9350102,35.606
8CHOCTAW MS_360654,8MADISON AL_360060,33.2984397,-89.4127739,34.79577878,-86.52158584,364.905,500,891559809.126301,1019924839.3305724,128365030.20427136,14.398
8ACKERMAN CC_360627,8MADISON AL_360060,33.38593855,-89.20997726,34.79577878,-86.52158584,343.299,500,838043601.6140168,951576599.9114407,113532998.29742397,13.547
8CLAY_360688,8MADISON AL_360060,33.47863869,-88.74043971,34.79577878,-86.52158584,305.564,500,743925560.5684766,828046094.6248953,84120534.05641875,11.308
8COGEN CALED_360606,8MADISON AL_360060,33.64779158,-88.31593565,34.79577878,-86.52158584,266.5,500,645751951.8287047,701605628.2899774,55853676.461272754,8.649
8E POINT AL_360058,8MADISON AL_360060,34.19181783,-86.74805975,34.79577878,-86.52158584,134.05,500,335416290.738361,335442966.9105788,26676.172217807485,0.008
6CENTER PNT_360533,8MADISON AL_360060,34.6665318,-84.97089121,34.79577878,-86.52158584,209.638,500,529431032.6157511,532349005.2684699,2917972.6527188555,0.551
8BR FERRY NP_360052,8MADISON AL_360060,34.70520875,-87.11705751,34.79577878,-86.52158584,77.988,500,192656584.3675347,198890643.8572522,6234059.489717499,3.236
6LOOPERS FRM_360602,8MADISON AL_360060,34.708916,-84.922795,34.79577878,-86.52158584,216.389,500,547570856.0694838,550490410.0974443,2919554.027960512,0.533
8LIMESTONE_360088,8MADISON AL_360060,34.71890958,-86.84630969,34.79577878,-86.52158584,52.614,500,130720615.23103061,136899087.50002328,6178472.268992662,4.726
6COUNTY LINE_360013,8MADISON AL_360060,34.74311084,-85.00751569,34.79577878,-86.52158584,182.883,500,465588725.985289,466716777.4655178,1128051.4802288236,0.242
6YOUNG GA_361454,8MADISON AL_360060,34.75072952,-85.27349349,34.79577878,-86.52158584,148.986,500,378709988.27101034,381309692.858065,2599704.5870546484,0.686
6KENSNGTN GA_361503,8MADISON AL_360060,34.81265905,-85.32344844,34.79577878,-86.52158584,149.185,500,379238669.30209213,381849992.4459623,2611323.14387016,0.689
6ALPHA GA_361502,8MADISON AL_360060,34.813027,-84.853226,34.79577878,-86.52158584,235.46,500,593665649.7949198,596585836.1947079,2920186.3997880607,0.492
6CLOUDLANDGA_361633,8MADISON AL_360060,34.81849122,-85.5353055,34.79577878,-86.52158584,123.61,500,313986783.2972389,313986783.2972389,0.0,0.0
6ROCK SPG GA_361500,8MADISON AL_360060,34.83897801,-85.28020801,34.79577878,-86.52158584,153.223,500,388451485.5089766,391064343.5601406,2612858.0511640026,0.673
6WID CRK FP_360068,8MADISON AL_360060,34.88515896,-85.75604163,34.79577878,-86.52158584,98.315,500,250656111.0990676,250656111.0990676,0.0,0.0
6WRINGOLD GA_361504,8MADISON AL_360060,34.89324284,-85.13750475,34.79577878,-86.52158584,191.114,500,482843636.03648806,483949996.3130394,1106360.2765513519,0.229
6BATTLFLD GA_361530,8MADISON AL_360060,34.9555953,-85.26465286,34.79577878,-86.52158584,140.851,500,368506454.9218446,370822578.12049717,2316123.198652575,0.629
6S HAVEN CC_360594,8MADISON AL_360060,34.99627529,-90.0485284,34.79577878,-86.52158584,369.599,500,902372030.4970436,1122718943.0653486,220346912.56830505,24.419
6CONCORD TN_361509,8MADISON AL_360060,34.99679719,-85.1610968,34.79577878,-86.52158584,212.901,500,538414685.1425911,539526771.1687521,1112086.0261609212,0.207
8BRADLEY TN_360662,8MADISON AL_360060,35.0367008,-84.963798,34.79577878,-86.52158584,218.89,500,550963128.0860326,552490511.9373657,1527383.851333005,0.277
8BENTON MS_360612,8MADISON AL_360060,35.17466126,-89.74553609,34.79577878,-86.52158584,329.819,500,801505152.8396529,963081620.8898251,161576468.05017224,20.159
8FRANKLIN TN_360069,8MADISON AL_360060,35.33506701,-86.11727644,34.79577878,-86.52158584,82.48,500,199949367.74287796,201748789.8733533,1799422.1304753372,0.9
8HAYWOOD TN_360542,8MADISON AL_360060,35.54308246,-89.19654872,34.79577878,-86.52158584,279.929,500,675256553.1731087,795093621.1487733,119837067.97566463,17.747
8HIWASSEE TN_360110,8MADISON AL_360060,35.60032498,-84.78911434,34.79577878,-86.52158584,204.403,500,516214127.87605166,522489869.1652076,6275741.289155968,1.216
8LAG CRK CC_360615,8MADISON AL_360060,35.65702785,-89.39460044,34.79577878,-86.52158584,303.324,500,731141529.4619634,883497728.9785713,152356199.51660785,20.838
8JACKSON TN_360019,8MADISON AL_360060,35.70901203,-88.79407261,34.79577878,-86.52158584,257.83,500,619060748.0023853,716019304.5485175,96958556.54613222,15.662
8ANDERSON TN_360120,8MADISON AL_360060,35.94503289,-84.38856432,34.79577878,-86.52158584,253.72,500,644823271.2609174,651247612.2205579,6424340.959640473,0.996
8BULL RUN FP_360093,8MADISON AL_360060,36.01895969,-84.15785445,34.79577878,-86.52158584,349.783,500,887561714.868312,893988771.947618,6427057.079306022,0.724
8JVILLE FP_360037,8MADISON AL_360060,36.02382902,-87.98154082,34.79577878,-86.52158584,206.695,500,502240315.14788973,530048949.82584804,27808634.6779583,5.537
8DAVIDSON TN_360048,8MADISON AL_360060,36.06703747,-86.9841046,34.79577878,-86.52158584,177.69,500,439517153.1814312,468717893.99409384,29200740.81266264,6.644
8GLEASON CT_360582,8MADISON AL_360060,36.24522988,-88.6114255,34.79577878,-86.52158584,269.067,500,647622719.4422946,745937940.821122,98315221.3788275,15.181
8LAG CRK CT_360568,8MADISON AL_360060,36.27534882,-88.83423675,34.79577878,-86.52158584,289.142,500,696197734.5677059,808681759.9142011,112484025.34649529,16.157
8CUMBERLAND_360040,8MADISON AL_360060,36.3921331,-87.65747953,34.79577878,-86.52158584,228.256,500,554478073.0393418,614218303.5871103,59740230.54776845,10.774
7SHAWNEE FP_360002,8MADISON AL_360060,37.150267,-88.778122,34.79577878,-86.52158584,385.996,500,929702919.1292312,1119714997.1957517,190012078.06652042,20.438
8CHOCTAW MS_360654,8PIN HOOK TN_360581,33.2984397,-89.4127739,36.04646628,-86.60595108,445.49,500,1092659755.9103777,1248508000.317492,155848244.40711433,14.263
8ACKERMAN CC_360627,8PIN HOOK TN_360581,33.38593855,-89.20997726,36.04646628,-86.60595108,423.884,500,1039143548.3980935,1180230604.855318,141087056.45722467,13.577
8CLAY_360688,8PIN HOOK TN_360581,33.47863869,-88.74043971,36.04646628,-86.60595108,386.149,500,945025507.3525532,1056798537.3533188,111773030.00076552,11.828
8COGEN CALED_360606,8PIN HOOK TN_360581,33.64779158,-88.31593565,36.04646628,-86.60595108,347.085,500,846851898.6127814,930259126.2208161,83407227.60803472,9.849
8E POINT AL_360058,8PIN HOOK TN_360581,34.19181783,-86.74805975,36.04646628,-86.60595108,259.041,500,645700458.649508,661118909.6486133,15418450.999105323,2.388
6CENTER PNT_360533,8PIN HOOK TN_360581,34.6665318,-84.97089121,36.04646628,-86.60595108,302.925,500,758624058.2104893,773588397.9502553,14964339.739765994,1.973
8BR FERRY NP_360052,8PIN HOOK TN_360581,34.70520875,-87.11705751,36.04646628,-86.60595108,179.084,500,444372021.9090576,477137980.3412944,32765958.43223677,7.374
6LOOPERS FRM_360602,8PIN HOOK TN_360581,34.708916,-84.922795,36.04646628,-86.60595108,295.138,500,738272493.7793639,753238263.2122027,14965769.43283885,2.027
8LIMESTONE_360088,8PIN HOOK TN_360581,34.71890958,-86.84630969,36.04646628,-86.60595108,171.556,500,423674234.3608166,450596342.05736345,26922107.696546838,6.354
6COUNTY LINE_360013,8PIN HOOK TN_360581,34.74311084,-85.00751569,36.04646628,-86.60595108,280.471,500,710291680.5980208,728897455.0293627,18605774.43134184,2.619
6YOUNG GA_361454,8PIN HOOK TN_360581,34.75072952,-85.27349349,36.04646628,-86.60595108,233.433,500,592884182.4607918,612110056.5076095,19225874.046817634,3.243
8MADISON AL_360060,8PIN HOOK TN_360581,34.79577878,-86.52158584,36.04646628,-86.60595108,163.897,500,407051751.5528941,423308351.59195024,16256600.03905615,3.994
6KENSNGTN GA_361503,8PIN HOOK TN_360581,34.81265905,-85.32344844,36.04646628,-86.60595108,233.728,500,593258412.701998,612556599.6398994,19298186.937901355,3.253
6ALPHA GA_361502,8PIN HOOK TN_360581,34.813027,-84.853226,36.04646628,-86.60595108,275.633,500,690055580.8198817,704976984.3687491,14921403.54886743,2.162
6CLOUDLANDGA_361633,8PIN HOOK TN_360581,34.81849122,-85.5353055,36.04646628,-86.60595108,207.423,500,525508446.22726214,541466111.0588624,15957664.83160026,3.037
8MAGNOL CC1_360613,8PIN HOOK TN_360581,34.8287922,-89.20041124,36.04646628,-86.60595108,309.395,500,761680156.9256791,881195014.9497981,119514858.02411903,15.691
6ROCK SPG GA_361500,8PIN HOOK TN_360581,34.83897801,-85.28020801,36.04646628,-86.60595108,237.767,500,602515615.9390056,621819055.0880595,19303439.149053875,3.204
6WID CRK FP_360068,8PIN HOOK TN_360581,34.88515896,-85.75604163,36.04646628,-86.60595108,178.086,500,451563608.93334705,470184541.7740187,18620932.840671662,4.124
6WRINGOLD GA_361504,8PIN HOOK TN_360581,34.89324284,-85.13750475,36.04646628,-86.60595108,274.18,500,686013463.6971042,701316066.8272728,15302603.130168594,2.231
6BATTLFLD GA_361530,8PIN HOOK TN_360581,34.9555953,-85.26465286,36.04646628,-86.60595108,209.146,500,532938230.7540339,549611676.0711195,16673445.317085564,3.129
6S HAVEN CC_360594,8PIN HOOK TN_360581,34.99627529,-90.0485284,36.04646628,-86.60595108,398.219,500,985411220.7609174,1215254241.007136,229843020.2462186,23.325
6CONCORD TN_361509,8PIN HOOK TN_360581,34.99679719,-85.1610968,36.04646628,-86.60595108,281.135,500,704816662.4027348,720117937.9015268,15301275.498792075,2.171
8BRADLEY TN_360662,8PIN HOOK TN_360581,35.0367008,-84.963798,36.04646628,-86.60595108,244.099,500,611711774.3690401,626484466.8268108,14772692.457770688,2.415
8BENTON MS_360612,8PIN HOOK TN_360581,35.17466126,-89.74553609,36.04646628,-86.60595108,345.915,500,854894082.3223746,1040951236.7480702,186057154.42569572,21.764
8FRANKLIN TN_360069,8PIN HOOK TN_360581,35.33506701,-86.11727644,36.04646628,-86.60595108,127.748,500,320517558.0464975,336215254.63015014,15697696.583652621,4.898
8HAYWOOD TN_360542,8PIN HOOK TN_360581,35.54308246,-89.19654872,36.04646628,-86.60595108,280.936,500,693401669.4561841,822470457.8564131,129068788.40022902,18.614
8HIWASSEE TN_360110,8PIN HOOK TN_360581,35.60032498,-84.78911434,36.04646628,-86.60595108,216.717,500,542336241.8412024,557099447.2822325,14763205.441030202,2.722
8LAG CRK CC_360615,8PIN HOOK TN_360581,35.65702785,-89.39460044,36.04646628,-86.60595108,296.69,500,735274212.9936647,915878002.004677,180603789.01101238,24.563
8MAURY TN_360050,8PIN HOOK TN_360581,35.672863,-87.01861625,36.04646628,-86.60595108,76.711,500,204259243.35779563,223244437.82068044,18985194.46288482,9.295
8JACKSON TN_360019,8PIN HOOK TN_360581,35.70901203,-88.79407261,36.04646628,-86.60595108,239.289,500,595746652.6942245,717258262.4152358,121511609.72101124,20.397
8ANDERSON TN_360120,8PIN HOOK TN_360581,35.94503289,-84.38856432,36.04646628,-86.60595108,264.155,500,667684505.3475764,683025514.6197348,15341009.272158373,2.298
8BULL RUN FP_360093,8PIN HOOK TN_360581,36.01895969,-84.15785445,36.04646628,-86.60595108,353.642,500,889251807.2088945,907026210.5631436,17774403.354249083,1.999
8JVILLE FP_360037,8PIN HOOK TN_360581,36.02382902,-87.98154082,36.04646628,-86.60595108,159.839,500,406856507.9323126,443625084.1043687,36768576.172056094,9.037
8DAVIDSON TN_360048,8PIN HOOK TN_360581,36.06703747,-86.9841046,36.04646628,-86.60595108,83.494,500,225891516.3962533,248480672.7229643,22589156.326710988,10.0
8GLEASON CT_360582,8PIN HOOK TN_360581,36.24522988,-88.6114255,36.04646628,-86.60595108,225.835,500,566267654.1741185,638165293.4552852,71897639.2811667,12.697
8LAG CRK CT_360568,8PIN HOOK TN_360581,36.27534882,-88.83423675,36.04646628,-86.60595108,247.412,500,617693662.4396048,705436208.1213228,87742545.68171796,14.205
8CUMBERLAND_360040,8PIN HOOK TN_360581,36.3921331,-87.65747953,36.04646628,-86.60595108,154.119,500,397534185.77542174,447953422.5060333,50419236.730611585,12.683
8PHIPPS B NP_360102,8PIN HOOK TN_360581,36.46070569,-82.80788409,36.04646628,-86.60595108,443.133,500,1118747706.286953,1136302596.5094519,17554890.222498797,1.569
8MONTGOMERY_360044,8PIN HOOK TN_360581,36.59438524,-87.25325857,36.04646628,-86.60595108,155.213,500,403367219.744328,462041048.54536384,58673828.80103581,14.546
8MARSHALL KY_360015,8PIN HOOK TN_360581,37.02455006,-88.39384277,36.04646628,-86.60595108,277.306,500,701058646.4586186,794153548.4539493,93094901.99533069,13.279
7SHAWNEE FP_360002,8PIN HOOK TN_360581,37.150267,-88.778122,36.04646628,-86.60595108,339.141,500,834319111.9136541,1024156948.0978632,189837836.18420914,22.754
8PARADISE CC_360117,8PIN HOOK TN_360581,37.259697,-86.976991,36.04646628,-86.60595108,229.916,500,581465736.5366757,664521258.2059366,83055521.66926083,14.284
8PARADISE CC_360117,8PIN HOOK TN_360581,37.259697,-86.976991,36.04646628,-86.60595108,229.916,500,581465736.5366757,664521258.2059366,83055521.66926083,14.284
8ACKERMAN CC_360627,8BRADLEY TN_360662,33.38593855,-89.20997726,35.0367008,-84.963798,503.068,500,1229430096.356234,1313879783.157014,84449686.80077983,6.869
6CENTER PNT_360533,8BRADLEY TN_360662,34.6665318,-84.97089121,35.0367008,-84.963798,65.472,500,163218383.89607537,163826001.07469565,607617.1786202728,0.372
8BR FERRY NP_360052,8BRADLEY TN_360662,34.70520875,-87.11705751,35.0367008,-84.963798,281.77,500,702494050.5534887,710195517.0805694,7701466.527080609,1.096
6LOOPERS FRM_360602,8BRADLEY TN_360662,34.708916,-84.922795,35.0367008,-84.963798,57.684,500,142866819.46495003,143479782.07511923,612962.6101692169,0.429
6COUNTY LINE_360013,8BRADLEY TN_360662,34.74311084,-85.00751569,35.0367008,-84.963798,49.862,500,124653280.81465751,125074203.20684095,420922.3921834383,0.338
6YOUNG GA_361454,8BRADLEY TN_360662,34.75072952,-85.27349349,35.0367008,-84.963798,90.789,500,227903520.8494054,228309210.70887092,405689.85946549743,0.178
6KENSNGTN GA_361503,8BRADLEY TN_360662,34.81265905,-85.32344844,35.0367008,-84.963798,96.411,500,242736183.94967613,243133789.19164544,397605.2419693231,0.164
6ALPHA GA_361502,8BRADLEY TN_360662,34.813027,-84.853226,35.0367008,-84.963798,38.179,500,94649906.50546783,95269613.04760101,619706.5421331766,0.655
6CLOUDLANDGA_361633,8BRADLEY TN_360662,34.81849122,-85.5353055,35.0367008,-84.963798,113.498,500,287785617.018439,288183967.7022949,398350.683855878,0.138
6ROCK SPG GA_361500,8BRADLEY TN_360662,34.83897801,-85.28020801,35.0367008,-84.963798,100.164,500,250925647.88971516,251325047.32333955,399399.4336243862,0.159
6WID CRK FP_360068,8BRADLEY TN_360662,34.88515896,-85.75604163,35.0367008,-84.963798,126.608,500,348297457.2817356,348297457.2817356,0.0,0.0
6WRINGOLD GA_361504,8BRADLEY TN_360662,34.89324284,-85.13750475,35.0367008,-84.963798,33.197,500,81817760.55531013,82242853.16370958,425092.60839945497,0.52
6BATTLFLD GA_361530,8BRADLEY TN_360662,34.9555953,-85.26465286,35.0367008,-84.963798,115.053,500,323413981.356887,323858840.1206727,444858.76378569496,0.138
6S HAVEN CC_360594,8BRADLEY TN_360662,34.99627529,-90.0485284,35.0367008,-84.963798,567.466,500,1381870232.3259828,1592087613.39367,210217381.06768727,15.213
6CONCORD TN_361509,8BRADLEY TN_360662,34.99679719,-85.1610968,35.0367008,-84.963798,40.153,500,100620959.26094061,101039454.95382935,418495.6928887418,0.416
8BENTON MS_360612,8BRADLEY TN_360662,35.17466126,-89.74553609,35.0367008,-84.963798,520.768,500,1267541919.7782001,1437521043.8450878,169979124.06688756,13.41
8ANDERSON TN_360120,8BRADLEY TN_360662,35.94503289,-84.38856432,35.0367008,-84.963798,132.051,500,321344501.57247174,321344501.57247174,0.0,0.0
7SHAWNEE FP_360002,8BRADLEY TN_360662,37.150267,-88.778122,35.0367008,-84.963798,526.568,500,1283895546.3750057,1461089015.133,177193468.7579942,13.801
8ACKERMAN CC_360627,8BULL RUN FP_360093,33.38593855,-89.20997726,36.01895969,-84.15785445,665.314,500,1640241913.7697291,1763813031.003754,123571117.23402482,7.534
6CENTER PNT_360533,8BULL RUN FP_360093,34.6665318,-84.97089121,36.01895969,-84.15785445,284.263,500,719726744.2097101,719726744.2097101,0.0,0.0
8BR FERRY NP_360052,8BULL RUN FP_360093,34.70520875,-87.11705751,36.01895969,-84.15785445,413.641,500,1028141969.2015262,1043953112.7146345,15811143.513108319,1.538
6LOOPERS FRM_360602,8BULL RUN FP_360093,34.708916,-84.922795,36.01895969,-84.15785445,276.475,500,699375179.778585,699375179.778585,0.0,0.0
6COUNTY LINE_360013,8BULL RUN FP_360093,34.74311084,-85.00751569,36.01895969,-84.15785445,276.285,500,692156211.1572448,692571088.3302046,414877.1729598596,0.06
6YOUNG GA_361454,8BULL RUN FP_360093,34.75072952,-85.27349349,36.01895969,-84.15785445,317.211,500,795406451.1919928,795817733.9935956,411282.80160283,0.052
6KENSNGTN GA_361503,8BULL RUN FP_360093,34.81265905,-85.32344844,36.01895969,-84.15785445,313.062,500,797102189.618088,800563059.9841061,3460870.3660180103,0.434
6ALPHA GA_361502,8BULL RUN FP_360093,34.813027,-84.853226,36.01895969,-84.15785445,256.97,500,651158266.8191026,651158266.8191026,0.0,0.0
6CLOUDLANDGA_361633,8BULL RUN FP_360093,34.81849122,-85.5353055,36.01895969,-84.15785445,286.757,500,729352223.143352,729352223.143352,0.0,0.0
6ROCK SPG GA_361500,8BULL RUN FP_360093,34.83897801,-85.28020801,36.01895969,-84.15785445,317.1,500,806359392.8550955,809820593.503639,3461200.6485435106,0.429
6WID CRK FP_360068,8BULL RUN FP_360093,34.88515896,-85.75604163,36.01895969,-84.15785445,284.838,500,724335949.4599717,724335949.4599717,0.0,0.0
6WRINGOLD GA_361504,8BULL RUN FP_360093,34.89324284,-85.13750475,36.01895969,-84.15785445,259.62,500,649320690.8978975,649735680.5031278,414989.6052303011,0.064
6BATTLFLD GA_361530,8BULL RUN FP_360093,34.9555953,-85.26465286,36.01895969,-84.15785445,281.56,500,718420621.5612993,718880046.3373454,459424.7760460023,0.064
6S HAVEN CC_360594,8BULL RUN FP_360093,34.99627529,-90.0485284,36.01895969,-84.15785445,678.523,500,1669931777.5965433,1888130420.2922292,218198642.69568583,13.066
6CONCORD TN_361509,8BULL RUN FP_360093,34.99679719,-85.1610968,36.01895969,-84.15785445,266.575,500,668123889.6035279,668538196.136713,414306.5331850711,0.062
8BRADLEY TN_360662,8BULL RUN FP_360093,35.0367008,-84.963798,36.01895969,-84.15785445,229.539,500,575019001.5698333,575019001.5698333,0.0,0.0
8BENTON MS_360612,8BULL RUN FP_360093,35.17466126,-89.74553609,36.01895969,-84.15785445,631.824,500,1555603465.0487604,1732980055.4392505,177376590.39049,11.402
8ANDERSON TN_360120,8BULL RUN FP_360093,35.94503289,-84.38856432,36.01895969,-84.15785445,114.909,500,294782030.6384865,294782030.6384865,0.0,0.0
7SHAWNEE FP_360002,8BULL RUN FP_360093,37.150267,-88.778122,36.01895969,-84.15785445,604.762,500,1474556114.2390757,1661732279.397258,187176165.15818232,12.694
8ACKERMAN CC_360627,8CHOCTAW MS_360654,33.38593855,-89.20997726,33.2984397,-89.4127739,22.787,500,54555149.45859781,70218070.1531887,15662920.694590893,28.71
6CENTER PNT_360533,8CHOCTAW MS_360654,34.6665318,-84.97089121,33.2984397,-89.4127739,498.185,500,1221113887.9194117,1327216151.9181988,106102263.99878708,8.689
8BR FERRY NP_360052,8CHOCTAW MS_360654,34.70520875,-87.11705751,33.2984397,-89.4127739,301.6,500,735740110.2780946,859917964.0947464,124177853.81665167,16.878
6LOOPERS FRM_360602,8CHOCTAW MS_360654,34.708916,-84.922795,33.2984397,-89.4127739,504.936,500,1239253711.3731446,1345377536.062556,106123824.68941146,8.564
6COUNTY LINE_360013,8CHOCTAW MS_360654,34.74311084,-85.00751569,33.2984397,-89.4127739,488.667,500,1197571901.7677748,1296381907.5620205,98810005.79424572,8.251
6YOUNG GA_361454,8CHOCTAW MS_360654,34.75072952,-85.27349349,33.2984397,-89.4127739,454.77,500,1110693164.0534964,1211449396.5542572,100756232.50076075,9.071
6KENSNGTN GA_361503,8CHOCTAW MS_360654,34.81265905,-85.32344844,33.2984397,-89.4127739,454.969,500,1111221845.084578,1212134630.492754,100912785.40817595,9.081
6ALPHA GA_361502,8CHOCTAW MS_360654,34.813027,-84.853226,33.2984397,-89.4127739,524.006,500,1285348505.0985806,1391474699.767984,106126194.66940327,8.257
6CLOUDLANDGA_361633,8CHOCTAW MS_360654,34.81849122,-85.5353055,33.2984397,-89.4127739,435.244,500,1060356775.9841968,1160065947.832383,99709171.84818609,9.403
6ROCK SPG GA_361500,8CHOCTAW MS_360654,34.83897801,-85.28020801,33.2984397,-89.4127739,459.007,500,1120434661.2914624,1221344882.806496,100910221.5150334,9.006
6WID CRK FP_360068,8CHOCTAW MS_360654,34.88515896,-85.75604163,33.2984397,-89.4127739,412.151,500,999790658.3763667,1099907990.508477,100117332.1321103,10.014
6WRINGOLD GA_361504,8CHOCTAW MS_360654,34.89324284,-85.13750475,33.2984397,-89.4127739,496.898,500,1214826811.8189738,1312803423.098473,97976611.27949938,8.065
6BATTLFLD GA_361530,8CHOCTAW MS_360654,34.9555953,-85.26465286,33.2984397,-89.4127739,466.589,500,1141409400.3936005,1242041310.7814133,100631910.38781291,8.816
6S HAVEN CC_360594,8CHOCTAW MS_360654,34.99627529,-90.0485284,33.2984397,-89.4127739,219.997,500,541255369.1243911,704570923.292337,163315554.1679459,30.173
6CONCORD TN_361509,8CHOCTAW MS_360654,34.99679719,-85.1610968,33.2984397,-89.4127739,518.685,500,1270397860.925077,1368409918.980173,98012058.0550962,7.715
8BRADLEY TN_360662,8CHOCTAW MS_360654,35.0367008,-84.963798,33.2984397,-89.4127739,524.674,500,1282946303.8685184,1381601545.8307312,98655241.96221276,7.69
8BENTON MS_360612,8CHOCTAW MS_360654,35.17466126,-89.74553609,33.2984397,-89.4127739,245.38,500,605010858.3522846,763727952.440055,158717094.08777043,26.234
8ANDERSON TN_360120,8CHOCTAW MS_360654,35.94503289,-84.38856432,33.2984397,-89.4127739,598.889,500,1463466550.8721447,1604296057.432106,140829506.5599614,9.623
8BULL RUN FP_360093,8CHOCTAW MS_360654,36.01895969,-84.15785445,33.2984397,-89.4127739,686.919,500,1693758121.2820134,1832021104.6504414,138262983.36842793,8.163
7SHAWNEE FP_360002,8CHOCTAW MS_360654,37.150267,-88.778122,33.2984397,-89.4127739,477.941,500,1153955063.915276,1550236465.1958733,396281401.2805971,34.341
8CHOCTAW MS_360654,8E POINT AL_360058,33.2984397,-89.4127739,34.19181783,-86.74805975,306.602,500,746754039.005126,845472006.2466477,98717967.24152175,13.22
8ACKERMAN CC_360627,8E POINT AL_360058,33.38593855,-89.20997726,34.19181783,-86.74805975,284.996,500,693237831.4928417,777708907.9102151,84471076.4173734,12.185
8CLAY_360688,8E POINT AL_360058,33.47863869,-88.74043971,34.19181783,-86.74805975,236.568,500,575874344.1502419,634395387.3785172,58521043.2282753,10.162
8COGEN CALED_360606,8E POINT AL_360058,33.64779158,-88.31593565,34.19181783,-86.74805975,189.399,500,458553753.4191532,485296616.9068117,26742863.48765849,5.832
6CENTER PNT_360533,8E POINT AL_360058,34.6665318,-84.97089121,34.19181783,-86.74805975,223.402,500,549750354.1170638,551431401.1004536,1681046.9833898144,0.306
8BR FERRY NP_360052,8E POINT AL_360058,34.70520875,-87.11705751,34.19181783,-86.74805975,144.919,500,352768907.8222916,374896062.78317416,22127154.96088255,6.272
6LOOPERS FRM_360602,8E POINT AL_360058,34.708916,-84.922795,34.19181783,-86.74805975,230.153,500,567890177.5707965,569571698.8061355,1681521.23533902,0.296
6COUNTY LINE_360013,8E POINT AL_360058,34.74311084,-85.00751569,34.19181783,-86.74805975,212.165,500,529943341.0266801,529943341.0266801,0.0,0.0
6YOUNG GA_361454,8E POINT AL_360058,34.75072952,-85.27349349,34.19181783,-86.74805975,182.597,500,454037633.0759281,454785008.48880106,747375.4128729786,0.165
6KENSNGTN GA_361503,8E POINT AL_360058,34.81265905,-85.32344844,34.19181783,-86.74805975,182.796,500,454566314.10700995,455316579.7926905,750265.6856805411,0.165
6ALPHA GA_361502,8E POINT AL_360058,34.813027,-84.853226,34.19181783,-86.74805975,249.224,500,613984971.2962325,615665915.2479044,1680943.9516719214,0.274
6CLOUDLANDGA_361633,8E POINT AL_360058,34.81849122,-85.5353055,34.19181783,-86.74805975,164.293,500,405240325.6063286,405240325.6063286,0.0,0.0
6ROCK SPG GA_361500,8E POINT AL_360058,34.83897801,-85.28020801,34.19181783,-86.74805975,186.835,500,463779130.3138944,464528974.325103,749844.0112085823,0.162
6WID CRK FP_360068,8E POINT AL_360058,34.88515896,-85.75604163,34.19181783,-86.74805975,149.763,500,362866363.8876523,362866363.8876523,0.0,0.0
6WRINGOLD GA_361504,8E POINT AL_360058,34.89324284,-85.13750475,34.19181783,-86.74805975,220.396,500,547198251.0778792,547198251.0778792,0.0,0.0
6BATTLFLD GA_361530,8E POINT AL_360058,34.9555953,-85.26465286,34.19181783,-86.74805975,200.763,500,502365436.0638157,503188479.19293773,823043.129121997,0.164
6S HAVEN CC_360594,8E POINT AL_360058,34.99627529,-90.0485284,34.19181783,-86.74805975,397.298,500,973161311.0698358,1168460495.7401829,195299184.67034703,20.069
6CONCORD TN_361509,8E POINT AL_360058,34.99679719,-85.1610968,34.19181783,-86.74805975,242.183,500,602769300.1839823,602769300.1839823,0.0,0.0
8BRADLEY TN_360662,8E POINT AL_360058,35.0367008,-84.963798,34.19181783,-86.74805975,248.172,500,615317743.1274238,615737307.9299467,419564.8025229531,0.068
8BENTON MS_360612,8E POINT AL_360058,35.17466126,-89.74553609,34.19181783,-86.74805975,365.249,500,890442268.4166932,1040521648.0725998,150079379.6559066,16.854
8ANDERSON TN_360120,8E POINT AL_360058,35.94503289,-84.38856432,34.19181783,-86.74805975,338.894,500,839930560.5658803,839930560.5658803,0.0,0.0
8BULL RUN FP_360093,8E POINT AL_360058,36.01895969,-84.15785445,34.19181783,-86.74805975,434.092,500,1084145154.7166467,1084145154.7166467,0.0,0.0
8DAVIDSON TN_360048,8E POINT AL_360058,36.06703747,-86.9841046,34.19181783,-86.74805975,273.598,500,680459075.3905928,703326787.8816364,22867712.49104357,3.361
8CUMBERLAND_360040,8E POINT AL_360058,36.3921331,-87.65747953,34.19181783,-86.74805975,308.246,500,744198103.0029671,822370547.5503503,78172444.54738316,10.504
7SHAWNEE FP_360002,8E POINT AL_360058,37.150267,-88.778122,34.19181783,-86.74805975,448.051,500,1074693718.7817254,1313558019.7213402,238864300.9396147,22.226
8CHOCTAW MS_360654,8MONTGOMERY_360044,33.2984397,-89.4127739,36.59438524,-87.25325857,471.817,500,1136461397.570704,1407467175.6877356,271005778.1170316,23.846
8ACKERMAN CC_360627,8MONTGOMERY_360044,33.38593855,-89.20997726,36.59438524,-87.25325857,452.475,500,1091112955.9511542,1304239360.134039,213126404.18288472,19.533
8CLAY_360688,8MONTGOMERY_360044,33.47863869,-88.74043971,36.59438524,-87.25325857,422.834,500,1021001211.4593531,1165113632.536232,144112421.0768788,14.115
8COGEN CALED_360606,8MONTGOMERY_360044,33.64779158,-88.31593565,36.59438524,-87.25325857,385.014,500,929156954.897938,1045283233.2487335,116126278.35079545,12.498
8E POINT AL_360058,8MONTGOMERY_360044,34.19181783,-86.74805975,36.59438524,-87.25325857,346.315,500,857096046.8874743,914952671.1034709,57856624.21599667,6.75
6CENTER PNT_360533,8MONTGOMERY_360044,34.6665318,-84.97089121,36.59438524,-87.25325857,397.971,500,972906303.884117,1038275185.135244,65368881.25112704,6.719
8BR FERRY NP_360052,8MONTGOMERY_360044,34.70520875,-87.11705751,36.59438524,-87.25325857,236.786,500,578961733.363728,636119663.026962,57157929.66323399,9.872
6LOOPERS FRM_360602,8MONTGOMERY_360044,34.708916,-84.922795,36.59438524,-87.25325857,390.183,500,952554739.4529917,1018023974.7468889,65469235.293897174,6.873
8LIMESTONE_360088,8MONTGOMERY_360044,34.71890958,-86.84630969,36.59438524,-87.25325857,242.477,500,594107080.7731702,658706360.7258323,64599279.95266209,10.873
6COUNTY LINE_360013,8MONTGOMERY_360044,34.74311084,-85.00751569,36.59438524,-87.25325857,372.605,500,938121732.7103069,997210080.2999055,59088347.5895987,6.299
6YOUNG GA_361454,8MONTGOMERY_360044,34.75072952,-85.27349349,36.59438524,-87.25325857,330.179,500,834528541.2103904,892700803.1858286,58172261.97543808,6.971
8MADISON AL_360060,8MONTGOMERY_360044,34.79577878,-86.52158584,36.59438524,-87.25325857,247.636,500,607773100.5780978,671212166.2232754,63439065.645177595,10.438
6KENSNGTN GA_361503,8MONTGOMERY_360044,34.81265905,-85.32344844,36.59438524,-87.25325857,330.475,500,834902771.4515967,893229831.4558315,58327060.00423475,6.986
6ALPHA GA_361502,8MONTGOMERY_360044,34.813027,-84.853226,36.59438524,-87.25325857,370.678,500,904337826.4935094,969891181.3667406,65553354.87323114,7.249
6CLOUDLANDGA_361633,8MONTGOMERY_360044,34.81849122,-85.5353055,36.59438524,-87.25325857,304.17,500,767152804.9768609,822250653.6040688,55097848.627207816,7.182
8MAGNOL CC1_360613,8MONTGOMERY_360044,34.8287922,-89.20041124,36.59438524,-87.25325857,295.546,500,717618456.0674679,867363271.1497898,149744815.08232182,20.867
6ROCK SPG GA_361500,8MONTGOMERY_360044,34.83897801,-85.28020801,36.59438524,-87.25325857,334.513,500,844159974.6886044,902501503.4637802,58341528.775175855,6.911
6WID CRK FP_360068,8MONTGOMERY_360044,34.88515896,-85.75604163,36.59438524,-87.25325857,270.484,500,679672893.5155551,738903489.3781097,59230595.86255456,8.715
6WRINGOLD GA_361504,8MONTGOMERY_360044,34.89324284,-85.13750475,36.59438524,-87.25325857,369.226,500,900295709.3707321,966250011.2943761,65954301.923644006,7.326
6BATTLFLD GA_361530,8MONTGOMERY_360044,34.9555953,-85.26465286,36.59438524,-87.25325857,308.206,500,778299414.5659559,834359563.6719198,56060149.10596391,7.203
6S HAVEN CC_360594,8MONTGOMERY_360044,34.99627529,-90.0485284,36.59438524,-87.25325857,382.276,500,938986809.162966,1198129976.7934253,259143167.63045934,27.598
6CONCORD TN_361509,8MONTGOMERY_360044,34.99679719,-85.1610968,36.59438524,-87.25325857,376.181,500,919098908.0763626,984947929.3141879,65849021.23782529,7.165
8BRADLEY TN_360662,8MONTGOMERY_360044,35.0367008,-84.963798,36.59438524,-87.25325857,339.145,500,825994020.0426679,891483467.0390319,65489446.99636401,7.929
8BENTON MS_360612,8MONTGOMERY_360044,35.17466126,-89.74553609,36.59438524,-87.25325857,324.019,500,789334546.1302536,1002603056.5488372,213268510.41858357,27.019
8FRANKLIN TN_360069,8MONTGOMERY_360044,35.33506701,-86.11727644,36.59438524,-87.25325857,220.527,500,549000464.0531058,601928857.2445707,52928393.19146492,9.641
8HAYWOOD TN_360542,8MONTGOMERY_360044,35.54308246,-89.19654872,36.59438524,-87.25325857,250.42,500,607424102.4940085,754816539.10107,147392436.6070615,24.265
8HIWASSEE TN_360110,8MONTGOMERY_360044,35.60032498,-84.78911434,36.59438524,-87.25325857,291.94,500,710120359.8138236,775668854.7040733,65548494.89024976,9.231
8LAG CRK CC_360615,8MONTGOMERY_360044,35.65702785,-89.39460044,36.59438524,-87.25325857,262.852,500,635388114.5902771,807080163.2331574,171692048.64288026,27.022
8MAURY TN_360050,8MONTGOMERY_360044,35.672863,-87.01861625,36.59438524,-87.25325857,122.03,500,305512444.8926126,352010730.71402735,46498285.82141477,15.22
8JACKSON TN_360019,8MONTGOMERY_360044,35.70901203,-88.79407261,36.59438524,-87.25325857,205.13,500,498345043.08853185,598602971.9708047,100257928.88227281,20.118
8ANDERSON TN_360120,8MONTGOMERY_360044,35.94503289,-84.38856432,36.59438524,-87.25325857,311.634,500,766142114.7461004,829105261.1538951,62963146.40779472,8.218
8BULL RUN FP_360093,8MONTGOMERY_360044,36.01895969,-84.15785445,36.59438524,-87.25325857,366.11,500,900068661.5657669,959279030.736131,59210369.17036398,6.578
8JVILLE FP_360037,8MONTGOMERY_360044,36.02382902,-87.98154082,36.59438524,-87.25325857,116.677,500,284640600.7375314,333166253.1950002,48525652.45746874,17.048
8DAVIDSON TN_360048,8MONTGOMERY_360044,36.06703747,-86.9841046,36.59438524,-87.25325857,79.568,500,199393207.33279482,237195237.71949035,37802030.38669552,18.959
8GLEASON CT_360582,8MONTGOMERY_360044,36.24522988,-88.6114255,36.59438524,-87.25325857,174.477,500,425469161.9038136,511885793.66931784,86416631.76550423,20.311
8LAG CRK CT_360568,8MONTGOMERY_360044,36.27534882,-88.83423675,36.59438524,-87.25325857,196.053,500,476895170.16929984,579096798.0520773,102201627.88277751,21.431
8CUMBERLAND_360040,8MONTGOMERY_360044,36.3921331,-87.65747953,36.59438524,-87.25325857,79.851,500,195477185.14547628,236518703.20418984,41041518.05871356,20.996
8MARSHALL KY_360015,8MONTGOMERY_360044,37.02455006,-88.39384277,36.59438524,-87.25325857,199.698,500,482101461.53462267,560273855.2938905,78172393.75926779,16.215
7SHAWNEE FP_360002,8MONTGOMERY_360044,37.150267,-88.778122,36.59438524,-87.25325857,287.782,500,693520619.643349,901246126.4646689,207725506.82131982,29.952
8CHOCTAW MS_360654,8UNION MS_360033,33.2984397,-89.4127739,34.37783096,-88.85850114,148.247,500,357920828.85484767,454560960.7556612,96640131.90081353,27.0
8ACKERMAN CC_360627,8UNION MS_360033,33.38593855,-89.20997726,34.37783096,-88.85850114,130.554,500,316575998.4747325,391254454.7107198,74678456.23598734,23.589
8CLAY_360688,8UNION MS_360033,33.47863869,-88.74043971,34.37783096,-88.85850114,112.096,500,269049170.86370087,349462421.59409535,80413250.73039448,29.888
8COGEN CALED_360606,8UNION MS_360033,33.64779158,-88.31593565,34.37783096,-88.85850114,107.446,500,259962650.49464163,311426131.9584091,51463481.46376743,19.796
8E POINT AL_360058,8UNION MS_360033,34.19181783,-86.74805975,34.37783096,-88.85850114,247.682,500,609323914.1202267,652775561.9661412,43451647.845914476,7.131
8TRICO STEEL_360014,8UNION MS_360033,34.60872576,-87.05506218,34.37783096,-88.85850114,188.834,500,458403267.25997096,537951341.9545956,79548074.69462457,17.353
6CENTER PNT_360533,8UNION MS_360033,34.6665318,-84.97089121,34.37783096,-88.85850114,433.995,500,1061214624.3631444,1156347042.885645,95132418.52250057,8.964
8BR FERRY NP_360052,8UNION MS_360033,34.70520875,-87.11705751,34.37783096,-88.85850114,196.061,500,478579301.5209838,562858627.8010916,84279326.28010777,17.61
6LOOPERS FRM_360602,8UNION MS_360033,34.708916,-84.922795,34.37783096,-88.85850114,440.746,500,1079354447.8168771,1174561147.2766728,95206699.45979567,8.821
8LIMESTONE_360088,8UNION MS_360033,34.71890958,-86.84630969,34.37783096,-88.85850114,219.808,500,535536688.8471298,619015987.7758187,83479298.92868888,15.588
6COUNTY LINE_360013,8UNION MS_360033,34.74311084,-85.00751569,34.37783096,-88.85850114,409.026,500,1002050629.801948,1095698161.6808825,93647531.87893447,9.346
6YOUNG GA_361454,8UNION MS_360033,34.75072952,-85.27349349,34.37783096,-88.85850114,375.129,500,915171892.0876693,1010134366.9209864,94962474.83331713,10.376
8MADISON AL_360060,8UNION MS_360033,34.79577878,-86.52158584,34.37783096,-88.85850114,259.366,500,634399000.3691902,724395579.1315444,89996578.76235412,14.186
6KENSNGTN GA_361503,8UNION MS_360033,34.81265905,-85.32344844,34.37783096,-88.85850114,375.328,500,915700573.1187512,1010833697.0438979,95133123.92514671,10.389
6ALPHA GA_361502,8UNION MS_360033,34.813027,-84.853226,34.37783096,-88.85850114,459.817,500,1125449241.542313,1220784975.3481207,95335733.80580758,8.471
6CLOUDLANDGA_361633,8UNION MS_360033,34.81849122,-85.5353055,34.37783096,-88.85850114,355.603,500,864835504.0183699,958516957.941203,93681453.92283311,10.832
8MAGNOL CC1_360613,8UNION MS_360033,34.8287922,-89.20041124,34.37783096,-88.85850114,65.281,500,158219992.21730244,206547602.8486469,48327610.63134447,30.545
6ROCK SPG GA_361500,8UNION MS_360033,34.83897801,-85.28020801,34.37783096,-88.85850114,379.366,500,924913389.3256356,1020108094.56559,95194705.23995452,10.292
6WID CRK FP_360068,8UNION MS_360033,34.88515896,-85.75604163,34.37783096,-88.85850114,332.51,500,804269386.4105399,898026299.1136336,93756912.70309372,11.657
6WRINGOLD GA_361504,8UNION MS_360033,34.89324284,-85.13750475,34.37783096,-88.85850114,417.257,500,1019305539.853147,1112170024.5288706,92864484.6757236,9.111
6BATTLFLD GA_361530,8UNION MS_360033,34.9555953,-85.26465286,34.37783096,-88.85850114,386.948,500,945888128.4277735,1041138595.7582858,95250467.33051224,10.07
6S HAVEN CC_360594,8UNION MS_360033,34.99627529,-90.0485284,34.37783096,-88.85850114,162.05,500,402532307.13367826,554993770.3314309,152461463.1977526,37.876
6CONCORD TN_361509,8UNION MS_360033,34.99679719,-85.1610968,34.37783096,-88.85850114,439.044,500,1074876588.95925,1168081720.2691834,93205131.30993336,8.671
8BRADLEY TN_360662,8UNION MS_360033,35.0367008,-84.963798,34.37783096,-88.85850114,445.033,500,1087425031.9026916,1181325257.206354,93900225.30366221,8.635
8RACCOON MTN_360079,8UNION MS_360033,35.05681146,-85.38724619,34.37783096,-88.85850114,374.077,500,908471490.5773151,1003157743.484283,94686252.9069679,10.423
8BENTON MS_360612,8UNION MS_360033,35.17466126,-89.74553609,34.37783096,-88.85850114,140.053,500,346214273.449098,476684633.74688786,130470360.29778986,37.685
8SEQUOYAH NP_360081,8UNION MS_360033,35.22706031,-85.09419774,34.37783096,-88.85850114,420.716,500,1036133914.7782531,1141056298.4367332,104922383.65848005,10.126
8FRANKLIN TN_360069,8UNION MS_360033,35.33506701,-86.11727644,34.37783096,-88.85850114,308.09,500,745343062.5050654,848664057.8762535,103320995.37118807,13.862
8SHELBY TN_360021,8UNION MS_360033,35.38606284,-89.80340294,34.37783096,-88.85850114,159.769,500,389587746.538424,542067897.842286,152480151.30386198,39.139
8HAYWOOD TN_360542,8UNION MS_360033,35.54308246,-89.19654872,34.37783096,-88.85850114,146.58,500,357720541.75946474,463231657.97019017,105511116.21072546,29.495
8HIWASSEE TN_360110,8UNION MS_360033,35.60032498,-84.78911434,34.37783096,-88.85850114,444.033,500,1077696598.7301679,1180954500.048967,103257901.31879908,9.581
8LAG CRK CC_360615,8UNION MS_360033,35.65702785,-89.39460044,34.37783096,-88.85850114,165.594,500,402931626.20004827,540110796.6907789,137179170.4907306,34.045
8MAURY TN_360050,8UNION MS_360033,35.672863,-87.01861625,34.37783096,-88.85850114,246.872,500,594754848.2598523,673731037.4747798,78976189.21492761,13.279
8JACKSON TN_360019,8UNION MS_360033,35.70901203,-88.79407261,34.37783096,-88.85850114,161.605,500,394933859.681777,494462007.627825,99528147.94604799,25.201
8RUTHERFORD_360010,8UNION MS_360033,35.82791498,-86.59841524,34.37783096,-88.85850114,295.771,500,717376210.9331001,805358293.9041768,87982082.97107674,12.264
8ANDERSON TN_360120,8UNION MS_360033,35.94503289,-84.38856432,34.37783096,-88.85850114,493.35,500,1206305742.1150336,1311321528.108929,105015785.9938954,8.706
8BULL RUN FP_360093,8UNION MS_360033,36.01895969,-84.15785445,34.37783096,-88.85850114,581.38,500,1436597312.5249026,1539722055.1473894,103124742.62248681,7.178
8JVILLE FP_360037,8UNION MS_360033,36.02382902,-87.98154082,34.37783096,-88.85850114,221.676,500,529244441.2131594,660551455.3735862,131307014.16042684,24.81
8PIN HOOK TN_360581,8UNION MS_360033,36.04646628,-86.60595108,34.37783096,-88.85850114,318.569,500,785669180.66322,886049178.9049016,100379998.24168156,12.776
8PLATEAU TN_360077,8UNION MS_360033,36.05858036,-85.14194112,34.37783096,-88.85850114,433.6,500,1052621980.0921426,1156185084.4427364,103563104.35059375,9.839
8DAVIDSON TN_360048,8UNION MS_360033,36.06703747,-86.9841046,34.37783096,-88.85850114,276.442,500,671684480.3005226,782159874.7434078,110475394.44288526,16.448
8GLEASON CT_360582,8UNION MS_360033,36.24522988,-88.6114255,34.37783096,-88.85850114,225.635,500,546427538.517455,704977935.8592573,158550397.34180233,29.016
8LAG CRK CT_360568,8UNION MS_360033,36.27534882,-88.83423675,34.37783096,-88.85850114,230.05,500,559450731.827967,714408613.9328383,154957882.10487127,27.698
8CUMBERLAND_360040,8UNION MS_360033,36.3921331,-87.65747953,34.37783096,-88.85850114,278.129,500,667170254.2300239,819188954.0736201,152018699.84359622,22.786
8PHIPPS B NP_360102,8UNION MS_360033,36.46070569,-82.80788409,34.37783096,-88.85850114,670.871,500,1666093211.602961,1767765153.5974844,101671941.99452333,6.102
8MONTGOMERY_360044,8UNION MS_360033,36.59438524,-87.25325857,34.37783096,-88.85850114,327.723,500,789359884.1796482,964633647.5248779,175273763.34522974,22.205
8MARSHALL KY_360015,8UNION MS_360033,37.02455006,-88.39384277,34.37783096,-88.85850114,331.554,500,801262383.7817258,1049868600.8836042,248606217.1018784,31.027
7SHAWNEE FP_360002,8UNION MS_360033,37.150267,-88.778122,34.37783096,-88.85850114,347.605,500,838021771.9615982,1105878042.9225252,267856270.96092698,31.963
8PARADISE CC_360117,8UNION MS_360033,37.259697,-86.976991,34.37783096,-88.85850114,400.092,500,961384297.5534619,1173681861.0624592,212297563.5089974,22.082
8PARADISE CC_360117,8UNION MS_360033,37.259697,-86.976991,34.37783096,-88.85850114,400.092,500,961384297.5534619,1173681861.0624592,212297563.5089974,22.082
8CHOCTAW MS_360654,8LAG CRK CT_360568,33.2984397,-89.4127739,36.27534882,-88.83423675,362.692,500,879421955.2599002,1153711644.824593,274289689.564693,31.19
8ACKERMAN CC_360627,8LAG CRK CT_360568,33.38593855,-89.20997726,36.27534882,-88.83423675,349.463,500,847786397.9403503,1125533193.0148463,277746795.07449603,32.761
8CLAY_360688,8LAG CRK CT_360568,33.47863869,-88.74043971,36.27534882,-88.83423675,339.833,500,822714550.5013051,1055355619.3708131,232641068.8695081,28.277
8COGEN CALED_360606,8LAG CRK CT_360568,33.64779158,-88.31593565,36.27534882,-88.83423675,323.61,500,780094190.7901232,950043155.556347,169948964.76622382,21.786
8E POINT AL_360058,8LAG CRK CT_360568,34.19181783,-86.74805975,36.27534882,-88.83423675,340.704,500,821431330.2655921,960233575.0780221,138802244.81243,16.898
6CENTER PNT_360533,8LAG CRK CT_360568,34.6665318,-84.97089121,36.27534882,-88.83423675,476.616,500,1163492981.3503313,1264348837.7018008,100855856.35146952,8.668
8BR FERRY NP_360052,8LAG CRK CT_360568,34.70520875,-87.11705751,36.27534882,-88.83423675,253.23,500,609360597.7131052,733880960.8484621,124520363.13535684,20.435
6LOOPERS FRM_360602,8LAG CRK CT_360568,34.708916,-84.922795,36.27534882,-88.83423675,483.367,500,1181632804.8040643,1282484128.5590022,100851323.75493786,8.535
6COUNTY LINE_360013,8LAG CRK CT_360568,34.74311084,-85.00751569,36.27534882,-88.83423675,447.379,500,1092417670.407766,1191181747.479094,98764077.07132782,9.041
6YOUNG GA_361454,8LAG CRK CT_360568,34.75072952,-85.27349349,36.27534882,-88.83423675,405.793,500,995281260.818108,1095454319.1274784,100173058.3093703,10.065
6KENSNGTN GA_361503,8LAG CRK CT_360568,34.81265905,-85.32344844,36.27534882,-88.83423675,406.088,500,995655491.0593143,1096047722.6614964,100392231.60218221,10.083
6ALPHA GA_361502,8LAG CRK CT_360568,34.813027,-84.853226,36.27534882,-88.83423675,466.373,500,1145613903.351798,1226012429.9162834,80398526.56448522,7.018
6CLOUDLANDGA_361633,8LAG CRK CT_360568,34.81849122,-85.5353055,36.27534882,-88.83423675,379.783,500,927905524.5845784,1025059645.8892782,97154121.30469984,10.47
6ROCK SPG GA_361500,8LAG CRK CT_360568,34.83897801,-85.28020801,36.27534882,-88.83423675,410.126,500,1004912694.2963219,1105346947.704983,100434253.40866123,9.994
6WID CRK FP_360068,8LAG CRK CT_360568,34.88515896,-85.75604163,36.27534882,-88.83423675,346.256,500,840110125.0935488,936797915.9586661,96687790.8651173,11.509
6WRINGOLD GA_361504,8LAG CRK CT_360568,34.89324284,-85.13750475,36.27534882,-88.83423675,455.61,500,1109672580.4589653,1207573197.7531528,97900617.29418756,8.822
6BATTLFLD GA_361530,8LAG CRK CT_360568,34.9555953,-85.26465286,36.27534882,-88.83423675,388.539,500,954083786.6995519,1050719545.5382522,96635758.83870034,10.129
6S HAVEN CC_360594,8LAG CRK CT_360568,34.99627529,-90.0485284,36.27534882,-88.83423675,243.656,500,599916023.6842606,871650586.6849527,271734563.0006921,45.295
6CONCORD TN_361509,8LAG CRK CT_360568,34.99679719,-85.1610968,36.27534882,-88.83423675,471.876,500,1160374984.934651,1241156858.0690048,80781873.13435392,6.962
8BRADLEY TN_360662,8LAG CRK CT_360568,35.0367008,-84.963798,36.27534882,-88.83423675,434.84,500,1067270096.9009564,1147129223.461343,79859126.56038657,7.483
8BENTON MS_360612,8LAG CRK CT_360568,35.17466126,-89.74553609,36.27534882,-88.83423675,165.606,500,399922693.46158206,572158319.7208269,172235626.25924483,43.067
8FRANKLIN TN_360069,8LAG CRK CT_360568,35.33506701,-86.11727644,36.27534882,-88.83423675,300.913,500,724333038.7954308,810086624.8857766,85753586.09034587,11.839
8HAYWOOD TN_360542,8LAG CRK CT_360568,35.54308246,-89.19654872,36.27534882,-88.83423675,99.332,500,235726568.6403377,338773678.3111469,103047109.6708092,43.715
8HIWASSEE TN_360110,8LAG CRK CT_360568,35.60032498,-84.78911434,36.27534882,-88.83423675,407.726,500,998072838.7188556,1077959994.154488,79887155.43563238,8.004
8LAG CRK CC_360615,8LAG CRK CT_360568,35.65702785,-89.39460044,36.27534882,-88.83423675,95.168,500,228002517.38294053,326677576.12837213,98675058.7454316,43.278
8JACKSON TN_360019,8LAG CRK CT_360568,35.70901203,-88.79407261,36.27534882,-88.83423675,71.253,500,169299535.77017918,236489505.17614305,67189969.40596385,39.687
8ANDERSON TN_360120,8LAG CRK CT_360568,35.94503289,-84.38856432,36.27534882,-88.83423675,454.918,500,1124014578.2537103,1205782512.966166,81767934.71245572,7.275
8BULL RUN FP_360093,8LAG CRK CT_360568,36.01895969,-84.15785445,36.27534882,-88.83423675,538.065,500,1318128835.408615,1462889124.7863371,144760289.37772205,10.982
8JVILLE FP_360037,8LAG CRK CT_360568,36.02382902,-87.98154082,36.27534882,-88.83423675,90.453,500,215070241.18433407,267321348.7736195,52251107.58928544,24.295
8DAVIDSON TN_360048,8LAG CRK CT_360568,36.06703747,-86.9841046,36.27534882,-88.83423675,186.008,500,454585391.2323502,533114027.85817945,78528636.62582931,17.275
8GLEASON CT_360582,8LAG CRK CT_360568,36.24522988,-88.6114255,36.27534882,-88.83423675,21.853,500,52037292.671555884,67648478.41868664,15611185.747130763,30.0
8CUMBERLAND_360040,8LAG CRK CT_360568,36.3921331,-87.65747953,36.27534882,-88.83423675,121.393,500,293658711.79034907,353413387.79413086,59754676.00378182,20.348
7SHAWNEE FP_360002,8LAG CRK CT_360568,37.150267,-88.778122,36.27534882,-88.83423675,122.338,500,291023407.73408747,409598755.8417537,118575348.10766624,40.744
8CHOCTAW MS_360654,8RUTHERFORD_360010,33.2984397,-89.4127739,35.82791498,-86.59841524,416.122,500,1010896816.2907419,1158932280.763981,148035464.47323918,14.644
8ACKERMAN CC_360627,8RUTHERFORD_360010,33.38593855,-89.20997726,35.82791498,-86.59841524,394.517,500,957380608.7784576,1090576563.4252071,133195954.64674938,13.913
8CLAY_360688,8RUTHERFORD_360010,33.47863869,-88.74043971,35.82791498,-86.59841524,356.782,500,863262567.7329174,966950530.7869782,103687963.05406082,12.011
8COGEN CALED_360606,8RUTHERFORD_360010,33.64779158,-88.31593565,35.82791498,-86.59841524,317.718,500,765088958.9931456,840253011.520738,75164052.52759247,9.824
8E POINT AL_360058,8RUTHERFORD_360010,34.19181783,-86.74805975,35.82791498,-86.59841524,226.826,500,557474997.8519726,564228253.8391279,6753255.98715531,1.211
6CENTER PNT_360533,8RUTHERFORD_360010,34.6665318,-84.97089121,35.82791498,-86.59841524,271.364,500,672230051.7777214,678942126.6839534,6712074.90623204,0.998
8BR FERRY NP_360052,8RUTHERFORD_360010,34.70520875,-87.11705751,35.82791498,-86.59841524,149.716,500,362609082.2894218,387171075.17801696,24561992.888595138,6.774
6LOOPERS FRM_360602,8RUTHERFORD_360010,34.708916,-84.922795,35.82791498,-86.59841524,263.577,500,651878487.346596,658589951.741304,6711464.394708002,1.03
8LIMESTONE_360088,8RUTHERFORD_360010,34.71890958,-86.84630969,35.82791498,-86.59841524,139.956,500,337396444.4727608,355904612.64940524,18508168.176644463,5.486
6COUNTY LINE_360013,8RUTHERFORD_360010,34.74311084,-85.00751569,35.82791498,-86.59841524,248.91,500,623897674.1652528,633699735.652591,9802061.487338133,1.571
6YOUNG GA_361454,8RUTHERFORD_360010,34.75072952,-85.27349349,35.82791498,-86.59841524,201.872,500,506490176.02802384,517049581.08941966,10559405.06139583,2.085
8MADISON AL_360060,8RUTHERFORD_360010,34.79577878,-86.52158584,35.82791498,-86.59841524,131.682,500,318826290.7553588,326470856.911892,7644566.156533155,2.398
6KENSNGTN GA_361503,8RUTHERFORD_360010,34.81265905,-85.32344844,35.82791498,-86.59841524,202.168,500,506864406.2692301,517470353.29675204,10605947.027521892,2.092
6ALPHA GA_361502,8RUTHERFORD_360010,34.813027,-84.853226,35.82791498,-86.59841524,244.072,500,603661574.3871138,610346971.2881242,6685396.901010418,1.107
6CLOUDLANDGA_361633,8RUTHERFORD_360010,34.81849122,-85.5353055,35.82791498,-86.59841524,175.862,500,439114439.7944943,446336741.7230581,7222301.928563809,1.645
8MAGNOL CC1_360613,8RUTHERFORD_360010,34.8287922,-89.20041124,35.82791498,-86.59841524,288.784,500,697491857.9893732,795489765.1116425,97997907.12226924,14.05
6ROCK SPG GA_361500,8RUTHERFORD_360010,34.83897801,-85.28020801,35.82791498,-86.59841524,206.206,500,516121609.5062377,526730679.57961226,10609070.073374568,2.056
6WID CRK FP_360068,8RUTHERFORD_360010,34.88515896,-85.75604163,35.82791498,-86.59841524,146.526,500,365169602.50057906,374983060.4189782,9813457.918399127,2.687
6WRINGOLD GA_361504,8RUTHERFORD_360010,34.89324284,-85.13750475,35.82791498,-86.59841524,242.619,500,599619457.2643363,606688666.3763211,7069209.111984777,1.179
6BATTLFLD GA_361530,8RUTHERFORD_360010,34.9555953,-85.26465286,35.82791498,-86.59841524,177.585,500,446544224.32126606,454369502.0668312,7825277.745565137,1.752
6S HAVEN CC_360594,8RUTHERFORD_360010,34.99627529,-90.0485284,35.82791498,-86.59841524,378.111,500,923233803.8433927,1135684312.4244652,212450508.58107236,23.012
6CONCORD TN_361509,8RUTHERFORD_360010,34.99679719,-85.1610968,35.82791498,-86.59841524,249.574,500,618422655.9699669,625492808.8056699,7070152.835702994,1.143
8BRADLEY TN_360662,8RUTHERFORD_360010,35.0367008,-84.963798,35.82791498,-86.59841524,212.538,500,525317767.93627226,531919017.99555516,6601250.05928288,1.257
8RACCOON MTN_360079,8RUTHERFORD_360010,35.05681146,-85.38724619,35.82791498,-86.59841524,159.988,500,396637454.8288584,403986614.17366827,7349159.344809915,1.853
8BENTON MS_360612,8RUTHERFORD_360010,35.17466126,-89.74553609,35.82791498,-86.59841524,325.806,500,792821394.1762114,961821758.4799054,169000364.303694,21.316
8FRANKLIN TN_360069,8RUTHERFORD_360010,35.33506701,-86.11727644,35.82791498,-86.59841524,96.187,500,234123551.6137296,241246045.35540816,7122493.741678578,3.042
8HAYWOOD TN_360542,8RUTHERFORD_360010,35.54308246,-89.19654872,35.82791498,-86.59841524,260.827,500,631328981.3100209,743934625.0777432,112605643.7677222,17.836
8HIWASSEE TN_360110,8RUTHERFORD_360010,35.60032498,-84.78911434,35.82791498,-86.59841524,185.157,500,455942235.40843445,462522208.7186205,6579973.3101860415,1.443
8LAG CRK CC_360615,8RUTHERFORD_360010,35.65702785,-89.39460044,35.82791498,-86.59841524,277.135,500,678483426.6658773,852742687.2460421,174259260.5801648,25.684
8MAURY TN_360050,8RUTHERFORD_360010,35.672863,-87.01861625,35.82791498,-86.59841524,50.48,500,126704812.551005,135973607.59170583,9268795.04070083,7.315
8JACKSON TN_360019,8RUTHERFORD_360010,35.70901203,-88.79407261,35.82791498,-86.59841524,219.734,500,538955866.366437,654309504.3235021,115353637.9570651,21.403
8ANDERSON TN_360120,8RUTHERFORD_360010,35.94503289,-84.38856432,35.82791498,-86.59841524,232.594,500,581290498.9148084,588182356.3125634,6891857.397755038,1.186
8BULL RUN FP_360093,8RUTHERFORD_360010,36.01895969,-84.15785445,35.82791498,-86.59841524,322.081,500,802857800.7761266,812065738.0021201,9207937.225993479,1.147
8JVILLE FP_360037,8RUTHERFORD_360010,36.02382902,-87.98154082,35.82791498,-86.59841524,140.284,500,350065721.6045251,381197506.77406806,31131785.16954298,8.893
8PIN HOOK TN_360581,8RUTHERFORD_360010,36.04646628,-86.60595108,35.82791498,-86.59841524,33.234,500,90607090.20961078,99667801.49213013,9060711.282519355,10.0
8PLATEAU TN_360077,8RUTHERFORD_360010,36.05858036,-85.14194112,35.82791498,-86.59841524,163.712,500,401535478.28132087,410868618.4554712,9333140.174150333,2.324
8DAVIDSON TN_360048,8RUTHERFORD_360010,36.06703747,-86.9841046,35.82791498,-86.59841524,63.939,500,169100730.06846583,186010806.61313874,16910076.54467289,10.0
8GLEASON CT_360582,8RUTHERFORD_360010,36.24522988,-88.6114255,35.82791498,-86.59841524,206.28,500,509476867.8463311,575578602.417249,66101734.570917875,12.974
8LAG CRK CT_360568,8RUTHERFORD_360010,36.27534882,-88.83423675,35.82791498,-86.59841524,227.857,500,560902876.1118174,642775461.4626689,81872585.35085152,14.597
8CUMBERLAND_360040,8RUTHERFORD_360010,36.3921331,-87.65747953,35.82791498,-86.59841524,134.564,500,340743399.4476343,385479088.71155316,44735689.263918854,13.129
8PHIPPS B NP_360102,8RUTHERFORD_360010,36.46070569,-82.80788409,35.82791498,-86.59841524,411.572,500,1032353699.8541849,1041440697.687381,9086997.83319619,0.88
8MONTGOMERY_360044,8RUTHERFORD_360010,36.59438524,-87.25325857,35.82791498,-86.59841524,135.658,500,346576433.41654056,399536479.24716234,52960045.830621794,15.281
8MARSHALL KY_360015,8RUTHERFORD_360010,37.02455006,-88.39384277,35.82791498,-86.59841524,257.751,500,644267860.1308311,731695168.0534031,87427307.92257202,13.57
7SHAWNEE FP_360002,8RUTHERFORD_360010,37.150267,-88.778122,35.82791498,-86.59841524,319.586,500,777528325.5858666,961480268.3518662,183951942.76599962,23.659
8PARADISE CC_360117,8RUTHERFORD_360010,37.259697,-86.976991,35.82791498,-86.59841524,210.361,500,524674950.20888823,601896152.145539,77221201.9366508,14.718
8PARADISE CC_360117,8RUTHERFORD_360010,37.259697,-86.976991,35.82791498,-86.59841524,210.361,500,524674950.20888823,601896152.145539,77221201.9366508,14.718
8CHOCTAW MS_360654,8SEQUOYAH NP_360081,33.2984397,-89.4127739,35.22706031,-85.09419774,513.344,500,1261278978.6645362,1361405191.1891139,100126212.52457766,7.938
8ACKERMAN CC_360627,8SEQUOYAH NP_360081,33.38593855,-89.20997726,35.22706031,-85.09419774,491.738,500,1207762771.1522517,1293375435.5411584,85612664.3889067,7.089
8CLAY_360688,8SEQUOYAH NP_360081,33.47863869,-88.74043971,35.22706031,-85.09419774,445.028,500,1095539905.2982984,1152871091.9006295,57331186.60233116,5.233
8COGEN CALED_360606,8SEQUOYAH NP_360081,33.64779158,-88.31593565,35.22706031,-85.09419774,397.845,500,980489118.7974757,1009941673.1111287,29452554.31365298,3.004
8E POINT AL_360058,8SEQUOYAH NP_360081,34.19181783,-86.74805975,35.22706031,-85.09419774,250.955,500,624354684.1758218,624354684.1758218,0.0,0.0
6CENTER PNT_360533,8SEQUOYAH NP_360081,34.6665318,-84.97089121,35.22706031,-85.09419774,133.443,500,337803936.52551085,337803936.52551085,0.0,0.0
8BR FERRY NP_360052,8SEQUOYAH NP_360081,34.70520875,-87.11705751,35.22706031,-85.09419774,238.033,500,605016233.0401196,615283848.0396353,10267614.99951569,1.697
6LOOPERS FRM_360602,8SEQUOYAH NP_360081,34.708916,-84.922795,35.22706031,-85.09419774,125.656,500,317452372.0943855,317452372.0943855,0.0,0.0
8LIMESTONE_360088,8SEQUOYAH NP_360081,34.71890958,-86.84630969,35.22706031,-85.09419774,212.659,500,543080263.9036155,553350686.9129996,10270423.009384157,1.891
6COUNTY LINE_360013,8SEQUOYAH NP_360081,34.74311084,-85.00751569,35.22706031,-85.09419774,121.363,500,308028862.27147317,308440347.79496384,411485.52349068306,0.134
6YOUNG GA_361454,8SEQUOYAH NP_360081,34.75072952,-85.27349349,35.22706031,-85.09419774,127.667,500,332656043.3151497,336011688.6795818,3355645.3644320695,1.009
8MADISON AL_360060,8SEQUOYAH NP_360081,34.79577878,-86.52158584,35.22706031,-85.09419774,175.569,500,455056243.19054013,458250863.2394349,3194620.0488947425,0.702
6KENSNGTN GA_361503,8SEQUOYAH NP_360081,34.81265905,-85.32344844,35.22706031,-85.09419774,127.962,500,333030273.556356,336408139.435899,3377865.879542978,1.014
6ALPHA GA_361502,8SEQUOYAH NP_360081,34.813027,-84.853226,35.22706031,-85.09419774,106.151,500,269235459.1349033,269235459.1349033,0.0,0.0
6CLOUDLANDGA_361633,8SEQUOYAH NP_360081,34.81849122,-85.5353055,35.22706031,-85.09419774,101.657,500,265280307.08162016,265280307.08162016,0.0,0.0
8MAGNOL CC1_360613,8SEQUOYAH NP_360081,34.8287922,-89.20041124,35.22706031,-85.09419774,429.054,500,1050837784.623246,1158831008.2159529,107993223.59270696,10.277
6ROCK SPG GA_361500,8SEQUOYAH NP_360081,34.83897801,-85.28020801,35.22706031,-85.09419774,132.001,500,342287476.79336363,345668277.3784671,3380800.5851034564,0.988
6WID CRK FP_360068,8SEQUOYAH NP_360081,34.88515896,-85.75604163,35.22706031,-85.09419774,101.702,500,264545478.9191466,264545478.9191466,0.0,0.0
6WRINGOLD GA_361504,8SEQUOYAH NP_360081,34.89324284,-85.13750475,35.22706031,-85.09419774,104.698,500,265193342.01212585,265604555.08867663,411213.07655077585,0.155
6BATTLFLD GA_361530,8SEQUOYAH NP_360081,34.9555953,-85.26465286,35.22706031,-85.09419774,96.461,500,254348705.4995674,254795612.99583012,446907.4962627313,0.176
6S HAVEN CC_360594,8SEQUOYAH NP_360081,34.99627529,-90.0485284,35.22706031,-85.09419774,521.502,500,1283087875.4139206,1507244798.51529,224156923.10136932,17.47
6CONCORD TN_361509,8SEQUOYAH NP_360081,34.99679719,-85.1610968,35.22706031,-85.09419774,111.654,500,283996540.71775633,284406425.39869344,409884.6809371321,0.144
8BRADLEY TN_360662,8SEQUOYAH NP_360081,35.0367008,-84.963798,35.22706031,-85.09419774,74.617,500,190891652.68406168,190891652.68406168,0.0,0.0
8RACCOON MTN_360079,8SEQUOYAH NP_360081,35.05681146,-85.38724619,35.22706031,-85.09419774,65.751,500,171820025.96655458,171820025.96655458,0.0,0.0
8BENTON MS_360612,8SEQUOYAH NP_360081,35.17466126,-89.74553609,35.22706031,-85.09419774,479.586,500,1174525157.1302829,1350192788.6543217,175667631.52403873,14.956
8FRANKLIN TN_360069,8SEQUOYAH NP_360081,35.33506701,-86.11727644,35.22706031,-85.09419774,121.875,500,309360284.56921655,309360284.56921655,0.0,0.0
8HAYWOOD TN_360542,8SEQUOYAH NP_360081,35.54308246,-89.19654872,35.22706031,-85.09419774,418.693,500,1024724792.780934,1125788688.1008363,101063895.31990236,9.863
8HIWASSEE TN_360110,8SEQUOYAH NP_360081,35.60032498,-84.78911434,35.22706031,-85.09419774,79.9,500,206938017.14629632,206938017.14629632,0.0,0.0
8LAG CRK CC_360615,8SEQUOYAH NP_360081,35.65702785,-89.39460044,35.22706031,-85.09419774,441.567,500,1079478071.6706543,1213449287.3234887,133971215.65283436,12.411
8MAURY TN_360050,8SEQUOYAH NP_360081,35.672863,-87.01861625,35.22706031,-85.09419774,211.899,500,530743267.9898773,538470112.084865,7726844.094987734,1.456
8JACKSON TN_360019,8SEQUOYAH NP_360081,35.70901203,-88.79407261,35.22706031,-85.09419774,384.689,500,945929245.1939063,1052000359.0889177,106071113.89501144,11.213
8RUTHERFORD_360010,8SEQUOYAH NP_360081,35.82791498,-86.59841524,35.22706031,-85.09419774,174.35,500,437827525.45152605,444577228.0549386,6749702.60341258,1.542
8ANDERSON TN_360120,8SEQUOYAH NP_360081,35.94503289,-84.38856432,35.22706031,-85.09419774,129.216,500,336061423.7009705,336061423.7009705,0.0,0.0
8BULL RUN FP_360093,8SEQUOYAH NP_360081,36.01895969,-84.15785445,35.22706031,-85.09419774,224.414,500,580276017.851737,580276017.851737,0.0,0.0
8JVILLE FP_360037,8SEQUOYAH NP_360081,36.02382902,-87.98154082,35.22706031,-85.09419774,309.079,500,768942699.9089179,798837501.0606705,29894801.15175256,3.888
8PIN HOOK TN_360581,8SEQUOYAH NP_360081,36.04646628,-86.60595108,35.22706031,-85.09419774,205.911,500,524221531.88429403,539299658.9502732,15078127.0659791,2.876
8PLATEAU TN_360077,8SEQUOYAH NP_360081,36.05858036,-85.14194112,35.22706031,-85.09419774,107.143,500,271138404.66885877,271138404.66885877,0.0,0.0
8DAVIDSON TN_360048,8SEQUOYAH NP_360081,36.06703747,-86.9841046,35.22706031,-85.09419774,233.252,500,592107012.3481412,610038830.6247187,17931818.27657747,3.028
8GLEASON CT_360582,8SEQUOYAH NP_360081,36.24522988,-88.6114255,35.22706031,-85.09419774,375.075,500,928353846.1507239,993109374.7384279,64755528.58770391,6.975
8LAG CRK CT_360568,8SEQUOYAH NP_360081,36.27534882,-88.83423675,35.22706031,-85.09419774,396.651,500,979779854.4162102,1060421615.8855876,80641761.46937744,8.231
8CUMBERLAND_360040,8SEQUOYAH NP_360081,36.3921331,-87.65747953,35.22706031,-85.09419774,303.877,500,763749681.7273096,808514500.0703244,44764818.34301478,5.861
8PHIPPS B NP_360102,8SEQUOYAH NP_360081,36.46070569,-82.80788409,35.22706031,-85.09419774,313.905,500,809771916.9297953,809771916.9297953,0.0,0.0
8MONTGOMERY_360044,8SEQUOYAH NP_360081,36.59438524,-87.25325857,35.22706031,-85.09419774,304.238,500,747171455.1103703,813655817.4459205,66484362.33555018,8.898
8MARSHALL KY_360015,8SEQUOYAH NP_360081,37.02455006,-88.39384277,35.22706031,-85.09419774,432.58,500,1058565718.4541689,1152031812.18679,93466093.732621,8.83
7SHAWNEE FP_360002,8SEQUOYAH NP_360081,37.150267,-88.778122,35.22706031,-85.09419774,488.38,500,1196405303.8902593,1375524456.0529895,179119152.16273025,14.971
8PARADISE CC_360117,8SEQUOYAH NP_360081,37.259697,-86.976991,35.22706031,-85.09419774,312.549,500,768369709.6631105,807052135.2445842,38682425.58147366,5.034
8PARADISE CC_360117,8SEQUOYAH NP_360081,37.259697,-86.976991,35.22706031,-85.09419774,312.549,500,768369709.6631105,807052135.2445842,38682425.58147366,5.034
8CHOCTAW MS_360654,8JVILLE FP_360037,33.2984397,-89.4127739,36.02382902,-87.98154082,365.77,500,876345954.6042153,1102740156.4076526,226394201.80343738,25.834
8ACKERMAN CC_360627,8JVILLE FP_360037,33.38593855,-89.20997726,36.02382902,-87.98154082,348.002,500,835716360.0783381,1047408096.0060973,211691735.92775914,25.331
8CLAY_360688,8JVILLE FP_360037,33.47863869,-88.74043971,36.02382902,-87.98154082,322.511,500,779367441.2198372,946063345.4021138,166695904.18227664,21.389
8COGEN CALED_360606,8JVILLE FP_360037,33.64779158,-88.31593565,36.02382902,-87.98154082,290.604,500,706031951.1955439,821778397.2232593,115746446.02771547,16.394
8E POINT AL_360058,8JVILLE FP_360037,34.19181783,-86.74805975,36.02382902,-87.98154082,282.869,500,680607927.5526316,748222575.3975601,67614647.84492844,9.934
6CENTER PNT_360533,8JVILLE FP_360037,34.6665318,-84.97089121,36.02382902,-87.98154082,391.097,500,960575422.1092708,986572733.5513933,25997311.442122437,2.706
8BR FERRY NP_360052,8JVILLE FP_360037,34.70520875,-87.11705751,36.02382902,-87.98154082,189.449,500,454005762.4168043,512839944.6723865,58834182.2555822,12.959
6LOOPERS FRM_360602,8JVILLE FP_360037,34.708916,-84.922795,36.02382902,-87.98154082,397.848,500,978715245.5630035,1004700841.2674183,25985595.704414703,2.655
6COUNTY LINE_360013,8JVILLE FP_360037,34.74311084,-85.00751569,36.02382902,-87.98154082,361.859,500,889500111.1667056,913588956.6742752,24088845.507569533,2.708
6YOUNG GA_361454,8JVILLE FP_360037,34.75072952,-85.27349349,36.02382902,-87.98154082,320.124,500,792103805.2352923,818726729.2864826,26622924.0511903,3.361
6KENSNGTN GA_361503,8JVILLE FP_360037,34.81265905,-85.32344844,36.02382902,-87.98154082,320.42,500,792478035.4764986,819150424.1620157,26672388.685517073,3.366
6ALPHA GA_361502,8JVILLE FP_360037,34.813027,-84.853226,36.02382902,-87.98154082,378.801,500,934776748.8445058,964554903.9775993,29778155.13309351,3.186
6CLOUDLANDGA_361633,8JVILLE FP_360037,34.81849122,-85.5353055,36.02382902,-87.98154082,294.114,500,724728069.0017629,748103094.0769047,23375025.075141832,3.225
6ROCK SPG GA_361500,8JVILLE FP_360037,34.83897801,-85.28020801,36.02382902,-87.98154082,324.458,500,801735238.7135062,828441278.9195775,26706040.206071235,3.331
6WID CRK FP_360068,8JVILLE FP_360037,34.88515896,-85.75604163,36.02382902,-87.98154082,260.587,500,636932669.5107332,658894753.8677552,21962084.35702195,3.448
6WRINGOLD GA_361504,8JVILLE FP_360037,34.89324284,-85.13750475,36.02382902,-87.98154082,370.091,500,906755021.2179046,930570909.3100284,23815888.092123847,2.626
6BATTLFLD GA_361530,8JVILLE FP_360037,34.9555953,-85.26465286,36.02382902,-87.98154082,302.871,500,750906331.1167364,774388660.4904475,23482329.373711143,3.127
6S HAVEN CC_360594,8JVILLE FP_360037,34.99627529,-90.0485284,36.02382902,-87.98154082,272.224,500,666247975.5329964,891990453.2531916,225742477.7201952,33.883
6CONCORD TN_361509,8JVILLE FP_360037,34.99679719,-85.1610968,36.02382902,-87.98154082,384.304,500,949537830.4273589,979690858.0666057,30153027.63924685,3.176
8BRADLEY TN_360662,8JVILLE FP_360037,35.0367008,-84.963798,36.02382902,-87.98154082,347.267,500,856432942.3936641,885963190.6671873,29530248.273523156,3.448
8BENTON MS_360612,8JVILLE FP_360037,35.17466126,-89.74553609,36.02382902,-87.98154082,209.29,500,508985201.52114594,669912113.6537422,160926912.13259625,31.617
8FRANKLIN TN_360069,8JVILLE FP_360037,35.33506701,-86.11727644,36.02382902,-87.98154082,215.183,500,520076428.24767315,536459508.2784396,16383080.030766454,3.15
8HAYWOOD TN_360542,8JVILLE FP_360037,35.54308246,-89.19654872,36.02382902,-87.98154082,135.56,500,325891496.53862107,421648596.426379,95757099.88775796,29.383
8HIWASSEE TN_360110,8JVILLE FP_360037,35.60032498,-84.78911434,36.02382902,-87.98154082,320.153,500,787235684.2115633,816775522.3777239,29539838.166160636,3.752
8JACKSON TN_360019,8JVILLE FP_360037,35.70901203,-88.79407261,36.02382902,-87.98154082,90.269,500,216812437.13314444,265614680.8872846,48802243.75414016,22.509
8ANDERSON TN_360120,8JVILLE FP_360037,35.94503289,-84.38856432,36.02382902,-87.98154082,367.346,500,913177423.746418,943571533.8661777,30394110.119759634,3.328
8BULL RUN FP_360093,8JVILLE FP_360037,36.01895969,-84.15785445,36.02382902,-87.98154082,458.689,500,1125874265.9768467,1214834233.2127495,88959967.23590274,7.901
8DAVIDSON TN_360048,8JVILLE FP_360037,36.06703747,-86.9841046,36.02382902,-87.98154082,99.106,500,244488584.5661227,271958689.3853635,27470104.819240827,11.236
8GLEASON CT_360582,8JVILLE FP_360037,36.24522988,-88.6114255,36.02382902,-87.98154082,69.547,500,165830960.4046023,201386391.89876905,35555431.494166754,21.441
8CUMBERLAND_360040,8JVILLE FP_360037,36.3921331,-87.65747953,36.02382902,-87.98154082,59.212,500,142907589.43490082,154565272.641415,11657683.20651417,8.157
7SHAWNEE FP_360002,8JVILLE FP_360037,37.150267,-88.778122,36.02382902,-87.98154082,184.187,500,440033026.16173065,598216980.104323,158183953.94259238,35.948
8CHOCTAW MS_360654,8HIWASSEE TN_360110,33.2984397,-89.4127739,35.60032498,-84.78911434,549.573,500,1334857407.487279,1474216844.936234,139359437.44895512,10.44
8ACKERMAN CC_360627,8HIWASSEE TN_360110,33.38593855,-89.20997726,35.60032498,-84.78911434,527.967,500,1281341199.9749944,1406067536.6784837,124726336.70348924,9.734
8CLAY_360688,8HIWASSEE TN_360110,33.47863869,-88.74043971,35.60032498,-84.78911434,483.65,500,1182506638.303491,1239149706.5850472,56643068.28155602,4.79
8COGEN CALED_360606,8HIWASSEE TN_360110,33.64779158,-88.31593565,35.60032498,-84.78911434,436.467,500,1067455851.8026683,1096502597.1985526,29046745.395884313,2.721
8E POINT AL_360058,8HIWASSEE TN_360110,34.19181783,-86.74805975,35.60032498,-84.78911434,289.578,500,711321417.1810145,711321417.1810145,0.0,0.0
6CENTER PNT_360533,8HIWASSEE TN_360110,34.6665318,-84.97089121,35.60032498,-84.78911434,132.629,500,326223611.9149683,326223611.9149683,0.0,0.0
8BR FERRY NP_360052,8HIWASSEE TN_360110,34.70520875,-87.11705751,35.60032498,-84.78911434,273.214,500,664694369.3615049,680662848.5192895,15968479.157784576,2.402
6LOOPERS FRM_360602,8HIWASSEE TN_360110,34.708916,-84.922795,35.60032498,-84.78911434,124.841,500,305872047.48384297,305872047.48384297,0.0,0.0
6COUNTY LINE_360013,8HIWASSEE TN_360110,34.74311084,-85.00751569,35.60032498,-84.78911434,120.548,500,296448537.66093063,296853377.53452593,404839.87359527254,0.137
6YOUNG GA_361454,8HIWASSEE TN_360110,34.75072952,-85.27349349,35.60032498,-84.78911434,161.474,500,399698777.6956786,400099323.2578754,400545.56219676643,0.1
6KENSNGTN GA_361503,8HIWASSEE TN_360110,34.81265905,-85.32344844,35.60032498,-84.78911434,167.097,500,414531440.7959493,414927510.0611341,396069.2651848331,0.096
6ALPHA GA_361502,8HIWASSEE TN_360110,34.813027,-84.853226,35.60032498,-84.78911434,105.336,500,257655134.52436078,257655134.52436078,0.0,0.0
6CLOUDLANDGA_361633,8HIWASSEE TN_360110,34.81849122,-85.5353055,35.60032498,-84.78911434,142.243,500,356528485.6077198,356528485.6077198,0.0,0.0
6ROCK SPG GA_361500,8HIWASSEE TN_360110,34.83897801,-85.28020801,35.60032498,-84.78911434,170.85,500,422720904.7359883,423118058.671176,397153.9351876881,0.094
6WID CRK FP_360068,8HIWASSEE TN_360110,34.88515896,-85.75604163,35.60032498,-84.78911434,140.324,500,351512211.9243393,351512211.9243393,0.0,0.0
6WRINGOLD GA_361504,8HIWASSEE TN_360110,34.89324284,-85.13750475,35.60032498,-84.78911434,103.883,500,253613017.4015833,254016481.69341877,403464.29183544643,0.159
6BATTLFLD GA_361530,8HIWASSEE TN_360110,34.9555953,-85.26465286,35.60032498,-84.78911434,137.047,500,345596884.025667,346028348.08094215,431464.05527515843,0.125
6S HAVEN CC_360594,8HIWASSEE TN_360110,34.99627529,-90.0485284,35.60032498,-84.78911434,540.638,500,1313047017.442637,1523486731.9298518,210439714.4872148,16.027
6CONCORD TN_361509,8HIWASSEE TN_360110,34.99679719,-85.1610968,35.60032498,-84.78911434,110.839,500,272416216.1072138,272818869.31907815,402653.21186432545,0.148
8BRADLEY TN_360662,8HIWASSEE TN_360110,35.0367008,-84.963798,35.60032498,-84.78911434,73.802,500,179311328.07351917,179311328.07351917,0.0,0.0
8BENTON MS_360612,8HIWASSEE TN_360110,35.17466126,-89.74553609,35.60032498,-84.78911434,493.939,500,1198718704.894854,1368728154.3641593,170009449.46930522,14.183
8FRANKLIN TN_360069,8HIWASSEE TN_360110,35.33506701,-86.11727644,35.60032498,-84.78911434,141.397,500,344926173.72615206,344926173.72615206,0.0,0.0
8HAYWOOD TN_360542,8HIWASSEE TN_360110,35.54308246,-89.19654872,35.60032498,-84.78911434,430.053,500,1043391820.3823342,1143572549.8908312,100180729.50849706,9.601
8ANDERSON TN_360120,8HIWASSEE TN_360110,35.94503289,-84.38856432,35.60032498,-84.78911434,63.552,500,155787997.39958036,155787997.39958036,0.0,0.0
8BULL RUN FP_360093,8HIWASSEE TN_360110,36.01895969,-84.15785445,35.60032498,-84.78911434,160.504,500,408806560.51586014,408806560.51586014,0.0,0.0
8DAVIDSON TN_360048,8HIWASSEE TN_360110,36.06703747,-86.9841046,35.60032498,-84.78911434,244.326,500,610399996.6507864,628041499.1783199,17641502.527533554,2.89
8GLEASON CT_360582,8HIWASSEE TN_360110,36.24522988,-88.6114255,35.60032498,-84.78911434,386.149,500,946646830.4533694,1010759819.9063127,64112989.452943355,6.773
8CUMBERLAND_360040,8HIWASSEE TN_360110,36.3921331,-87.65747953,35.60032498,-84.78911434,314.951,500,782042666.029955,826220363.9552927,44177697.92533766,5.649
7SHAWNEE FP_360002,8HIWASSEE TN_360110,37.150267,-88.778122,35.60032498,-84.78911434,499.454,500,1214698288.192905,1392294500.565722,177596212.37281707,14.621
8CHOCTAW MS_360654,8PLATEAU TN_360077,33.2984397,-89.4127739,36.05858036,-85.14194112,539.139,500,1309782788.8492534,1449858162.6498823,140075373.8006289,10.695
8ACKERMAN CC_360627,8PLATEAU TN_360077,33.38593855,-89.20997726,36.05858036,-85.14194112,517.533,500,1256266581.3369691,1381458041.047838,125191459.71086885,9.965
8CLAY_360688,8PLATEAU TN_360077,33.47863869,-88.74043971,36.05858036,-85.14194112,479.798,500,1162148540.2914288,1257946291.927591,95797751.63616219,8.243
8COGEN CALED_360606,8PLATEAU TN_360077,33.64779158,-88.31593565,36.05858036,-85.14194112,440.734,500,1063974931.551657,1131339428.1446187,67364496.59296179,6.331
8E POINT AL_360058,8PLATEAU TN_360077,34.19181783,-86.74805975,36.05858036,-85.14194112,303.038,500,744809464.645329,744809464.645329,0.0,0.0
6CENTER PNT_360533,8PLATEAU TN_360077,34.6665318,-84.97089121,36.05858036,-85.14194112,196.409,500,485139568.62861496,485139568.62861496,0.0,0.0
8BR FERRY NP_360052,8PLATEAU TN_360077,34.70520875,-87.11705751,36.05858036,-85.14194112,265.86,500,644166636.768766,660137971.9073576,15971335.138591517,2.479
6LOOPERS FRM_360602,8PLATEAU TN_360077,34.708916,-84.922795,36.05858036,-85.14194112,188.622,500,464788004.1974896,464788004.1974896,0.0,0.0
8LIMESTONE_360088,8PLATEAU TN_360077,34.71890958,-86.84630969,36.05858036,-85.14194112,245.147,500,604343287.3355511,621192856.6128136,16849569.277262438,2.788
6COUNTY LINE_360013,8PLATEAU TN_360077,34.74311084,-85.00751569,36.05858036,-85.14194112,184.329,500,455364494.3745774,455766844.51764554,402350.14306813455,0.088
6YOUNG GA_361454,8PLATEAU TN_360077,34.75072952,-85.27349349,36.05858036,-85.14194112,187.851,500,473319826.5038908,476489602.4195231,3169775.915632309,0.67
8MADISON AL_360060,8PLATEAU TN_360077,34.79577878,-86.52158584,36.05858036,-85.14194112,208.456,500,523620973.1437378,530037598.9681207,6416625.824382877,1.225
6KENSNGTN GA_361503,8PLATEAU TN_360077,34.81265905,-85.32344844,36.05858036,-85.14194112,188.147,500,473694056.74509716,476877881.08579,3183824.340692806,0.672
6ALPHA GA_361502,8PLATEAU TN_360077,34.813027,-84.853226,36.05858036,-85.14194112,169.117,500,416571091.2380075,416571091.2380075,0.0,0.0
6CLOUDLANDGA_361633,8PLATEAU TN_360077,34.81849122,-85.5353055,36.05858036,-85.14194112,161.842,500,405944090.27036124,405944090.27036124,0.0,0.0
8MAGNOL CC1_360613,8PLATEAU TN_360077,34.8287922,-89.20041124,36.05858036,-85.14194112,433.958,500,1046744987.9702561,1139186993.6358888,92442005.66563274,8.831
6ROCK SPG GA_361500,8PLATEAU TN_360077,34.83897801,-85.28020801,36.05858036,-85.14194112,192.185,500,482951259.9821047,486140445.30137575,3189185.319271026,0.66
6WID CRK FP_360068,8PLATEAU TN_360077,34.88515896,-85.75604163,36.05858036,-85.14194112,158.739,500,391653763.133425,391653763.133425,0.0,0.0
6WRINGOLD GA_361504,8PLATEAU TN_360077,34.89324284,-85.13750475,36.05858036,-85.14194112,167.664,500,412528974.11523,412930232.14276934,401258.02753931674,0.097
6BATTLFLD GA_361530,8PLATEAU TN_360077,34.9555953,-85.26465286,36.05858036,-85.14194112,156.645,500,395012488.6883085,395429129.08390164,416640.395593158,0.105
6S HAVEN CC_360594,8PLATEAU TN_360077,34.99627529,-90.0485284,36.05858036,-85.14194112,526.406,500,1278995078.760931,1491564193.2160954,212569114.45516455,16.62
6CONCORD TN_361509,8PLATEAU TN_360077,34.99679719,-85.1610968,36.05858036,-85.14194112,174.619,500,431332172.8208605,431733019.2365831,400846.41572260676,0.093
8BRADLEY TN_360662,8PLATEAU TN_360077,35.0367008,-84.963798,36.05858036,-85.14194112,137.583,500,338227284.7871659,338227284.7871659,0.0,0.0
8BENTON MS_360612,8PLATEAU TN_360077,35.17466126,-89.74553609,36.05858036,-85.14194112,476.118,500,1157044148.7445576,1320799636.1118617,163755487.36730397,14.153
8FRANKLIN TN_360069,8PLATEAU TN_360077,35.33506701,-86.11727644,36.05858036,-85.14194112,138.542,500,344317862.5916493,344795514.7706007,477652.17895139015,0.139
8HAYWOOD TN_360542,8PLATEAU TN_360077,35.54308246,-89.19654872,36.05858036,-85.14194112,412.276,500,998879897.4475602,1105435247.2779164,106555349.83035633,10.667
8HIWASSEE TN_360110,8PLATEAU TN_360077,35.60032498,-84.78911434,36.05858036,-85.14194112,76.932,500,189547281.13847566,190387632.442515,840351.3040393175,0.443
8LAG CRK CC_360615,8PLATEAU TN_360077,35.65702785,-89.39460044,36.05858036,-85.14194112,432.198,500,1051031646.2041814,1219343314.687612,168311668.4834307,16.014
8MAURY TN_360050,8PLATEAU TN_360077,35.672863,-87.01861625,36.05858036,-85.14194112,202.007,500,496318108.7007121,505031955.8409005,8713847.140188377,1.756
8JACKSON TN_360019,8PLATEAU TN_360077,35.70901203,-88.79407261,36.05858036,-85.14194112,374.797,500,911504085.9047412,1020727327.3767189,109223241.47197773,11.983
8ANDERSON TN_360120,8PLATEAU TN_360077,35.94503289,-84.38856432,36.05858036,-85.14194112,92.816,500,236361404.76691854,236361404.76691854,0.0,0.0
8BULL RUN FP_360093,8PLATEAU TN_360077,36.01895969,-84.15785445,36.05858036,-85.14194112,160.689,500,406947368.9160129,406947368.9160129,0.0,0.0
8JVILLE FP_360037,8PLATEAU TN_360077,36.02382902,-87.98154082,36.05858036,-85.14194112,299.187,500,734517540.6197529,765977112.8768921,31459572.25713926,4.283
8PIN HOOK TN_360581,8PLATEAU TN_360077,36.04646628,-86.60595108,36.05858036,-85.14194112,195.273,500,487929484.7140888,505917858.8416711,17988374.12758228,3.687
8DAVIDSON TN_360048,8PLATEAU TN_360077,36.06703747,-86.9841046,36.05858036,-85.14194112,223.36,500,557681853.0589759,577050797.7815061,19368944.722530104,3.473
8GLEASON CT_360582,8PLATEAU TN_360077,36.24522988,-88.6114255,36.05858036,-85.14194112,365.182,500,893928686.8615588,960976879.7918884,67048192.93032958,7.5
8LAG CRK CT_360568,8PLATEAU TN_360077,36.27534882,-88.83423675,36.05858036,-85.14194112,386.759,500,945354695.127045,1028570463.6150985,83215768.48805344,8.803
8CUMBERLAND_360040,8PLATEAU TN_360077,36.3921331,-87.65747953,36.05858036,-85.14194112,290.529,500,707806042.6367252,795669503.7208875,87863461.08416238,12.413
8PHIPPS B NP_360102,8PLATEAU TN_360077,36.46070569,-82.80788409,36.05858036,-85.14194112,250.18,500,636443267.9940711,636443267.9940711,0.0,0.0
8MONTGOMERY_360044,8PLATEAU TN_360077,36.59438524,-87.25325857,36.05858036,-85.14194112,234.776,500,571163853.8177006,633889207.1581507,62725353.34045005,10.982
8MARSHALL KY_360015,8PLATEAU TN_360077,37.02455006,-88.39384277,36.05858036,-85.14194112,356.285,500,864048093.9444871,952172138.6990516,88124044.75456448,10.199
7SHAWNEE FP_360002,8PLATEAU TN_360077,37.150267,-88.778122,36.05858036,-85.14194112,474.776,500,1147288321.9063296,1342211097.0990632,194922775.1927336,16.99
8PARADISE CC_360117,8PLATEAU TN_360077,37.259697,-86.976991,36.05858036,-85.14194112,235.071,500,570991668.4108336,606951223.9188197,35959555.50798608,6.298
8PARADISE CC_360117,8PLATEAU TN_360077,37.259697,-86.976991,36.05858036,-85.14194112,235.071,500,570991668.4108336,606951223.9188197,35959555.50798608,6.298
8CHOCTAW MS_360654,8PHIPPS B NP_360102,33.2984397,-89.4127739,36.46070569,-82.80788409,776.41,500,1923254020.3600717,2059257453.1438363,136003432.7837646,7.072
8ACKERMAN CC_360627,8PHIPPS B NP_360102,33.38593855,-89.20997726,36.46070569,-82.80788409,754.805,500,1869737812.8477874,1991261283.2258654,121523470.37807791,6.499
8CLAY_360688,8PHIPPS B NP_360102,33.47863869,-88.74043971,36.46070569,-82.80788409,717.07,500,1775619771.802247,1868820513.2439854,93200741.44173846,5.249
8COGEN CALED_360606,8PHIPPS B NP_360102,33.64779158,-88.31593565,36.46070569,-82.80788409,670.472,500,1669775488.416359,1698604315.4154255,28828826.99906649,1.727
8E POINT AL_360058,8PHIPPS B NP_360102,34.19181783,-86.74805975,36.46070569,-82.80788409,523.582,500,1313641053.794705,1313641053.794705,0.0,0.0
6CENTER PNT_360533,8PHIPPS B NP_360102,34.6665318,-84.97089121,36.46070569,-82.80788409,373.753,500,949222643.2877684,949222643.2877684,0.0,0.0
8BR FERRY NP_360052,8PHIPPS B NP_360102,34.70520875,-87.11705751,36.46070569,-82.80788409,503.131,500,1257637868.2795844,1273139448.723874,15501580.444289615,1.233
6LOOPERS FRM_360602,8PHIPPS B NP_360102,34.708916,-84.922795,36.46070569,-82.80788409,365.966,500,928871078.8566431,928871078.8566431,0.0,0.0
8LIMESTONE_360088,8PHIPPS B NP_360102,34.71890958,-86.84630969,36.46070569,-82.80788409,480.474,500,1203390991.4466243,1211920115.6396751,8529124.193050748,0.709
6COUNTY LINE_360013,8PHIPPS B NP_360102,34.74311084,-85.00751569,36.46070569,-82.80788409,365.775,500,921652110.2353032,922059905.547063,407795.3117597894,0.044
6YOUNG GA_361454,8PHIPPS B NP_360102,34.75072952,-85.27349349,36.46070569,-82.80788409,406.702,500,1024902350.270051,1025308138.1183004,405787.8482493989,0.04
8MADISON AL_360060,8PHIPPS B NP_360102,34.79577878,-86.52158584,36.46070569,-82.80788409,439.273,500,1117057613.9463704,1123305759.541803,6248145.5954324845,0.559
6KENSNGTN GA_361503,8PHIPPS B NP_360102,34.81265905,-85.32344844,36.46070569,-82.80788409,402.553,500,1026598088.6961465,1029990863.2621372,3392774.5659906967,0.33
6ALPHA GA_361502,8PHIPPS B NP_360102,34.813027,-84.853226,36.46070569,-82.80788409,346.461,500,880654165.8971609,880654165.8971609,0.0,0.0
6CLOUDLANDGA_361633,8PHIPPS B NP_360102,34.81849122,-85.5353055,36.46070569,-82.80788409,376.248,500,958848122.2214105,958848122.2214105,0.0,0.0
8MAGNOL CC1_360613,8PHIPPS B NP_360102,34.8287922,-89.20041124,36.46070569,-82.80788409,675.565,500,1667177585.8839269,1763551234.2862465,96373648.40231971,5.781
6ROCK SPG GA_361500,8PHIPPS B NP_360102,34.83897801,-85.28020801,36.46070569,-82.80788409,406.591,500,1035855291.9331539,1039248910.3577914,3393618.424637533,0.328
6WID CRK FP_360068,8PHIPPS B NP_360102,34.88515896,-85.75604163,36.46070569,-82.80788409,374.328,500,953831848.5380299,953831848.5380299,0.0,0.0
6WRINGOLD GA_361504,8PHIPPS B NP_360102,34.89324284,-85.13750475,36.46070569,-82.80788409,349.11,500,878816589.9759557,879224126.3963209,407536.420365212,0.046
6BATTLFLD GA_361530,8PHIPPS B NP_360102,34.9555953,-85.26465286,36.46070569,-82.80788409,371.051,500,947916520.6393576,948365901.7286265,449381.08926894784,0.047
6S HAVEN CC_360594,8PHIPPS B NP_360102,34.99627529,-90.0485284,36.46070569,-82.80788409,768.014,500,1899427676.6746016,2116292496.9318256,216864820.257224,11.417
6CONCORD TN_361509,8PHIPPS B NP_360102,34.99679719,-85.1610968,36.46070569,-82.80788409,356.066,500,897619788.6815863,898026987.5662454,407198.8846591426,0.045
8BRADLEY TN_360662,8PHIPPS B NP_360102,35.0367008,-84.963798,36.46070569,-82.80788409,319.029,500,804514900.6478915,804514900.6478915,0.0,0.0
8BENTON MS_360612,8PHIPPS B NP_360102,35.17466126,-89.74553609,36.46070569,-82.80788409,721.315,500,1785099364.1268187,1961593996.3154182,176494632.18859968,9.887
8FRANKLIN TN_360069,8PHIPPS B NP_360102,35.33506701,-86.11727644,36.46070569,-82.80788409,371.89,500,939866641.3791465,939866641.3791465,0.0,0.0
8HAYWOOD TN_360542,8PHIPPS B NP_360102,35.54308246,-89.19654872,36.46070569,-82.80788409,659.101,500,1617267979.9135327,1798145475.2599301,180877495.34639737,11.184
8HIWASSEE TN_360110,8PHIPPS B NP_360102,35.60032498,-84.78911434,36.46070569,-82.80788409,249.994,500,638302459.5939186,638302459.5939186,0.0,0.0
8LAG CRK CC_360615,8PHIPPS B NP_360102,35.65702785,-89.39460044,36.46070569,-82.80788409,671.533,500,1645231992.0098014,1851138848.9087458,205906856.89894426,12.515
8MAURY TN_360050,8PHIPPS B NP_360102,35.672863,-87.01861625,36.46070569,-82.80788409,449.866,500,1127136330.2735763,1135774524.2940714,8638194.020495228,0.766
8JACKSON TN_360019,8PHIPPS B NP_360102,35.70901203,-88.79407261,36.46070569,-82.80788409,613.811,500,1508188920.5080562,1644411341.466677,136222420.95862073,9.032
8ANDERSON TN_360120,8PHIPPS B NP_360102,35.94503289,-84.38856432,36.46070569,-82.80788409,204.399,500,524277929.7165448,524277929.7165448,0.0,0.0
8BULL RUN FP_360093,8PHIPPS B NP_360102,36.01895969,-84.15785445,36.46070569,-82.80788409,151.648,500,386586835.87620956,386586835.87620956,0.0,0.0
8JVILLE FP_360037,8PHIPPS B NP_360102,36.02382902,-87.98154082,36.46070569,-82.80788409,525.358,500,1294484478.1570559,1381855624.2670333,87371146.10997753,6.749
8DAVIDSON TN_360048,8PHIPPS B NP_360102,36.06703747,-86.9841046,36.46070569,-82.80788409,471.22,500,1188500074.63184,1207455316.555341,18955241.923501026,1.595
8GLEASON CT_360582,8PHIPPS B NP_360102,36.24522988,-88.6114255,36.46070569,-82.80788409,583.158,500,1435313039.3233378,1562395576.6613054,127082537.3379677,8.854
8LAG CRK CT_360568,8PHIPPS B NP_360102,36.27534882,-88.83423675,36.46070569,-82.80788409,604.734,500,1486739047.588824,1629662510.8695445,142923463.28072038,9.613
8CUMBERLAND_360040,8PHIPPS B NP_360102,36.3921331,-87.65747953,36.46070569,-82.80788409,488.532,500,1205321062.5650005,1287297533.9931853,81976471.42818467,6.801
8MONTGOMERY_360044,8PHIPPS B NP_360102,36.59438524,-87.25325857,36.46070569,-82.80788409,432.779,500,1068678873.745976,1126985086.9113405,58306213.165364526,5.456
8MARSHALL KY_360015,8PHIPPS B NP_360102,37.02455006,-88.39384277,36.46070569,-82.80788409,547.812,500,1343501450.1593156,1417016245.5483832,73514795.38906753,5.472
7SHAWNEE FP_360002,8PHIPPS B NP_360102,37.150267,-88.778122,36.46070569,-82.80788409,666.303,500,1626741678.1211576,1802236522.4968672,175494844.37570944,10.788
8PARADISE CC_360117,8PHIPPS B NP_360102,37.259697,-86.976991,36.46070569,-82.80788409,415.655,500,1021807747.5634205,1045801210.5450052,23993462.981584657,2.348
8PARADISE CC_360117,8PHIPPS B NP_360102,37.259697,-86.976991,36.46070569,-82.80788409,415.655,500,1021807747.5634205,1045801210.5450052,23993462.981584657,2.348
8CHOCTAW MS_360654,8WEST POINT_360035,33.2984397,-89.4127739,33.63551392,-88.65363834,87.045,500,215977165.3433323,269681863.8391294,53704698.49579708,24.866
8ACKERMAN CC_360627,8WEST POINT_360035,33.38593855,-89.20997726,33.63551392,-88.65363834,65.439,500,162460957.83104804,201031676.410411,38570718.57936297,23.742
8CLAY_360688,8WEST POINT_360035,33.47863869,-88.74043971,33.63551392,-88.65363834,22.205,500,56444938.78096882,74322025.72033341,17877086.939364586,31.672
8COGEN CALED_360606,8WEST POINT_360035,33.64779158,-88.31593565,33.63551392,-88.65363834,35.178,500,85508528.91876927,109494172.8870943,23985643.96832503,28.051
8E POINT AL_360058,8WEST POINT_360035,34.19181783,-86.74805975,33.63551392,-88.65363834,220.609,500,533542219.8800087,578251788.6542318,44709568.7742231,8.38
8UNION MS_360033,8WEST POINT_360035,34.37783096,-88.85850114,33.63551392,-88.65363834,94.006,500,224461276.81175816,293232293.2970997,68771016.48534156,30.638
8TRICO STEEL_360014,8WEST POINT_360035,34.60872576,-87.05506218,33.63551392,-88.65363834,199.477,500,481362162.8813026,524046357.7403398,42684194.85903722,8.867
6CENTER PNT_360533,8WEST POINT_360035,34.6665318,-84.97089121,33.63551392,-88.65363834,411.851,500,1006889611.028507,1062746759.1808413,55857148.15233436,5.547
8BR FERRY NP_360052,8WEST POINT_360035,34.70520875,-87.11705751,33.63551392,-88.65363834,220.871,500,533610431.377274,597528899.612927,63918468.23565295,11.978
6LOOPERS FRM_360602,8WEST POINT_360035,34.708916,-84.922795,33.63551392,-88.65363834,418.602,500,1025029434.4822398,1080913314.0905192,55883879.60827926,5.452
8LIMESTONE_360088,8WEST POINT_360035,34.71890958,-86.84630969,33.63551392,-88.65363834,244.618,500,590567818.7034199,653359177.9042189,62791359.20079894,10.632
6COUNTY LINE_360013,8WEST POINT_360035,34.74311084,-85.00751569,33.63551392,-88.65363834,403.048,500,985619627.287969,1030839404.3032968,45219777.01532779,4.588
6YOUNG GA_361454,8WEST POINT_360035,34.75072952,-85.27349349,33.63551392,-88.65363834,369.151,500,898740889.5736904,945692374.8400817,46951485.26639125,5.224
8MADISON AL_360060,8WEST POINT_360035,34.79577878,-86.52158584,33.63551392,-88.65363834,284.176,500,689430130.2254803,758304099.9629457,68873969.73746544,9.99
6KENSNGTN GA_361503,8WEST POINT_360035,34.81265905,-85.32344844,33.63551392,-88.65363834,369.35,500,899269570.6047722,946310998.1935484,47041427.58877618,5.231
6ALPHA GA_361502,8WEST POINT_360035,34.813027,-84.853226,33.63551392,-88.65363834,437.672,500,1071124228.2076757,1127041021.5705922,55916793.36291641,5.22
6CLOUDLANDGA_361633,8WEST POINT_360035,34.81849122,-85.5353055,33.63551392,-88.65363834,349.625,500,848404501.5043911,894104772.9118229,45700271.40743182,5.387
8MAGNOL CC1_360613,8WEST POINT_360035,34.8287922,-89.20041124,33.63551392,-88.65363834,156.441,500,373860377.4994772,488237638.0999141,114377260.60043688,30.594
6ROCK SPG GA_361500,8WEST POINT_360035,34.83897801,-85.28020801,33.63551392,-88.65363834,373.388,500,908482386.8116566,955523980.9093482,47041594.097691625,5.178
6WID CRK FP_360068,8WEST POINT_360035,34.88515896,-85.75604163,33.63551392,-88.65363834,326.532,500,787838383.8965609,833386823.6484755,45548439.751914665,5.781
6WRINGOLD GA_361504,8WEST POINT_360035,34.89324284,-85.13750475,33.63551392,-88.65363834,411.279,500,1002874537.3391681,1047638463.7051007,44763926.3659326,4.464
6BATTLFLD GA_361530,8WEST POINT_360035,34.9555953,-85.26465286,33.63551392,-88.65363834,380.97,500,929457125.9137945,975656367.1082826,46199241.19448802,4.971
6S HAVEN CC_360594,8WEST POINT_360035,34.99627529,-90.0485284,33.63551392,-88.65363834,226.201,500,554283394.3794141,732748689.6763988,178465295.29698464,32.197
6CONCORD TN_361509,8WEST POINT_360035,34.99679719,-85.1610968,33.63551392,-88.65363834,433.066,500,1058445586.445271,1103243017.3418605,44797430.89658958,4.232
8BRADLEY TN_360662,8WEST POINT_360035,35.0367008,-84.963798,33.63551392,-88.65363834,439.055,500,1070994029.3887126,1116335202.8429806,45341173.45426804,4.234
8RACCOON MTN_360079,8WEST POINT_360035,35.05681146,-85.38724619,33.63551392,-88.65363834,368.099,500,892040488.0633361,937651860.4489832,45611372.3856471,5.113
8BENTON MS_360612,8WEST POINT_360035,35.17466126,-89.74553609,33.63551392,-88.65363834,229.226,500,554447497.9317167,749463515.3314589,195016017.39974225,35.173
8SEQUOYAH NP_360081,8WEST POINT_360035,35.22706031,-85.09419774,33.63551392,-88.65363834,427.725,500,1049326704.1847304,1094875388.8974771,45548684.71274682,4.341
8FRANKLIN TN_360069,8WEST POINT_360035,35.33506701,-86.11727644,33.63551392,-88.65363834,332.9,500,800374192.3613554,882147893.8906335,81773701.52927808,10.217
8SHELBY TN_360021,8WEST POINT_360035,35.38606284,-89.80340294,33.63551392,-88.65363834,248.942,500,597820971.0210426,814815828.0529497,216994857.0319071,36.298
8HAYWOOD TN_360542,8WEST POINT_360035,35.54308246,-89.19654872,33.63551392,-88.65363834,239.957,500,577929357.1767237,755710577.3738432,177781220.19711947,30.762
8HIWASSEE TN_360110,8WEST POINT_360035,35.60032498,-84.78911434,33.63551392,-88.65363834,468.844,500,1132727728.586458,1213333565.0557878,80605836.46932982,7.116
8LAG CRK CC_360615,8WEST POINT_360035,35.65702785,-89.39460044,33.63551392,-88.65363834,258.405,500,622107071.9337766,834597189.7581366,212490117.82436,34.157
8MAURY TN_360050,8WEST POINT_360035,35.672863,-87.01861625,33.63551392,-88.65363834,300.276,500,717964909.9525678,793272717.3381159,75307807.38554808,10.489
8JACKSON TN_360019,8WEST POINT_360035,35.70901203,-88.79407261,33.63551392,-88.65363834,250.451,500,612258653.9219296,766342447.8354712,154083793.9135415,25.166
8RUTHERFORD_360010,8WEST POINT_360035,35.82791498,-86.59841524,33.63551392,-88.65363834,335.393,500,808767137.3899212,897216961.2939022,88449823.90398094,10.936
8ANDERSON TN_360120,8WEST POINT_360035,35.94503289,-84.38856432,33.63551392,-88.65363834,518.16,500,1261336871.9713237,1343018810.8647552,81681938.89343147,6.476
8BULL RUN FP_360093,8WEST POINT_360035,36.01895969,-84.15785445,33.63551392,-88.65363834,606.19,500,1491628442.3811927,1570771156.3245578,79142713.94336516,5.306
8JVILLE FP_360037,8WEST POINT_360035,36.02382902,-87.98154082,33.63551392,-88.65363834,301.321,500,726910903.7822914,876510064.8269135,149599161.04462203,20.58
8PIN HOOK TN_360581,8WEST POINT_360035,36.04646628,-86.60595108,33.63551392,-88.65363834,364.761,500,890530077.009557,987142362.7024416,96612285.69288458,10.849
8PLATEAU TN_360077,8WEST POINT_360035,36.05858036,-85.14194112,33.63551392,-88.65363834,458.41,500,1107653109.9484327,1187807020.4065523,80153910.45811962,7.236
8DAVIDSON TN_360048,8WEST POINT_360035,36.06703747,-86.9841046,33.63551392,-88.65363834,340.921,500,819035548.2073789,905294490.941992,86258942.73461322,10.532
8VOLUNTEER_360097,8WEST POINT_360035,36.1219789,-83.81482256,33.63551392,-88.65363834,636.235,500,1567899106.3809237,1646509942.7150266,78610836.33410296,5.014
8GLEASON CT_360582,8WEST POINT_360035,36.24522988,-88.6114255,33.63551392,-88.65363834,314.482,500,763752332.7576075,976987249.6778524,213234916.92024493,27.919
8LAG CRK CT_360568,8WEST POINT_360035,36.27534882,-88.83423675,33.63551392,-88.65363834,318.897,500,776775526.0681195,986345308.7318003,209569782.66368076,26.979
8CUMBERLAND_360040,8WEST POINT_360035,36.3921331,-87.65747953,33.63551392,-88.65363834,353.194,500,849003892.1001279,1018628026.3516791,169624134.25155115,19.979
8PHIPPS B NP_360102,8WEST POINT_360035,36.46070569,-82.80788409,33.63551392,-88.65363834,695.681,500,1721124341.459251,1798910571.9624143,77786230.50316338,4.52
8MONTGOMERY_360044,8WEST POINT_360035,36.59438524,-87.25325857,33.63551392,-88.65363834,401.499,500,966680572.2239099,1093988320.4885087,127307748.26459879,13.17
8MARSHALL KY_360015,8WEST POINT_360035,37.02455006,-88.39384277,33.63551392,-88.65363834,422.096,500,1013659535.2132379,1303909980.8267972,290250445.6135593,28.634
7SHAWNEE FP_360002,8WEST POINT_360035,37.150267,-88.778122,33.63551392,-88.65363834,436.452,500,1055346566.2017508,1377907946.445483,322561380.2437323,30.564
8PARADISE CC_360117,8WEST POINT_360035,37.259697,-86.976991,33.63551392,-88.65363834,475.157,500,1143217935.4235659,1373132434.1356463,229914498.71208036,20.111
8PARADISE CC_360117,8WEST POINT_360035,37.259697,-86.976991,33.63551392,-88.65363834,475.157,500,1143217935.4235659,1373132434.1356463,229914498.71208036,20.111
8ACKERMAN CC_360627,8BENTON MS_360612,33.38593855,-89.20997726,35.17466126,-89.74553609,238.367,500,582698781.8027761,748793448.3421688,166094666.53939277,28.504
6CENTER PNT_360533,8BENTON MS_360612,34.6665318,-84.97089121,35.17466126,-89.74553609,525.579,500,1289493801.8335848,1484126902.5788145,194633100.74522984,15.094
6LOOPERS FRM_360602,8BENTON MS_360612,34.708916,-84.922795,35.17466126,-89.74553609,532.33,500,1307633625.2873175,1502429401.6067123,194795776.31939477,14.897
6COUNTY LINE_360013,8BENTON MS_360612,34.74311084,-85.00751569,35.17466126,-89.74553609,497.981,500,1222621843.4013727,1413989225.1520185,191367381.75064576,15.652
6YOUNG GA_361454,8BENTON MS_360612,34.75072952,-85.27349349,35.17466126,-89.74553609,464.084,500,1135743105.687094,1327914289.8806665,192171184.1935726,16.92
6KENSNGTN GA_361503,8BENTON MS_360612,34.81265905,-85.32344844,35.17466126,-89.74553609,464.283,500,1136271786.718176,1328715478.1455808,192443691.42740482,16.936
6ALPHA GA_361502,8BENTON MS_360612,34.813027,-84.853226,35.17466126,-89.74553609,546.919,500,1340545687.295192,1533156400.8448944,192610713.54970235,14.368
6CLOUDLANDGA_361633,8BENTON MS_360612,34.81849122,-85.5353055,35.17466126,-89.74553609,436.117,500,1071824827.4015039,1258673914.4443939,186849087.04289004,17.433
6ROCK SPG GA_361500,8BENTON MS_360612,34.83897801,-85.28020801,35.17466126,-89.74553609,468.321,500,1145484602.9250603,1338073076.8627336,192588473.9376734,16.813
6WID CRK FP_360068,8BENTON MS_360612,34.88515896,-85.75604163,35.17466126,-89.74553609,402.664,500,983779165.1178086,1170468678.1484804,186689513.03067172,18.977
6WRINGOLD GA_361504,8BENTON MS_360612,34.89324284,-85.13750475,35.17466126,-89.74553609,506.212,500,1239876753.4525719,1430037957.0470965,190161203.59452468,15.337
6BATTLFLD GA_361530,8BENTON MS_360612,34.9555953,-85.26465286,35.17466126,-89.74553609,444.873,500,1098003089.5164776,1284044921.9037442,186041832.3872667,16.944
6S HAVEN CC_360594,8BENTON MS_360612,34.99627529,-90.0485284,35.17466126,-89.74553609,104.139,500,269137168.6313381,403705753.68333036,134568585.05199224,50.0
6CONCORD TN_361509,8BENTON MS_360612,34.99679719,-85.1610968,35.17466126,-89.74553609,528.0,500,1295447802.5586748,1486387779.5923183,190939977.03364342,14.739
8ANDERSON TN_360120,8BENTON MS_360612,35.94503289,-84.38856432,35.17466126,-89.74553609,542.048,500,1326436732.3319235,1500087864.7095187,173651132.37759525,13.092
7SHAWNEE FP_360002,8BENTON MS_360612,37.150267,-88.778122,35.17466126,-89.74553609,270.874,500,649974688.6481798,895751736.4800241,245777047.8318443,37.813
8CHOCTAW MS_360654,8JACKSON TN_360019,33.2984397,-89.4127739,35.70901203,-88.79407261,302.051,500,734491127.0740902,920017585.3449003,185526458.27080998,25.259
8ACKERMAN CC_360627,8JACKSON TN_360019,33.38593855,-89.20997726,35.70901203,-88.79407261,287.282,500,700023803.9934365,875550194.9506093,175526390.95717284,25.074
8CLAY_360688,8JACKSON TN_360019,33.47863869,-88.74043971,35.70901203,-88.79407261,271.387,500,658197678.3551152,835299705.8478713,177102027.49275607,26.907
8COGEN CALED_360606,8JACKSON TN_360019,33.64779158,-88.31593565,35.70901203,-88.79407261,258.923,500,625976086.3472543,744851981.7549015,118875895.40764722,18.99
8E POINT AL_360058,8JACKSON TN_360019,34.19181783,-86.74805975,35.70901203,-88.79407261,291.306,500,707724893.6788943,821815019.7545162,114090126.07562193,16.121
6CENTER PNT_360533,8JACKSON TN_360019,34.6665318,-84.97089121,35.70901203,-88.79407261,446.476,500,1092638900.605557,1182925503.9120026,90286603.3064456,8.263
8BR FERRY NP_360052,8JACKSON TN_360019,34.70520875,-87.11705751,35.70901203,-88.79407261,212.73,500,509922660.8850688,606300994.1557727,96378333.27070394,18.901
6LOOPERS FRM_360602,8JACKSON TN_360019,34.708916,-84.922795,35.70901203,-88.79407261,453.227,500,1110778724.05929,1201111469.2465448,90332745.18725498,8.132
6COUNTY LINE_360013,8JACKSON TN_360019,34.74311084,-85.00751569,35.70901203,-88.79407261,419.22,500,1024508273.2689834,1114650503.159319,90142229.89033552,8.799
6YOUNG GA_361454,8JACKSON TN_360019,34.75072952,-85.27349349,35.70901203,-88.79407261,377.357,500,927691939.867594,1019543596.9340435,91851657.0664495,9.901
6KENSNGTN GA_361503,8JACKSON TN_360019,34.81265905,-85.32344844,35.70901203,-88.79407261,377.653,500,928066170.1088004,1020125190.2806472,92059020.17184672,9.919
6ALPHA GA_361502,8JACKSON TN_360019,34.813027,-84.853226,35.70901203,-88.79407261,454.411,500,1111763294.1294942,1217820406.5837812,106057112.4542871,9.54
6CLOUDLANDGA_361633,8JACKSON TN_360019,34.81849122,-85.5353055,35.70901203,-88.79407261,351.348,500,860316203.6340644,948962864.9462496,88646661.31218521,10.304
6ROCK SPG GA_361500,8JACKSON TN_360019,34.83897801,-85.28020801,35.70901203,-88.79407261,381.691,500,937323373.3458079,1029463838.3590136,92140465.01320568,9.83
6WID CRK FP_360068,8JACKSON TN_360019,34.88515896,-85.75604163,35.70901203,-88.79407261,317.895,500,772270541.3503691,860476221.7782388,88205680.42786966,11.422
6WRINGOLD GA_361504,8JACKSON TN_360019,34.89324284,-85.13750475,35.70901203,-88.79407261,427.451,500,1041763183.3201826,1131160360.4958038,89397177.17562138,8.581
6BATTLFLD GA_361530,8JACKSON TN_360019,34.9555953,-85.26465286,35.70901203,-88.79407261,360.104,500,886494465.749038,974792994.0614164,88298528.31237839,9.96
6S HAVEN CC_360594,8JACKSON TN_360019,34.99627529,-90.0485284,35.70901203,-88.79407261,195.371,500,488198496.90963995,716996868.4322608,228798371.5226208,46.866
6CONCORD TN_361509,8JACKSON TN_360019,34.99679719,-85.1610968,35.70901203,-88.79407261,449.238,500,1097334232.4262855,1187037878.655618,89703646.2293324,8.175
8BRADLEY TN_360662,8JACKSON TN_360019,35.0367008,-84.963798,35.70901203,-88.79407261,422.877,500,1033419487.6786525,1138606885.487233,105187397.80858031,10.179
8BENTON MS_360612,8JACKSON TN_360019,35.17466126,-89.74553609,35.70901203,-88.79407261,125.986,500,308252460.80860436,445133113.2064059,136880652.3978015,44.405
8FRANKLIN TN_360069,8JACKSON TN_360019,35.33506701,-86.11727644,35.70901203,-88.79407261,273.789,500,660227880.7555835,733249218.2731156,73021337.51753215,11.06
8HAYWOOD TN_360542,8JACKSON TN_360019,35.54308246,-89.19654872,35.70901203,-88.79407261,49.976,500,121737912.64442536,176178133.10730693,54440220.46288156,44.719
8HIWASSEE TN_360110,8JACKSON TN_360019,35.60032498,-84.78911434,35.70901203,-88.79407261,395.763,500,964222229.4965518,1069320569.2766072,105098339.78005539,10.9
8ANDERSON TN_360120,8JACKSON TN_360019,35.94503289,-84.38856432,35.70901203,-88.79407261,442.956,500,1090163969.0314064,1197988843.3806314,107824874.34922513,9.891
8BULL RUN FP_360093,8JACKSON TN_360019,36.01895969,-84.15785445,35.70901203,-88.79407261,533.166,500,1312826408.3995469,1423274854.158243,110448445.75869602,8.413
8DAVIDSON TN_360048,8JACKSON TN_360019,36.06703747,-86.9841046,35.70901203,-88.79407261,188.801,500,458270440.5734465,560168875.9844327,101898435.41098623,22.235
8GLEASON CT_360582,8JACKSON TN_360019,36.24522988,-88.6114255,35.70901203,-88.79407261,68.3,500,164485382.45920047,222387608.16516045,57902225.705959976,35.202
8CUMBERLAND_360040,8JACKSON TN_360019,36.3921331,-87.65747953,35.70901203,-88.79407261,139.13,500,336189006.78142214,402369476.9976248,66180470.2162027,19.685
7SHAWNEE FP_360002,8JACKSON TN_360019,37.150267,-88.778122,35.70901203,-88.79407261,190.094,500,451885146.87847745,634624805.5938337,182739658.7153563,40.439
8CHOCTAW MS_360654,8SHELBY TN_360021,33.2984397,-89.4127739,35.38606284,-89.80340294,265.096,500,648384331.4416106,828479569.2647704,180095237.8231598,27.776
8ACKERMAN CC_360627,8SHELBY TN_360021,33.38593855,-89.20997726,35.38606284,-89.80340294,258.083,500,626072254.8921021,813566504.9972162,187494250.10511416,29.948
8CLAY_360688,8SHELBY TN_360021,33.47863869,-88.74043971,35.38606284,-89.80340294,263.624,500,635326125.1738216,831493870.8402554,196167745.66643378,30.877
8COGEN CALED_360606,8SHELBY TN_360021,33.64779158,-88.31593565,35.38606284,-89.80340294,264.285,500,637359436.5588925,837136720.031738,199777283.4728455,31.345
8E POINT AL_360058,8SHELBY TN_360021,34.19181783,-86.74805975,35.38606284,-89.80340294,378.173,500,912821298.2921131,1071994586.4612089,159173288.16909587,17.438
6CENTER PNT_360533,8SHELBY TN_360021,34.6665318,-84.97089121,35.38606284,-89.80340294,525.505,500,1285436549.597764,1478222515.4731135,192785965.8753496,14.998
8BR FERRY NP_360052,8SHELBY TN_360021,34.70520875,-87.11705751,35.38606284,-89.80340294,285.918,500,687508378.3890121,872521277.2095348,185012898.82052267,26.911
6LOOPERS FRM_360602,8SHELBY TN_360021,34.708916,-84.922795,35.38606284,-89.80340294,532.256,500,1303576373.051497,1496538268.8592095,192961895.80771253,14.803
8LIMESTONE_360088,8SHELBY TN_360021,34.71890958,-86.84630969,35.38606284,-89.80340294,309.001,500,743576118.6524065,928353912.4219234,184777793.76951697,24.85
6COUNTY LINE_360013,8SHELBY TN_360021,34.74311084,-85.00751569,35.38606284,-89.80340294,497.907,500,1218564591.1655521,1408058600.4252222,189494009.25967,15.551
6YOUNG GA_361454,8SHELBY TN_360021,34.75072952,-85.27349349,35.38606284,-89.80340294,464.01,500,1131685853.4512734,1321895913.5068927,190210060.0556192,16.808
8MADISON AL_360060,8SHELBY TN_360021,34.79577878,-86.52158584,35.38606284,-89.80340294,334.333,500,807337693.7525306,989827526.03102,182489832.27848947,22.604
6KENSNGTN GA_361503,8SHELBY TN_360021,34.81265905,-85.32344844,35.38606284,-89.80340294,464.209,500,1132214534.482355,1322694126.7766364,190479592.2942813,16.824
6ALPHA GA_361502,8SHELBY TN_360021,34.813027,-84.853226,35.38606284,-89.80340294,546.845,500,1336488435.0593715,1527315040.4022915,190826605.34292004,14.278
6CLOUDLANDGA_361633,8SHELBY TN_360021,34.81849122,-85.5353055,35.38606284,-89.80340294,436.043,500,1067767575.1656833,1252635679.0171933,184868103.85150993,17.314
8MAGNOL CC1_360613,8SHELBY TN_360021,34.8287922,-89.20041124,35.38606284,-89.80340294,95.142,500,232702130.56456694,337078640.49451005,104376509.9299431,44.854
6ROCK SPG GA_361500,8SHELBY TN_360021,34.83897801,-85.28020801,35.38606284,-89.80340294,468.247,500,1141427350.6892397,1332059670.5428119,190632319.85357207,16.701
6WID CRK FP_360068,8SHELBY TN_360021,34.88515896,-85.75604163,35.38606284,-89.80340294,402.59,500,979721912.881988,1164312385.6299114,184590472.74792334,18.841
6WRINGOLD GA_361504,8SHELBY TN_360021,34.89324284,-85.13750475,35.38606284,-89.80340294,506.138,500,1235819501.216751,1424137834.5011098,188318333.2843587,15.238
6BATTLFLD GA_361530,8SHELBY TN_360021,34.9555953,-85.26465286,35.38606284,-89.80340294,444.799,500,1093945837.2806568,1278049921.8307276,184104084.55007076,16.829
6S HAVEN CC_360594,8SHELBY TN_360021,34.99627529,-90.0485284,35.38606284,-89.80340294,123.855,500,312510641.72066414,468765962.9811944,156255321.26053023,50.0
6CONCORD TN_361509,8SHELBY TN_360021,34.99679719,-85.1610968,35.38606284,-89.80340294,527.925,500,1291390550.3228543,1480525736.2950625,189135185.9722082,14.646
8BRADLEY TN_360662,8SHELBY TN_360021,35.0367008,-84.963798,35.38606284,-89.80340294,519.037,500,1262391677.04884,1413163840.401126,150772163.35228598,11.943
8RACCOON MTN_360079,8SHELBY TN_360021,35.05681146,-85.38724619,35.38606284,-89.80340294,431.357,500,1054569610.0995089,1238230582.8604183,183660972.76090953,17.416
8BENTON MS_360612,8SHELBY TN_360021,35.17466126,-89.74553609,35.38606284,-89.80340294,32.82,500,82933228.98008704,124399843.62917985,41466614.64909281,50.0
8SEQUOYAH NP_360081,8SHELBY TN_360021,35.22706031,-85.09419774,35.38606284,-89.80340294,479.512,500,1170467904.894462,1344319787.7287905,173851882.8343285,14.853
8FRANKLIN TN_360069,8SHELBY TN_360021,35.33506701,-86.11727644,35.38606284,-89.80340294,363.844,500,876238110.2366593,1047473393.7525836,171235283.5159243,19.542
8HAYWOOD TN_360542,8SHELBY TN_360021,35.54308246,-89.19654872,35.38606284,-89.80340294,80.977,500,194527904.51039505,277733253.15149534,83205348.64110026,42.773
8HIWASSEE TN_360110,8SHELBY TN_360021,35.60032498,-84.78911434,35.38606284,-89.80340294,492.208,500,1193568462.1654944,1344275515.3914297,150707053.22593528,12.627
8LAG CRK CC_360615,8SHELBY TN_360021,35.65702785,-89.39460044,35.38606284,-89.80340294,57.69,500,137700184.66181225,195827493.19913524,58127308.53732299,42.213
8MAURY TN_360050,8SHELBY TN_360021,35.672863,-87.01861625,35.38606284,-89.80340294,274.083,500,658884260.4199333,812974103.0948675,154089842.6749342,23.386
8JACKSON TN_360019,8SHELBY TN_360021,35.70901203,-88.79407261,35.38606284,-89.80340294,115.201,500,277825479.40620524,400346264.954361,122520785.54815578,44.1
8RUTHERFORD_360010,8SHELBY TN_360021,35.82791498,-86.59841524,35.38606284,-89.80340294,322.982,500,781505623.0931811,945985060.0554426,164479436.9622615,21.046
8ANDERSON TN_360120,8SHELBY TN_360021,35.94503289,-84.38856432,35.38606284,-89.80340294,540.317,500,1321286489.6025636,1475391019.2862592,154104529.6836955,11.663
8BULL RUN FP_360093,8SHELBY TN_360021,36.01895969,-84.15785445,35.38606284,-89.80340294,632.8,500,1550378861.725526,1709837129.6330442,159458267.9075182,10.285
8JVILLE FP_360037,8SHELBY TN_360021,36.02382902,-87.98154082,35.38606284,-89.80340294,200.784,500,481979063.300401,647112843.8670342,165133780.56663316,34.262
8PIN HOOK TN_360581,8SHELBY TN_360021,36.04646628,-86.60595108,35.38606284,-89.80340294,343.091,500,843578311.2393444,1025009714.8253294,181431403.58598506,21.507
8PLATEAU TN_360077,8SHELBY TN_360021,36.05858036,-85.14194112,35.38606284,-89.80340294,474.431,500,1149056539.2307205,1307331076.175864,158274536.9451434,13.774
8DAVIDSON TN_360048,8SHELBY TN_360021,36.06703747,-86.9841046,35.38606284,-89.80340294,292.95,500,710225998.8463632,895756441.0548887,185530442.20852557,26.123
8GLEASON CT_360582,8SHELBY TN_360021,36.24522988,-88.6114255,35.38606284,-89.80340294,158.511,500,379956118.33234644,539424606.9848034,159468488.65245706,41.97
8LAG CRK CT_360568,8SHELBY TN_360021,36.27534882,-88.83423675,35.38606284,-89.80340294,151.769,500,362916398.424189,518105124.841691,155188726.41750202,42.762
8CUMBERLAND_360040,8SHELBY TN_360021,36.3921331,-87.65747953,35.38606284,-89.80340294,248.243,500,598176210.5848299,788831873.2443032,190655662.65947327,31.873
8PHIPPS B NP_360102,8SHELBY TN_360021,36.46070569,-82.80788409,35.38606284,-89.80340294,724.325,500,1773355546.6753125,2022567825.6622472,249212278.98693478,14.053
8MONTGOMERY_360044,8SHELBY TN_360021,36.59438524,-87.25325857,35.38606284,-89.80340294,315.644,500,763511669.2557883,981170472.3140734,217658803.05828512,28.508
8MARSHALL KY_360015,8SHELBY TN_360021,37.02455006,-88.39384277,35.38606284,-89.80340294,267.977,500,642020830.8127912,898758814.3767093,256737983.56391808,39.989
7SHAWNEE FP_360002,8SHELBY TN_360021,37.150267,-88.778122,35.38606284,-89.80340294,254.757,500,607901714.9290818,832525957.4048831,224624242.47580135,36.951
8PARADISE CC_360117,8SHELBY TN_360021,37.259697,-86.976991,35.38606284,-89.80340294,371.751,500,896133496.0903473,1129143462.582911,233009966.49256384,26.002
8PARADISE CC_360117,8SHELBY TN_360021,37.259697,-86.976991,35.38606284,-89.80340294,371.751,500,896133496.0903473,1129143462.582911,233009966.49256384,26.002
6CENTER PNT_360533,8SHAWNEE FP_360001,34.6665318,-84.97089121,37.150267,-88.778122,570.398,500,1388038026.090612,1571473969.5880146,183435943.49740255,13.215
6LOOPERS FRM_360602,8SHAWNEE FP_360001,34.708916,-84.922795,37.150267,-88.778122,577.149,500,1406177849.544345,1589551992.6133738,183374143.06902885,13.041
6COUNTY LINE_360013,8SHAWNEE FP_360001,34.74311084,-85.00751569,37.150267,-88.778122,541.161,500,1316962715.148047,1498345035.238096,181382320.0900491,13.773
6YOUNG GA_361454,8SHAWNEE FP_360001,34.75072952,-85.27349349,37.150267,-88.778122,499.425,500,1219566409.2166338,1400509049.4090934,180942640.1924596,14.837
6KENSNGTN GA_361503,8SHAWNEE FP_360001,34.81265905,-85.32344844,37.150267,-88.778122,499.721,500,1219940639.4578402,1401214553.4513173,181273913.99347717,14.859
6ALPHA GA_361502,8SHAWNEE FP_360001,34.813027,-84.853226,37.150267,-88.778122,558.102,500,1362239352.8258471,1540117463.318602,177878110.49275485,13.058
6CLOUDLANDGA_361633,8SHAWNEE FP_360001,34.81849122,-85.5353055,37.150267,-88.778122,473.416,500,1152190672.9831042,1330494170.72442,178303497.74131593,15.475
6ROCK SPG GA_361500,8SHAWNEE FP_360001,34.83897801,-85.28020801,37.150267,-88.778122,503.759,500,1229197842.6948478,1410493885.7023458,181296043.00749794,14.749
6WID CRK FP_360068,8SHAWNEE FP_360001,34.88515896,-85.75604163,37.150267,-88.778122,439.888,500,1064395273.4920746,1243341210.6603754,178945937.16830072,16.812
6WRINGOLD GA_361504,8SHAWNEE FP_360001,34.89324284,-85.13750475,37.150267,-88.778122,549.392,500,1334217625.1992462,1514189261.6292062,179971636.4299601,13.489
6BATTLFLD GA_361530,8SHAWNEE FP_360001,34.9555953,-85.26465286,37.150267,-88.778122,482.172,500,1178368935.0980778,1355505302.5246646,177136367.42658693,15.032
6S HAVEN CC_360594,8SHAWNEE FP_360001,34.99627529,-90.0485284,37.150267,-88.778122,324.277,500,775201635.838223,1138319553.1343167,363117917.2960937,46.842
6CONCORD TN_361509,8SHAWNEE FP_360001,34.99679719,-85.1610968,37.150267,-88.778122,563.605,500,1377000434.4087002,1555163735.0993135,178163300.6906133,12.939
6CENTER PNT_360533,8BHAM STEEL_360075,34.6665318,-84.97089121,34.99627529,-90.0485284,576.883,500,1415931625.4860106,1629977344.358624,214045718.8726133,15.117
6LOOPERS FRM_360602,8BHAM STEEL_360075,34.708916,-84.922795,34.99627529,-90.0485284,583.634,500,1434071448.9397433,1648288866.8460038,214217417.9062604,14.938
6COUNTY LINE_360013,8BHAM STEEL_360075,34.74311084,-85.00751569,34.99627529,-90.0485284,551.914,500,1356767630.9248142,1569360014.8780892,212592383.953275,15.669
6YOUNG GA_361454,8BHAM STEEL_360075,34.75072952,-85.27349349,34.99627529,-90.0485284,518.017,500,1269888893.2105355,1483431270.461684,213542377.25114837,16.816
6KENSNGTN GA_361503,8BHAM STEEL_360075,34.81265905,-85.32344844,34.99627529,-90.0485284,518.216,500,1270417574.2416172,1484232602.698799,213815028.45718178,16.83
6ALPHA GA_361502,8BHAM STEEL_360075,34.813027,-84.853226,34.99627529,-90.0485284,602.705,500,1480166242.6651793,1694719107.599453,214552864.93427384,14.495
6CLOUDLANDGA_361633,8BHAM STEEL_360075,34.81849122,-85.5353055,34.99627529,-90.0485284,498.491,500,1219552505.141236,1431738399.979307,212185894.83807084,17.399
6ROCK SPG GA_361500,8BHAM STEEL_360075,34.83897801,-85.28020801,34.99627529,-90.0485284,522.254,500,1279630390.4485016,1493575376.255414,213944985.8069124,16.719
6WID CRK FP_360068,8BHAM STEEL_360075,34.88515896,-85.75604163,34.99627529,-90.0485284,446.517,500,1092332189.8417606,1315380471.7578218,223048281.9160611,20.419
6WRINGOLD GA_361504,8BHAM STEEL_360075,34.89324284,-85.13750475,34.99627529,-90.0485284,560.145,500,1374022540.9760132,1585369484.332491,211346943.35647783,15.382
6BATTLFLD GA_361530,8BHAM STEEL_360075,34.9555953,-85.26465286,34.99627529,-90.0485284,488.726,500,1206556114.2404296,1428437567.484006,221881453.24357632,18.39
6CONCORD TN_361509,8BHAM STEEL_360075,34.99679719,-85.1610968,34.99627529,-90.0485284,581.932,500,1429593590.0821161,1641651872.8136773,212058282.7315612,14.833
8CHOCTAW MS_360654,8WILSON TN_360071,33.2984397,-89.4127739,36.2052377,-86.46506033,496.333,500,1206953264.6899242,1361847068.380798,154893803.69087395,12.833
8ACKERMAN CC_360627,8WILSON TN_360071,33.38593855,-89.20997726,36.2052377,-86.46506033,474.727,500,1153437057.17764,1293458424.4014215,140021367.22378162,12.139
8CLAY_360688,8WILSON TN_360071,33.47863869,-88.74043971,36.2052377,-86.46506033,436.993,500,1059319016.1320996,1169825803.9558094,110506787.82370982,10.432
8WEST POINT_360035,8WILSON TN_360071,33.63551392,-88.65363834,36.2052377,-86.46506033,415.604,500,1004823585.7891034,1099886838.8610604,95063253.07195698,9.461
8COGEN CALED_360606,8WILSON TN_360071,33.64779158,-88.31593565,36.2052377,-86.46506033,397.928,500,961145407.3923277,1043055067.4094528,81909660.01712511,8.522
8E POINT AL_360058,8WILSON TN_360071,34.19181783,-86.74805975,36.2052377,-86.46506033,279.284,500,689832724.5671699,699983165.3504473,10150440.7832774,1.471
8UNION MS_360033,8WILSON TN_360071,34.37783096,-88.85850114,36.2052377,-86.46506033,390.957,500,945502772.935587,1039497591.081212,93994818.14562505,9.941
8TRICO STEEL_360014,8WILSON TN_360071,34.60872576,-87.05506218,36.2052377,-86.46506033,268.457,500,652128387.5474705,699004756.9317846,46876369.384314194,7.188
6CENTER PNT_360533,8WILSON TN_360071,34.6665318,-84.97089121,36.2052377,-86.46506033,289.414,500,715487308.1744928,724997126.8318316,9509818.657338772,1.329
8BR FERRY NP_360052,8WILSON TN_360071,34.70520875,-87.11705751,36.2052377,-86.46506033,223.625,500,542309267.6279855,566977500.5953,24668232.9673145,4.549
6LOOPERS FRM_360602,8WILSON TN_360071,34.708916,-84.922795,36.2052377,-86.46506033,281.627,500,695135743.7433674,704660428.9979421,9524685.254574714,1.37
8LIMESTONE_360088,8WILSON TN_360071,34.71890958,-86.84630969,36.2052377,-86.46506033,208.9,500,506904284.22873837,531534319.0378103,24630034.80907197,4.859
6COUNTY LINE_360013,8WILSON TN_360071,34.74311084,-85.00751569,36.2052377,-86.46506033,277.334,500,685712233.9204551,695648389.5294335,9936155.608978435,1.449
6YOUNG GA_361454,8WILSON TN_360071,34.75072952,-85.27349349,36.2052377,-86.46506033,230.197,500,574542602.129514,587176730.9093856,12634128.7798716,2.199
8MADISON AL_360060,8WILSON TN_360071,34.79577878,-86.52158584,36.2052377,-86.46506033,190.394,500,464157237.4332082,475181609.26129663,11024371.828088403,2.375
6KENSNGTN GA_361503,8WILSON TN_360071,34.81265905,-85.32344844,36.2052377,-86.46506033,230.493,500,574916832.3707204,587601020.2307909,12684187.860070467,2.206
6ALPHA GA_361502,8WILSON TN_360071,34.813027,-84.853226,36.2052377,-86.46506033,262.122,500,646918830.7838852,656448121.3461336,9529290.562248355,1.473
6CLOUDLANDGA_361633,8WILSON TN_360071,34.81849122,-85.5353055,36.2052377,-86.46506033,204.188,500,507166865.8959844,516422009.07399756,9255143.178013174,1.825
8MAGNOL CC1_360613,8WILSON TN_360071,34.8287922,-89.20041124,36.2052377,-86.46506033,383.969,500,925635478.7762628,1029642157.9772253,104006679.2009625,11.236
6ROCK SPG GA_361500,8WILSON TN_360071,34.83897801,-85.28020801,36.2052377,-86.46506033,234.531,500,584174035.607728,596856837.2408952,12682801.633167123,2.171
6WID CRK FP_360068,8WILSON TN_360071,34.88515896,-85.75604163,36.2052377,-86.46506033,182.785,500,452761826.97901094,461787398.32147723,9025571.342466287,1.993
8WID CRK FP_360065,8WILSON TN_360071,34.88726197,-85.75423778,36.2052377,-86.46506033,182.499,500,451851719.4804871,460885437.1207082,9033717.640221095,1.999
6WRINGOLD GA_361504,8WILSON TN_360071,34.89324284,-85.13750475,36.2052377,-86.46506033,260.669,500,642876713.6611078,652815561.4319996,9938847.770891793,1.546
6BATTLFLD GA_361530,8WILSON TN_360071,34.9555953,-85.26465286,36.2052377,-86.46506033,205.91,500,514596650.42275625,524481141.48246014,9884491.059703879,1.921
6S HAVEN CC_360594,8WILSON TN_360071,34.99627529,-90.0485284,36.2052377,-86.46506033,476.418,500,1157885569.5669374,1381430641.4380808,223545071.87114343,19.306
6CONCORD TN_361509,8WILSON TN_360071,34.99679719,-85.1610968,36.2052377,-86.46506033,267.624,500,661679912.3667383,671602254.1170361,9922341.750297815,1.5
8BRADLEY TN_360662,8WILSON TN_360071,35.0367008,-84.963798,36.2052377,-86.46506033,230.588,500,568575024.3330436,578067611.9981307,9492587.665087093,1.67
8RACCOON MTN_360079,8WILSON TN_360071,35.05681146,-85.38724619,36.2052377,-86.46506033,188.313,500,464689880.93034863,474109986.4667372,9420105.536388576,2.027
8BENTON MS_360612,8WILSON TN_360071,35.17466126,-89.74553609,36.2052377,-86.46506033,426.13,500,1035934639.5505643,1210111067.6958106,174176428.1452462,16.813
8SEQUOYAH NP_360081,8WILSON TN_360071,35.22706031,-85.09419774,36.2052377,-86.46506033,192.623,500,482068407.6120094,491911336.63221055,9842929.02020115,2.042
8FRANKLIN TN_360069,8WILSON TN_360071,35.33506701,-86.11727644,36.2052377,-86.46506033,142.972,500,348926325.058542,357922244.2691109,8995919.210568877,2.578
8SHELBY TN_360021,8WILSON TN_360071,35.38606284,-89.80340294,36.2052377,-86.46506033,424.442,500,1027947030.036727,1196319075.2724001,168372045.23567313,16.379
8HAYWOOD TN_360542,8WILSON TN_360071,35.54308246,-89.19654872,36.2052377,-86.46506033,341.196,500,837514783.454361,1020884071.0536324,183369287.5992714,21.894
8HIWASSEE TN_360110,8WILSON TN_360071,35.60032498,-84.78911434,36.2052377,-86.46506033,185.779,500,456319674.744532,464976376.3113282,8656701.566796185,1.897
8LAG CRK CC_360615,8WILSON TN_360071,35.65702785,-89.39460044,36.2052377,-86.46506033,353.628,500,865478795.5506294,1073507902.1720431,208029106.62141368,24.036
8MAURY TN_360050,8WILSON TN_360071,35.672863,-87.01861625,36.2052377,-86.46506033,152.018,500,375208599.50671875,395042845.16756994,19834245.660851195,5.286
8JACKSON TN_360019,8WILSON TN_360071,35.70901203,-88.79407261,36.2052377,-86.46506033,295.905,500,728435724.0488843,864908193.3684913,136472469.31960702,18.735
8RUTHERFORD_360010,8WILSON TN_360071,35.82791498,-86.59841524,36.2052377,-86.46506033,113.521,500,279705958.4670384,299722543.23292947,20016584.76589109,7.156
8ANDERSON TN_360120,8WILSON TN_360071,35.94503289,-84.38856432,36.2052377,-86.46506033,224.65,500,560841921.9145532,569571602.098948,8729680.184394814,1.557
8BULL RUN FP_360093,8WILSON TN_360071,36.01895969,-84.15785445,36.2052377,-86.46506033,295.71,500,739504797.369339,748283610.4469124,8778813.077573376,1.187
8JVILLE FP_360037,8WILSON TN_360071,36.02382902,-87.98154082,36.2052377,-86.46506033,207.452,500,514731281.6978839,599687272.3129609,84955990.61507696,16.505
8PIN HOOK TN_360581,8WILSON TN_360071,36.04646628,-86.60595108,36.2052377,-86.46506033,145.082,500,366099964.8998064,394772359.9005885,28672395.00078211,7.832
8PLATEAU TN_360077,8WILSON TN_360071,36.05858036,-85.14194112,36.2052377,-86.46506033,138.743,500,341208820.97997797,349923433.9893637,8714613.009385716,2.554
8DAVIDSON TN_360048,8WILSON TN_360071,36.06703747,-86.9841046,36.2052377,-86.46506033,173.371,500,436572343.8649826,467527566.5833924,30955222.718409747,7.091
8VOLUNTEER_360097,8WILSON TN_360071,36.1219789,-83.81482256,36.2052377,-86.46506033,325.754,500,815775461.3690698,824531194.859491,8755733.490421139,1.073
8GLEASON CT_360582,8WILSON TN_360071,36.24522988,-88.6114255,36.2052377,-86.46506033,265.252,500,655559842.864166,778774289.7889853,123214446.92481922,18.795
8LAG CRK CT_360568,8WILSON TN_360071,36.27534882,-88.83423675,36.2052377,-86.46506033,286.828,500,706985851.1296523,846083684.1904862,139097833.060834,19.675
8CUMBERLAND_360040,8WILSON TN_360071,36.3921331,-87.65747953,36.2052377,-86.46506033,170.626,500,425567866.10582876,503240776.41436225,77672910.3085335,18.252
8PHIPPS B NP_360102,8WILSON TN_360071,36.46070569,-82.80788409,36.2052377,-86.46506033,380.493,500,950723274.7134392,959013030.9882202,8289756.274781022,0.872
8MONTGOMERY_360044,8WILSON TN_360071,36.59438524,-87.25325857,36.2052377,-86.46506033,119.43,500,298950617.0580286,360338043.91537833,61387426.85734978,20.534
8MARSHALL KY_360015,8WILSON TN_360071,37.02455006,-88.39384277,36.2052377,-86.46506033,257.06,500,631516676.9902648,717730861.0717891,86214184.08152442,13.652
7SHAWNEE FP_360002,8WILSON TN_360071,37.150267,-88.778122,36.2052377,-86.46506033,375.55,500,914756904.9521071,1108541088.5569682,193784183.60486123,21.184
8PARADISE CC_360117,8WILSON TN_360071,37.259697,-86.976991,36.2052377,-86.46506033,145.419,500,360660797.21202517,400524299.2515668,39863502.03954164,11.053
8PARADISE CC_360117,8WILSON TN_360071,37.259697,-86.976991,36.2052377,-86.46506033,145.419,500,360660797.21202517,400524299.2515668,39863502.03954164,11.053
8CHOCTAW MS_360654,8MAGNOL CC1_360613,33.2984397,-89.4127739,34.8287922,-89.20041124,185.758,500,449558313.64306045,563180698.8016121,113622385.15855168,25.274
8ACKERMAN CC_360627,8MAGNOL CC1_360613,33.38593855,-89.20997726,34.8287922,-89.20041124,172.529,500,417922756.32351065,535071954.01153505,117149197.68802439,28.031
8CLAY_360688,8MAGNOL CC1_360613,33.47863869,-88.74043971,34.8287922,-89.20041124,173.435,500,417128922.3787303,532837935.4424902,115709013.06375992,27.739
8COGEN CALED_360606,8MAGNOL CC1_360613,33.64779158,-88.31593565,34.8287922,-89.20041124,171.155,500,413113193.6855227,512664550.5043324,99551356.81880976,24.098
8E POINT AL_360058,8MAGNOL CC1_360613,34.19181783,-86.74805975,34.8287922,-89.20041124,291.265,500,704552530.9818298,777891331.5120449,73338800.53021514,10.409
6CENTER PNT_360533,8MAGNOL CC1_360613,34.6665318,-84.97089121,34.8287922,-89.20041124,470.85,500,1147322845.3980048,1238708108.830648,91385263.43264319,7.965
8BR FERRY NP_360052,8MAGNOL CC1_360613,34.70520875,-87.11705751,34.8287922,-89.20041124,228.378,500,550122743.1903636,648641368.3591875,98518625.16882387,17.908
6LOOPERS FRM_360602,8MAGNOL CC1_360613,34.708916,-84.922795,34.8287922,-89.20041124,477.601,500,1165462668.8517373,1256915599.3271272,91452930.47538991,7.847
8LIMESTONE_360088,8MAGNOL CC1_360613,34.71890958,-86.84630969,34.8287922,-89.20041124,251.461,500,606190483.4537582,704149245.9376271,97958762.48386882,16.16
6COUNTY LINE_360013,8MAGNOL CC1_360613,34.74311084,-85.00751569,34.8287922,-89.20041124,445.88,500,1088158850.8368082,1178025558.1600251,89866707.32321693,8.259
6YOUNG GA_361454,8MAGNOL CC1_360613,34.75072952,-85.27349349,34.8287922,-89.20041124,411.983,500,1001280113.1225295,1092460050.9770994,91179937.85457003,9.106
8MADISON AL_360060,8MAGNOL CC1_360613,34.79577878,-86.52158584,34.8287922,-89.20041124,277.15,500,670121939.7063689,776073743.0179992,105951803.31163023,15.811
6KENSNGTN GA_361503,8MAGNOL CC1_360613,34.81265905,-85.32344844,34.8287922,-89.20041124,412.182,500,1001808794.1536113,1093138325.6538868,91329531.50027542,9.116
6ALPHA GA_361502,8MAGNOL CC1_360613,34.813027,-84.853226,34.8287922,-89.20041124,496.671,500,1211557462.5771732,1303129598.1518574,91572135.5746842,7.558
6CLOUDLANDGA_361633,8MAGNOL CC1_360613,34.81849122,-85.5353055,34.8287922,-89.20041124,387.521,500,948127761.3347813,1055834187.8950685,107706426.56028725,11.36
6ROCK SPG GA_361500,8MAGNOL CC1_360613,34.83897801,-85.28020801,34.8287922,-89.20041124,416.221,500,1011021610.3604957,1102406504.9800615,91384894.61956583,9.039
6WID CRK FP_360068,8MAGNOL CC1_360613,34.88515896,-85.75604163,34.8287922,-89.20041124,354.069,500,860082099.0510861,967504099.1518853,107422000.10079914,12.49
6WRINGOLD GA_361504,8MAGNOL CC1_360613,34.89324284,-85.13750475,34.8287922,-89.20041124,454.112,500,1105413760.8880072,1194590121.5593328,89176360.6713258,8.067
6BATTLFLD GA_361530,8MAGNOL CC1_360613,34.9555953,-85.26465286,34.8287922,-89.20041124,396.278,500,974306023.449755,1081558198.824934,107252175.37517902,11.008
6S HAVEN CC_360594,8MAGNOL CC1_360613,34.99627529,-90.0485284,34.8287922,-89.20041124,115.209,500,289282510.902915,407989037.81551814,118706526.91260311,41.035
6CONCORD TN_361509,8MAGNOL CC1_360613,34.99679719,-85.1610968,34.8287922,-89.20041124,475.899,500,1160984809.99411,1250467008.5145009,89482198.52039085,7.707
8BRADLEY TN_360662,8MAGNOL CC1_360613,35.0367008,-84.963798,34.8287922,-89.20041124,475.018,500,1149620141.5353081,1242904727.0280192,93284585.49271101,8.114
8BENTON MS_360612,8MAGNOL CC1_360613,35.17466126,-89.74553609,34.8287922,-89.20041124,75.426,500,189328657.47524092,271860511.60910195,82531854.13386105,43.592
8FRANKLIN TN_360069,8MAGNOL CC1_360613,35.33506701,-86.11727644,34.8287922,-89.20041124,315.94,500,758469364.7800584,859384308.7891222,100914944.00906387,13.305
8HAYWOOD TN_360542,8MAGNOL CC1_360613,35.54308246,-89.19654872,34.8287922,-89.20041124,86.93,500,214074863.80730832,281443092.12761694,67368228.32030863,31.469
8HIWASSEE TN_360110,8MAGNOL CC1_360613,35.60032498,-84.78911434,34.8287922,-89.20041124,448.189,500,1080796926.6519623,1174264722.7048912,93467796.05292892,8.648
8LAG CRK CC_360615,8MAGNOL CC1_360613,35.65702785,-89.39460044,34.8287922,-89.20041124,103.528,500,254704114.87144405,349298159.43059576,94594044.55915171,37.139
8JACKSON TN_360019,8MAGNOL CC1_360613,35.70901203,-88.79407261,34.8287922,-89.20041124,121.385,500,297110874.218235,370941014.52415854,73830140.30592352,24.849
8ANDERSON TN_360120,8MAGNOL CC1_360613,35.94503289,-84.38856432,34.8287922,-89.20041124,496.298,500,1208514954.0890317,1303947245.7278655,95432291.63883385,7.897
8BULL RUN FP_360093,8MAGNOL CC1_360613,36.01895969,-84.15785445,34.8287922,-89.20041124,586.075,500,1437681686.8058686,1534938492.7176437,97256805.91177516,6.765
8JVILLE FP_360037,8MAGNOL CC1_360613,36.02382902,-87.98154082,34.8287922,-89.20041124,188.4,500,453812353.00964105,544214389.7845376,90402036.77489647,19.921
8DAVIDSON TN_360048,8MAGNOL CC1_360613,36.06703747,-86.9841046,34.8287922,-89.20041124,261.445,500,637694005.8572925,774090261.2784739,136396255.42118132,21.389
8GLEASON CT_360582,8MAGNOL CC1_360613,36.24522988,-88.6114255,34.8287922,-89.20041124,182.746,500,443730162.5731895,599960522.8299911,156230360.25680164,35.208
8LAG CRK CT_360568,8MAGNOL CC1_360613,36.27534882,-88.83423675,34.8287922,-89.20041124,177.061,500,430153618.678203,590976511.2345105,160822892.55630755,37.387
8CUMBERLAND_360040,8MAGNOL CC1_360613,36.3921331,-87.65747953,34.8287922,-89.20041124,245.899,500,594690202.0673816,721694118.9535456,127003916.88616396,21.356
7SHAWNEE FP_360002,8MAGNOL CC1_360613,37.150267,-88.778122,34.8287922,-89.20041124,292.31,500,704686727.3335788,987371406.6779543,282684679.3443755,40.115
8CHOCTAW MS_360654,8LAG CRK CC_360615,33.2984397,-89.4127739,35.65702785,-89.39460044,286.899,500,702659604.5724417,894755452.5202035,192095847.94776177,27.338
8ACKERMAN CC_360627,8LAG CRK CC_360615,33.38593855,-89.20997726,35.65702785,-89.39460044,275.93,500,672152050.3436222,883052088.7939433,210900038.45032108,31.377
8CLAY_360688,8LAG CRK CC_360615,33.47863869,-88.74043971,35.65702785,-89.39460044,275.399,500,665375616.8130298,878950573.8896317,213574957.07660195,32.098
8COGEN CALED_360606,8LAG CRK CC_360615,33.64779158,-88.31593565,35.65702785,-89.39460044,267.981,500,656403712.003859,809987299.1435919,153583587.1397328,23.398
8E POINT AL_360058,8LAG CRK CC_360615,34.19181783,-86.74805975,35.65702785,-89.39460044,329.086,500,795224932.2732928,953093886.7345508,157868954.46125808,19.852
6CENTER PNT_360533,8LAG CRK CC_360615,34.6665318,-84.97089121,35.65702785,-89.39460044,494.495,500,1209240385.3071969,1370435790.8750484,161195405.56785163,13.33
8BR FERRY NP_360052,8LAG CRK CC_360615,34.70520875,-87.11705751,35.65702785,-89.39460044,258.276,500,619888615.890897,775282004.4901944,155393388.59929737,25.068
6LOOPERS FRM_360602,8LAG CRK CC_360615,34.708916,-84.922795,35.65702785,-89.39460044,501.246,500,1227380208.7609298,1388700736.6088235,161320527.84789371,13.143
6COUNTY LINE_360013,8LAG CRK CC_360615,34.74311084,-85.00751569,35.65702785,-89.39460044,466.897,500,1142368426.874985,1300601462.9473603,158233036.0723754,13.851
6YOUNG GA_361454,8LAG CRK CC_360615,34.75072952,-85.27349349,35.65702785,-89.39460044,429.294,500,1054051251.5668805,1203069942.0198157,149018690.45293513,14.138
6KENSNGTN GA_361503,8LAG CRK CC_360615,34.81265905,-85.32344844,35.65702785,-89.39460044,429.589,500,1054425481.8080869,1203737332.1009557,149311850.29286885,14.16
6ALPHA GA_361502,8LAG CRK CC_360615,34.813027,-84.853226,35.65702785,-89.39460044,511.289,500,1245312120.6062422,1379150605.7165687,133838485.11032656,10.747
6CLOUDLANDGA_361633,8LAG CRK CC_360615,34.81849122,-85.5353055,35.65702785,-89.39460044,403.284,500,986675515.3333509,1132394972.1241114,145719456.79076043,14.769
6ROCK SPG GA_361500,8LAG CRK CC_360615,34.83897801,-85.28020801,35.65702785,-89.39460044,433.628,500,1063682685.0450944,1213125218.7296662,149442533.6845719,14.05
6WID CRK FP_360068,8LAG CRK CC_360615,34.88515896,-85.75604163,35.65702785,-89.39460044,369.831,500,898629853.0496556,1044066375.9260141,145436522.87635848,16.184
6WRINGOLD GA_361504,8LAG CRK CC_360615,34.89324284,-85.13750475,35.65702785,-89.39460044,475.129,500,1159623336.926184,1316764135.5008256,157140798.57464167,13.551
6BATTLFLD GA_361530,8LAG CRK CC_360615,34.9555953,-85.26465286,35.65702785,-89.39460044,412.04,500,1012853777.4483246,1157944129.8801606,145090352.431836,14.325
6S HAVEN CC_360594,8LAG CRK CC_360615,34.99627529,-90.0485284,35.65702785,-89.39460044,150.836,500,382709151.63029456,557588782.8931329,174879631.26283836,45.695
6CONCORD TN_361509,8LAG CRK CC_360615,34.99679719,-85.1610968,35.65702785,-89.39460044,496.916,500,1215194386.0322871,1372974302.4168563,157779916.38456905,12.984
8BRADLEY TN_360662,8LAG CRK CC_360615,35.0367008,-84.963798,35.65702785,-89.39460044,479.755,500,1166968314.1554005,1299895137.19304,132926823.03763944,11.391
8BENTON MS_360612,8LAG CRK CC_360615,35.17466126,-89.74553609,35.65702785,-89.39460044,71.527,500,174706479.69920537,249838178.36328045,75131698.66407508,43.005
8FRANKLIN TN_360069,8LAG CRK CC_360615,35.33506701,-86.11727644,35.65702785,-89.39460044,327.633,500,790745123.6167183,925643757.0337682,134898633.41704988,17.06
8HAYWOOD TN_360542,8LAG CRK CC_360615,35.54308246,-89.19654872,35.65702785,-89.39460044,29.711,500,71189792.19916175,105118140.04283048,33928347.84366873,47.659
8HIWASSEE TN_360110,8LAG CRK CC_360615,35.60032498,-84.78911434,35.65702785,-89.39460044,452.926,500,1098145099.2720547,1230986195.0341947,132841095.76214,12.097
8JACKSON TN_360019,8LAG CRK CC_360615,35.70901203,-88.79407261,35.65702785,-89.39460044,61.89,500,150002542.14646265,216438124.42282367,66435582.27636101,44.29
8ANDERSON TN_360120,8LAG CRK CC_360615,35.94503289,-84.38856432,35.65702785,-89.39460044,501.035,500,1225863126.709124,1361972917.7930598,136109791.08393568,11.103
8BULL RUN FP_360093,8LAG CRK CC_360615,36.01895969,-84.15785445,35.65702785,-89.39460044,590.567,500,1452353968.6989872,1622353683.478361,169999714.77937365,11.705
8JVILLE FP_360037,8LAG CRK CC_360615,36.02382902,-87.98154082,35.65702785,-89.39460044,147.992,500,353855508.63488966,472619513.32290536,118764004.68801571,33.563
8DAVIDSON TN_360048,8LAG CRK CC_360615,36.06703747,-86.9841046,35.65702785,-89.39460044,246.202,500,597798000.8728869,759707435.0266862,161909434.15379927,27.084
8GLEASON CT_360582,8LAG CRK CC_360615,36.24522988,-88.6114255,35.65702785,-89.39460044,101.911,500,245042237.291098,347951715.1754563,102909477.88435829,41.997
8CUMBERLAND_360040,8LAG CRK CC_360615,36.3921331,-87.65747953,35.65702785,-89.39460044,192.929,500,464114859.616242,598295362.34368,134180502.72743802,28.911
7SHAWNEE FP_360002,8LAG CRK CC_360615,37.150267,-88.778122,35.65702785,-89.39460044,200.994,500,477036636.7811957,650431804.3080655,173395167.52686986,36.348
8ACKERMAN CC_360627,8ANDERSON TN_360120,33.38593855,-89.20997726,35.94503289,-84.38856432,577.283,500,1409950343.3598604,1536070451.753449,126120108.39358845,8.945
6CENTER PNT_360533,8ANDERSON TN_360120,34.6665318,-84.97089121,35.94503289,-84.38856432,185.58,500,461873023.1887902,461873023.1887902,0.0,0.0
6LOOPERS FRM_360602,8ANDERSON TN_360120,34.708916,-84.922795,35.94503289,-84.38856432,177.793,500,441521458.7576648,441521458.7576648,0.0,0.0
6COUNTY LINE_360013,8ANDERSON TN_360120,34.74311084,-85.00751569,35.94503289,-84.38856432,178.797,500,438481711.15988326,438897897.8060246,416186.6461413564,0.095
6YOUNG GA_361454,8ANDERSON TN_360120,34.75072952,-85.27349349,35.94503289,-84.38856432,219.723,500,541731951.1946312,542142604.7555512,410653.56091998913,0.076
6KENSNGTN GA_361503,8ANDERSON TN_360120,34.81265905,-85.32344844,35.94503289,-84.38856432,217.864,500,552887595.4673214,556321129.7218304,3433534.254509,0.621
6ALPHA GA_361502,8ANDERSON TN_360120,34.813027,-84.853226,35.94503289,-84.38856432,158.288,500,393304545.7981826,393304545.7981826,0.0,0.0
6CLOUDLANDGA_361633,8ANDERSON TN_360120,34.81849122,-85.5353055,35.94503289,-84.38856432,191.559,500,485137628.99258554,485137628.99258554,0.0,0.0
6ROCK SPG GA_361500,8ANDERSON TN_360120,34.83897801,-85.28020801,35.94503289,-84.38856432,221.903,500,562144798.704329,565579246.0766222,3434447.3722931826,0.611
6WID CRK FP_360068,8ANDERSON TN_360120,34.88515896,-85.75604163,35.94503289,-84.38856432,189.64,500,480121355.30920506,480121355.30920506,0.0,0.0
6WRINGOLD GA_361504,8ANDERSON TN_360120,34.89324284,-85.13750475,35.94503289,-84.38856432,162.132,500,395646190.90053594,396062705.66191363,416514.7613776688,0.105
6BATTLFLD GA_361530,8ANDERSON TN_360120,34.9555953,-85.26465286,35.94503289,-84.38856432,186.363,500,474206027.41053283,474661757.54153794,455730.1310051249,0.096
6S HAVEN CC_360594,8ANDERSON TN_360120,34.99627529,-90.0485284,35.94503289,-84.38856432,588.747,500,1440765044.8797064,1655076636.9974008,214311592.1176943,14.875
6CONCORD TN_361509,8ANDERSON TN_360120,34.99679719,-85.1610968,35.94503289,-84.38856432,169.087,500,414449389.60616636,414864727.1532346,415337.5470682627,0.1
7SHAWNEE FP_360002,8ANDERSON TN_360120,37.150267,-88.778122,35.94503289,-84.38856432,546.647,500,1340640027.7277594,1521204546.2010083,180564518.47324905,13.469
8CHOCTAW MS_360654,8VOLUNTEER_360097,33.2984397,-89.4127739,36.1219789,-83.81482256,716.964,500,1770028785.2817445,1907417971.503258,137389186.2215136,7.762
8ACKERMAN CC_360627,8VOLUNTEER_360097,33.38593855,-89.20997726,36.1219789,-83.81482256,695.358,500,1716512577.7694602,1839289218.259737,122776640.49027683,7.153
8CLAY_360688,8VOLUNTEER_360097,33.47863869,-88.74043971,36.1219789,-83.81482256,657.623,500,1622394536.7239199,1716531078.3667028,94136541.6427829,5.802
8COGEN CALED_360606,8VOLUNTEER_360097,33.64779158,-88.31593565,36.1219789,-83.81482256,611.025,500,1516550253.3380315,1545688232.312364,29137978.97433264,1.921
8E POINT AL_360058,8VOLUNTEER_360097,34.19181783,-86.74805975,36.1219789,-83.81482256,464.136,500,1160415818.7163777,1160415818.7163777,0.0,0.0
8UNION MS_360033,8VOLUNTEER_360097,34.37783096,-88.85850114,36.1219789,-83.81482256,611.424,500,1512867976.5246334,1615414508.140313,102546531.61567944,6.778
8TRICO STEEL_360014,8VOLUNTEER_360097,34.60872576,-87.05506218,36.1219789,-83.81482256,489.088,500,1215203908.1392908,1246520249.8609755,31316341.72168479,2.577
6CENTER PNT_360533,8VOLUNTEER_360097,34.6665318,-84.97089121,36.1219789,-83.81482256,285.364,500,728921506.5027522,728921506.5027522,0.0,0.0
8BR FERRY NP_360052,8VOLUNTEER_360097,34.70520875,-87.11705751,36.1219789,-83.81482256,443.685,500,1104412633.201257,1120096419.7140143,15683786.512757309,1.42
6LOOPERS FRM_360602,8VOLUNTEER_360097,34.708916,-84.922795,36.1219789,-83.81482256,277.576,500,708569942.0716269,708569942.0716269,0.0,0.0
8LIMESTONE_360088,8VOLUNTEER_360097,34.71890958,-86.84630969,36.1219789,-83.81482256,421.027,500,1050165756.3682969,1058805731.6910205,8639975.322723642,0.823
6COUNTY LINE_360013,8VOLUNTEER_360097,34.74311084,-85.00751569,36.1219789,-83.81482256,306.329,500,768426875.1569757,768838581.2792058,411706.1222301012,0.054
6YOUNG GA_361454,8VOLUNTEER_360097,34.75072952,-85.27349349,36.1219789,-83.81482256,347.255,500,871677115.1917236,872085955.986492,408840.7947684426,0.047
8MADISON AL_360060,8VOLUNTEER_360097,34.79577878,-86.52158584,36.1219789,-83.81482256,379.827,500,963832378.868043,970185162.7364023,6352783.868359282,0.659
6KENSNGTN GA_361503,8VOLUNTEER_360097,34.81265905,-85.32344844,36.1219789,-83.81482256,343.106,500,873372853.6178188,876804419.712975,3431566.095156173,0.393
6ALPHA GA_361502,8VOLUNTEER_360097,34.813027,-84.853226,36.1219789,-83.81482256,258.071,500,660353029.1121447,660353029.1121447,0.0,0.0
6CLOUDLANDGA_361633,8VOLUNTEER_360097,34.81849122,-85.5353055,36.1219789,-83.81482256,316.801,500,805622887.143083,805622887.143083,0.0,0.0
8MAGNOL CC1_360613,8VOLUNTEER_360097,34.8287922,-89.20041124,36.1219789,-83.81482256,616.119,500,1513952350.8055995,1610845957.705044,96893606.89944467,6.4
6ROCK SPG GA_361500,8VOLUNTEER_360097,34.83897801,-85.28020801,36.1219789,-83.81482256,347.144,500,882630056.8548265,886062224.4273909,3432167.572564508,0.389
6WID CRK FP_360068,8VOLUNTEER_360097,34.88515896,-85.75604163,36.1219789,-83.81482256,314.882,500,800606613.4597025,800606613.4597025,0.0,0.0
6WRINGOLD GA_361504,8VOLUNTEER_360097,34.89324284,-85.13750475,36.1219789,-83.81482256,289.664,500,725591354.8976284,726002974.319892,411619.42226362944,0.057
6BATTLFLD GA_361530,8VOLUNTEER_360097,34.9555953,-85.26465286,36.1219789,-83.81482256,311.604,500,794691285.5610303,795146328.2737302,455042.71269983915,0.057
6S HAVEN CC_360594,8VOLUNTEER_360097,34.99627529,-90.0485284,36.1219789,-83.81482256,708.567,500,1746202441.596274,1963843800.0515537,217641358.4552799,12.464
6CONCORD TN_361509,8VOLUNTEER_360097,34.99679719,-85.1610968,36.1219789,-83.81482256,296.619,500,744394553.6032588,744805653.957948,411100.35468916054,0.055
8BRADLEY TN_360662,8VOLUNTEER_360097,35.0367008,-84.963798,36.1219789,-83.81482256,259.583,500,651289665.5695641,651289665.5695641,0.0,0.0
8RACCOON MTN_360079,8VOLUNTEER_360097,35.05681146,-85.38724619,36.1219789,-83.81482256,280.895,500,712162606.0280175,712162606.0280175,0.0,0.0
8BENTON MS_360612,8VOLUNTEER_360097,35.17466126,-89.74553609,36.1219789,-83.81482256,661.868,500,1631874129.0484915,1808866061.9069457,176991932.8584542,10.846
8SEQUOYAH NP_360081,8VOLUNTEER_360097,35.22706031,-85.09419774,36.1219789,-83.81482256,254.458,500,656546681.8514678,656546681.8514678,0.0,0.0
8FRANKLIN TN_360069,8VOLUNTEER_360097,35.33506701,-86.11727644,36.1219789,-83.81482256,312.444,500,786641406.3008192,786641406.3008192,0.0,0.0
8SHELBY TN_360021,8VOLUNTEER_360097,35.38606284,-89.80340294,36.1219789,-83.81482256,662.844,500,1626649525.725257,1785876695.5093358,159227169.7840788,9.789
8HAYWOOD TN_360542,8VOLUNTEER_360097,35.54308246,-89.19654872,36.1219789,-83.81482256,600.689,500,1476472883.9420967,1583886441.4924183,107413557.5503216,7.275
8HIWASSEE TN_360110,8VOLUNTEER_360097,35.60032498,-84.78911434,36.1219789,-83.81482256,190.548,500,485077224.515591,485077224.515591,0.0,0.0
8LAG CRK CC_360615,8VOLUNTEER_360097,35.65702785,-89.39460044,36.1219789,-83.81482256,620.611,500,1528624632.698718,1698405434.919598,169780802.2208799,11.107
8MAURY TN_360050,8VOLUNTEER_360097,35.672863,-87.01861625,36.1219789,-83.81482256,390.42,500,973911095.1952486,982592888.3840814,8681793.188832816,0.891
8JACKSON TN_360019,8VOLUNTEER_360097,35.70901203,-88.79407261,36.1219789,-83.81482256,563.21,500,1389097072.3992777,1499380770.783222,110283698.38394436,7.939
8RUTHERFORD_360010,8VOLUNTEER_360097,35.82791498,-86.59841524,36.1219789,-83.81482256,352.125,500,879128464.7758574,888282671.9077823,9154207.131924836,1.041
8ANDERSON TN_360120,8VOLUNTEER_360097,35.94503289,-84.38856432,36.1219789,-83.81482256,144.953,500,371052694.6382174,371052694.6382174,0.0,0.0
8BULL RUN FP_360093,8VOLUNTEER_360097,36.01895969,-84.15785445,36.1219789,-83.81482256,90.701,500,230685008.69919848,230685008.69919848,0.0,0.0
8JVILLE FP_360037,8VOLUNTEER_360097,36.02382902,-87.98154082,36.1219789,-83.81482256,488.733,500,1202144929.9765775,1290840590.5055444,88695660.52896698,7.378
8PIN HOOK TN_360581,8VOLUNTEER_360097,36.04646628,-86.60595108,36.1219789,-83.81482256,383.686,500,965522471.2086253,983200866.82207,17678395.613444682,1.831
8PLATEAU TN_360077,8VOLUNTEER_360097,36.05858036,-85.14194112,36.1219789,-83.81482256,190.733,500,483218032.91574377,483218032.91574377,0.0,0.0
8DAVIDSON TN_360048,8VOLUNTEER_360097,36.06703747,-86.9841046,36.1219789,-83.81482256,411.773,500,1035274839.5535126,1054355103.5551649,19080264.001652412,1.843
8GLEASON CT_360582,8VOLUNTEER_360097,36.24522988,-88.6114255,36.1219789,-83.81482256,546.532,500,1342973491.1428595,1471600216.7700565,128626725.62719692,9.578
8LAG CRK CT_360568,8VOLUNTEER_360097,36.27534882,-88.83423675,36.1219789,-83.81482256,568.109,500,1394399499.408346,1538979350.0934136,144579850.68506762,10.369
8CUMBERLAND_360040,8VOLUNTEER_360097,36.3921331,-87.65747953,36.1219789,-83.81482256,451.907,500,1112981514.3845224,1196146113.8544428,83164599.46992041,7.472
8PHIPPS B NP_360102,8VOLUNTEER_360097,36.46070569,-82.80788409,36.1219789,-83.81482256,111.633,500,288941349.6350915,288941349.6350915,0.0,0.0
8MONTGOMERY_360044,8VOLUNTEER_360097,36.59438524,-87.25325857,36.1219789,-83.81482256,396.154,500,976339325.5654979,1035508082.2669369,59168756.70143907,6.06
8MARSHALL KY_360015,8VOLUNTEER_360097,37.02455006,-88.39384277,36.1219789,-83.81482256,516.316,500,1267586550.2769642,1350375527.0750122,82788976.79804803,6.531
7SHAWNEE FP_360002,8VOLUNTEER_360097,37.150267,-88.778122,36.1219789,-83.81482256,634.806,500,1550826778.2388067,1737743652.631346,186916874.39253926,12.053
8PARADISE CC_360117,8VOLUNTEER_360097,37.259697,-86.976991,36.1219789,-83.81482256,387.91,500,954619308.3001201,979634346.5788792,25015038.278759126,2.62
8PARADISE CC_360117,8VOLUNTEER_360097,37.259697,-86.976991,36.1219789,-83.81482256,387.91,500,954619308.3001201,979634346.5788792,25015038.278759126,2.62
8CHOCTAW MS_360654,8COGEN CALED_360606,33.2984397,-89.4127739,33.64779158,-88.31593565,121.775,500,299385453.2611393,368407139.6467285,69021686.38558926,23.054
8ACKERMAN CC_360627,8COGEN CALED_360606,33.38593855,-89.20997726,33.64779158,-88.31593565,99.116,500,245233100.28834864,298881122.38886136,53648022.1005127,21.876
8CLAY_360688,8COGEN CALED_360606,33.47863869,-88.74043971,33.64779158,-88.31593565,49.969,500,124764975.78648047,160257168.33192414,35492192.54544366,28.447
6CENTER PNT_360533,8COGEN CALED_360606,34.6665318,-84.97089121,33.64779158,-88.31593565,380.118,500,930950104.8637742,964653651.4208175,33703546.55704327,3.62
8BR FERRY NP_360052,8COGEN CALED_360606,34.70520875,-87.11705751,33.64779158,-88.31593565,203.196,500,489932252.9804983,540347960.5334914,50415707.55299305,10.29
6LOOPERS FRM_360602,8COGEN CALED_360606,34.708916,-84.922795,33.64779158,-88.31593565,386.87,500,949089928.3175068,982807562.1989024,33717633.88139555,3.553
6COUNTY LINE_360013,8COGEN CALED_360606,34.74311084,-85.00751569,33.64779158,-88.31593565,373.168,500,916782041.9007143,946294321.3671983,29512279.466484122,3.219
6YOUNG GA_361454,8COGEN CALED_360606,34.75072952,-85.27349349,33.64779158,-88.31593565,339.271,500,829903304.1864357,861121604.316666,31218300.130230352,3.762
6KENSNGTN GA_361503,8COGEN CALED_360606,34.81265905,-85.32344844,33.64779158,-88.31593565,339.47,500,830431985.2175175,861715474.9683485,31283489.750831038,3.767
6ALPHA GA_361502,8COGEN CALED_360606,34.813027,-84.853226,33.64779158,-88.31593565,405.94,500,995184722.0429428,1028915631.6469291,33730909.60398641,3.389
6CLOUDLANDGA_361633,8COGEN CALED_360606,34.81849122,-85.5353055,33.64779158,-88.31593565,319.745,500,779566916.1171362,809466199.6467279,29899283.52959165,3.835
6ROCK SPG GA_361500,8COGEN CALED_360606,34.83897801,-85.28020801,33.64779158,-88.31593565,343.508,500,839644801.4244018,870925153.9241312,31280352.499729417,3.725
6WID CRK FP_360068,8COGEN CALED_360606,34.88515896,-85.75604163,33.64779158,-88.31593565,296.652,500,719000798.5093062,748556803.2704688,29556004.761162624,4.111
6WRINGOLD GA_361504,8COGEN CALED_360606,34.89324284,-85.13750475,33.64779158,-88.31593565,381.4,500,934036951.9519134,963223237.0025985,29186285.050685182,3.125
6BATTLFLD GA_361530,8COGEN CALED_360606,34.9555953,-85.26465286,33.64779158,-88.31593565,351.091,500,860619540.5265399,890823667.3982786,30204126.87173867,3.51
6S HAVEN CC_360594,8COGEN CALED_360606,34.99627529,-90.0485284,33.64779158,-88.31593565,255.84,500,623216217.4320049,793976051.3643422,170759833.93233728,27.4
6CONCORD TN_361509,8COGEN CALED_360606,34.99679719,-85.1610968,33.64779158,-88.31593565,403.187,500,989608001.0580165,1018806288.6844779,29198287.62646144,2.95
8BRADLEY TN_360662,8COGEN CALED_360606,35.0367008,-84.963798,33.64779158,-88.31593565,409.175,500,1002156444.0014579,1031862184.5769991,29705740.575541176,2.964
8BENTON MS_360612,8COGEN CALED_360606,35.17466126,-89.74553609,33.64779158,-88.31593565,244.569,500,593985963.4695666,771456917.3391566,177470953.86958998,29.878
8ANDERSON TN_360120,8COGEN CALED_360606,35.94503289,-84.38856432,33.64779158,-88.31593565,485.784,500,1196064995.187534,1225506052.1985507,29441057.01101651,2.461
8BULL RUN FP_360093,8COGEN CALED_360606,36.01895969,-84.15785445,33.64779158,-88.31593565,580.981,500,1440279589.3383007,1469618289.6477816,29338700.30948082,2.037
7SHAWNEE FP_360002,8COGEN CALED_360606,37.150267,-88.778122,33.64779158,-88.31593565,441.082,500,1058565409.8838928,1333274325.07088,274708915.18698716,25.951
8CHOCTAW MS_360654,8TRICO STEEL_360014,33.2984397,-89.4127739,34.60872576,-87.05506218,281.05,500,685308377.4621753,788541524.6349823,103233147.17280713,15.064
8ACKERMAN CC_360627,8TRICO STEEL_360014,33.38593855,-89.20997726,34.60872576,-87.05506218,259.445,500,631792169.9498911,720006115.5906632,88213945.64077207,13.962
8CLAY_360688,8TRICO STEEL_360014,33.47863869,-88.74043971,34.60872576,-87.05506218,217.892,500,535358278.6078358,593425744.1452073,58067465.53737142,10.846
8COGEN CALED_360606,8TRICO STEEL_360014,33.64779158,-88.31593565,34.60872576,-87.05506218,176.232,500,426749416.43162024,461972092.2891328,35222675.85751253,8.254
8E POINT AL_360058,8TRICO STEEL_360014,34.19181783,-86.74805975,34.60872576,-87.05506218,73.007,500,180480152.1829149,189378062.30330017,8897910.12038527,4.93
6CENTER PNT_360533,8TRICO STEEL_360014,34.6665318,-84.97089121,34.60872576,-87.05506218,277.819,500,686787457.9244018,699438286.7121236,12650828.78772193,1.842
8BR FERRY NP_360052,8TRICO STEEL_360014,34.70520875,-87.11705751,34.60872576,-87.05506218,73.725,500,180915233.13564098,196527613.4672656,15612380.331624618,8.63
6LOOPERS FRM_360602,8TRICO STEEL_360014,34.708916,-84.922795,34.60872576,-87.05506218,284.571,500,704927281.3781346,717586632.2849787,12659350.906844137,1.796
8LIMESTONE_360088,8TRICO STEEL_360014,34.71890958,-86.84630969,34.60872576,-87.05506218,97.471,500,237872620.461787,252950936.57972124,15078316.117934259,6.339
6COUNTY LINE_360013,8TRICO STEEL_360014,34.74311084,-85.00751569,34.60872576,-87.05506218,252.85,500,627623463.3632053,638567448.7725347,10943985.409329422,1.744
6YOUNG GA_361454,8TRICO STEEL_360014,34.75072952,-85.27349349,34.60872576,-87.05506218,218.953,500,540744725.6489267,553162951.3061165,12418225.657189755,2.297
8MADISON AL_360060,8TRICO STEEL_360014,34.79577878,-86.52158584,34.60872576,-87.05506218,137.029,500,336734931.9838474,357956116.6488568,21221184.66500946,6.302
6KENSNGTN GA_361503,8TRICO STEEL_360014,34.81265905,-85.32344844,34.60872576,-87.05506218,219.152,500,541273406.6800085,553730163.7726666,12456757.092658097,2.301
6ALPHA GA_361502,8TRICO STEEL_360014,34.813027,-84.853226,34.60872576,-87.05506218,303.641,500,751022075.0873903,763691227.1220421,12669152.034651771,1.687
6CLOUDLANDGA_361633,8TRICO STEEL_360014,34.81849122,-85.5353055,34.60872576,-87.05506218,199.427,500,490408337.57962734,501436925.81165,11028588.232022643,2.249
8MAGNOL CC1_360613,8TRICO STEEL_360014,34.8287922,-89.20041124,34.60872576,-87.05506218,225.688,500,544511488.2948313,620207013.7462462,75695525.45141497,13.902
6ROCK SPG GA_361500,8TRICO STEEL_360014,34.83897801,-85.28020801,34.60872576,-87.05506218,223.19,500,550486222.8868929,562950715.4473675,12464492.560474677,2.264
6WID CRK FP_360068,8TRICO STEEL_360014,34.88515896,-85.75604163,34.60872576,-87.05506218,176.334,500,429842219.9717972,440255587.9827615,10413368.010964254,2.423
6WRINGOLD GA_361504,8TRICO STEEL_360014,34.89324284,-85.13750475,34.60872576,-87.05506218,261.081,500,644878373.4144044,655667712.7695936,10789339.355189258,1.673
6BATTLFLD GA_361530,8TRICO STEEL_360014,34.9555953,-85.26465286,34.60872576,-87.05506218,230.772,500,571460961.9890308,582698359.5522316,11237397.563200729,1.966
6S HAVEN CC_360594,8TRICO STEEL_360014,34.99627529,-90.0485284,34.60872576,-87.05506218,331.722,500,813120268.3828373,1009323847.7526877,196203579.3698504,24.13
6CONCORD TN_361509,8TRICO STEEL_360014,34.99679719,-85.1610968,34.60872576,-87.05506218,282.868,500,700449422.5043273,711284260.1472386,10834837.642911369,1.547
8BRADLEY TN_360662,8TRICO STEEL_360014,35.0367008,-84.963798,34.60872576,-87.05506218,288.857,500,712997865.463949,724289207.2457329,11291341.781783966,1.584
8RACCOON MTN_360079,8TRICO STEEL_360014,35.05681146,-85.38724619,34.60872576,-87.05506218,217.901,500,534044324.1385725,544544939.3216878,10500615.183115354,1.966
8BENTON MS_360612,8TRICO STEEL_360014,35.17466126,-89.74553609,34.60872576,-87.05506218,286.442,500,695535259.0561125,842354029.9508296,146818770.8947171,21.109
8SEQUOYAH NP_360081,8TRICO STEEL_360014,35.22706031,-85.09419774,34.60872576,-87.05506218,277.527,500,691330540.2599666,701868103.9924539,10537563.732487354,1.524
8FRANKLIN TN_360069,8TRICO STEEL_360014,35.33506701,-86.11727644,34.60872576,-87.05506218,185.753,500,447678994.1197225,481369287.77863866,33690293.65891618,7.526
8SHELBY TN_360021,8TRICO STEEL_360014,35.38606284,-89.80340294,34.60872576,-87.05506218,291.387,500,702949812.0819459,873629169.4138788,170679357.33193293,24.28
8HAYWOOD TN_360542,8TRICO STEEL_360014,35.54308246,-89.19654872,34.60872576,-87.05506218,240.816,500,580707498.1126403,688203986.6756858,107496488.56304555,18.511
8HIWASSEE TN_360110,8TRICO STEEL_360014,35.60032498,-84.78911434,34.60872576,-87.05506218,321.697,500,780032530.344825,813438094.224563,33405563.879737973,4.283
8LAG CRK CC_360615,8TRICO STEEL_360014,35.65702785,-89.39460044,34.60872576,-87.05506218,264.404,500,636649373.1529586,778625411.161139,141976038.00818032,22.301
8MAURY TN_360050,8TRICO STEEL_360014,35.672863,-87.01861625,34.60872576,-87.05506218,158.611,500,383768852.6962213,409521523.1541812,25752670.457959887,6.71
8JACKSON TN_360019,8TRICO STEEL_360014,35.70901203,-88.79407261,34.60872576,-87.05506218,223.69,500,539344751.5125043,637635034.3772198,98290282.86471549,18.224
8RUTHERFORD_360010,8TRICO STEEL_360014,35.82791498,-86.59841524,34.60872576,-87.05506218,188.246,500,456071939.14828825,496470602.25128037,40398663.102992125,8.858
8ANDERSON TN_360120,8TRICO STEEL_360014,35.94503289,-84.38856432,34.60872576,-87.05506218,371.013,500,908641673.7296909,942764834.7800299,34123161.05033896,3.755
8BULL RUN FP_360093,8TRICO STEEL_360014,36.01895969,-84.15785445,34.60872576,-87.05506218,459.044,500,1138933244.1395597,1170499739.794969,31566495.655409444,2.772
8JVILLE FP_360037,8TRICO STEEL_360014,36.02382902,-87.98154082,34.60872576,-87.05506218,211.674,500,508754252.865981,569962921.3279587,61208668.461977676,12.031
8PIN HOOK TN_360581,8TRICO STEEL_360014,36.04646628,-86.60595108,34.60872576,-87.05506218,217.614,500,537834878.7679241,586466476.8179104,48631598.0499864,9.042
8PLATEAU TN_360077,8TRICO STEEL_360014,36.05858036,-85.14194112,34.60872576,-87.05506218,311.263,500,754957911.7067996,786941499.3435456,31983587.636745982,4.236
8DAVIDSON TN_360048,8TRICO STEEL_360014,36.06703747,-86.9841046,34.60872576,-87.05506218,202.564,500,493273315.8679782,531318249.17786306,38044933.309884824,7.713
8GLEASON CT_360582,8TRICO STEEL_360014,36.24522988,-88.6114255,34.60872576,-87.05506218,255.38,500,615534073.0368705,727330832.2383056,111796759.20143507,18.163
8LAG CRK CT_360568,8TRICO STEEL_360014,36.27534882,-88.83423675,34.60872576,-87.05506218,269.509,500,649577655.5789413,783653008.2509947,134075352.67205328,20.64
8CUMBERLAND_360040,8TRICO STEEL_360014,36.3921331,-87.65747953,34.60872576,-87.05506218,237.051,500,572344428.3163164,643568989.0340762,71224560.71775983,12.444
8PHIPPS B NP_360102,8TRICO STEEL_360014,36.46070569,-82.80788409,34.60872576,-87.05506218,548.534,500,1368429143.217618,1399377727.1802752,30948583.96265711,2.262
8MONTGOMERY_360044,8TRICO STEEL_360014,36.59438524,-87.25325857,34.60872576,-87.05506218,267.821,500,653619544.1099107,725791035.6988467,72171491.58893593,11.042
8MARSHALL KY_360015,8TRICO STEEL_360014,37.02455006,-88.39384277,34.60872576,-87.05506218,344.525,500,829891935.5986664,1019803321.2789154,189911385.68024898,22.884
7SHAWNEE FP_360002,8TRICO STEEL_360014,37.150267,-88.778122,34.60872576,-87.05506218,376.857,500,902840044.0950748,1137153214.7684848,234313170.67341,25.953
8PARADISE CC_360117,8TRICO STEEL_360014,37.259697,-86.976991,34.60872576,-87.05506218,343.406,500,834871714.4189138,935035622.3732977,100163907.9543839,11.998
8PARADISE CC_360117,8TRICO STEEL_360014,37.259697,-86.976991,34.60872576,-87.05506218,343.406,500,834871714.4189138,935035622.3732977,100163907.9543839,11.998
8CHOCTAW MS_360654,8LIMESTONE_360088,33.2984397,-89.4127739,34.71890958,-86.84630969,325.347,500,792697497.6042407,915200217.6493981,122502720.04515739,15.454
8ACKERMAN CC_360627,8LIMESTONE_360088,33.38593855,-89.20997726,34.71890958,-86.84630969,303.742,500,739181290.0919564,846794797.0264926,107613506.93453625,14.558
8CLAY_360688,8LIMESTONE_360088,33.47863869,-88.74043971,34.71890958,-86.84630969,266.007,500,645063249.0464162,723091548.488776,78028299.4423598,12.096
8COGEN CALED_360606,8LIMESTONE_360088,33.64779158,-88.31593565,34.71890958,-86.84630969,226.943,500,546889640.3066443,596550020.3956382,49660380.088993885,9.081
8E POINT AL_360058,8LIMESTONE_360088,34.19181783,-86.74805975,34.71890958,-86.84630969,171.557,500,425011244.0693131,431137411.89518625,6126167.825873162,1.441
6CENTER PNT_360533,8LIMESTONE_360088,34.6665318,-84.97089121,34.71890958,-86.84630969,247.144,500,619025985.9467032,628096136.2303755,9070150.283672374,1.465
8BR FERRY NP_360052,8LIMESTONE_360088,34.70520875,-87.11705751,34.71890958,-86.84630969,26.978,500,65816537.995169066,65816537.995169066,0.0,0.0
6LOOPERS FRM_360602,8LIMESTONE_360088,34.708916,-84.922795,34.71890958,-86.84630969,253.895,500,637165809.4004359,646241888.9752617,9076079.574825779,1.424
6COUNTY LINE_360013,8LIMESTONE_360088,34.74311084,-85.00751569,34.71890958,-86.84630969,220.389,500,555183679.316241,562494298.9941021,7310619.677861051,1.317
6YOUNG GA_361454,8LIMESTONE_360088,34.75072952,-85.27349349,34.71890958,-86.84630969,186.492,500,468304941.60196245,477084848.84500605,8779907.243043622,1.875
6KENSNGTN GA_361503,8LIMESTONE_360088,34.81265905,-85.32344844,34.71890958,-86.84630969,186.691,500,468833622.63304424,477645006.3678821,8811383.734837838,1.879
6ALPHA GA_361502,8LIMESTONE_360088,34.813027,-84.853226,34.71890958,-86.84630969,272.966,500,683260603.1258719,692342421.066631,9081817.940759104,1.329
6CLOUDLANDGA_361633,8LIMESTONE_360088,34.81849122,-85.5353055,34.71890958,-86.84630969,160.594,500,402238302.72525245,408218900.86582774,5980598.140575287,1.487
6ROCK SPG GA_361500,8LIMESTONE_360088,34.83897801,-85.28020801,34.71890958,-86.84630969,190.729,500,478046438.8399286,486863971.41242516,8817532.572496548,1.844
6WID CRK FP_360068,8LIMESTONE_360088,34.88515896,-85.75604163,34.71890958,-86.84630969,135.299,500,338907630.52708113,344942833.94067055,6035203.41358943,1.781
6WRINGOLD GA_361504,8LIMESTONE_360088,34.89324284,-85.13750475,34.71890958,-86.84630969,228.621,500,572438589.3674402,579633013.1882858,7194423.820845544,1.257
6BATTLFLD GA_361530,8LIMESTONE_360088,34.9555953,-85.26465286,34.71890958,-86.84630969,177.835,500,456697329.4990727,465403910.1485343,8706580.649461651,1.906
6S HAVEN CC_360594,8LIMESTONE_360088,34.99627529,-90.0485284,34.71890958,-86.84630969,343.91,500,838440574.2444329,1051661921.4734116,213221347.2289787,25.431
6CONCORD TN_361509,8LIMESTONE_360088,34.99679719,-85.1610968,34.71890958,-86.84630969,250.408,500,628009638.4735432,635238956.0458128,7229317.572269623,1.151
8BRADLEY TN_360662,8LIMESTONE_360088,35.0367008,-84.963798,34.71890958,-86.84630969,256.396,500,640558081.4169847,648230951.0389096,7672869.621924921,1.198
8BENTON MS_360612,8LIMESTONE_360088,35.17466126,-89.74553609,34.71890958,-86.84630969,304.131,500,737573696.5870421,891558534.423405,153984837.83636296,20.877
8FRANKLIN TN_360069,8LIMESTONE_360088,35.33506701,-86.11727644,34.71890958,-86.84630969,116.992,500,283434011.48690856,291395328.02122605,7961316.534317493,2.809
8HAYWOOD TN_360542,8LIMESTONE_360088,35.54308246,-89.19654872,34.71890958,-86.84630969,257.964,500,620071379.8654369,741430465.8063489,121359085.940912,19.572
8HIWASSEE TN_360110,8LIMESTONE_360088,35.60032498,-84.78911434,34.71890958,-86.84630969,241.177,500,603965872.1504638,616636514.8407454,12670642.690281577,2.098
8LAG CRK CC_360615,8LIMESTONE_360088,35.65702785,-89.39460044,34.71890958,-86.84630969,281.359,500,675956356.1542915,830534079.6652713,154577723.51097977,22.868
8JACKSON TN_360019,8LIMESTONE_360088,35.70901203,-88.79407261,34.71890958,-86.84630969,235.813,500,565990401.1484634,660870397.9114506,94879996.76298732,16.764
8ANDERSON TN_360120,8LIMESTONE_360088,35.94503289,-84.38856432,34.71890958,-86.84630969,290.493,500,732575015.5353298,745546340.256758,12971324.721428167,1.771
8BULL RUN FP_360093,8LIMESTONE_360088,36.01895969,-84.15785445,34.71890958,-86.84630969,390.983,500,973895092.3685658,982613066.2853304,8717973.916764665,0.895
8JVILLE FP_360037,8LIMESTONE_360088,36.02382902,-87.98154082,34.71890958,-86.84630969,201.536,500,488574295.342962,518250966.3011882,29676670.95822612,6.074
8DAVIDSON TN_360048,8LIMESTONE_360088,36.06703747,-86.9841046,34.71890958,-86.84630969,175.679,500,430124636.9340714,461472024.3344129,31347387.40034146,7.288
8GLEASON CT_360582,8LIMESTONE_360088,36.24522988,-88.6114255,34.71890958,-86.84630969,255.342,500,614120310.7738831,722128986.5035877,108008675.72970456,17.588
8LAG CRK CT_360568,8LIMESTONE_360088,36.27534882,-88.83423675,34.71890958,-86.84630969,275.417,500,662695325.8992945,784805745.0699321,122110419.17063765,18.426
8CUMBERLAND_360040,8LIMESTONE_360088,36.3921331,-87.65747953,34.71890958,-86.84630969,223.097,500,540812053.2344141,601810606.776472,60998553.54205785,11.279
7SHAWNEE FP_360002,8LIMESTONE_360088,37.150267,-88.778122,34.71890958,-86.84630969,376.819,500,901426281.8320875,1132646973.3046317,231220691.47254422,25.651
8CHOCTAW MS_360654,8HAYWOOD TN_360542,33.2984397,-89.4127739,35.54308246,-89.19654872,272.56,500,663343200.3890057,844273120.5545126,180929920.16550693,27.275
8ACKERMAN CC_360627,8HAYWOOD TN_360542,33.38593855,-89.20997726,35.54308246,-89.19654872,259.332,500,631707643.0694557,816113452.6011773,184405809.53172162,29.192
8CLAY_360688,8HAYWOOD TN_360542,33.47863869,-88.74043971,35.54308246,-89.19654872,256.95,500,621197902.0559767,800639338.8197073,179441436.7637305,28.886
8COGEN CALED_360606,8HAYWOOD TN_360542,33.64779158,-88.31593565,35.54308246,-89.19654872,249.076,500,610847685.0056615,743517110.3038437,132669425.2981822,21.719
8E POINT AL_360058,8HAYWOOD TN_360542,34.19181783,-86.74805975,35.54308246,-89.19654872,305.498,500,739283057.2329743,862547397.4542085,123264340.22123425,16.673
6CENTER PNT_360533,8HAYWOOD TN_360542,34.6665318,-84.97089121,35.54308246,-89.19654872,471.1,500,1153355409.0183425,1282199284.9879684,128843875.96962604,11.171
8BR FERRY NP_360052,8HAYWOOD TN_360542,34.70520875,-87.11705751,35.54308246,-89.19654872,234.881,500,564003639.6020424,686074002.4175931,122070362.81555071,21.644
6LOOPERS FRM_360602,8HAYWOOD TN_360542,34.708916,-84.922795,35.54308246,-89.19654872,477.851,500,1171495232.472075,1300452089.270941,128956856.79886597,11.008
6COUNTY LINE_360013,8HAYWOOD TN_360542,34.74311084,-85.00751569,35.54308246,-89.19654872,443.502,500,1086483450.5861301,1212646488.4119625,126163037.82583246,11.612
6YOUNG GA_361454,8HAYWOOD TN_360542,34.75072952,-85.27349349,35.54308246,-89.19654872,406.42,500,999297972.67716,1115407834.2665777,116109861.58941765,11.619
6KENSNGTN GA_361503,8HAYWOOD TN_360542,34.81265905,-85.32344844,35.54308246,-89.19654872,406.716,500,999672202.9183663,1116021944.623924,116349741.70555767,11.639
6ALPHA GA_361502,8HAYWOOD TN_360542,34.813027,-84.853226,35.54308246,-89.19654872,488.415,500,1190558841.7165217,1291590823.3141565,101031981.59763479,8.486
6CLOUDLANDGA_361633,8HAYWOOD TN_360542,34.81849122,-85.5353055,35.54308246,-89.19654872,380.411,500,931922236.4436305,1044736248.9537809,112814012.51015039,12.106
6ROCK SPG GA_361500,8HAYWOOD TN_360542,34.83897801,-85.28020801,35.54308246,-89.19654872,410.754,500,1008929406.1553739,1125391652.0898123,116462245.93443844,11.543
6WID CRK FP_360068,8HAYWOOD TN_360542,34.88515896,-85.75604163,35.54308246,-89.19654872,346.958,500,843876574.1599351,956173145.8662343,112296571.70629922,13.307
6WRINGOLD GA_361504,8HAYWOOD TN_360542,34.89324284,-85.13750475,35.54308246,-89.19654872,451.734,500,1103738360.6373293,1229001408.6711714,125263048.03384213,11.349
6BATTLFLD GA_361530,8HAYWOOD TN_360542,34.9555953,-85.26465286,35.54308246,-89.19654872,389.167,500,958100498.558604,1070495055.8522837,112394557.29367976,11.731
6S HAVEN CC_360594,8HAYWOOD TN_360542,34.99627529,-90.0485284,35.54308246,-89.19654872,154.271,500,388621660.81051505,570857134.7957232,182235473.98520812,46.893
6CONCORD TN_361509,8HAYWOOD TN_360542,34.99679719,-85.1610968,35.54308246,-89.19654872,473.521,500,1159309409.7434325,1285136224.3243737,125826814.58094129,10.854
8BRADLEY TN_360662,8HAYWOOD TN_360542,35.0367008,-84.963798,35.54308246,-89.19654872,456.882,500,1112215035.26568,1212497043.4943118,100282008.22863185,9.016
8BENTON MS_360612,8HAYWOOD TN_360542,35.17466126,-89.74553609,35.54308246,-89.19654872,84.892,500,212689627.61649477,298644500.7151924,85954873.0986976,40.413
8FRANKLIN TN_360069,8HAYWOOD TN_360542,35.33506701,-86.11727644,35.54308246,-89.19654872,304.76,500,735991844.7269977,838220831.358199,102228986.63120127,13.89
8ANDERSON TN_360120,8HAYWOOD TN_360542,35.94503289,-84.38856432,35.54308246,-89.19654872,478.162,500,1171109847.8194034,1273926934.6123097,102817086.79290636,8.779
8BULL RUN FP_360093,8HAYWOOD TN_360542,36.01895969,-84.15785445,35.54308246,-89.19654872,570.645,500,1400202219.942366,1507773928.7699094,107571708.8275434,7.683
8DAVIDSON TN_360048,8HAYWOOD TN_360542,36.06703747,-86.9841046,35.54308246,-89.19654872,230.519,500,558634510.7960148,691186576.2626207,132552065.46660593,23.728
8GLEASON CT_360582,8HAYWOOD TN_360542,36.24522988,-88.6114255,35.54308246,-89.19654872,105.104,500,250767645.9120061,351065676.55971265,100298030.64770657,39.996
8CUMBERLAND_360040,8HAYWOOD TN_360542,36.3921331,-87.65747953,35.54308246,-89.19654872,183.453,500,444268665.5710186,556356363.4561163,112087697.88509777,25.23
7SHAWNEE FP_360002,8HAYWOOD TN_360542,37.150267,-88.778122,35.54308246,-89.19654872,212.563,500,506493784.0301517,732123993.4922471,225630209.46209538,44.547
8CHOCTAW MS_360654,8CLAY_360688,33.2984397,-89.4127739,33.47863869,-88.74043971,79.829,500,194718920.87022147,235113109.9947798,40394189.12455834,20.745
8ACKERMAN CC_360627,8CLAY_360688,33.38593855,-89.20997726,33.47863869,-88.74043971,57.169,500,140566567.89743084,165635166.89746514,25068599.000034314,17.834
6CENTER PNT_360533,8CLAY_360688,34.6665318,-84.97089121,33.47863869,-88.74043971,427.287,500,1048270695.5948627,1113590901.2604716,65320205.66560893,6.231
8BR FERRY NP_360052,8CLAY_360688,34.70520875,-87.11705751,33.47863869,-88.74043971,242.26,500,588105861.7202702,667313671.842988,79207810.1227178,13.468
6LOOPERS FRM_360602,8CLAY_360688,34.708916,-84.922795,33.47863869,-88.74043971,434.038,500,1066410519.0485955,1131748797.6638188,65338278.61522328,6.127
6COUNTY LINE_360013,8CLAY_360688,34.74311084,-85.00751569,33.47863869,-88.74043971,420.351,500,1031832828.4015372,1088601466.401816,56768638.00027872,5.502
6YOUNG GA_361454,8CLAY_360688,34.75072952,-85.27349349,33.47863869,-88.74043971,386.454,500,944954090.6872586,1003537715.2973531,58583624.6100945,6.2
6KENSNGTN GA_361503,8CLAY_360688,34.81265905,-85.32344844,33.47863869,-88.74043971,386.653,500,945482771.7183404,1004173559.7796713,58690788.06133089,6.207
6ALPHA GA_361502,8CLAY_360688,34.813027,-84.853226,33.47863869,-88.74043971,453.109,500,1112505312.7740316,1177851614.0298016,65346301.25576989,5.874
6CLOUDLANDGA_361633,8CLAY_360688,34.81849122,-85.5353055,33.47863869,-88.74043971,366.928,500,894617702.617959,952010686.7902585,57392984.17229951,6.415
6ROCK SPG GA_361500,8CLAY_360688,34.83897801,-85.28020801,33.47863869,-88.74043971,390.692,500,954695587.9252248,1013383308.9751366,58687721.04991191,6.147
6WID CRK FP_360068,8CLAY_360688,34.88515896,-85.75604163,33.47863869,-88.74043971,343.836,500,834051585.010129,891458275.6996009,57406690.68947195,6.883
6WRINGOLD GA_361504,8CLAY_360688,34.89324284,-85.13750475,33.47863869,-88.74043971,428.583,500,1049087738.4527361,1105300972.2297523,56213233.777016185,5.358
6BATTLFLD GA_361530,8CLAY_360688,34.9555953,-85.26465286,33.47863869,-88.74043971,398.274,500,975670327.0273627,1033648955.809199,57978628.78183625,5.942
6S HAVEN CC_360594,8CLAY_360688,34.99627529,-90.0485284,33.47863869,-88.74043971,233.364,500,574394120.3982632,750881141.8708061,176487021.47254288,30.726
6CONCORD TN_361509,8CLAY_360688,34.99679719,-85.1610968,33.47863869,-88.74043971,450.37,500,1104658787.558839,1160895986.8138578,56237199.25501881,5.091
8BRADLEY TN_360662,8CLAY_360688,35.0367008,-84.963798,33.47863869,-88.74043971,456.358,500,1117207230.5022807,1174012721.6618786,56805491.159597844,5.085
8BENTON MS_360612,8CLAY_360688,35.17466126,-89.74553609,33.47863869,-88.74043971,243.908,500,591952652.0844955,766069664.0188835,174117011.9343879,29.414
8ANDERSON TN_360120,8CLAY_360688,35.94503289,-84.38856432,33.47863869,-88.74043971,532.967,500,1311115781.6883569,1368477358.679081,57361576.99072418,4.375
8BULL RUN FP_360093,8CLAY_360688,36.01895969,-84.15785445,33.47863869,-88.74043971,627.579,500,1546123872.7241888,1640861797.7995036,94737925.07531472,6.127
7SHAWNEE FP_360002,8CLAY_360688,37.150267,-88.778122,33.47863869,-88.74043971,457.388,500,1101285590.6349363,1447049305.8596332,345763715.2246968,31.396
8CHOCTAW MS_360654,8RACCOON MTN_360079,33.2984397,-89.4127739,35.05681146,-85.38724619,453.718,500,1103992762.5431418,1204225638.2971969,100232875.75405493,9.079
8ACKERMAN CC_360627,8RACCOON MTN_360079,33.38593855,-89.20997726,35.05681146,-85.38724619,432.113,500,1050476555.0308577,1136146751.921159,85670196.89030129,8.155
8CLAY_360688,8RACCOON MTN_360079,33.47863869,-88.74043971,35.05681146,-85.38724619,385.403,500,938253689.1769042,995700814.8725249,57447125.69562065,6.123
8COGEN CALED_360606,8RACCOON MTN_360079,33.64779158,-88.31593565,35.05681146,-85.38724619,338.219,500,823202902.6760814,852754325.8277465,29551423.15166507,3.59
8E POINT AL_360058,8RACCOON MTN_360079,34.19181783,-86.74805975,35.05681146,-85.38724619,191.33,500,467068468.0544275,467068468.0544275,0.0,0.0
6CENTER PNT_360533,8RACCOON MTN_360079,34.6665318,-84.97089121,35.05681146,-85.38724619,142.836,500,371310620.7944863,374840341.2251055,3529720.4306192393,0.951
8BR FERRY NP_360052,8RACCOON MTN_360079,34.70520875,-87.11705751,35.05681146,-85.38724619,189.285,500,479288928.1879753,487294883.0511557,8005954.863180396,1.67
6LOOPERS FRM_360602,8RACCOON MTN_360079,34.708916,-84.922795,35.05681146,-85.38724619,136.045,500,368464413.6169311,368464413.6169311,0.0,0.0
8LIMESTONE_360088,8RACCOON MTN_360079,34.71890958,-86.84630969,35.05681146,-85.38724619,163.911,500,417352959.05147123,425314116.9922712,7961157.940799977,1.908
6COUNTY LINE_360013,8RACCOON MTN_360079,34.74311084,-85.00751569,35.05681146,-85.38724619,111.637,500,291045775.46047896,294364427.9461682,3318652.4856892503,1.14
6YOUNG GA_361454,8RACCOON MTN_360079,34.75072952,-85.27349349,35.05681146,-85.38724619,62.043,500,161356710.5208645,164662487.80925375,3305777.2883892637,2.049
8MADISON AL_360060,8RACCOON MTN_360079,34.79577878,-86.52158584,35.05681146,-85.38724619,126.927,500,329162084.47424316,330705367.779312,1543283.305068831,0.469
6KENSNGTN GA_361503,8RACCOON MTN_360079,34.81265905,-85.32344844,35.05681146,-85.38724619,62.339,500,161730940.7620708,165081545.15534863,3350604.393277811,2.072
6ALPHA GA_361502,8RACCOON MTN_360079,34.813027,-84.853226,35.05681146,-85.38724619,116.54,500,320247500.6574489,320247500.6574489,0.0,0.0
6CLOUDLANDGA_361633,8RACCOON MTN_360079,34.81849122,-85.5353055,35.05681146,-85.38724619,36.034,500,93980974.28733489,93980974.28733489,0.0,0.0
8MAGNOL CC1_360613,8RACCOON MTN_360079,34.8287922,-89.20041124,35.05681146,-85.38724619,382.836,500,934929796.2686071,1041864807.9282,106935011.6595928,11.438
6ROCK SPG GA_361500,8RACCOON MTN_360079,34.83897801,-85.28020801,35.05681146,-85.38724619,66.377,500,170988143.99907836,174346003.3688949,3357859.3698165324,1.964
6WID CRK FP_360068,8RACCOON MTN_360079,34.88515896,-85.75604163,35.05681146,-85.38724619,42.076,500,107259262.79775232,107259262.79775232,0.0,0.0
6WRINGOLD GA_361504,8RACCOON MTN_360079,34.89324284,-85.13750475,35.05681146,-85.38724619,119.869,500,308300685.5116781,311524996.6461296,3224311.134451481,1.046
6BATTLFLD GA_361530,8RACCOON MTN_360079,34.9555953,-85.26465286,35.05681146,-85.38724619,30.837,500,83049372.70528215,83488402.41091022,439029.7056280698,0.529
6S HAVEN CC_360594,8RACCOON MTN_360079,34.99627529,-90.0485284,35.05681146,-85.38724619,475.284,500,1167179887.0592818,1388762811.7090302,221582924.6497484,18.984
6CONCORD TN_361509,8RACCOON MTN_360079,34.99679719,-85.1610968,35.05681146,-85.38724619,122.043,500,335008582.24030185,335419445.9718713,410863.7315694664,0.123
8BRADLEY TN_360662,8RACCOON MTN_360079,35.0367008,-84.963798,35.05681146,-85.38724619,85.007,500,241903694.20660728,241903694.20660728,0.0,0.0
8BENTON MS_360612,8RACCOON MTN_360079,35.17466126,-89.74553609,35.05681146,-85.38724619,431.431,500,1058626862.3353295,1244267920.5138547,185641058.17852527,17.536
8FRANKLIN TN_360069,8RACCOON MTN_360079,35.33506701,-86.11727644,35.05681146,-85.38724619,86.673,500,219101871.32337523,219101871.32337523,0.0,0.0
8HAYWOOD TN_360542,8RACCOON MTN_360079,35.54308246,-89.19654872,35.05681146,-85.38724619,375.725,500,918724271.3774561,1030696001.645878,111971730.2684219,12.188
8HIWASSEE TN_360110,8RACCOON MTN_360079,35.60032498,-84.78911434,35.05681146,-85.38724619,106.337,500,263068204.4926542,263068204.4926542,0.0,0.0
8LAG CRK CC_360615,8RACCOON MTN_360079,35.65702785,-89.39460044,35.05681146,-85.38724619,398.598,500,973477550.2671766,1118175307.7881165,144697757.52093974,14.864
8MAURY TN_360050,8RACCOON MTN_360079,35.672863,-87.01861625,35.05681146,-85.38724619,185.751,500,463904074.60226953,468946620.24775064,5042545.645481136,1.087
8JACKSON TN_360019,8RACCOON MTN_360079,35.70901203,-88.79407261,35.05681146,-85.38724619,346.662,500,847118238.56789,935059649.260067,87941410.6921769,10.381
8ANDERSON TN_360120,8RACCOON MTN_360079,35.94503289,-84.38856432,35.05681146,-85.38724619,155.653,500,391677347.87752,391677347.87752,0.0,0.0
8BULL RUN FP_360093,8RACCOON MTN_360079,36.01895969,-84.15785445,35.05681146,-85.38724619,250.851,500,635891942.0282865,635891942.0282865,0.0,0.0
8JVILLE FP_360037,8RACCOON MTN_360079,36.02382902,-87.98154082,35.05681146,-85.38724619,289.429,500,711530103.9355884,734699064.524418,23168960.588829618,3.256
8PIN HOOK TN_360581,8RACCOON MTN_360079,36.04646628,-86.60595108,35.05681146,-85.38724619,191.549,500,483031461.26162636,499214180.123183,16182718.861556666,3.35
8PLATEAU TN_360077,8RACCOON MTN_360079,36.05858036,-85.14194112,35.05681146,-85.38724619,125.935,500,312483809.1552957,312483809.1552957,0.0,0.0
8DAVIDSON TN_360048,8RACCOON MTN_360079,36.06703747,-86.9841046,35.05681146,-85.38724619,218.89,500,550916941.7254735,569990044.1639129,19073102.438439365,3.462
8GLEASON CT_360582,8RACCOON MTN_360079,36.24522988,-88.6114255,35.05681146,-85.38724619,354.191,500,865468278.7386723,944540182.277179,79071903.5385067,9.136
8LAG CRK CT_360568,8RACCOON MTN_360079,36.27534882,-88.83423675,35.05681146,-85.38724619,375.097,500,914707559.518404,1011180439.4393648,96472879.92096081,10.547
8CUMBERLAND_360040,8RACCOON MTN_360079,36.3921331,-87.65747953,35.05681146,-85.38724619,289.515,500,722559611.1046419,769526453.0279993,46966841.92335739,6.5
8PHIPPS B NP_360102,8RACCOON MTN_360079,36.46070569,-82.80788409,35.05681146,-85.38724619,340.341,500,865387841.1063448,865387841.1063448,0.0,0.0
8MONTGOMERY_360044,8RACCOON MTN_360079,36.59438524,-87.25325857,35.05681146,-85.38724619,290.609,500,728392645.0735482,783878402.600726,55485757.52717781,7.618
8MARSHALL KY_360015,8RACCOON MTN_360079,37.02455006,-88.39384277,35.05681146,-85.38724619,412.702,500,1026084071.7878388,1115482514.7508082,89398442.96296935,8.713
7SHAWNEE FP_360002,8RACCOON MTN_360079,37.150267,-88.778122,35.05681146,-85.38724619,468.73,500,1138992707.9169297,1316324443.6532085,177331735.7362787,15.569
8PARADISE CC_360117,8RACCOON MTN_360079,37.259697,-86.976991,35.05681146,-85.38724619,318.677,500,779021297.218743,818444050.6836311,39422753.46488815,5.061
8PARADISE CC_360117,8RACCOON MTN_360079,37.259697,-86.976991,35.05681146,-85.38724619,318.677,500,779021297.218743,818444050.6836311,39422753.46488815,5.061
8CHOCTAW MS_360654,8PARADISE CC_360117,33.2984397,-89.4127739,37.259697,-86.976991,544.187,500,1308485810.9445179,1616184518.3415036,307698707.39698577,23.516
8CHOCTAW MS_360654,8PARADISE CC_360117,33.2984397,-89.4127739,37.259697,-86.976991,544.187,500,1308485810.9445179,1616184518.3415036,307698707.39698577,23.516
8ACKERMAN CC_360627,8PARADISE CC_360117,33.38593855,-89.20997726,37.259697,-86.976991,524.844,500,1264115480.8178566,1512999677.6862264,248884196.8683699,19.688
8ACKERMAN CC_360627,8PARADISE CC_360117,33.38593855,-89.20997726,37.259697,-86.976991,524.844,500,1264115480.8178566,1512999677.6862264,248884196.8683699,19.688
8CLAY_360688,8PARADISE CC_360117,33.47863869,-88.74043971,37.259697,-86.976991,496.347,500,1195674472.8611116,1442888268.0452545,247213795.1841428,20.676
8CLAY_360688,8PARADISE CC_360117,33.47863869,-88.74043971,37.259697,-86.976991,496.347,500,1195674472.8611116,1442888268.0452545,247213795.1841428,20.676
8COGEN CALED_360606,8PARADISE CC_360117,33.64779158,-88.31593565,37.259697,-86.976991,461.274,500,1110882809.3513947,1252718268.8424494,141835459.49105477,12.768
8COGEN CALED_360606,8PARADISE CC_360117,33.64779158,-88.31593565,37.259697,-86.976991,461.274,500,1110882809.3513947,1252718268.8424494,141835459.49105477,12.768
8E POINT AL_360058,8PARADISE CC_360117,34.19181783,-86.74805975,37.259697,-86.976991,420.09,500,1027877098.3409328,1069289162.0960586,41412063.75512575,4.029
8E POINT AL_360058,8PARADISE CC_360117,34.19181783,-86.74805975,37.259697,-86.976991,420.09,500,1027877098.3409328,1069289162.0960586,41412063.75512575,4.029
6CENTER PNT_360533,8PARADISE CC_360117,34.6665318,-84.97089121,37.259697,-86.976991,406.282,500,994104558.4368572,1031758070.2801204,37653511.843263194,3.788
6CENTER PNT_360533,8PARADISE CC_360117,34.6665318,-84.97089121,37.259697,-86.976991,406.282,500,994104558.4368572,1031758070.2801204,37653511.843263194,3.788
8BR FERRY NP_360052,8PARADISE CC_360117,34.70520875,-87.11705751,37.259697,-86.976991,312.372,500,760213903.6727314,845412574.6366149,85198670.96388347,11.207
8BR FERRY NP_360052,8PARADISE CC_360117,34.70520875,-87.11705751,37.259697,-86.976991,312.372,500,760213903.6727314,845412574.6366149,85198670.96388347,11.207
6LOOPERS FRM_360602,8PARADISE CC_360117,34.708916,-84.922795,37.259697,-86.976991,398.495,500,973752994.0057318,1011491126.3813105,37738132.375578634,3.876
6LOOPERS FRM_360602,8PARADISE CC_360117,34.708916,-84.922795,37.259697,-86.976991,398.495,500,973752994.0057318,1011491126.3813105,37738132.375578634,3.876
8LIMESTONE_360088,8PARADISE CC_360117,34.71890958,-86.84630969,37.259697,-86.976991,318.063,500,775359251.0821735,868119105.2691526,92759854.1869792,11.963
8LIMESTONE_360088,8PARADISE CC_360117,34.71890958,-86.84630969,37.259697,-86.976991,318.063,500,775359251.0821735,868119105.2691526,92759854.1869792,11.963
6COUNTY LINE_360013,8PARADISE CC_360117,34.74311084,-85.00751569,37.259697,-86.976991,394.202,500,964329484.1828195,1002513407.7908688,38183923.60804923,3.96
6COUNTY LINE_360013,8PARADISE CC_360117,34.74311084,-85.00751569,37.259697,-86.976991,394.202,500,964329484.1828195,1002513407.7908688,38183923.60804923,3.96
6YOUNG GA_361454,8PARADISE CC_360117,34.75072952,-85.27349349,37.259697,-86.976991,365.938,500,900485413.4440565,943497971.7385899,43012558.29453342,4.777
6YOUNG GA_361454,8PARADISE CC_360117,34.75072952,-85.27349349,37.259697,-86.976991,365.938,500,900485413.4440565,943497971.7385899,43012558.29453342,4.777
8MADISON AL_360060,8PARADISE CC_360117,34.79577878,-86.52158584,37.259697,-86.976991,323.222,500,789025270.8871012,880817520.0215464,91792249.1344452,11.634
8MADISON AL_360060,8PARADISE CC_360117,34.79577878,-86.52158584,37.259697,-86.976991,323.222,500,789025270.8871012,880817520.0215464,91792249.1344452,11.634
6KENSNGTN GA_361503,8PARADISE CC_360117,34.81265905,-85.32344844,37.259697,-86.976991,366.233,500,900859643.6852628,943980354.9428847,43120711.2576219,4.787
6KENSNGTN GA_361503,8PARADISE CC_360117,34.81265905,-85.32344844,37.259697,-86.976991,366.233,500,900859643.6852628,943980354.9428847,43120711.2576219,4.787
6ALPHA GA_361502,8PARADISE CC_360117,34.813027,-84.853226,37.259697,-86.976991,378.99,500,925536081.0462497,963390132.586255,37854051.5400052,4.09
6ALPHA GA_361502,8PARADISE CC_360117,34.813027,-84.853226,37.259697,-86.976991,378.99,500,925536081.0462497,963390132.586255,37854051.5400052,4.09
6CLOUDLANDGA_361633,8PARADISE CC_360117,34.81849122,-85.5353055,37.259697,-86.976991,339.928,500,833109677.210527,872939211.2081984,39829533.99767145,4.781
6CLOUDLANDGA_361633,8PARADISE CC_360117,34.81849122,-85.5353055,37.259697,-86.976991,339.928,500,833109677.210527,872939211.2081984,39829533.99767145,4.781
8MAGNOL CC1_360613,8PARADISE CC_360117,34.8287922,-89.20041124,37.259697,-86.976991,367.862,500,888904245.3908195,1075999847.405156,187095602.0143364,21.048
8MAGNOL CC1_360613,8PARADISE CC_360117,34.8287922,-89.20041124,37.259697,-86.976991,367.862,500,888904245.3908195,1075999847.405156,187095602.0143364,21.048
6ROCK SPG GA_361500,8PARADISE CC_360117,34.83897801,-85.28020801,37.259697,-86.976991,370.272,500,910116846.9222704,953237372.9397538,43120526.017483324,4.738
6ROCK SPG GA_361500,8PARADISE CC_360117,34.83897801,-85.28020801,37.259697,-86.976991,370.272,500,910116846.9222704,953237372.9397538,43120526.017483324,4.738
6WID CRK FP_360068,8PARADISE CC_360117,34.88515896,-85.75604163,37.259697,-86.976991,320.239,500,783821272.8079156,822680523.0414183,38859250.2335028,4.958
6WID CRK FP_360068,8PARADISE CC_360117,34.88515896,-85.75604163,37.259697,-86.976991,320.239,500,783821272.8079156,822680523.0414183,38859250.2335028,4.958
6WRINGOLD GA_361504,8PARADISE CC_360117,34.89324284,-85.13750475,37.259697,-86.976991,377.537,500,921493963.9234722,959779093.7743213,38285129.85084912,4.155
6WRINGOLD GA_361504,8PARADISE CC_360117,34.89324284,-85.13750475,37.259697,-86.976991,377.537,500,921493963.9234722,959779093.7743213,38285129.85084912,4.155
6BATTLFLD GA_361530,8PARADISE CC_360117,34.9555953,-85.26465286,37.259697,-86.976991,341.65,500,840539461.7372987,881235694.121242,40696232.38394331,4.842
6BATTLFLD GA_361530,8PARADISE CC_360117,34.9555953,-85.26465286,37.259697,-86.976991,341.65,500,840539461.7372987,881235694.121242,40696232.38394331,4.842
6S HAVEN CC_360594,8PARADISE CC_360117,34.99627529,-90.0485284,37.259697,-86.976991,448.041,500,1091217428.4801903,1369710354.447505,278492925.9673146,25.521
6S HAVEN CC_360594,8PARADISE CC_360117,34.99627529,-90.0485284,37.259697,-86.976991,448.041,500,1091217428.4801903,1369710354.447505,278492925.9673146,25.521
6CONCORD TN_361509,8PARADISE CC_360117,34.99679719,-85.1610968,37.259697,-86.976991,384.492,500,940297162.6291027,978493036.7133012,38195874.084198534,4.062
6CONCORD TN_361509,8PARADISE CC_360117,34.99679719,-85.1610968,37.259697,-86.976991,384.492,500,940297162.6291027,978493036.7133012,38195874.084198534,4.062
8BRADLEY TN_360662,8PARADISE CC_360117,35.0367008,-84.963798,37.259697,-86.976991,347.456,500,847192274.5954081,885134345.5426056,37942070.94719756,4.479
8BRADLEY TN_360662,8PARADISE CC_360117,35.0367008,-84.963798,37.259697,-86.976991,347.456,500,847192274.5954081,885134345.5426056,37942070.94719756,4.479
8BENTON MS_360612,8PARADISE CC_360117,35.17466126,-89.74553609,37.259697,-86.976991,382.97,500,928740499.240715,1167226196.5981305,238485697.35741547,25.678
8BENTON MS_360612,8PARADISE CC_360117,35.17466126,-89.74553609,37.259697,-86.976991,382.97,500,928740499.240715,1167226196.5981305,238485697.35741547,25.678
8FRANKLIN TN_360069,8PARADISE CC_360117,35.33506701,-86.11727644,37.259697,-86.976991,281.822,500,681678872.6684508,720646433.0668763,38967560.39842545,5.716
8FRANKLIN TN_360069,8PARADISE CC_360117,35.33506701,-86.11727644,37.259697,-86.976991,281.822,500,681678872.6684508,720646433.0668763,38967560.39842545,5.716
8HAYWOOD TN_360542,8PARADISE CC_360117,35.54308246,-89.19654872,37.259697,-86.976991,306.961,500,742225951.0765359,896008748.341124,153782797.26458815,20.719
8HAYWOOD TN_360542,8PARADISE CC_360117,35.54308246,-89.19654872,37.259697,-86.976991,306.961,500,742225951.0765359,896008748.341124,153782797.26458815,20.719
8HIWASSEE TN_360110,8PARADISE CC_360117,35.60032498,-84.78911434,37.259697,-86.976991,300.251,500,731318614.3665638,769836739.7303835,38518125.363819726,5.267
8HIWASSEE TN_360110,8PARADISE CC_360117,35.60032498,-84.78911434,37.259697,-86.976991,300.251,500,731318614.3665638,769836739.7303835,38518125.363819726,5.267
8LAG CRK CC_360615,8PARADISE CC_360117,35.65702785,-89.39460044,37.259697,-86.976991,316.437,500,762072145.1217594,938441681.6125102,176369536.49075082,23.143
8LAG CRK CC_360615,8PARADISE CC_360117,35.65702785,-89.39460044,37.259697,-86.976991,316.437,500,762072145.1217594,938441681.6125102,176369536.49075082,23.143
8MAURY TN_360050,8PARADISE CC_360117,35.672863,-87.01861625,37.259697,-86.976991,196.732,500,483610961.68496025,554479066.6221601,70868104.93719988,14.654
8MAURY TN_360050,8PARADISE CC_360117,35.672863,-87.01861625,37.259697,-86.976991,196.732,500,483610961.68496025,554479066.6221601,70868104.93719988,14.654
8JACKSON TN_360019,8PARADISE CC_360117,35.70901203,-88.79407261,37.259697,-86.976991,262.638,500,634146292.2869395,742109541.2369024,107963248.94996287,17.025
8JACKSON TN_360019,8PARADISE CC_360117,35.70901203,-88.79407261,37.259697,-86.976991,262.638,500,634146292.2869395,742109541.2369024,107963248.94996287,17.025
8ANDERSON TN_360120,8PARADISE CC_360117,35.94503289,-84.38856432,37.259697,-86.976991,310.581,500,764699494.8469815,799577901.033502,34878406.18652045,4.561
8ANDERSON TN_360120,8PARADISE CC_360117,35.94503289,-84.38856432,37.259697,-86.976991,310.581,500,764699494.8469815,799577901.033502,34878406.18652045,4.561
8BULL RUN FP_360093,8PARADISE CC_360117,36.01895969,-84.15785445,37.259697,-86.976991,357.866,500,878348644.3003893,903437084.9515889,25088440.651199628,2.856
8BULL RUN FP_360093,8PARADISE CC_360117,36.01895969,-84.15785445,37.259697,-86.976991,357.866,500,878348644.3003893,903437084.9515889,25088440.651199628,2.856
8JVILLE FP_360037,8PARADISE CC_360117,36.02382902,-87.98154082,37.259697,-86.976991,180.853,500,437245324.93763995,520689315.4499461,83443990.51230615,19.084
8JVILLE FP_360037,8PARADISE CC_360117,36.02382902,-87.98154082,37.259697,-86.976991,180.853,500,437245324.93763995,520689315.4499461,83443990.51230615,19.084
8DAVIDSON TN_360048,8PARADISE CC_360117,36.06703747,-86.9841046,37.259697,-86.976991,154.271,500,377491724.1251425,439221367.89481825,61729643.76967574,16.353
8DAVIDSON TN_360048,8PARADISE CC_360117,36.06703747,-86.9841046,37.259697,-86.976991,154.271,500,377491724.1251425,439221367.89481825,61729643.76967574,16.353
8GLEASON CT_360582,8PARADISE CC_360117,36.24522988,-88.6114255,37.259697,-86.976991,223.325,500,540189989.0303802,626567861.0109618,86377871.9805815,15.99
8GLEASON CT_360582,8PARADISE CC_360117,36.24522988,-88.6114255,37.259697,-86.976991,223.325,500,540189989.0303802,626567861.0109618,86377871.9805815,15.99
8LAG CRK CT_360568,8PARADISE CC_360117,36.27534882,-88.83423675,37.259697,-86.976991,240.859,500,580248561.6392677,731830439.5228235,151581877.8835558,26.124
8LAG CRK CT_360568,8PARADISE CC_360117,36.27534882,-88.83423675,37.259697,-86.976991,240.859,500,580248561.6392677,731830439.5228235,151581877.8835558,26.124
8CUMBERLAND_360040,8PARADISE CC_360117,36.3921331,-87.65747953,37.259697,-86.976991,125.382,500,302795420.1871104,368017696.58811253,65222276.40100211,21.54
8CUMBERLAND_360040,8PARADISE CC_360117,36.3921331,-87.65747953,37.259697,-86.976991,125.382,500,302795420.1871104,368017696.58811253,65222276.40100211,21.54
8MONTGOMERY_360044,8PARADISE CC_360117,36.59438524,-87.25325857,37.259697,-86.976991,92.728,500,222586199.6629209,257638097.2902882,35051897.62736731,15.748
8MONTGOMERY_360044,8PARADISE CC_360117,36.59438524,-87.25325857,37.259697,-86.976991,92.728,500,222586199.6629209,257638097.2902882,35051897.62736731,15.748
8MARSHALL KY_360015,8PARADISE CC_360117,37.02455006,-88.39384277,37.259697,-86.976991,140.264,500,338710367.8713596,412232381.5005348,73522013.62917522,21.706
8MARSHALL KY_360015,8PARADISE CC_360117,37.02455006,-88.39384277,37.259697,-86.976991,140.264,500,338710367.8713596,412232381.5005348,73522013.62917522,21.706
7SHAWNEE FP_360002,8PARADISE CC_360117,37.150267,-88.778122,37.259697,-86.976991,259.776,500,623695937.2860234,802520758.0198513,178824820.73382798,28.672
7SHAWNEE FP_360002,8PARADISE CC_360117,37.150267,-88.778122,37.259697,-86.976991,259.776,500,623695937.2860234,802520758.0198513,178824820.73382798,28.672
8CHOCTAW MS_360654,8FRANKLIN TN_360069,33.2984397,-89.4127739,35.33506701,-86.11727644,413.629,500,1002503871.2621762,1144058423.3869436,141554552.1247675,14.12
8ACKERMAN CC_360627,8FRANKLIN TN_360069,33.38593855,-89.20997726,35.33506701,-86.11727644,392.023,500,948987663.749892,1075664215.2562802,126676551.50638823,13.349
8CLAY_360688,8FRANKLIN TN_360069,33.47863869,-88.74043971,35.33506701,-86.11727644,354.288,500,854869622.7043517,951985182.3052905,97115559.60093886,11.36
8COGEN CALED_360606,8FRANKLIN TN_360069,33.64779158,-88.31593565,35.33506701,-86.11727644,315.224,500,756696013.9645799,825264141.8106304,68568127.84605047,9.062
8E POINT AL_360058,8FRANKLIN TN_360069,34.19181783,-86.74805975,35.33506701,-86.11727644,170.476,500,423932453.90137136,424896906.05018175,964452.1488104133,0.228
6CENTER PNT_360533,8FRANKLIN TN_360069,34.6665318,-84.97089121,35.33506701,-86.11727644,202.297,500,508969203.6975322,510545681.72720367,1576478.029671492,0.31
8BR FERRY NP_360052,8FRANKLIN TN_360069,34.70520875,-87.11705751,35.33506701,-86.11727644,137.27,500,332340833.13640237,348387637.3424221,16046804.206019742,4.828
6LOOPERS FRM_360602,8FRANKLIN TN_360069,34.708916,-84.922795,35.33506701,-86.11727644,209.048,500,527109027.1512649,528684489.44483536,1575462.2935704617,0.299
6COUNTY LINE_360013,8FRANKLIN TN_360069,34.74311084,-85.00751569,35.33506701,-86.11727644,172.076,500,436243497.8262049,436780385.71075165,536887.8845467664,0.123
6YOUNG GA_361454,8FRANKLIN TN_360069,34.75072952,-85.27349349,35.33506701,-86.11727644,120.258,500,307228554.49436337,310702527.8906186,3473973.3962552752,1.131
6KENSNGTN GA_361503,8FRANKLIN TN_360069,34.81265905,-85.32344844,35.33506701,-86.11727644,120.554,500,307602784.73556966,311102411.4198873,3499626.684317669,1.138
6ALPHA GA_361502,8FRANKLIN TN_360069,34.813027,-84.853226,35.33506701,-86.11727644,196.18,500,485546779.97325397,485546779.97325397,0.0,0.0
6CLOUDLANDGA_361633,8FRANKLIN TN_360069,34.81849122,-85.5353055,35.33506701,-86.11727644,94.249,500,239852818.26083377,239852818.26083377,0.0,0.0
6ROCK SPG GA_361500,8FRANKLIN TN_360069,34.83897801,-85.28020801,35.33506701,-86.11727644,124.592,500,316859987.9725772,320359329.08362097,3499341.1110437484,1.104
6WID CRK FP_360068,8FRANKLIN TN_360069,34.88515896,-85.75604163,35.33506701,-86.11727644,66.911,500,170601041.29404023,170601041.29404023,0.0,0.0
6WRINGOLD GA_361504,8FRANKLIN TN_360069,34.89324284,-85.13750475,35.33506701,-86.11727644,180.308,500,453498407.877404,454023466.0861801,525058.2087761104,0.116
6BATTLFLD GA_361530,8FRANKLIN TN_360069,34.9555953,-85.26465286,35.33506701,-86.11727644,103.005,500,266031080.37580737,266482879.25067967,451798.87487230956,0.17
6S HAVEN CC_360594,8FRANKLIN TN_360069,34.99627529,-90.0485284,35.33506701,-86.11727644,408.389,500,990719455.5707331,1206818291.3548048,216098835.78407174,21.812
6CONCORD TN_361509,8FRANKLIN TN_360069,34.99679719,-85.1610968,35.33506701,-86.11727644,201.683,500,500307861.556107,500710871.94206476,403010.3859577663,0.081
8BRADLEY TN_360662,8FRANKLIN TN_360069,35.0367008,-84.963798,35.33506701,-86.11727644,164.646,500,407202973.5224123,407202973.5224123,0.0,0.0
8BENTON MS_360612,8FRANKLIN TN_360069,35.17466126,-89.74553609,35.33506701,-86.11727644,363.918,500,880295362.47248,1053668936.0061125,173373573.53363243,19.695
8ANDERSON TN_360120,8FRANKLIN TN_360069,35.94503289,-84.38856432,35.33506701,-86.11727644,190.713,500,473535317.1110178,473535317.1110178,0.0,0.0
8BULL RUN FP_360093,8FRANKLIN TN_360069,36.01895969,-84.15785445,35.33506701,-86.11727644,282.4,500,710370742.3010881,710370742.3010881,0.0,0.0
8DAVIDSON TN_360048,8FRANKLIN TN_360069,36.06703747,-86.9841046,35.33506701,-86.11727644,148.808,500,371524760.70503104,388205020.7866293,16680260.08159828,4.49
8CUMBERLAND_360040,8FRANKLIN TN_360069,36.3921331,-87.65747953,35.33506701,-86.11727644,219.682,500,540427169.1453544,583985006.1279585,43557836.98260414,8.06
7SHAWNEE FP_360002,8FRANKLIN TN_360069,37.150267,-88.778122,35.33506701,-86.11727644,394.484,500,947539032.2290145,1118835320.8459382,171296288.61692363,18.078
8CHOCTAW MS_360654,8GLEASON CT_360582,33.2984397,-89.4127739,36.24522988,-88.6114255,367.691,500,887891956.2786036,1135545719.8287947,247653763.5501911,27.892
8ACKERMAN CC_360627,8GLEASON CT_360582,33.38593855,-89.20997726,36.24522988,-88.6114255,351.313,500,851517482.8291144,1086366857.4932,234849374.6640857,27.58
8CLAY_360688,8GLEASON CT_360582,33.47863869,-88.74043971,36.24522988,-88.6114255,335.418,500,809691357.1907932,1045986004.0459538,236294646.85516053,29.183
8COGEN CALED_360606,8GLEASON CT_360582,33.64779158,-88.31593565,36.24522988,-88.6114255,314.191,500,755782273.4816582,910837578.2937028,155055304.8120446,20.516
8E POINT AL_360058,8GLEASON CT_360582,34.19181783,-86.74805975,36.24522988,-88.6114255,326.574,500,787387747.7235212,904139894.6953319,116752146.9718107,14.828
6CENTER PNT_360533,8GLEASON CT_360582,34.6665318,-84.97089121,36.24522988,-88.6114255,455.711,500,1114253700.5705996,1197138585.9139705,82884885.34337083,7.439
8BR FERRY NP_360052,8GLEASON CT_360582,34.70520875,-87.11705751,36.24522988,-88.6114255,233.155,500,560785582.5876939,671347060.3668404,110561477.7791464,19.715
6LOOPERS FRM_360602,8GLEASON CT_360582,34.708916,-84.922795,36.24522988,-88.6114255,462.462,500,1132393524.0243325,1215265412.9177086,82871888.89337607,7.318
6COUNTY LINE_360013,8GLEASON CT_360582,34.74311084,-85.00751569,36.24522988,-88.6114255,426.473,500,1043178389.6280344,1124032407.3816967,80854017.75366223,7.751
6YOUNG GA_361454,8GLEASON CT_360582,34.75072952,-85.27349349,36.24522988,-88.6114255,384.887,500,946041980.0383762,1028740444.4107604,82698464.37238419,8.742
6KENSNGTN GA_361503,8GLEASON CT_360582,34.81265905,-85.32344844,36.24522988,-88.6114255,385.183,500,946416210.2795825,1029306042.4179347,82889832.13835222,8.758
6ALPHA GA_361502,8GLEASON CT_360582,34.813027,-84.853226,36.24522988,-88.6114255,444.797,500,1094187895.0863116,1158741539.5361497,64553644.44983822,5.9
6CLOUDLANDGA_361633,8GLEASON CT_360582,34.81849122,-85.5353055,36.24522988,-88.6114255,358.877,500,878666243.8048465,958323988.8140534,79657745.00920689,9.066
6ROCK SPG GA_361500,8GLEASON CT_360582,34.83897801,-85.28020801,36.24522988,-88.6114255,389.221,500,955673413.5165901,1038594813.0190823,82921399.50249219,8.677
6WID CRK FP_360068,8GLEASON CT_360582,34.88515896,-85.75604163,36.24522988,-88.6114255,325.35,500,790870844.313817,869940276.4273813,79069432.11356428,9.998
6WRINGOLD GA_361504,8GLEASON CT_360582,34.89324284,-85.13750475,36.24522988,-88.6114255,434.705,500,1060433299.6792336,1140533412.6628187,80100112.98358516,7.554
6BATTLFLD GA_361530,8GLEASON CT_360582,34.9555953,-85.26465286,36.24522988,-88.6114255,367.633,500,904844505.9198202,984095068.4798484,79250562.56002817,8.758
6S HAVEN CC_360594,8GLEASON CT_360582,34.99627529,-90.0485284,36.24522988,-88.6114255,250.399,500,616955743.592418,893435497.3121214,276479753.71970344,44.814
6CONCORD TN_361509,8GLEASON CT_360582,34.99679719,-85.1610968,36.24522988,-88.6114255,450.3,500,1108948976.6691647,1173865724.657803,64916747.988638364,5.854
8BRADLEY TN_360662,8GLEASON CT_360582,35.0367008,-84.963798,36.24522988,-88.6114255,413.263,500,1015844088.6354702,1079926523.5708988,64082434.93542856,6.308
8BENTON MS_360612,8GLEASON CT_360582,35.17466126,-89.74553609,36.24522988,-88.6114255,172.349,500,416962413.36973953,593523863.0872052,176561449.7174657,42.345
8FRANKLIN TN_360069,8GLEASON CT_360582,35.33506701,-86.11727644,36.24522988,-88.6114255,280.008,500,675093758.0156989,743543633.8466473,68449875.8309484,10.139
8ANDERSON TN_360120,8GLEASON CT_360582,35.94503289,-84.38856432,36.24522988,-88.6114255,433.341,500,1072588569.9882238,1138279074.7723277,65690504.78410396,6.124
8BULL RUN FP_360093,8GLEASON CT_360582,36.01895969,-84.15785445,36.24522988,-88.6114255,516.488,500,1266702827.1431289,1395511831.6276877,128809004.48455884,10.169
8DAVIDSON TN_360048,8GLEASON CT_360582,36.06703747,-86.9841046,36.24522988,-88.6114255,164.431,500,403159382.96686393,465997732.0952792,62838349.12841526,15.586
8CUMBERLAND_360040,8GLEASON CT_360582,36.3921331,-87.65747953,36.24522988,-88.6114255,99.817,500,242232703.5248628,286210658.478588,43977954.95372516,18.155
7SHAWNEE FP_360002,8GLEASON CT_360582,37.150267,-88.778122,36.24522988,-88.6114255,128.791,500,306002574.9272279,438711545.8512286,132708970.92400065,43.369
8CHOCTAW MS_360654,8MAURY TN_360050,33.2984397,-89.4127739,35.672863,-87.01861625,380.952,500,919155466.3631675,1048859825.5708574,129704359.20768991,14.111
8ACKERMAN CC_360627,8MAURY TN_360050,33.38593855,-89.20997726,35.672863,-87.01861625,359.347,500,865639258.8508832,980682320.1496263,115043061.29874304,13.29
8CLAY_360688,8MAURY TN_360050,33.47863869,-88.74043971,35.672863,-87.01861625,321.612,500,772285549.1880109,864831346.330434,92545797.14242302,11.983
8COGEN CALED_360606,8MAURY TN_360050,33.64779158,-88.31593565,35.672863,-87.01861625,283.791,500,680441292.626596,745056846.7897592,64615554.163163245,9.496
8E POINT AL_360058,8MAURY TN_360050,34.19181783,-86.74805975,35.672863,-87.01861625,226.625,500,557158499.862853,567553325.4480975,10394825.585244399,1.866
6CENTER PNT_360533,8MAURY TN_360050,34.6665318,-84.97089121,35.672863,-87.01861625,289.19,500,717828029.8937654,721628451.1947834,3800421.3010179834,0.529
8BR FERRY NP_360052,8MAURY TN_360050,34.70520875,-87.11705751,35.672863,-87.01861625,125.362,500,304243636.0816846,317309970.45525706,13066334.373572461,4.295
6LOOPERS FRM_360602,8MAURY TN_360050,34.708916,-84.922795,35.672863,-87.01861625,295.941,500,735967853.3474982,739765499.6417627,3797646.294264508,0.516
8LIMESTONE_360088,8MAURY TN_360050,34.71890958,-86.84630969,35.672863,-87.01861625,123.457,500,299030459.2237053,319517391.6878293,20486932.464124028,6.851
6COUNTY LINE_360013,8MAURY TN_360050,34.74311084,-85.00751569,35.672863,-87.01861625,259.953,500,646752718.9512002,648670629.7027335,1917910.751533236,0.297
6YOUNG GA_361454,8MAURY TN_360050,34.75072952,-85.27349349,35.672863,-87.01861625,216.447,500,544477775.9019734,552925119.0234613,8447343.121488024,1.551
8MADISON AL_360060,8MAURY TN_360050,34.79577878,-86.52158584,35.672863,-87.01861625,126.132,500,306319245.5778132,321427718.84419644,15108473.26638324,4.932
6KENSNGTN GA_361503,8MAURY TN_360050,34.81265905,-85.32344844,35.672863,-87.01861625,216.742,500,544852006.1431798,553333659.1713094,8481653.0281296,1.557
6ALPHA GA_361502,8MAURY TN_360050,34.813027,-84.853226,35.672863,-87.01861625,281.621,500,696577316.9254651,704275140.5911568,7697823.665691775,1.105
6CLOUDLANDGA_361633,8MAURY TN_360050,34.81849122,-85.5353055,35.672863,-87.01861625,190.437,500,477102039.66844386,482213150.5480499,5111110.879606094,1.071
8MAGNOL CC1_360613,8MAURY TN_360050,34.8287922,-89.20041124,35.672863,-87.01861625,239.885,500,574870495.3161254,663839837.3767533,88969342.0606279,15.476
6ROCK SPG GA_361500,8MAURY TN_360050,34.83897801,-85.28020801,35.672863,-87.01861625,220.781,500,554109209.3801873,562594761.8855988,8485552.505411465,1.531
6WID CRK FP_360068,8MAURY TN_360050,34.88515896,-85.75604163,35.672863,-87.01861625,156.91,500,389306640.1774143,392671282.6204034,3364642.442989089,0.864
6WRINGOLD GA_361504,8MAURY TN_360050,34.89324284,-85.13750475,35.672863,-87.01861625,268.184,500,664007629.0023992,665895586.3958417,1887957.3934425386,0.284
6BATTLFLD GA_361530,8MAURY TN_360050,34.9555953,-85.26465286,35.672863,-87.01861625,199.193,500,503280301.7834175,508731627.42429304,5451325.640875513,1.083
6S HAVEN CC_360594,8MAURY TN_360050,34.99627529,-90.0485284,35.672863,-87.01861625,329.211,500,800612441.1701449,1003617400.9262593,203004959.7561143,25.356
6CONCORD TN_361509,8MAURY TN_360050,34.99679719,-85.1610968,35.672863,-87.01861625,287.124,500,711338398.5083181,719418234.8354318,8079836.327113757,1.136
8BRADLEY TN_360662,8MAURY TN_360050,35.0367008,-84.963798,35.672863,-87.01861625,250.087,500,618233510.4746234,625837681.4155803,7604170.940956819,1.23
8BENTON MS_360612,8MAURY TN_360050,35.17466126,-89.74553609,35.672863,-87.01861625,276.906,500,670200031.5029634,829136842.9805049,158936811.47754145,23.715
8FRANKLIN TN_360069,8MAURY TN_360050,35.33506701,-86.11727644,35.672863,-87.01861625,109.655,500,265052468.55413014,266315438.37032223,1262969.8161920952,0.476
8HAYWOOD TN_360542,8MAURY TN_360050,35.54308246,-89.19654872,35.672863,-87.01861625,211.928,500,508707618.63677317,611035326.3971223,102327707.76034905,20.115
8HIWASSEE TN_360110,8MAURY TN_360050,35.60032498,-84.78911434,35.672863,-87.01861625,222.973,500,549036252.2925227,556634526.8047068,7598274.5121841,1.384
8LAG CRK CC_360615,8MAURY TN_360050,35.65702785,-89.39460044,35.672863,-87.01861625,231.771,500,558796987.3812265,714013684.9266834,155216697.54545686,27.777
8JACKSON TN_360019,8MAURY TN_360050,35.70901203,-88.79407261,35.672863,-87.01861625,174.37,500,419269427.0817863,516224621.40587026,96955194.32408398,23.125
8ANDERSON TN_360120,8MAURY TN_360050,35.94503289,-84.38856432,35.672863,-87.01861625,270.165,500,674977991.8273771,682889936.0337617,7911944.206384671,1.172
8BULL RUN FP_360093,8MAURY TN_360050,36.01895969,-84.15785445,35.672863,-87.01861625,360.376,500,897640431.1955178,906358208.8334438,8717777.637925925,0.971
8JVILLE FP_360037,8MAURY TN_360050,36.02382902,-87.98154082,35.672863,-87.01861625,106.157,500,254045339.57066175,268223103.32670748,14177763.756045714,5.581
8DAVIDSON TN_360048,8MAURY TN_360050,36.06703747,-86.9841046,35.672863,-87.01861625,52.249,500,132425709.64032373,144242832.28245473,11817122.642131004,8.924
8GLEASON CT_360582,8MAURY TN_360050,36.24522988,-88.6114255,35.672863,-87.01861625,172.153,500,413456485.81246775,463486077.0119899,50029591.199522115,12.1
8LAG CRK CT_360568,8MAURY TN_360050,36.27534882,-88.83423675,35.672863,-87.01861625,193.73,500,464882494.07795393,530982225.54379606,66099731.46584211,14.219
8CUMBERLAND_360040,8MAURY TN_360050,36.3921331,-87.65747953,35.672863,-87.01861625,113.204,500,278822941.19993275,318110535.4723342,39287594.272401474,14.091
8MARSHALL KY_360015,8MAURY TN_360050,37.02455006,-88.39384277,35.672863,-87.01861625,236.39,500,582347401.8831296,664301525.568022,81954123.6848924,14.073
7SHAWNEE FP_360002,8MAURY TN_360050,37.150267,-88.778122,35.672863,-87.01861625,285.459,500,681507943.5520031,851653901.3540432,170145957.8020401,24.966
8CHOCTAW MS_360654,8MARSHALL KY_360015,33.2984397,-89.4127739,37.02455006,-88.39384277,473.837,500,1142749517.2008698,1479589627.9591177,336840110.7582478,29.476
8ACKERMAN CC_360627,8MARSHALL KY_360015,33.38593855,-89.20997726,37.02455006,-88.39384277,457.232,500,1106352328.0933852,1431305642.7933698,324953314.69998443,29.372
8CLAY_360688,8MARSHALL KY_360015,33.47863869,-88.74043971,37.02455006,-88.39384277,441.337,500,1064526202.4550639,1390979279.1349573,326453076.6798933,30.667
8COGEN CALED_360606,8MARSHALL KY_360015,33.64779158,-88.31593565,37.02455006,-88.39384277,414.983,500,997596942.9845828,1250177171.2539604,252580228.26937768,25.319
8E POINT AL_360058,8MARSHALL KY_360015,34.19181783,-86.74805975,37.02455006,-88.39384277,415.72,500,1001745610.2853172,1197391846.0238097,195646235.73849252,19.531
6CENTER PNT_360533,8MARSHALL KY_360015,34.6665318,-84.97089121,37.02455006,-88.39384277,526.313,500,1284300567.2279158,1376866266.850881,92565699.62296543,7.207
8BR FERRY NP_360052,8MARSHALL KY_360015,34.70520875,-87.11705751,37.02455006,-88.39384277,322.3,500,775143445.1494899,963744226.2994746,188600781.14998475,24.331
6LOOPERS FRM_360602,8MARSHALL KY_360015,34.708916,-84.922795,37.02455006,-88.39384277,518.526,500,1263949002.7967904,1356606046.7457454,92657043.94895515,7.331
8LIMESTONE_360088,8MARSHALL KY_360015,34.71890958,-86.84630969,37.02455006,-88.39384277,344.487,500,828478173.3356792,1015147979.1478827,186669805.8122035,22.532
6COUNTY LINE_360013,8MARSHALL KY_360015,34.74311084,-85.00751569,37.02455006,-88.39384277,494.885,500,1227976469.4837928,1315492846.2444954,87516376.7607027,7.127
6YOUNG GA_361454,8MARSHALL KY_360015,34.75072952,-85.27349349,37.02455006,-88.39384277,451.01,500,1124869774.6572886,1217627279.2519028,92757504.59461428,8.246
8MADISON AL_360060,8MARSHALL KY_360015,34.79577878,-86.52158584,37.02455006,-88.39384277,347.144,500,844625655.7350403,917667158.6880194,73041502.95297904,8.648
6KENSNGTN GA_361503,8MARSHALL KY_360015,34.81265905,-85.32344844,37.02455006,-88.39384277,451.305,500,1125244004.8984947,1218186999.746431,92942994.84793633,8.26
6ALPHA GA_361502,8MARSHALL KY_360015,34.813027,-84.853226,37.02455006,-88.39384277,499.02,500,1215732089.8373084,1308438629.3150961,92706539.4777878,7.626
6CLOUDLANDGA_361633,8MARSHALL KY_360015,34.81849122,-85.5353055,37.02455006,-88.39384277,425.0,500,1057494038.4237589,1147280711.2386665,89786672.81490776,8.491
8MAGNOL CC1_360613,8MARSHALL KY_360015,34.8287922,-89.20041124,37.02455006,-88.39384277,293.182,500,708678345.3599288,959875956.0108212,251197610.65089238,35.446
6ROCK SPG GA_361500,8MARSHALL KY_360015,34.83897801,-85.28020801,37.02455006,-88.39384277,455.344,500,1134501208.1355023,1227449819.0083952,92948610.87289293,8.193
6WID CRK FP_360068,8MARSHALL KY_360015,34.88515896,-85.75604163,37.02455006,-88.39384277,391.473,500,969698638.9327295,1059059580.4783057,89360941.54557624,9.215
6WRINGOLD GA_361504,8MARSHALL KY_360015,34.89324284,-85.13750475,37.02455006,-88.39384277,497.568,500,1211689972.714531,1304788507.5889757,93098534.87444466,7.683
6BATTLFLD GA_361530,8MARSHALL KY_360015,34.9555953,-85.26465286,37.02455006,-88.39384277,430.299,500,1075990841.2802465,1165945501.2854576,89954660.0052111,8.36
6S HAVEN CC_360594,8MARSHALL KY_360015,34.99627529,-90.0485284,37.02455006,-88.39384277,382.234,500,914564772.4267181,1317875155.046741,403310382.620023,44.099
6CONCORD TN_361509,8MARSHALL KY_360015,34.99679719,-85.1610968,37.02455006,-88.39384277,504.523,500,1230493171.4201612,1323497568.4126632,93004396.99250196,7.558
8BRADLEY TN_360662,8MARSHALL KY_360015,35.0367008,-84.963798,37.02455006,-88.39384277,467.487,500,1137388283.3864665,1229959178.0288296,92570894.64236313,8.139
8BENTON MS_360612,8MARSHALL KY_360015,35.17466126,-89.74553609,37.02455006,-88.39384277,281.814,500,679027125.8501843,952825014.8265945,273797888.97641015,40.322
8FRANKLIN TN_360069,8MARSHALL KY_360015,35.33506701,-86.11727644,37.02455006,-88.39384277,342.869,500,843951629.8285512,930047173.3418669,86095543.51331563,10.201
8HAYWOOD TN_360542,8MARSHALL KY_360015,35.54308246,-89.19654872,37.02455006,-88.39384277,215.54,500,514831001.02893996,720113164.2501304,205282163.22119042,39.874
8HIWASSEE TN_360110,8MARSHALL KY_360015,35.60032498,-84.78911434,37.02455006,-88.39384277,420.282,500,1021514623.1576222,1114033811.8408272,92519188.68320508,9.057
8LAG CRK CC_360615,8MARSHALL KY_360015,35.65702785,-89.39460044,37.02455006,-88.39384277,211.376,500,507106949.77154285,707300219.3206838,200193269.54914102,39.478
8JACKSON TN_360019,8MARSHALL KY_360015,35.70901203,-88.79407261,37.02455006,-88.39384277,178.271,500,426793374.9961066,593543067.0367918,166749692.04068524,39.07
8ANDERSON TN_360120,8MARSHALL KY_360015,35.94503289,-84.38856432,37.02455006,-88.39384277,431.795,500,1057755920.380635,1145092471.5315573,87336551.15092222,8.257
8BULL RUN FP_360093,8MARSHALL KY_360015,36.01895969,-84.15785445,37.02455006,-88.39384277,486.272,500,1191315886.2772336,1274181489.691409,82865603.4141755,6.956
8JVILLE FP_360037,8MARSHALL KY_360015,36.02382902,-87.98154082,37.02455006,-88.39384277,145.335,500,354955762.7675397,398796687.1649836,43840924.39744391,12.351
8DAVIDSON TN_360048,8MARSHALL KY_360015,36.06703747,-86.9841046,37.02455006,-88.39384277,203.497,500,501243877.03368443,573350275.5082866,72106398.47460221,14.385
8GLEASON CT_360582,8MARSHALL KY_360015,36.24522988,-88.6114255,37.02455006,-88.39384277,111.429,500,267326963.2762127,363455540.52706367,96128577.25085096,35.959
8LAG CRK CT_360568,8MARSHALL KY_360015,36.27534882,-88.83423675,37.02455006,-88.39384277,118.534,500,286398591.77265763,391282174.6889041,104883582.91624646,36.622
8CUMBERLAND_360040,8MARSHALL KY_360015,36.3921331,-87.65747953,37.02455006,-88.39384277,130.503,500,320842004.4373987,372108381.2405471,51266376.80314845,15.979
7SHAWNEE FP_360002,8MARSHALL KY_360015,37.150267,-88.778122,37.02455006,-88.39384277,137.451,500,329845967.4194133,460846962.36992675,131000994.95051344,39.716
