start_BusName,end_BusName,length_km,voltage,cost,rid,n_cells,cells_outside_region,orig_cost_sum,adj_cost_sum,pct_increase,frac_none,frac_low,frac_medium,frac_high,added_cost,added_cost_pipeline_basis,adj_cost_pipeline_basis
6CENTER PNT_360533,6COUNTY LINE_360013,82.89083112443906,230,107809175.1072714,6CENTER_PNT_360533-6COUNTY_LINE_360013,811,0,191748288.15625,191968769.875,0.1149849737225983,0.9889025893958077,0.011097410604192354,0.0,0.0,220481.71875,123964.35166764603,107933139.45893905
6ALPHA GA_361502,6COUNTY LINE_360013,62.79369475732421,230,76840465.87495142,6ALPHA_GA_361502-6COUNTY_LINE_360013,579,0,130458622.421875,131094905.625,0.4877279794258449,0.9499136442141624,0.05008635578583765,0.0,0.0,636283.203125,374772.45159330644,77215238.32654473
6CLOUDLANDGA_361633,6COUNTY LINE_360013,78.17994800689338,230,100032820.2484853,6CLOUDLANDGA_361633-6COUNTY_LINE_360013,757,0,176764596.25,176764596.25,0.0,1.0,0.0,0.0,0.0,0.0,0.0,100032820.2484853
6BATTLFLD GA_361530,6COUNTY LINE_360013,116.33903889279436,230,150725890.23314884,6BATTLFLD_GA_361530-6COUNTY_LINE_360013,1123,0,264804261.859375,268342997.515625,1.3363590266267211,0.9528049866429208,0.024933214603739984,0.0,0.02226179875333927,3538735.65625,2014239.039594168,152740129.27274302
6CONCORD TN_361509,6COUNTY LINE_360013,43.87386360737625,230,55105524.14113958,6CONCORD_TN_361509-6COUNTY_LINE_360013,416,0,95703870.796875,95703870.796875,0.0,1.0,0.0,0.0,0.0,0.0,0.0,55105524.14113958
6CENTER PNT_360533,6WID CRK FP_360068,137.35445445501392,230,167716362.66795582,6CENTER_PNT_360533-6WID_CRK_FP_360068,1301,0,292683922.625,293540034.015625,0.2925037299441602,0.9707916986933128,0.029208301306687164,0.0,0.0,856111.390625,490576.61653044575,168206939.28448626
6LOOPERS FRM_360602,6WID CRK FP_360068,144.1055518528077,230,176751780.05019403,6LOOPERS_FRM_360602-6WID_CRK_FP_360068,1364,0,307921697.546875,308777808.9375,0.27802892665420575,0.9721407624633431,0.02785923753665689,0.0,0.0,856111.390625,491421.07691575703,177243201.1271098
6COUNTY LINE_360013,6WID CRK FP_360068,107.08073370113638,230,132582631.39150919,6COUNTY_LINE_360013-6WID_CRK_FP_360068,1028,0,233504125.671875,233504125.671875,0.0,1.0,0.0,0.0,0.0,0.0,0.0,132582631.39150919
6KENSNGTN GA_361503,6WID CRK FP_360068,61.39517528541813,230,77432746.12729567,6KENSNGTN_GA_361503-6WID_CRK_FP_360068,585,0,135243196.625,135243196.625,0.0,1.0,0.0,0.0,0.0,0.0,0.0,77432746.12729567
6ALPHA GA_361502,6WID CRK FP_360068,156.01908432299044,230,189598158.65589795,6ALPHA_GA_361502-6WID_CRK_FP_360068,1503,0,336719217.0625,337355500.265625,0.18896551514815396,0.980705256154358,0.01929474384564205,0.0,0.0,636283.203125,358275.13721553184,189956433.79311347
6CLOUDLANDGA_361633,6WID CRK FP_360068,38.58305191657993,230,47727409.91487699,6CLOUDLANDGA_361633-6WID_CRK_FP_360068,351,0,79830295.234375,79830295.234375,0.0,1.0,0.0,0.0,0.0,0.0,0.0,47727409.91487699
6ROCK SPG GA_361500,6WID CRK FP_360068,65.28436359462181,230,81814747.52888122,6ROCK_SPG_GA_361500-6WID_CRK_FP_360068,622,0,143083022.09375,143083022.09375,0.0,1.0,0.0,0.0,0.0,0.0,0.0,81814747.52888122
6BATTLFLD GA_361530,6WID CRK FP_360068,54.819876580144005,230,71442468.10488304,6BATTLFLD_GA_361530-6WID_CRK_FP_360068,502,0,119091540.15625,119762050.359375,0.5630208512252599,0.9442231075697212,0.055776892430278883,0.0,0.0,670510.203125,402235.99206044734,71844704.0969435
6S HAVEN CC_360594,6WID CRK FP_360068,469.7035582116471,230,553842080.5704821,6S_HAVEN_CC_360594-6WID_CRK_FP_360068,4645,0,1017525166.203125,1227953638.765625,20.680419467924295,0.1519913885898816,0.41227125941872983,0.2604951560818084,0.1752421959095802,210428472.5625,114536865.45185496,668378946.0223371
6CONCORD TN_361509,6WID CRK FP_360068,137.09925317304248,230,167863216.92208612,6CONCORD_TN_361509-6WID_CRK_FP_360068,1340,0,301964465.4375,301964465.4375,0.0,1.0,0.0,0.0,0.0,0.0,0.0,167863216.92208612
6CENTER PNT_360533,6WRINGOLD GA_361504,73.42118825818588,230,89299828.2406854,6CENTER_PNT_360533-6WRINGOLD_GA_361504,683,0,153225733.234375,153862016.4375,0.4152587099398808,0.9575402635431918,0.0424597364568082,0.0,0.0,636283.203125,370825.3147307996,89670653.5554162
6LOOPERS FRM_360602,6WRINGOLD GA_361504,65.63376618407356,230,79235436.08145753,6LOOPERS_FRM_360602-6WRINGOLD_GA_361504,606,0,135104593.6875,135740876.890625,0.47095600953195316,0.9521452145214522,0.04785478547854786,0.0,0.0,636283.203125,373164.0479044738,79608600.129362
6COUNTY LINE_360013,6WRINGOLD GA_361504,24.403435046880073,230,30745062.07572098,6COUNTY_LINE_360013-6WRINGOLD_GA_361504,227,0,52369912.875,52369912.875,0.0,1.0,0.0,0.0,0.0,0.0,0.0,30745062.07572098
6KENSNGTN GA_361503,6WRINGOLD GA_361504,69.39923373939973,230,85671506.97401667,6KENSNGTN_GA_361503-6WRINGOLD_GA_361504,705,0,160111109.328125,160111109.328125,0.0,1.0,0.0,0.0,0.0,0.0,0.0,85671506.97401667
6ALPHA GA_361502,6WRINGOLD GA_361504,46.12870775560087,230,55750650.97679189,6ALPHA_GA_361502-6WRINGOLD_GA_361504,422,0,94144759.125,94781042.328125,0.6758562123252876,0.9312796208530806,0.06872037914691943,0.0,0.0,636283.203125,376794.2380384366,56127445.214830324
6CLOUDLANDGA_361633,6WRINGOLD GA_361504,86.48598697621443,230,108001204.65547043,6CLOUDLANDGA_361633-6WRINGOLD_GA_361504,870,0,199323401.75,199323401.75,0.0,1.0,0.0,0.0,0.0,0.0,0.0,108001204.65547043
6ROCK SPG GA_361500,6WRINGOLD GA_361504,73.15209737228489,230,89510280.08249113,6ROCK_SPG_GA_361500-6WRINGOLD_GA_361504,738,0,166332664.96875,166332664.96875,0.0,1.0,0.0,0.0,0.0,0.0,0.0,89510280.08249113
6WID CRK FP_360068,6WRINGOLD GA_361504,115.38677267045745,230,140551015.79849434,6WID_CRK_FP_360068-6WRINGOLD_GA_361504,1141,0,256062931.171875,256062931.171875,0.0,1.0,0.0,0.0,0.0,0.0,0.0,140551015.79849434
6BATTLFLD GA_361530,6WRINGOLD GA_361504,124.64507786211541,230,158694274.64013398,6BATTLFLD_GA_361530-6WRINGOLD_GA_361504,1236,0,287363067.359375,290901803.015625,1.2314511007861961,0.9571197411003236,0.022653721682847898,0.0,0.020226537216828478,3538735.65625,1954242.391940599,160648517.03207457
6S HAVEN CC_360594,6WRINGOLD GA_361504,561.4216945532531,230,667600693.2616478,6S_HAVEN_CC_360594-6WRINGOLD_GA_361504,5609,0,1236427341.65625,1423266847.015625,15.111240188937835,0.3490818327687645,0.3537172401497593,0.16883579960777323,0.128365127473703,186839505.359375,100882744.26178174,768483437.5234295
6CONCORD TN_361509,6WRINGOLD GA_361504,27.20887660565291,230,34015709.24298006,6CONCORD_TN_361509-6WRINGOLD_GA_361504,259,0,59390007.5,59390007.5,0.0,1.0,0.0,0.0,0.0,0.0,0.0,34015709.24298006
6ALPHA GA_361502,6CENTER PNT_360533,28.174389591175114,230,34648408.31792179,6ALPHA_GA_361502-6CENTER_PNT_360533,266,0,60233829.015625,60233829.015625,0.0,1.0,0.0,0.0,0.0,0.0,0.0,34648408.31792179
6BATTLFLD GA_361530,6CENTER PNT_360533,146.84858433574487,230,190304938.48239684,6BATTLFLD_GA_361530-6CENTER_PNT_360533,1433,0,337979641.640625,341738859.015625,1.1122614831922784,0.9567341242149338,0.025819958129797628,0.0,0.017445917655268667,3759217.375,2116688.53135246,192421627.0137493
6CENTER PNT_360533,6KENSNGTN GA_361503,91.60274021302916,230,117282170.81627953,6CENTER_PNT_360533-6KENSNGTN_GA_361503,902,0,210727683.609375,210948165.328125,0.10462873931584848,0.9900221729490022,0.009977827050997782,0.0,0.0,220481.71875,122710.85676733324,117404881.67304686
6COUNTY LINE_360013,6KENSNGTN GA_361503,61.093194770078654,230,77703122.56703153,6COUNTY_LINE_360013-6KENSNGTN_GA_361503,592,0,137552303.828125,137552303.828125,0.0,1.0,0.0,0.0,0.0,0.0,0.0,77703122.56703153
6ALPHA GA_361502,6KENSNGTN GA_361503,110.03154539193271,230,134718649.8314203,6ALPHA_GA_361502-6KENSNGTN_GA_361503,1067,0,240767395.21875,241403678.421875,0.2642729936696453,0.9728209934395501,0.02717900656044986,0.0,0.0,636283.203125,356025.008940821,135074674.84036112
6CLOUDLANDGA_361633,6KENSNGTN GA_361503,28.192480502585013,230,36072236.57035432,6CLOUDLANDGA_361633-6KENSNGTN_GA_361503,272,0,63468857.734375,63468857.734375,0.0,1.0,0.0,0.0,0.0,0.0,0.0,36072236.57035432
6BATTLFLD GA_361530,6KENSNGTN GA_361503,66.35157138848602,230,86765306.55501786,6BATTLFLD_GA_361530-6KENSNGTN_GA_361503,638,0,151508523.34375,155047259.0,2.3356677090840217,0.9169278996865203,0.0438871473354232,0.0,0.03918495297805643,3538735.65625,2026549.247893314,88791855.80291118
6CONCORD TN_361509,6KENSNGTN GA_361503,91.11171424198474,230,112983708.09760846,6CONCORD_TN_361509-6KENSNGTN_GA_361503,904,0,206012643.59375,206012643.59375,0.0,1.0,0.0,0.0,0.0,0.0,0.0,112983708.09760846
6CENTER PNT_360533,6YOUNG GA_361454,85.98016228714145,230,109928928.7963007,6CENTER_PNT_360533-6YOUNG_GA_361454,830,0,193659674.625,193880156.34375,0.1138500925280006,0.9891566265060241,0.010843373493975903,0.0,0.0,220481.71875,125154.18714962824,110054082.98345032
6LOOPERS FRM_360602,6YOUNG GA_361454,92.73125968493525,230,118964346.17853892,6LOOPERS_FRM_360602-6YOUNG_GA_361454,893,0,208897449.546875,209117931.265625,0.10554543352647716,0.9899216125419933,0.010078387458006719,0.0,0.0,220481.71875,125561.43491607797,119089907.613455
6COUNTY LINE_360013,6YOUNG GA_361454,55.47061684419096,230,70349880.5470527,6COUNTY_LINE_360013-6YOUNG_GA_361454,520,0,120484294.84375,120484294.84375,0.0,1.0,0.0,0.0,0.0,0.0,0.0,70349880.5470527
6KENSNGTN GA_361503,6YOUNG GA_361454,8.921240251292508,230,10776981.49344478,6KENSNGTN_GA_361503-6YOUNG_GA_361454,79,0,17631458.671875,17631458.671875,0.0,1.0,0.0,0.0,0.0,0.0,0.0,10776981.49344478
6ALPHA GA_361502,6YOUNG GA_361454,104.408967466045,230,127365407.81144145,6ALPHA_GA_361502-6YOUNG_GA_361454,995,0,223699386.234375,224335669.4375,0.2844367227983202,0.9708542713567839,0.02914572864321608,0.0,0.0,636283.203125,362273.9919575798,127727681.80339903
6CLOUDLANDGA_361633,6YOUNG GA_361454,27.896896090313444,230,35939130.49763468,6CLOUDLANDGA_361633-6YOUNG_GA_361454,277,0,65021532.546875,65021532.546875,0.0,1.0,0.0,0.0,0.0,0.0,0.0,35939130.49763468
6ROCK SPG GA_361500,6YOUNG GA_361454,10.661025971044415,230,12728584.828059405,6ROCK_SPG_GA_361500-6YOUNG_GA_361454,112,0,24767861.015625,24767861.015625,0.0,1.0,0.0,0.0,0.0,0.0,0.0,12728584.828059405
6WID CRK FP_360068,6YOUNG GA_361454,61.04687009376013,230,77171201.65887958,6WID_CRK_FP_360068-6YOUNG_GA_361454,589,0,136500640.0,136500640.0,0.0,1.0,0.0,0.0,0.0,0.0,0.0,77171201.65887958
6WRINGOLD GA_361504,6YOUNG GA_361454,63.776655813512036,230,78318264.95403785,6WRINGOLD_GA_361504-6YOUNG_GA_361454,633,0,143043100.34375,143043100.34375,0.0,1.0,0.0,0.0,0.0,0.0,0.0,78318264.95403785
6BATTLFLD GA_361530,6YOUNG GA_361454,66.05598697621444,230,86632200.48229823,6BATTLFLD_GA_361530-6YOUNG_GA_361454,643,0,153061198.15625,156599933.8125,2.3119743598488895,0.9175738724727839,0.04354587869362364,0.0,0.038880248833592534,3538735.65625,2002914.262523621,88635114.74482185
6S HAVEN CC_360594,6YOUNG GA_361454,519.2712659927569,230,616887067.7062453,6S_HAVEN_CC_360594-6YOUNG_GA_361454,5168,0,1138499275.921875,1326550325.640625,16.517450093807028,0.28308823529411764,0.3943498452012384,0.18324303405572756,0.1393188854489164,188051049.71875,101894013.54352863,718781081.249774
6CONCORD TN_361509,6YOUNG GA_361454,85.48913631609705,230,105630466.07762961,6CONCORD_TN_361509-6YOUNG_GA_361454,832,0,188944634.609375,188944634.609375,0.0,1.0,0.0,0.0,0.0,0.0,0.0,105630466.07762961
6CENTER PNT_360533,6ROCK SPG GA_361500,95.3556038459143,230,121120943.92475398,6CENTER_PNT_360533-6ROCK_SPG_GA_361500,935,0,216949239.25,217169720.96875,0.10162825161876832,0.9903743315508021,0.009625668449197862,0.0,0.0,220481.71875,123093.09765487624,121244037.02240886
6LOOPERS FRM_360602,6ROCK SPG GA_361500,102.1067012437081,230,130156361.3069922,6LOOPERS_FRM_360602-6ROCK_SPG_GA_361500,998,0,232187014.171875,232407495.890625,0.09495867782975953,0.9909819639278558,0.009018036072144289,0.0,0.0,220481.71875,123594.7598084445,130279956.06680065
6COUNTY LINE_360013,6ROCK SPG GA_361500,64.8460584029638,230,81541895.675506,6COUNTY_LINE_360013-6ROCK_SPG_GA_361500,625,0,143773859.46875,143773859.46875,0.0,1.0,0.0,0.0,0.0,0.0,0.0,81541895.675506
6KENSNGTN GA_361503,6ROCK SPG GA_361500,6.114701294725885,230,7720996.85919515,6KENSNGTN_GA_361503-6ROCK_SPG_GA_361500,59,0,13618753.21875,13618753.21875,0.0,1.0,0.0,0.0,0.0,0.0,0.0,7720996.85919515
6ALPHA GA_361502,6ROCK SPG GA_361500,113.78440902481783,230,138557422.93989474,6ALPHA_GA_361502-6ROCK_SPG_GA_361500,1100,0,246988950.859375,247625234.0625,0.257616059710819,0.9736363636363636,0.026363636363636363,0.0,0.0,636283.203125,356946.1734146113,138914369.11330935
6CLOUDLANDGA_361633,6ROCK SPG GA_361500,32.23078569424301,230,40481017.54117789,6CLOUDLANDGA_361633-6ROCK_SPG_GA_361500,309,0,71077073.0,71077073.0,0.0,1.0,0.0,0.0,0.0,0.0,0.0,40481017.54117789
6BATTLFLD GA_361530,6ROCK SPG GA_361500,70.389876580144,230,91174087.52584143,6BATTLFLD_GA_361530-6ROCK_SPG_GA_361500,675,0,159116738.609375,162655474.265625,2.2239870469803025,0.9214814814814815,0.04148148148148148,0.0,0.037037037037037035,3538735.65625,2027699.896777197,93201787.42261863
6CONCORD TN_361509,6ROCK SPG GA_361500,94.8645778748699,230,116822481.20608291,6CONCORD_TN_361509-6ROCK_SPG_GA_361500,937,0,212234199.234375,212234199.234375,0.0,1.0,0.0,0.0,0.0,0.0,0.0,116822481.20608291
6CENTER PNT_360533,6CLOUDLANDGA_361633,108.6894934498439,230,139611868.49773327,6CENTER_PNT_360533-6CLOUDLANDGA_361633,1067,0,249939976.03125,250160457.75,0.08821386728565805,0.9915651358950328,0.008434864104967198,0.0,0.0,220481.71875,123157.02839161787,139735025.5261249
6ALPHA GA_361502,6CLOUDLANDGA_361633,127.11829862874741,230,157048347.51287404,6ALPHA_GA_361502-6CLOUDLANDGA_361633,1232,0,279979687.640625,280615970.84375,0.22726048753283212,0.976461038961039,0.02353896103896104,0.0,0.0,636283.203125,356908.8402200139,157405256.35309404
6BATTLFLD GA_361530,6CLOUDLANDGA_361633,40.04644153326394,230,53391034.48107455,6BATTLFLD_GA_361530-6CLOUDLANDGA_361633,383,0,92410635.515625,93081145.71875,0.7255768769295345,0.9268929503916449,0.0731070496083551,0.0,0.0,670510.203125,387393.0005481517,53778427.4816227
6CENTER PNT_360533,6CONCORD TN_361509,80.37677267045744,230,98680129.76076284,6CENTER_PNT_360533-6CONCORD_TN_361509,752,0,170026432.625,170662715.828125,0.3742260502097139,0.961436170212766,0.03856382978723404,0.0,0.0,636283.203125,369286.7519455232,99049416.51270837
6ALPHA GA_361502,6CONCORD TN_361509,53.084292167872434,230,65130952.496869326,6ALPHA_GA_361502-6CONCORD_TN_361509,491,0,110945458.515625,111581741.71875,0.57350991346381,0.9409368635437881,0.059063136456211814,0.0,0.0,636283.203125,373532.4693029504,65504484.96617228
6CLOUDLANDGA_361633,6CONCORD TN_361509,108.19846747879946,230,135313405.7790622,6CLOUDLANDGA_361633-6CONCORD_TN_361509,1069,0,245224936.015625,245224936.015625,0.0,1.0,0.0,0.0,0.0,0.0,0.0,135313405.7790622
6BATTLFLD GA_361530,6CONCORD TN_361509,146.35755836470048,230,186006475.76372576,6BATTLFLD_GA_361530-6CONCORD_TN_361509,1435,0,333264601.625,336803337.28125,1.0618396430329247,0.9630662020905923,0.01951219512195122,0.0,0.017421602787456445,3538735.65625,1975090.498267669,187981566.26199344
6CENTER PNT_360533,6LOOPERS FRM_360602,9.103889603929563,230,12361159.351459209,6CENTER_PNT_360533-6LOOPERS_FRM_360602,86,0,21018041.625,21018041.625,0.0,1.0,0.0,0.0,0.0,0.0,0.0,12361159.351459209
6COUNTY LINE_360013,6LOOPERS FRM_360602,82.29875318579691,230,100325250.97961704,6COUNTY_LINE_360013-6LOOPERS_FRM_360602,763,0,171418456.984375,172054740.1875,0.371187102205095,0.9619921363040629,0.03800786369593709,0.0,0.0,636283.203125,372394.39189122914,100697645.37150827
6KENSNGTN GA_361503,6LOOPERS FRM_360602,98.35383761082292,230,126317588.19851774,6KENSNGTN_GA_361503-6LOOPERS_FRM_360602,965,0,225965458.53125,226185940.25,0.09757319555967481,0.9906735751295337,0.00932642487046632,0.0,0.0,220481.71875,123252.10735920443,126440840.30587694
6ALPHA GA_361502,6LOOPERS FRM_360602,20.386967517062807,230,24584016.158693902,6ALPHA_GA_361502-6LOOPERS_FRM_360602,189,0,42112689.46875,42112689.46875,0.0,1.0,0.0,0.0,0.0,0.0,0.0,24584016.158693902
6CLOUDLANDGA_361633,6LOOPERS FRM_360602,115.44059084763765,230,148647285.8799715,6CLOUDLANDGA_361633-6LOOPERS_FRM_360602,1130,0,265177750.953125,265398232.671875,0.08314487846643459,0.9920353982300885,0.007964601769911504,0.0,0.0,220481.71875,123592.60518855588,148770878.48516005
6BATTLFLD GA_361530,6LOOPERS FRM_360602,153.59968173353866,230,199340355.86463505,6BATTLFLD_GA_361530-6LOOPERS_FRM_360602,1496,0,353217416.5625,356976633.9375,1.0642785997317494,0.9585561497326203,0.024732620320855617,0.0,0.016711229946524065,3759217.375,2121536.748096424,201461892.6127315
6CONCORD TN_361509,6LOOPERS FRM_360602,72.58935059634514,230,88615737.60153496,6CONCORD_TN_361509-6LOOPERS_FRM_360602,675,0,151905293.078125,152541576.28125,0.41886835556004254,0.957037037037037,0.04296296296296296,0.0,0.0,636283.203125,371183.2828589518,88986920.88439392
6ALPHA GA_361502,6BATTLFLD GA_361530,146.51216223612363,230,200865249.65331694,6ALPHA_GA_361502-6BATTLFLD_GA_361530,1375,0,340248836.53125,340628705.765625,0.11164453587781953,0.9883636363636363,0.011636363636363636,0.0,0.0,379869.234375,224255.0757152692,201089504.72903222
6CENTER PNT_360533,6S HAVEN CC_360594,578.0851296001331,230,688095777.2618825,6CENTER_PNT_360533-6S_HAVEN_CC_360594,5749,0,1268396135.53125,1456768856.359375,14.851253133882159,0.35327883110106106,0.356757696990781,0.1647242998782397,0.12523917202991824,188372720.828125,102190845.68471614,790286622.9465986
6LOOPERS FRM_360602,6S HAVEN CC_360594,584.8362269979268,230,697131194.6441207,6LOOPERS_FRM_360602-6S_HAVEN_CC_360594,5812,0,1283633910.453125,1472006631.28125,14.674956722016574,0.36028905712319337,0.3528905712319339,0.16293874741913283,0.12388162422573985,188372720.828125,102303701.10970184,799434895.7538226
6COUNTY LINE_360013,6S HAVEN CC_360594,553.1156555839319,230,659632308.8546627,6COUNTY_LINE_360013-6S_HAVEN_CC_360594,5496,0,1213868536.15625,1400708041.515625,15.39207087045915,0.3356986899563319,0.3609898107714702,0.1723071324599709,0.13100436681222707,186839505.359375,101531072.46335568,761163381.3180183
6KENSNGTN GA_361503,6S HAVEN CC_360594,519.6195711844148,230,617148612.1762794,6KENSNGTN_GA_361503-6S_HAVEN_CC_360594,5164,0,1137241832.546875,1325292882.265625,16.53571336692796,0.28253292021688614,0.3946553059643687,0.18338497288923314,0.139426800929512,188051049.71875,102049925.55744344,719198537.7337229
6ALPHA GA_361502,6S HAVEN CC_360594,603.9067269851723,230,719437829.9263601,6ALPHA_GA_361502-6S_HAVEN_CC_360594,5992,0,1322866923.375,1511239644.203125,14.239733226342533,0.3795060080106809,0.3422897196261682,0.15804405874499333,0.12016021361815754,188372720.828125,102446027.71090159,821883857.6372617
6CLOUDLANDGA_361633,6S HAVEN CC_360594,499.69274652085073,230,592088864.3455495,6CLOUDLANDGA_361633-6S_HAVEN_CC_360594,4972,0,1093048722.984375,1279888228.34375,17.09342881342406,0.26568785197103784,0.3990345937248592,0.1904666130329847,0.14481094127111827,186839505.359375,101208288.53911746,693297152.8846669
6ROCK SPG GA_361500,6S HAVEN CC_360594,523.5087594936184,230,621530613.576247,6ROCK_SPG_GA_361500-6S_HAVEN_CC_360594,5201,0,1145081658.015625,1333132707.734375,16.42250126027116,0.2876369928859835,0.39184772159200154,0.18208036915977696,0.13843491636223804,188051049.71875,102070872.84753025,723601486.4237772
6BATTLFLD GA_361530,6S HAVEN CC_360594,511.78518159323966,230,610595521.7539045,6BATTLFLD_GA_361530-6S_HAVEN_CC_360594,5125,0,1133921566.96875,1345856176.0625,18.690411688729334,0.22302439024390244,0.38009756097560976,0.23804878048780487,0.15882926829268293,211934609.09375,114122816.76874962,724718338.522654
6CONCORD TN_361509,6S HAVEN CC_360594,583.1341750558381,230,694912894.3852396,6CONCORD_TN_361509-6S_HAVEN_CC_360594,5808,0,1282328875.921875,1469168381.28125,14.570326604012163,0.37138429752066116,0.3415977961432507,0.1630509641873278,0.12396694214876033,186839505.359375,101251078.3253235,796163972.7105631
6CENTER PNT_360533,7SHAWNEE FP_360002,570.4199086294299,345,1095355640.9955368,6CENTER_PNT_360533-7SHAWNEE_FP_360002,5185,0,1136016232.359375,1286182559.40625,13.21867793517324,0.5340405014464802,0.2081002892960463,0.07155255544840887,0.1863066538090646,150166327.046875,144791534.4279524,1240147175.423489
6LOOPERS FRM_360602,7SHAWNEE FP_360002,577.1710060272238,345,1109817437.8273346,6LOOPERS_FRM_360602-7SHAWNEE_FP_360002,5248,0,1151254007.28125,1301420334.328125,13.043718075865907,0.5396341463414634,0.20560213414634146,0.07069359756097561,0.18407012195121952,150166327.046875,144761457.74699593,1254578895.5743306
6COUNTY LINE_360013,7SHAWNEE FP_360002,541.1606748900301,345,1039274338.9466575,6COUNTY_LINE_360013-7SHAWNEE_FP_360002,4927,0,1079180518.1875,1227813629.765625,13.772775645334722,0.5232392936878425,0.20539882281307084,0.07529937081388269,0.19606251268520397,148633111.578125,143136923.0426587,1182411261.9893162
6YOUNG GA_361454,7SHAWNEE FP_360002,499.4779606735543,345,962768444.9978719,6YOUNG_GA_361454-7SHAWNEE_FP_360002,4637,0,1020847279.640625,1172285254.421875,14.8345377218972,0.5046366185033426,0.1956006038386888,0.08604701315505715,0.21371576450291135,151437974.78125,142822248.1477324,1105590693.1456044
6KENSNGTN GA_361503,7SHAWNEE FP_360002,499.7735450858259,345,963034138.1814778,6KENSNGTN_GA_361503-7SHAWNEE_FP_360002,4632,0,1019294604.828125,1170732579.609375,14.857134930757887,0.5041018998272885,0.19581174438687393,0.086139896373057,0.21394645941278065,151437974.78125,143079281.33888352,1106113419.5203614
6ALPHA GA_361502,7SHAWNEE FP_360002,558.1022139741413,345,1075351697.3693104,6ALPHA_GA_361502-7SHAWNEE_FP_360002,5423,0,1192458403.484375,1348166904.5,13.057772125270217,0.5130001843997787,0.24045731145122626,0.06841231790521851,0.1781301862437765,155708501.015625,140416974.18770996,1215768671.5570204
6CLOUDLANDGA_361633,7SHAWNEE FP_360002,473.4684152306039,345,909249010.6263747,6CLOUDLANDGA_361633-7SHAWNEE_FP_360002,4377,0,960196717.0,1108766466.328125,15.4728449595527,0.4809230066255426,0.20721955677404616,0.09115832762165867,0.22069910897875258,148569749.328125,140686689.71048582,1049935700.3368605
6ROCK SPG GA_361500,7SHAWNEE FP_360002,503.81185027748387,345,970290443.0728117,6ROCK_SPG_GA_361500-7SHAWNEE_FP_360002,4669,0,1026902820.09375,1178340794.875,14.747059976661149,0.5080316984364961,0.1942600128507175,0.08545727136431784,0.21225101734846863,151437974.78125,143089313.58775875,1113379756.6605704
6WID CRK FP_360068,7SHAWNEE FP_360002,439.8882723771051,345,839437296.3808048,6WID_CRK_FP_360068-7SHAWNEE_FP_360002,4013,0,874366290.78125,1021364590.40625,16.811981565947185,0.44156491402940445,0.2225267879391976,0.09519063045103414,0.2407176675803638,146998299.625,141126043.52522635,980563339.9060311
6WRINGOLD GA_361504,7SHAWNEE FP_360002,549.3921554181242,345,1052652531.4848341,6WRINGOLD_GA_361504-7SHAWNEE_FP_360002,5040,0,1101889837.140625,1250522948.71875,13.488926621178754,0.5339285714285714,0.2007936507936508,0.07361111111111111,0.19166666666666668,148633111.578125,141991527.54796985,1194644059.032804
6BATTLFLD GA_361530,7SHAWNEE FP_360002,482.17173342053843,345,930329705.998009,6BATTLFLD_GA_361530-7SHAWNEE_FP_360002,4494,0,990721965.734375,1139650611.859375,15.032335132955922,0.49109924343569206,0.20516243880729862,0.08878504672897196,0.21495327102803738,148928646.125,139850279.24706423,1070179985.2450732
6S HAVEN CC_360594,7SHAWNEE FP_360002,324.40453875249545,345,610537336.9028168,6S_HAVEN_CC_360594-7SHAWNEE_FP_360002,3084,0,662876006.90625,973382996.84375,46.84239385683706,0.0,0.0,0.1543450064850843,0.8456549935149157,310506989.9375,285990303.99506164,896527640.8978784
6CONCORD TN_361509,7SHAWNEE FP_360002,563.7322854008908,345,1087110966.459806,6CONCORD_TN_361509-7SHAWNEE_FP_360002,5481,0,1206138536.78125,1362197311.890625,12.938710633178152,0.515234446268929,0.240831964969896,0.06768837803320563,0.17624521072796934,156058775.109375,140658142.21178067,1227769108.6715865
8CHOCTAW MS_360654,8DAVIDSON TN_360048,418.79629186176567,500,1015865242.668355,8CHOCTAW_MS_360654-8DAVIDSON_TN_360048,3789,0,827508421.375,970658376.328125,17.298912162762647,0.0,0.6347321192926894,0.36526788070731064,0.0,143149954.953125,175733636.02123436,1191598878.6895893
8ACKERMAN CC_360627,8DAVIDSON TN_360048,399.9918568403945,500,966709897.1056943,8ACKERMAN_CC_360627-8DAVIDSON_TN_360048,3689,0,802637887.6875,906927769.609375,12.993391356387018,0.11927351585795609,0.7300081322851721,0.09297912713472485,0.057739224722146924,104289881.921875,125608400.21186912,1092318297.3175635
8CLAY_360688,8DAVIDSON TN_360048,362.25699325852713,500,873356187.442822,8CLAY_360688-8DAVIDSON_TN_360048,3406,0,739751770.265625,827266934.625,11.830341998093585,0.12918379330593072,0.7472108044627128,0.09307105108631826,0.030534351145038167,87515164.359375,103321023.8359971,976677211.2788191
8COGEN CALED_360606,8DAVIDSON TN_360048,324.43633098414017,500,781511930.8814071,8COGEN_CALED_360606-8DAVIDSON_TN_360048,3144,0,682154034.125,748176587.609375,9.6785403562206,0.13994910941475827,0.8059796437659033,0.05407124681933842,0.0,66022553.484375,75638947.61903583,857150878.500443
6CENTER PNT_360533,8DAVIDSON TN_360048,331.10703868872315,500,833371735.2335594,6CENTER_PNT_360533-8DAVIDSON_TN_360048,2999,0,679824775.578125,698833545.96875,2.796127924943592,0.737245748582861,0.25841947315771924,0.004334778259419807,0.0,19008770.390625,23302139.80745253,856673875.0410119
8BR FERRY NP_360052,8DAVIDSON TN_360048,169.21956487659324,500,415033001.81862473,8BR_FERRY_NP_360052-8DAVIDSON_TN_360048,1735,0,383115477.5625,406321629.171875,6.057221116990563,0.4755043227665706,0.4853025936599424,0.03919308357348703,0.0,23206151.609375,25139466.628637567,440172468.4472623
6LOOPERS FRM_360602,8DAVIDSON TN_360048,322.47907776007986,500,806157974.243211,6LOOPERS_FRM_360602-8DAVIDSON_TN_360048,3179,0,714847021.828125,730639475.8125,2.209207495050891,0.7870399496697075,0.21296005033029256,0.0,0.0,15792453.984375,17809702.38893145,823967676.6321424
6COUNTY LINE_360013,8DAVIDSON TN_360048,300.8860387142321,500,760646029.3622322,6COUNTY_LINE_360013-8DAVIDSON_TN_360048,2727,0,620753925.625,638906584.625,2.924292259887551,0.724972497249725,0.2702603593692703,0.004767143381004767,0.0,18152659.0,22243512.961781744,782889542.324014
6YOUNG GA_361454,8DAVIDSON TN_360048,258.45993488107223,500,657052837.8623157,6YOUNG_GA_361454-8DAVIDSON_TN_360048,2413,0,552704357.4375,571299786.625,3.3644441078253706,0.7111479486116867,0.2784915043514298,0.0,0.010360547036883548,18595429.1875,22106175.488758065,679159013.3510737
6KENSNGTN GA_361503,8DAVIDSON TN_360048,258.7555192933438,500,657427068.1035221,6KENSNGTN_GA_361503-8DAVIDSON_TN_360048,2408,0,551151682.625,569747111.8125,3.3739222384180145,0.7105481727574751,0.27906976744186046,0.0,0.010382059800664452,18595429.1875,22181078.052124277,679608146.1556463
6ALPHA GA_361502,8DAVIDSON TN_360048,302.97401933160717,500,757941061.2837288,6ALPHA_GA_361502-8DAVIDSON_TN_360048,2995,0,673887187.265625,689679641.25,2.3434863108845683,0.7739565943238731,0.22604340567612688,0.0,0.0,15792453.984375,17762245.0157574,775703306.2994863
6CLOUDLANDGA_361633,8DAVIDSON TN_360048,232.45038943812176,500,589677101.6287861,6CLOUDLANDGA_361633-8DAVIDSON_TN_360048,2153,0,492053794.796875,507780998.53125,3.196236651496065,0.6878773803994427,0.31212261960055737,0.0,0.0,15727203.734375,18847475.64773896,608524577.276525
6ROCK SPG GA_361500,8DAVIDSON TN_360048,262.7938244850018,500,666684271.3405297,6ROCK_SPG_GA_361500-8DAVIDSON_TN_360048,2445,0,558759897.890625,577355327.078125,3.3279820648725256,0.7149284253578733,0.2748466257668712,0.0,0.010224948875255624,18595429.1875,22187132.979538914,688871404.3200686
6WID CRK FP_360068,8DAVIDSON TN_360048,198.76480502585017,500,502197190.16748047,6WID_CRK_FP_360068-8DAVIDSON_TN_360048,1787,0,406821777.59375,424974436.59375,4.462066683688493,0.5803021824286514,0.4124230554001119,0.007274762171236709,0.0,18152659.0,22408373.50888289,524605563.67636335
6WRINGOLD GA_361504,8DAVIDSON TN_360048,301.52122712547134,500,753898944.1609515,6WRINGOLD_GA_361504-8DAVIDSON_TN_360048,2983,0,670785583.078125,686928311.15625,2.4065407017319407,0.7676835400603419,0.23231645993965805,0.0,0.0,16142728.078125,18142884.941160653,772041829.1021122
6BATTLFLD GA_361530,8DAVIDSON TN_360048,236.48714267493645,500,600823711.2178811,6BATTLFLD_GA_361530-8DAVIDSON_TN_360048,2173,0,496378532.84375,512550856.0625,3.258062576981091,0.6810860561435803,0.3189139438564197,0.0,0.0,16172323.21875,19575212.488818727,620398923.7066998
6S HAVEN CC_360594,8DAVIDSON TN_360048,350.14245425094276,500,860320514.7134149,6S_HAVEN_CC_360594-8DAVIDSON_TN_360048,3155,0,699285929.203125,899180473.65625,28.585523618488338,0.0,0.3172741679873217,0.44247226624405706,0.24025356576862122,199894544.453125,245927123.92810363,1106247638.6415186
6CONCORD TN_361509,8DAVIDSON TN_360048,308.47681153774295,500,772702142.8665819,6CONCORD_TN_361509-8DAVIDSON_TN_360048,3052,0,687586282.46875,703729010.546875,2.347738529652621,0.7729357798165137,0.22706422018348624,0.0,0.0,16142728.078125,18141025.927530184,790843168.7941121
8BRADLEY TN_360662,8DAVIDSON TN_360048,271.4402985777296,500,679597254.8328873,8BRADLEY_TN_360662-8DAVIDSON_TN_360048,2708,0,609650113.765625,625442567.75,2.5904127019397594,0.75,0.25,0.0,0.0,15792453.984375,17604373.611225028,697201628.4441123
8BENTON MS_360612,8DAVIDSON TN_360048,295.7739413419472,500,721541769.9293933,8BENTON_MS_360612-8DAVIDSON_TN_360048,2746,0,603030840.6875,762586142.71875,26.45889584176906,0.0,0.3510560815731974,0.471959213401311,0.17698470502549163,159555302.03125,190911985.36047512,912453755.2898684
8ANDERSON TN_360120,8DAVIDSON TN_360048,291.5186232030303,500,736341736.1856409,8ANDERSON_TN_360120-8DAVIDSON_TN_360048,2806,0,637680464.21875,653472918.203125,2.476546620214104,0.7587312900926586,0.24126870990734142,0.0,0.0,15792453.984375,18235846.380731344,754577582.5663723
8BULL RUN FP_360093,8DAVIDSON TN_360048,381.7289737738666,500,959004175.5537817,8BULL_RUN_FP_360093-8DAVIDSON_TN_360048,3612,0,816874734.875,833208740.796875,1.9995729117971095,0.8056478405315615,0.19435215946843853,0.0,0.0,16334005.921875,19175987.71737662,978180163.2711583
8CUMBERLAND_360040,8DAVIDSON TN_360048,80.31016228714145,500,197719416.35048756,8CUMBERLAND_360040-8DAVIDSON_TN_360048,767,0,170037015.78125,195309938.078125,14.863188571474485,0.0,0.7535853976531942,0.24641460234680573,0.0,25272922.296875,29387409.694591723,227106826.0450793
7SHAWNEE FP_360002,8DAVIDSON TN_360048,277.73647383763887,500,671210840.7063993,7SHAWNEE_FP_360002-8DAVIDSON_TN_360048,2616,0,569745792.15625,723991476.390625,27.072720212749534,0.1437308868501529,0.28134556574923547,0.20565749235474007,0.36926605504587157,154245684.234375,181715032.94208744,852925873.6484867
8ACKERMAN CC_360627,8BR FERRY NP_360052,279.99498674663437,500,682223902.7658104,8ACKERMAN_CC_360627-8BR_FERRY_NP_360052,2446,0,536690282.015625,622577285.546875,16.003085282015505,0.025756336876533115,0.7465249386753884,0.14063777596075225,0.08708094848732624,85887003.53125,109176872.97390717,791400775.7397175
6CENTER PNT_360533,8BR FERRY NP_360052,272.5184803495316,500,680961955.0832074,6CENTER_PNT_360533-8BR_FERRY_NP_360052,2604,0,585562635.75,593384878.484375,1.335850728309551,0.8663594470046083,0.1336405529953917,0.0,0.0,7822242.734375,9096635.236489983,690058590.3196974
6LOOPERS FRM_360602,8BR FERRY NP_360052,279.26957774732534,500,699101778.5369401,6LOOPERS_FRM_360602-8BR_FERRY_NP_360052,2667,0,600800410.671875,608622653.40625,1.3019702708970238,0.8695163104611924,0.13048368953880765,0.0,0.0,7822242.734375,9102097.31986331,708203875.8568034
6COUNTY LINE_360013,8BR FERRY NP_360052,245.76335049430955,500,617119648.4527452,6COUNTY_LINE_360013-8BR_FERRY_NP_360052,2344,0,529120254.828125,535409282.09375,1.1885818409404614,0.8801194539249146,0.11988054607508532,0.0,0.0,6289027.265625,7334972.078384941,624454620.5311302
6YOUNG GA_361454,8BR FERRY NP_360052,211.86624012374799,500,530240910.73846656,6YOUNG_GA_361454-8BR_FERRY_NP_360052,2015,0,453605674.046875,461133852.421875,1.659630557051206,0.8332506203473945,0.16674937965260547,0.0,0.0,7528178.375,8800040.1806022,539040950.9190688
6KENSNGTN GA_361503,8BR FERRY NP_360052,212.0654284329517,500,530769591.76954836,6KENSNGTN_GA_361503-8BR_FERRY_NP_360052,2011,0,452626121.8125,460154300.1875,1.6632222517017237,0.8329189457981104,0.1670810542018896,0.0,0.0,7528178.375,8827877.955577528,539597469.7251259
6ALPHA GA_361502,8BR FERRY NP_360052,298.34007773457097,500,745196572.2623761,6ALPHA_GA_361502-8BR_FERRY_NP_360052,2847,0,640033423.59375,647855666.328125,1.2221616006322877,0.8777660695468915,0.12223393045310854,0.0,0.0,7822242.734375,9107506.355418798,754304078.6177949
6CLOUDLANDGA_361633,8BR FERRY NP_360052,185.96834405894347,500,464174271.8617565,6CLOUDLANDGA_361633-8BR_FERRY_NP_360052,1825,0,410233196.390625,415563546.921875,1.2993464639498464,0.8684931506849315,0.13150684931506848,0.0,0.0,5330350.53125,6031231.98800068,470205503.8497572
6ROCK SPG GA_361500,8BR FERRY NP_360052,216.1037336246097,500,539982407.9764328,6ROCK_SPG_GA_361500-8BR_FERRY_NP_360052,2048,0,460188056.140625,467716234.515625,1.6358917348127555,0.8359375,0.1640625,0.0,0.0,7528178.375,8833527.581529357,548815935.5579622
6WID CRK FP_360068,8BR FERRY NP_360052,160.67349991071885,500,400843599.66358525,6WID_CRK_FP_360068-8BR_FERRY_NP_360052,1563,0,351324084.15625,356654434.6875,1.5172175127280418,0.8464491362763915,0.15355086372360843,0.0,0.0,5330350.53125,6081669.292745397,406925268.95633066
6WRINGOLD GA_361504,8BR FERRY NP_360052,253.99483102240345,500,634374558.5039443,6WRINGOLD_GA_361504-8BR_FERRY_NP_360052,2457,0,551829573.78125,558118601.046875,1.1396683984389089,0.8856328856328857,0.11436711436711437,0.0,0.0,6289027.265625,7229766.371005801,641604324.87495
6BATTLFLD GA_361530,8BR FERRY NP_360052,203.20905832643714,500,518633298.6355768,6BATTLFLD_GA_361530-8BR_FERRY_NP_360052,1971,0,453103666.5625,460748735.234375,1.6872670066598205,0.8280060882800608,0.1719939117199391,0.0,0.0,7645068.671875,8750728.533429585,527384027.16900635
6S HAVEN CC_360594,8BR FERRY NP_360052,320.82645440399614,500,782372833.9810385,6S_HAVEN_CC_360594-8BR_FERRY_NP_360052,3212,0,705554888.15625,898080857.984375,27.28717114145891,0.019613947696139476,0.37141967621419675,0.3549190535491905,0.25404732254047324,192525969.828125,213487414.17268813,995860248.1537266
6CONCORD TN_361509,8BR FERRY NP_360052,275.78186996621565,500,689945607.6100473,6CONCORD_TN_361509-8BR_FERRY_NP_360052,2656,0,597580594.59375,603869621.859375,1.052414908134769,0.8942018072289156,0.10579819277108433,0.0,0.0,6289027.265625,7261090.432509153,697206698.0425565
8BENTON MS_360612,8BR FERRY NP_360052,281.0473635180951,500,681505956.3236476,8BENTON_MS_360612-8BR_FERRY_NP_360052,2828,0,617278735.75,757004179.28125,22.63571308049064,0.022277227722772276,0.5240452616690241,0.268033946251768,0.18564356435643564,139725443.53125,154263732.89987472,835769689.2235223
8ANDERSON TN_360120,8BR FERRY NP_360052,322.53035687865787,500,793303512.7463707,8ANDERSON_TN_360120-8BR_FERRY_NP_360052,2924,0,646961892.9375,660318217.6875,2.06446854069815,0.7920656634746922,0.20690834473324213,0.0010259917920656635,0.0,13356324.75,16377501.452902162,809681014.1992729
7SHAWNEE FP_360002,8BR FERRY NP_360052,354.6320451240893,500,848091553.6458982,7SHAWNEE_FP_360002-8BR_FERRY_NP_360052,3115,0,670447795.15625,855222331.90625,27.55986940145545,0.02247191011235955,0.39614767255216693,0.2664526484751204,0.3149277688603531,184774536.75,233732924.58958405,1081824478.2354822
8CHOCTAW MS_360654,8CUMBERLAND_360040,422.223220511543,500,1014271767.6210799,8CHOCTAW_MS_360654-8CUMBERLAND_360040,4023,0,870391117.484375,1082631642.96875,24.3845003953852,0.010937111608252548,0.35595326870494653,0.5438727317921949,0.08923688789460602,212240525.484375,247325103.18584266,1261596870.8069227
8ACKERMAN CC_360627,8CUMBERLAND_360040,402.8809802857594,500,969901437.4944185,8ACKERMAN_CC_360627-8CUMBERLAND_360040,3893,0,843627255.0625,1007669071.703125,19.444821828151106,0.011302337528898022,0.5152838427947598,0.4690470074492679,0.004366812227074236,164041816.640625,188595606.42946607,1158497043.9238846
8CLAY_360688,8CUMBERLAND_360040,374.3841361885525,500,901460429.5376737,8CLAY_360688-8CUMBERLAND_360040,3723,0,807082990.171875,974346292.984375,20.72442423509382,0.0118184260005372,0.5057749127048079,0.421702927746441,0.060703733548213804,167263302.8125,186822483.7288865,1088282913.26656
8COGEN CALED_360606,8CUMBERLAND_360040,339.7838310479124,500,819264877.9633045,8COGEN_CALED_360606-8CUMBERLAND_360040,3474,0,754672591.765625,853331871.765625,13.073123507662787,0.0,0.8468624064478987,0.15313759355210133,0.0,98659280.0,107103509.35104561,926368387.3143501
6CENTER PNT_360533,8CUMBERLAND_360040,400.9357204477708,500,995527319.7431612,6CENTER_PNT_360533-8CUMBERLAND_360040,3627,0,811126812.296875,849221430.5,4.696505851563715,0.669699476151089,0.26054590570719605,0.06975461814171492,0.0,38094618.203125,46754998.82565298,1042282318.5688142
8BR FERRY NP_360052,8CUMBERLAND_360040,213.72316221061476,500,517459439.35818696,8BR_FERRY_NP_360052-8CUMBERLAND_360040,2058,0,448735107.609375,496898537.09375,10.733153851269739,0.35179786200194363,0.4363459669582119,0.2118561710398445,0.0,48163429.484375,55539717.74423204,572999157.102419
6LOOPERS FRM_360602,8CUMBERLAND_360040,393.10386991519783,500,977800643.6223795,6LOOPERS_FRM_360602-8CUMBERLAND_360040,3832,0,857844095.75,896789502.265625,4.539916601229921,0.6529227557411273,0.29410229645093944,0.052974947807933194,0.0,38945406.515625,44391333.74674542,1022191977.369125
6COUNTY LINE_360013,8CUMBERLAND_360040,371.69832437021176,500,924452008.8005961,6COUNTY_LINE_360013-8CUMBERLAND_360040,3368,0,754016545.78125,790577948.515625,4.84888600110136,0.6641923990498813,0.26068883610451304,0.0751187648456057,0.0,36561402.734375,44825624.04163242,969277632.8422285
6YOUNG GA_361454,8CUMBERLAND_360040,327.82317508134696,500,821345313.9740916,6YOUNG_GA_361454-8CUMBERLAND_360040,3035,0,686045735.765625,728207834.890625,6.145668856602859,0.5996705107084019,0.299505766062603,0.09258649093904447,0.008237232289950576,42162099.125,50477163.16607272,871822477.1401644
6KENSNGTN GA_361503,8CUMBERLAND_360040,328.1187594936185,500,821719544.2152979,6KENSNGTN_GA_361503-8CUMBERLAND_360040,3030,0,684493060.953125,726655160.078125,6.159609429245516,0.599009900990099,0.3,0.09273927392739274,0.00825082508250825,42162099.125,50614714.527438775,872334258.7427367
6ALPHA GA_361502,8CUMBERLAND_360040,373.5988114867252,500,929583730.6628973,6ALPHA_GA_361502-8CUMBERLAND_360040,3648,0,816884261.1875,855829667.703125,4.767555009446545,0.6354166666666666,0.30893640350877194,0.0556469298245614,0.0,38945406.515625,44318415.71821904,973902146.3811164
6CLOUDLANDGA_361633,8CUMBERLAND_360040,301.81362963839643,500,753969577.7405622,6CLOUDLANDGA_361633-8CUMBERLAND_360040,2775,0,625395173.125,664689046.796875,6.283047161290001,0.5711711711711712,0.32756756756756755,0.10126126126126127,0.0,39293873.671875,47372264.15121859,801341841.8917809
6ROCK SPG GA_361500,8CUMBERLAND_360040,332.1570646852765,500,830976747.4523056,6ROCK_SPG_GA_361500-8CUMBERLAND_360040,3067,0,692101276.21875,734263375.34375,6.091897323950901,0.6038474078904467,0.296380828170851,0.09162047603521356,0.008151287903488751,42162099.125,50622250.240701236,881598997.6930068
6WID CRK FP_360068,8CUMBERLAND_360040,268.2862075642841,500,666174178.2495325,6WID_CRK_FP_360068-8CUMBERLAND_360040,2412,0,539709184.328125,577431608.296875,6.989398191492713,0.5194859038142621,0.37106135986733,0.10945273631840796,0.0,37722423.96875,46561565.96676426,712735744.2162967
6WRINGOLD GA_361504,8CUMBERLAND_360040,372.1460192805894,500,925541613.5401199,6WRINGOLD_GA_361504-8CUMBERLAND_360040,3636,0,813782657.0,853078337.609375,4.828768501191472,0.6298129812981298,0.31435643564356436,0.05583058305830583,0.0,39295680.609375,44692261.90004461,970233875.4401644
6BATTLFLD GA_361530,8CUMBERLAND_360040,307.1119348300544,500,772466380.5970496,6BATTLFLD_GA_361530-8CUMBERLAND_360040,2826,0,639375606.765625,678700882.515625,6.150574925579755,0.5237084217975938,0.40445859872611467,0.07183297947629158,0.0,39325275.75,47511123.513535604,819977504.1105852
6S HAVEN CC_360594,8CUMBERLAND_360040,324.5332919382924,500,793260142.974673,6S_HAVEN_CC_360594-8CUMBERLAND_360040,2933,0,646815117.734375,839263834.8125,29.75328062093272,0.12921922945789294,0.15785884759631777,0.3852710535288101,0.3276508694169792,192448717.078125,236020916.3932666,1029281059.3679396
6CONCORD TN_361509,8CUMBERLAND_360040,379.1016036928609,500,944344812.2457504,6CONCORD_TN_361509-8CUMBERLAND_360040,3705,0,830583356.390625,869879037.0,4.731094152926185,0.6367071524966261,0.308502024291498,0.054790823211875846,0.0,39295680.609375,44677842.19562046,989022654.4413708
8BRADLEY TN_360662,8CUMBERLAND_360040,342.06509073284764,500,851239924.2120557,8BRADLEY_TN_360662-8CUMBERLAND_360040,3361,0,752647187.6875,791592594.203125,5.174457189600923,0.6042844391550134,0.33531686997917287,0.060398690865813745,0.0,38945406.515625,44047045.45914416,895286969.6711998
8BENTON MS_360612,8CUMBERLAND_360040,259.4624608138533,500,630783213.7351975,8BENTON_MS_360612-8CUMBERLAND_360040,2321,0,508430888.40625,666568266.078125,31.10302329734125,0.14993537268418786,0.1055579491598449,0.3537268418785006,0.3907798362774666,158137377.671875,196192649.92377633,826975863.6589739
8ANDERSON TN_360120,8CUMBERLAND_360040,367.3868049748324,500,902784303.565125,8ANDERSON_TN_360120-8CUMBERLAND_360040,3533,0,780630296.734375,856416613.453125,9.7083493986575,0.5128785734503255,0.2570053778658364,0.20945372204924992,0.02066232663458817,75786316.71875,87645454.50633912,990429758.0714641
8BULL RUN FP_360093,8CUMBERLAND_360040,421.8628439441533,500,1036710850.3847916,8BULL_RUN_FP_360093-8CUMBERLAND_360040,4159,0,919688912.015625,993595296.5625,8.03601996080381,0.6073575378696802,0.19716277951430633,0.17792738639095937,0.0175522962250541,73906384.546875,83310290.87274078,1120021141.2575324
7SHAWNEE FP_360002,8CUMBERLAND_360040,213.12222709996252,500,510284161.2643982,7SHAWNEE_FP_360002-8CUMBERLAND_360040,1937,0,417675108.796875,553634185.609375,32.55139555817295,0.18069179143004646,0.08518327310273618,0.23541559112028912,0.49870934434692826,135959076.8125,166104615.8038794,676388777.0682776
8CHOCTAW MS_360654,8WID CRK FP_360065,412.691278863489,500,1001168029.1461052,8CHOCTAW_MS_360654-8WID_CRK_FP_360065,3693,0,806327275.703125,886933538.765625,9.99671789500245,0.4925534795559166,0.3206065529379908,0.12916328188464662,0.057676685621445976,80606263.0625,100083943.52869204,1101251972.6747973
8ACKERMAN CC_360627,8WID CRK FP_360065,391.08579187452005,500,947651821.633821,8ACKERMAN_CC_360627-8WID_CRK_FP_360065,3513,0,766132767.09375,835259702.5625,9.022840222717043,0.5177910617705664,0.3341873042983205,0.08738969541702249,0.06063193851409052,69126935.46875,85505109.73368718,1033156931.3675082
8CLAY_360688,8WID CRK FP_360065,344.37560359082534,500,835428955.7798676,8CLAY_360688-8WID_CRK_FP_360065,3064,0,668917236.46875,714863108.0,6.868693020051442,0.5551566579634465,0.3348563968668407,0.10345953002610966,0.006527415143603133,45945871.53125,57383050.37314041,892812006.1530081
8WEST POINT_360035,8WID CRK FP_360065,327.07202569044654,500,789215754.6662996,8WEST_POINT_360035-8WID_CRK_FP_360065,2926,0,635423018.328125,672079988.40625,5.768908116450344,0.5813397129186603,0.3547505126452495,0.04750512645249488,0.016404647983595352,36656970.078125,45529131.727249,834744886.3935486
8COGEN CALED_360606,8WID CRK FP_360065,297.19248024749606,500,720378169.2790447,8COGEN_CALED_360606-8WID_CRK_FP_360065,2623,0,572488890.8125,595965583.21875,4.1008118730358145,0.6420129622569577,0.3316812809759817,0.026305756767060616,0.0,23476692.40625,29541353.496553108,749919522.7755978
8E POINT AL_360058,8WID CRK FP_360065,150.30294793036668,500,364243734.65739083,8E_POINT_AL_360058-8WID_CRK_FP_360065,1367,0,298171945.9375,298171945.9375,0.0,1.0,0.0,0.0,0.0,0.0,0.0,364243734.65739083
8UNION MS_360033,8WID CRK FP_360065,333.050292014819,500,805646757.1802783,8UNION_MS_360033-8WID_CRK_FP_360065,3219,0,700855690.828125,782396631.953125,11.634483702151567,0.34265299782541164,0.4563529046287667,0.15346380863622244,0.047530288909599254,81540941.125,93732840.6610521,899379597.8413304
8TRICO STEEL_360014,8WID CRK FP_360065,176.87433103515792,500,431219590.7415358,8TRICO_STEEL_360014-8WID_CRK_FP_360065,1632,0,358429280.109375,367079216.640625,2.4132895974933843,0.78125,0.20772058823529413,0.011029411764705883,0.0,8649936.53125,10406577.525719028,441626168.2672548
6CENTER PNT_360533,8WID CRK FP_360065,137.84173367562747,500,344654676.97418,6CENTER_PNT_360533-8WID_CRK_FP_360065,1306,0,293952827.484375,294808938.875,0.29124108039766394,0.9709035222052067,0.02909647779479326,0.0,0.0,856111.390625,1003776.0048606806,345658452.9790407
8BR FERRY NP_360052,8WID CRK FP_360065,158.9652401492569,500,400861793.9029729,8BR_FERRY_NP_360052-8WID_CRK_FP_360065,1491,0,338212310.71875,345186869.1875,2.0621835006324973,0.7914151576123407,0.20858484238765929,0.0,0.0,6974558.46875,8266505.774206553,409128299.67717946
6LOOPERS FRM_360602,8WID CRK FP_360065,144.59283107342125,500,362794500.42791283,6LOOPERS_FRM_360602-8WID_CRK_FP_360065,1369,0,309190602.40625,310046713.796875,0.2768879079643405,0.9722425127830533,0.027757487216946677,0.0,0.0,856111.390625,1004534.1024445281,363799034.53035736
8LIMESTONE_360088,8WID CRK FP_360065,133.5909934115805,500,338925824.76646876,8LIMESTONE_360088-8WID_CRK_FP_360065,1248,0,284854991.5625,291805335.671875,2.4399586860846867,0.7516025641025641,0.2483974358974359,0.0,0.0,6950344.109375,8269650.1007736195,347195474.8672424
6COUNTY LINE_360013,8WID CRK FP_360065,107.62073370113639,500,271928971.1028528,6COUNTY_LINE_360013-8WID_CRK_FP_360065,1034,0,234881977.53125,234881977.53125,0.0,1.0,0.0,0.0,0.0,0.0,0.0,271928971.1028528
6YOUNG GA_361454,8WID CRK FP_360065,61.58687009376013,500,158156265.43714514,6YOUNG_GA_361454-8WID_CRK_FP_360065,595,0,137878491.859375,137878491.859375,0.0,1.0,0.0,0.0,0.0,0.0,0.0,158156265.43714514
8MADISON AL_360060,8WID CRK FP_360065,96.60674667390415,500,250734950.1892407,8MADISON_AL_360060-8WID_CRK_FP_360065,876,0,204814096.96875,206152987.703125,0.6537102446514176,0.9337899543378996,0.06621004566210045,0.0,0.0,1338890.734375,1639080.0563086953,252374030.24554938
6KENSNGTN GA_361503,8WID CRK FP_360065,61.78605840296382,500,158684946.4682269,6KENSNGTN_GA_361503-8WID_CRK_FP_360065,591,0,136898939.625,136898939.625,0.0,1.0,0.0,0.0,0.0,0.0,0.0,158684946.4682269
6ALPHA GA_361502,8WID CRK FP_360065,156.5590843229904,500,389852814.99667215,6ALPHA_GA_361502-8WID_CRK_FP_360065,1509,0,338097068.921875,338733352.125,0.18819542125994015,0.9807819748177601,0.019218025182239893,0.0,0.0,636283.203125,733685.1474767223,390586500.1441489
6CLOUDLANDGA_361633,8WID CRK FP_360065,39.123051916579925,500,98790748.84868428,6CLOUDLANDGA_361633-8WID_CRK_FP_360065,357,0,81208147.09375,81208147.09375,0.0,1.0,0.0,0.0,0.0,0.0,0.0,98790748.84868428
8MAGNOL CC1_360613,8WID CRK FP_360065,353.7831816442576,500,859350244.3706262,8MAGNOL_CC1_360613-8WID_CRK_FP_360065,3497,0,764606876.28125,860219288.125,12.504780536211179,0.20074349442379183,0.5656276808693166,0.2336288247068916,0.0,95612411.84375,107459862.09594128,966810106.4665675
6ROCK SPG GA_361500,8WID CRK FP_360065,65.82436359462179,500,167897762.6751113,6ROCK_SPG_GA_361500-8WID_CRK_FP_360065,628,0,144460873.953125,144460873.953125,0.0,1.0,0.0,0.0,0.0,0.0,0.0,167897762.6751113
6WID CRK FP_360068,8WID CRK FP_360065,0.30727922061357854,500,786029.4753755697,6WID_CRK_FP_360068-8WID_CRK_FP_360065,5,0,1151113.515625,1151113.515625,0.0,1.0,0.0,0.0,0.0,0.0,0.0,786029.4753755697
6WRINGOLD GA_361504,8WID CRK FP_360065,115.85221422923028,500,289183881.15405184,6WRINGOLD_GA_361504-8WID_CRK_FP_360065,1147,0,257591296.484375,257591296.484375,0.0,1.0,0.0,0.0,0.0,0.0,0.0,289183881.15405184
6BATTLFLD GA_361530,8WID CRK FP_360065,54.43803891830327,500,143373551.48848137,6BATTLFLD_GA_361530-8WID_CRK_FP_360065,499,0,118495086.34375,119165596.546875,0.5658548584705603,0.9438877755511023,0.056112224448897796,0.0,0.0,670510.203125,811286.2068593621,144184837.69534072
6S HAVEN CC_360594,8WID CRK FP_360065,446.23146083936217,500,1091600335.161301,6S_HAVEN_CC_360594-8WID_CRK_FP_360065,4460,0,982355864.28125,1183135620.578125,20.438597009218995,0.15739910313901345,0.42937219730941706,0.2302690582959641,0.18295964125560538,200779756.296875,223107793.45490214,1314708128.616203
6CONCORD TN_361509,8WID CRK FP_360065,137.63925317304248,500,344754930.26015496,6CONCORD_TN_361509-8WID_CRK_FP_360065,1346,0,303342317.296875,303342317.296875,0.0,1.0,0.0,0.0,0.0,0.0,0.0,344754930.26015496
8BRADLEY TN_360662,8WID CRK FP_360065,126.0991557497398,500,346995108.1220062,8BRADLEY_TN_360662-8WID_CRK_FP_360065,1166,0,290005085.46875,290005085.46875,0.0,1.0,0.0,0.0,0.0,0.0,0.0,346995108.1220062
8RACCOON MTN_360079,8WID CRK FP_360065,41.56694152050951,500,105956913.63802293,8RACCOON_MTN_360079-8WID_CRK_FP_360065,368,0,84439575.09375,84439575.09375,0.0,1.0,0.0,0.0,0.0,0.0,0.0,105956913.63802293
8BENTON MS_360612,8WID CRK FP_360065,402.3787920530825,500,983047310.4373488,8BENTON_MS_360612-8WID_CRK_FP_360065,4085,0,897738566.90625,1068275108.53125,18.99623653383813,0.1718482252141983,0.4504283965728274,0.21542227662178703,0.16230110159118727,170536541.625,186741992.33021277,1169789302.7675617
8SEQUOYAH NP_360081,8WID CRK FP_360065,101.1925453664238,500,263243129.75941718,8SEQUOYAH_NP_360081-8WID_CRK_FP_360065,905,0,212008086.046875,212008086.046875,0.0,1.0,0.0,0.0,0.0,0.0,0.0,263243129.75941718
8FRANKLIN TN_360069,8WID CRK FP_360065,66.62596097966112,500,169869186.6135804,8FRANKLIN_TN_360069-8WID_CRK_FP_360065,593,0,135814870.6875,135814870.6875,0.0,1.0,0.0,0.0,0.0,0.0,0.0,169869186.6135804
8SHELBY TN_360021,8WID CRK FP_360065,402.30468816890476,500,978990058.2015281,8SHELBY_TN_360021-8WID_CRK_FP_360065,4114,0,900652791.390625,1070519270.875,18.8603733989541,0.1706368497812348,0.4290228488089451,0.2610597958191541,0.13928050559066601,169866479.484375,184641180.51544625,1163631238.7169743
8HAYWOOD TN_360542,8WID CRK FP_360065,346.67235051981845,500,843144719.4794753,8HAYWOOD_TN_360542-8WID_CRK_FP_360065,3529,0,772210257.390625,875092574.640625,13.323096432006686,0.30971946727118166,0.41824879569283085,0.21507509209407763,0.05695664494190989,102882317.25,112332984.03762275,955477703.517098
8HIWASSEE TN_360110,8WID CRK FP_360065,139.8148830155101,500,350209862.7646098,8HIWASSEE_TN_360110-8WID_CRK_FP_360065,1301,0,293216880.1875,293216880.1875,0.0,1.0,0.0,0.0,0.0,0.0,0.0,350209862.7646098
8LAG CRK CC_360615,8WID CRK FP_360065,369.54578556669844,500,897897998.3691957,8LAG_CRK_CC_360615-8WID_CRK_FP_360065,3738,0,817331957.921875,949760063.609375,16.20248717842967,0.292402354200107,0.39486356340288925,0.15917602996254682,0.15355805243445692,132428105.6875,145481808.0611456,1043379806.4303412
8MAURY TN_360050,8WID CRK FP_360065,156.62433103515792,500,388574785.49695444,8MAURY_TN_360050-8WID_CRK_FP_360065,1407,0,314758535.609375,317534398.375,0.8819023002031967,0.9317697228144989,0.05970149253731343,0.008528784648187633,0.0,2775862.765625,3426849.971307279,392001635.4682617
8JACKSON TN_360019,8WID CRK FP_360065,317.60938946363063,500,771538686.6699092,8JACKSON_TN_360019-8WID_CRK_FP_360065,3163,0,691655037.96875,770758315.609375,11.43681073630798,0.3455580145431552,0.4328169459374012,0.19095795131204552,0.03066708820739804,79103277.640625,88239419.35183376,859778106.021743
8RUTHERFORD_360010,8WID CRK FP_360065,146.2401557242309,500,364437747.82011926,8RUTHERFORD_360010-8WID_CRK_FP_360065,1326,0,297108196.625,305117340.5625,2.695699421449782,0.7285067873303167,0.27149321266968324,0.0,0.0,8009143.9375,9824146.25953157,374261894.0796508
8ANDERSON TN_360120,8WID CRK FP_360065,189.13105827541932,500,478819006.14947563,8ANDERSON_TN_360120-8WID_CRK_FP_360065,1687,0,384216381.90625,384216381.90625,0.0,1.0,0.0,0.0,0.0,0.0,0.0,478819006.14947563
8BULL RUN FP_360093,8WID CRK FP_360065,284.3286880668691,500,723033600.3002422,8BULL_RUN_FP_360093-8WID_CRK_FP_360065,2548,0,582963238.15625,582963238.15625,0.0,1.0,0.0,0.0,0.0,0.0,0.0,723033600.3002422
8JVILLE FP_360037,8WID CRK FP_360065,260.3016036928609,500,636200814.8302734,8JVILLE_FP_360037-8WID_CRK_FP_360065,2385,0,524893021.90625,543023618.84375,3.454150880431839,0.6612159329140461,0.33417190775681344,0.004612159329140462,0.0,18130596.9375,21975336.04677442,658176150.8770478
8PIN HOOK TN_360581,8WID CRK FP_360065,177.80101284522328,500,450831754.25288725,8PIN_HOOK_TN_360581-8WID_CRK_FP_360065,1622,0,369951973.578125,385245497.15625,4.133921338547841,0.5955610357583231,0.40443896424167697,0.0,0.0,15293523.578125,18637030.09000967,469468784.34289694
8PLATEAU TN_360077,8WID CRK FP_360065,158.2296103067893,500,390351413.97369564,8PLATEAU_TN_360077-8WID_CRK_FP_360065,1552,0,344863568.484375,344863568.484375,0.0,1.0,0.0,0.0,0.0,0.0,0.0,390351413.97369564
8DAVIDSON TN_360048,8WID CRK FP_360065,198.47936346707732,500,501465335.4870207,8DAVIDSON_TN_360048-8WID_CRK_FP_360065,1783,0,405900886.78125,424053545.78125,4.472190032386636,0.5793606281547953,0.4133482893998878,0.007291082445316881,0.0,18152659.0,22426482.749524742,523891818.23654544
8VOLUNTEER_360097,8WID CRK FP_360065,314.3727919510468,500,799304264.299973,8VOLUNTEER_360097-8WID_CRK_FP_360065,2852,0,652354299.109375,652354299.109375,0.0,1.0,0.0,0.0,0.0,0.0,0.0,799304264.299973
8GLEASON CT_360582,8WID CRK FP_360065,325.06451275594213,500,790138989.6333573,8GLEASON_CT_360582-8WID_CRK_FP_360065,3035,0,663946006.125,730417855.921875,10.011634859410613,0.4438220757825371,0.36474464579901156,0.15354200988467875,0.03789126853377265,66471849.796875,79105830.523928,869244820.1572853
8LAG CRK CT_360568,8WID CRK FP_360065,345.97009716821367,500,839378270.413089,8LAG_CRK_CT_360568-8WID_CRK_FP_360065,3259,0,711529420.109375,793524916.421875,11.523837805595694,0.41331696839521326,0.33967474685486343,0.20282295182571342,0.04418533292420988,81995496.3125,96728590.4578188,936106860.8709078
8CUMBERLAND_360040,8WID CRK FP_360065,268.00076600551125,500,665442323.5690726,8CUMBERLAND_360040-8WID_CRK_FP_360065,2408,0,538788293.515625,576510717.484375,7.001344391246689,0.518687707641196,0.37167774086378735,0.10963455149501661,0.0,37722423.96875,46589908.79818491,712032232.3672575
8PHIPPS B NP_360102,8WID CRK FP_360065,373.81930491106016,500,952529499.3783004,8PHIPPS_B_NP_360102-8WID_CRK_FP_360065,3445,0,790236194.75,790236194.75,0.0,1.0,0.0,0.0,0.0,0.0,0.0,952529499.3783004
8MONTGOMERY_360044,8WID CRK FP_360065,270.1984997831744,500,678941038.8350954,8MONTGOMERY_360044-8WID_CRK_FP_360065,2461,0,556807664.78125,605411331.328125,8.728986618021795,0.4197480698902885,0.4453474197480699,0.12393336042259244,0.010971149939049168,48603666.546875,59264672.42417363,738205711.259269
8MARSHALL KY_360015,8WID CRK FP_360065,391.18748668286213,500,968966784.2522695,8MARSHALL_KY_360015-8WID_CRK_FP_360065,3522,0,785998278.40625,858515486.390625,9.226128094251873,0.5207268597387847,0.3086314593980693,0.11783077796706416,0.05281090289608177,72517207.984375,89398116.70586757,1058364900.958137
7SHAWNEE FP_360002,8WID CRK FP_360065,439.6028308183323,500,1063663418.8116148,7SHAWNEE_FP_360002-8WID_CRK_FP_360065,4009,0,873445399.96875,1020443699.59375,16.829706771626405,0.4410077326016463,0.22274881516587677,0.09528560738338737,0.24095784484908955,146998299.625,179011434.42305127,1242674853.234666
8PARADISE CC_360117,8WID CRK FP_360065,319.9537010651458,500,782911165.3093916,8PARADISE_CC_360117-8WID_CRK_FP_360065,2972,0,655595618.046875,688152039.109375,4.965930242104255,0.5831090174966352,0.3728129205921938,0.04407806191117093,0.0,32556421.0625,38878822.326909915,821789987.6363015
8PARADISE CC_360117,8WID CRK FP_360065,319.9537010651458,500,782911165.3093916,8PARADISE_CC_360117-8WID_CRK_FP_360065,2972,0,655595618.046875,688152039.109375,4.965930242104255,0.5831090174966352,0.3728129205921938,0.04407806191117093,0.0,32556421.0625,38878822.326909915,821789987.6363015
6CENTER PNT_360533,8ACKERMAN CC_360627,476.57920748775746,500,1167597680.4071276,6CENTER_PNT_360533-8ACKERMAN_CC_360627,4535,0,1000000404.609375,1078903338.96875,7.890290243452092,0.5371554575523705,0.30826901874310914,0.1422271223814774,0.012348401323042999,78902934.359375,92126845.85993652,1259724526.267064
6LOOPERS FRM_360602,8ACKERMAN CC_360627,483.3303048855512,500,1185737503.8608603,6LOOPERS_FRM_360602-8ACKERMAN_CC_360627,4598,0,1015238179.53125,1094141113.890625,7.771864371354287,0.5434971726837755,0.30404523705959113,0.14027838190517616,0.012179208351457155,78902934.359375,92153910.60034786,1277891414.461208
6COUNTY LINE_360013,8ACKERMAN CC_360627,467.0614217169877,500,1144055694.2554905,6COUNTY_LINE_360013-8ACKERMAN_CC_360627,4288,0,945587420.96875,1015443600.6875,7.3875961301581805,0.5972481343283582,0.2814832089552239,0.07159514925373134,0.04967350746268657,69856179.71875,84518214.19567293,1228573908.4511635
6YOUNG GA_361454,8ACKERMAN CC_360627,433.1643113464262,500,1057176956.5412118,6YOUNG_GA_361454-8ACKERMAN_CC_360627,3959,0,870072840.1875,941168171.015625,8.171192978831975,0.5498863349330639,0.31876736549633744,0.07754483455418035,0.05380146501641829,71095330.828125,86383969.24672507,1143560925.787937
6KENSNGTN GA_361503,8ACKERMAN CC_360627,433.3634996556299,500,1057705637.5722938,6KENSNGTN_GA_361503-8ACKERMAN_CC_360627,3955,0,869093287.953125,940188618.78125,8.180402704014389,0.5494310998735777,0.3190897597977244,0.07762326169405816,0.0538558786346397,71095330.828125,86524580.57647656,1144230218.1487703
6ALPHA GA_361502,8ACKERMAN CC_360627,502.40080487279675,500,1231832297.586296,6ALPHA_GA_361502-8ACKERMAN_CC_360627,4778,0,1054471192.453125,1133374126.8125,7.482701748903642,0.5606948514022604,0.29259104227710336,0.13499372122226874,0.011720385098367517,78902934.359375,92174336.87504968,1324006634.4613457
6CLOUDLANDGA_361633,8ACKERMAN CC_360627,413.63851265390656,500,1006840568.4719126,6CLOUDLANDGA_361633-8ACKERMAN_CC_360627,3764,0,824767607.796875,894623787.515625,8.469801560872448,0.5411795961742827,0.3206695005313496,0.08156216790648246,0.056588735387885225,69856179.71875,85277398.18393108,1092117966.6558437
6ROCK SPG GA_361500,8ACKERMAN CC_360627,437.4018048472879,500,1066918453.7791783,6ROCK_SPG_GA_361500-8ACKERMAN_CC_360627,3992,0,876655222.28125,947750553.109375,8.109839423886545,0.5536072144288577,0.3161322645290581,0.07690380761523045,0.053356713426853705,71095330.828125,86525373.38530454,1153443827.1644828
6WID CRK FP_360068,8ACKERMAN CC_360627,390.54579187452015,500,946274450.8640825,6WID_CRK_FP_360068-8ACKERMAN_CC_360627,3507,0,764754915.234375,833881850.703125,9.039096590515495,0.5169660678642715,0.33475905332192757,0.08753920729968634,0.06073567151411463,69126935.46875,85534661.6249745,1031809112.489057
6WRINGOLD GA_361504,8ACKERMAN CC_360627,475.2929022450816,500,1161310604.3066897,6WRINGOLD_GA_361504-8ACKERMAN_CC_360627,4401,0,968296739.921875,1038152919.640625,7.214335940487238,0.6075891842763008,0.2742558509429675,0.06975687343785503,0.04839809134287662,69856179.71875,83780848.30718705,1245091452.6138768
6BATTLFLD GA_361530,8ACKERMAN CC_360627,444.9838307928234,500,1087893192.8813162,6BATTLFLD_GA_361530-8ACKERMAN_CC_360627,4005,0,881680795.96875,951478241.640625,7.9164076149787155,0.5700374531835206,0.30012484394506866,0.0766541822721598,0.05318352059925094,69797445.671875,86122059.56409161,1174015252.4454079
6S HAVEN CC_360594,8ACKERMAN CC_360627,217.51724009823909,500,533395861.98225963,6S_HAVEN_CC_360594-8ACKERMAN_CC_360627,2014,0,445456065.953125,583942434.5,31.08867049561017,0.0,0.1971201588877855,0.5670307845084409,0.2358490566037736,138486368.546875,165825681.9688843,699221543.951144
6CONCORD TN_361509,8ACKERMAN CC_360627,497.0799411888938,500,1216881653.4127927,6CONCORD_TN_361509-8ACKERMAN_CC_360627,4600,0,1014047760.734375,1083903940.453125,6.888845123839138,0.6245652173913043,0.2623913043478261,0.0667391304347826,0.04630434782608696,69856179.71875,83829092.44402024,1300710745.856813
7SHAWNEE FP_360002,8ACKERMAN CC_360627,464.7124219465678,500,1122319506.5957265,7SHAWNEE_FP_360002-8ACKERMAN_CC_360627,4836,0,1051253962.71875,1425563213.03125,35.60597758361477,0.0,0.0891232423490488,0.5293631100082713,0.3815136476426799,374309250.3125,399612831.9350102,1521932338.5307367
8CHOCTAW MS_360654,8MADISON AL_360060,364.90483733022506,500,891559809.126301,8CHOCTAW_MS_360654-8MADISON_AL_360060,3225,0,709536094.796875,811693708.125,14.397803589875235,0.13767441860465116,0.6368992248062015,0.1593798449612403,0.06604651162790698,102157613.328125,128365030.20427136,1019924839.3305724
8ACKERMAN CC_360627,8MADISON AL_360060,343.2993503412561,500,838043601.6140168,8ACKERMAN_CC_360627-8MADISON_AL_360060,3045,0,669341586.1875,760019871.921875,13.547385610816299,0.1458128078817734,0.671264367816092,0.1129720853858785,0.06995073891625615,90678285.734375,113532998.29742397,951576599.9114407
8CLAY_360688,8MADISON AL_360060,305.56448675938884,500,743925560.5684766,8CLAY_360688-8MADISON_AL_360060,2762,0,605126406.09375,673552010.953125,11.307654759454344,0.16075307748008688,0.7016654598117307,0.13034033309196236,0.00724112961622013,68425604.859375,84120534.05641875,828046094.6248953
8COGEN CALED_360606,8MADISON AL_360060,266.50036344156837,500,645751951.8287047,8COGEN_CALED_360606-8MADISON_AL_360060,2475,0,539872464.234375,586568199.125,8.649401105656862,0.3018181818181818,0.6133333333333333,0.08484848484848485,0.0,46695734.890625,55853676.461272754,701605628.2899774
8E POINT AL_360058,8MADISON AL_360060,134.05049342433497,500,335416290.738361,8E_POINT_AL_360058-8MADISON_AL_360060,1285,0,289637078.734375,289660114.015625,0.007953153425876991,0.9992217898832685,0.0007782101167315176,0.0,0.0,23035.28125,26676.172217807485,335442966.9105788
6CENTER PNT_360533,8MADISON AL_360060,209.63807778558873,500,529431032.6157511,6CENTER_PNT_360533-8MADISON_AL_360060,1989,0,452123861.078125,454615753.28125,0.5511525530156547,0.9457013574660633,0.05429864253393665,0.0,0.0,2491892.203125,2917972.6527188555,532349005.2684699
8BR FERRY NP_360052,8MADISON AL_360060,77.98825319855136,500,192656584.3675347,8BR_FERRY_NP_360052-8MADISON_AL_360060,747,0,166110843.234375,171485924.921875,3.235840347830865,0.6760374832663989,0.32396251673360105,0.0,0.0,5375081.6875,6234059.489717499,198890643.8572522
6LOOPERS FRM_360602,8MADISON AL_360060,216.3891751833825,500,547570856.0694838,6LOOPERS_FRM_360602-8MADISON_AL_360060,2052,0,467361636.0,469853528.203125,0.5331828740699152,0.9473684210526315,0.05263157894736842,0.0,0.0,2491892.203125,2919554.027960512,550490410.0974443
8LIMESTONE_360088,8MADISON AL_360060,52.614006460874975,500,130720615.23103061,8LIMESTONE_360088-8MADISON_AL_360060,504,0,112753524.078125,118082786.953125,4.726471228790552,0.5238095238095238,0.47619047619047616,0.0,0.0,5329262.875,6178472.268992662,136899087.50002328
6COUNTY LINE_360013,8MADISON AL_360060,182.88294793036667,500,465588725.985289,6COUNTY_LINE_360013-8MADISON_AL_360060,1729,0,395681480.15625,396640156.890625,0.24228496466309757,0.9762868710237131,0.02371312897628687,0.0,0.0,958676.734375,1128051.4802288236,466716777.4655178
6YOUNG GA_361454,8MADISON AL_360060,148.98583755980513,500,378709988.27101034,6YOUNG_GA_361454-8MADISON_AL_360060,1400,0,320166899.375,322364727.21875,0.6864631690659984,0.9314285714285714,0.06857142857142857,0.0,0.0,2197827.84375,2599704.5870546484,381309692.858065
6KENSNGTN GA_361503,8MADISON AL_360060,149.18502586900883,500,379238669.30209213,6KENSNGTN_GA_361503-8MADISON_AL_360060,1396,0,319187347.140625,321385174.984375,0.6885698519815353,0.9312320916905444,0.06876790830945559,0.0,0.0,2197827.84375,2611323.14387016,381849992.4459623
6ALPHA GA_361502,8MADISON AL_360060,235.45967517062806,500,593665649.7949198,6ALPHA_GA_361502-8MADISON_AL_360060,2232,0,506594648.921875,509086541.125,0.4918907470554901,0.9516129032258065,0.04838709677419355,0.0,0.0,2491892.203125,2920186.3997880607,596585836.1947079
6CLOUDLANDGA_361633,8MADISON AL_360060,123.60985058359068,500,313986783.2972389,6CLOUDLANDGA_361633-8MADISON_AL_360060,1210,0,276796723.890625,276796723.890625,0.0,1.0,0.0,0.0,0.0,0.0,0.0,313986783.2972389
6ROCK SPG GA_361500,8MADISON AL_360060,153.22333106066682,500,388451485.5089766,6ROCK_SPG_GA_361500-8MADISON_AL_360060,1433,0,326749281.46875,328947109.3125,0.6726343310903937,0.9330076762037683,0.06699232379623168,0.0,0.0,2197827.84375,2612858.0511640026,391064343.5601406
6WID CRK FP_360068,8MADISON AL_360060,98.31500643536609,500,250656111.0990676,6WID_CRK_FP_360068-8MADISON_AL_360060,948,0,217887611.65625,217887611.65625,0.0,1.0,0.0,0.0,0.0,0.0,0.0,250656111.0990676
6WRINGOLD GA_361504,8MADISON AL_360060,191.11442845846057,500,482843636.03648806,6WRINGOLD_GA_361504-8MADISON_AL_360060,1842,0,418390799.109375,419349475.84375,0.2291342774304983,0.9777415852334419,0.02225841476655809,0.0,0.0,958676.734375,1106360.2765513519,483949996.3130394
6BATTLFLD GA_361530,8MADISON AL_360060,140.85056485108436,500,368506454.9218446,6BATTLFLD_GA_361530-8MADISON_AL_360060,1356,0,319705452.8125,321714853.75,0.6285163170734132,0.9365781710914455,0.06342182890855458,0.0,0.0,2009400.9375,2316123.198652575,370822578.12049717
6S HAVEN CC_360594,8MADISON AL_360060,369.5985063460849,500,902372030.4970436,6S_HAVEN_CC_360594-8MADISON_AL_360060,3739,0,821805403.046875,1022479046.703125,24.41863279460621,0.0700722118213426,0.40037443166622094,0.3113131853436748,0.2182401711687617,200673643.65625,220346912.56830505,1122718943.0653486
6CONCORD TN_361509,8MADISON AL_360060,212.90146740227277,500,538414685.1425911,6CONCORD_TN_361509-8MADISON_AL_360060,2041,0,464141819.921875,465100496.65625,0.20654823444616888,0.9799118079372856,0.020088192062714356,0.0,0.0,958676.734375,1112086.0261609212,539526771.1687521
8BRADLEY TN_360662,8MADISON AL_360060,218.88998687417885,500,550963128.0860326,8BRADLEY_TN_360662-8MADISON_AL_360060,2086,0,472169220.6875,473478171.515625,0.27722070198035187,0.9726749760306808,0.02732502396931927,0.0,0.0,1308950.828125,1527383.851333005,552490511.9373657
8BENTON MS_360612,8MADISON AL_360060,329.8194154601839,500,801505152.8396529,8BENTON_MS_360612-8MADISON_AL_360060,3355,0,733529250.640625,881402368.0,20.159130291018457,0.07809239940387482,0.5323397913561848,0.2330849478390462,0.15648286140089418,147873117.359375,161576468.05017224,963081620.8898251
8FRANKLIN TN_360069,8MADISON AL_360060,82.4803051406402,500,199949367.74287796,8FRANKLIN_TN_360069-8MADISON_AL_360060,782,0,170672046.03125,172207990.15625,0.8999388949252785,0.907928388746803,0.09207161125319693,0.0,0.0,1535944.125,1799422.1304753372,201748789.8733533
8HAYWOOD TN_360542,8MADISON AL_360060,279.9285323426382,500,675256553.1731087,8HAYWOOD_TN_360542-8MADISON_AL_360060,2799,0,607737010.421875,715591456.390625,17.74689448218405,0.09360485887817077,0.5016077170418006,0.37120400142908183,0.03358342265094676,107854445.96875,119837067.97566463,795093621.1487733
8HIWASSEE TN_360110,8MADISON AL_360060,204.40346735125502,500,516214127.87605166,8HIWASSEE_TN_360110-8MADISON_AL_360060,1819,0,413172765.25,418195807.515625,1.2157244349311647,0.9081913139087411,0.07861462341946124,0.013194062671797692,0.0,5023042.265625,6275741.289155968,522489869.1652076
8LAG CRK CC_360615,8MADISON AL_360060,303.3238764781084,500,731141529.4619634,8LAG_CRK_CC_360615-8MADISON_AL_360060,3008,0,652836744.265625,788875693.296875,20.838126871103135,0.08710106382978723,0.46675531914893614,0.3011968085106383,0.1449468085106383,136038949.03125,152356199.51660785,883497728.9785713
8JACKSON TN_360019,8MADISON AL_360060,257.8303894381217,500,619060748.0023853,8JACKSON_TN_360019-8MADISON_AL_360060,2435,0,526262649.015625,608686978.09375,15.662203888552572,0.10759753593429158,0.579876796714579,0.2841889117043121,0.028336755646817247,82424329.078125,96958556.54613222,716019304.5485175
8ANDERSON TN_360120,8MADISON AL_360060,253.7196426111642,500,644823271.2609174,8ANDERSON_TN_360120-8MADISON_AL_360060,2205,0,504172266.96875,509195309.234375,0.9962948370455083,0.9242630385487528,0.06485260770975057,0.010884353741496598,0.0,5023042.265625,6424340.959640473,651247612.2205579
8BULL RUN FP_360093,8MADISON AL_360060,349.7826425346375,500,887561714.868312,8BULL_RUN_FP_360093-8MADISON_AL_360060,3081,0,703556921.78125,708651553.984375,0.7241250914320485,0.9448231093800714,0.04738721194417397,0.007789678675754625,0.0,5094632.203125,6427057.079306022,893988771.947618
8JVILLE FP_360037,8MADISON AL_360060,206.69468160599416,500,502240315.14788973,8JVILLE_FP_360037-8MADISON_AL_360060,1767,0,386616713.296875,408023363.890625,5.536918052818951,0.47821165817770234,0.5048104131295982,0.01697792869269949,0.0,21406650.59375,27808634.6779583,530048949.82584804
8DAVIDSON TN_360048,8MADISON AL_360060,177.69008429748152,500,439517153.1814312,8DAVIDSON_TN_360048-8MADISON_AL_360060,1680,0,374238674.171875,399102428.515625,6.6438227953776074,0.33630952380952384,0.6636904761904762,0.0,0.0,24863754.34375,29200740.81266264,468717893.99409384
8GLEASON CT_360582,8MADISON AL_360060,269.0670646852765,500,647622719.4422946,8GLEASON_CT_360582-8MADISON_AL_360060,2366,0,512565982.625,590378320.796875,15.18094075876344,0.26331360946745563,0.4180050718512257,0.24302620456466612,0.07565511411665257,77812338.171875,98315221.3788275,745937940.821122
8LAG CRK CT_360568,8MADISON AL_360060,289.1419088335011,500,696197734.5677059,8LAG_CRK_CT_360568-8MADISON_AL_360060,2570,0,557045385.0,647046693.671875,16.156907694671062,0.2424124513618677,0.38482490272373543,0.3140077821011673,0.05875486381322957,90001308.671875,112484025.34649529,808681759.9142011
8CUMBERLAND_360040,8MADISON AL_360060,228.25566214684255,500,554478073.0393418,8CUMBERLAND_360040-8MADISON_AL_360060,2060,0,450551244.0,499094254.984375,10.774137599401467,0.3296116504854369,0.466504854368932,0.20388349514563106,0.0,48543010.984375,59740230.54776845,614218303.5871103
7SHAWNEE FP_360002,8MADISON AL_360060,385.9959087314656,500,929702919.1292312,7SHAWNEE_FP_360002-8MADISON_AL_360060,3391,0,735169091.359375,885422472.203125,20.43793497437736,0.30580949572397526,0.29106458271896196,0.11825420230020643,0.2848717192568564,150253380.84375,190012078.06652042,1119714997.1957517
8CHOCTAW MS_360654,8PIN HOOK TN_360581,445.4898437655911,500,1092659755.9103777,8CHOCTAW_MS_360654-8PIN_HOOK_TN_360581,3975,0,877902332.421875,1003119296.375,14.263199826305062,0.08553459119496855,0.7101886792452831,0.15069182389937108,0.05358490566037736,125216963.953125,155848244.40711433,1248508000.317492
8ACKERMAN CC_360627,8PIN HOOK TN_360581,423.8843567766222,500,1039143548.3980935,8ACKERMAN_CC_360627-8PIN_HOOK_TN_360581,3795,0,837707823.8125,951445460.171875,13.577244132893806,0.08959156785243742,0.7412384716732543,0.11304347826086956,0.05612648221343874,113737636.359375,141087056.45722467,1180230604.855318
8CLAY_360688,8PIN HOOK TN_360581,386.1494931947549,500,945025507.3525532,8CLAY_360688-8PIN_HOOK_TN_360581,3512,0,773492643.71875,864977599.203125,11.827514615334845,0.09681093394077449,0.7707858769931663,0.12670842824601367,0.0056947608200455585,91484955.484375,111773030.00076552,1056798537.3533188
8COGEN CALED_360606,8PIN HOOK TN_360581,347.0853698769345,500,846851898.6127814,8COGEN_CALED_360606-8PIN_HOOK_TN_360581,3225,0,708238701.859375,777993787.375,9.849092591592834,0.1993798449612403,0.7091472868217055,0.09147286821705426,0.0,69755085.515625,83407227.60803472,930259126.2208161
8E POINT AL_360058,8PIN HOOK TN_360581,259.0412271254714,500,645700458.649508,8E_POINT_AL_360058-8PIN_HOOK_TN_360581,2511,0,563717272.609375,577178076.34375,2.387864340588086,0.7749900438072481,0.22500995619275188,0.0,0.0,13460803.734375,15418450.999105323,661118909.6486133
6CENTER PNT_360533,8PIN HOOK TN_360581,302.92504530265154,500,758624058.2104893,6CENTER_PNT_360533-8PIN_HOOK_TN_360581,2987,0,673150050.171875,686428361.0,1.972563297697838,0.8105122196183462,0.18948778038165384,0.0,0.0,13278310.828125,14964339.739765994,773588397.9502553
8BR FERRY NP_360052,8PIN HOOK TN_360581,179.08357133746821,500,444372021.9090576,8BR_FERRY_NP_360052-8PIN_HOOK_TN_360581,1763,0,393156529.90625,422146092.4375,7.373542171145608,0.31083380601247873,0.6670448099829835,0.02212138400453772,0.0,28989562.53125,32765958.43223677,477137980.3412944
6LOOPERS FRM_360602,8PIN HOOK TN_360581,295.13762322853927,500,738272493.7793639,6LOOPERS_FRM_360602-8PIN_HOOK_TN_360581,2910,0,655028910.625,668307221.453125,2.027133552846605,0.8054982817869416,0.19450171821305842,0.0,0.0,13278310.828125,14965769.43283885,753238263.2122027
8LIMESTONE_360088,8PIN HOOK TN_360581,171.55646096690666,500,423674234.3608166,8LIMESTONE_360088-8PIN_HOOK_TN_360581,1727,0,383177626.0,407526402.671875,6.354435911629919,0.3740590619571511,0.6259409380428489,0.0,0.0,24348776.671875,26922107.696546838,450596342.05736345
6COUNTY LINE_360013,8PIN HOOK TN_360581,280.47129198931015,500,710291680.5980208,6COUNTY_LINE_360013-8PIN_HOOK_TN_360581,2571,0,585673021.0,601014465.109375,2.6194554912535306,0.7440684558537534,0.2559315441462466,0.0,0.0,15341444.109375,18605774.43134184,728897455.0293627
6YOUNG GA_361454,8PIN HOOK TN_360581,233.43289593726004,500,592884182.4607918,6YOUNG_GA_361454-8PIN_HOOK_TN_360581,2178,0,497924096.421875,514070632.703125,3.24277061449334,0.7286501377410468,0.2598714416896235,0.0,0.01147842056932966,16146536.28125,19225874.046817634,612110056.5076095
8MADISON AL_360060,8PIN HOOK TN_360581,163.89696095415223,500,407051751.5528941,8MADISON_AL_360060-8PIN_HOOK_TN_360581,1610,0,359439066.59375,373794138.453125,3.99374280470175,0.6167701863354037,0.3832298136645963,0.0,0.0,14355071.859375,16256600.03905615,423308351.59195024
6KENSNGTN GA_361503,8PIN HOOK TN_360581,233.72848034953162,500,593258412.701998,6KENSNGTN_GA_361503-8PIN_HOOK_TN_360581,2173,0,496371421.609375,512517957.890625,3.252914164336529,0.728025770823746,0.2604693971468017,0.0,0.01150483202945237,16146536.28125,19298186.937901355,612556599.6398994
6ALPHA GA_361502,8PIN HOOK TN_360581,275.6325648000665,500,690055580.8198817,6ALPHA_GA_361502-8PIN_HOOK_TN_360581,2726,0,614069076.0625,627347386.890625,2.162348072185538,0.7923697725605282,0.20763022743947177,0.0,0.0,13278310.828125,14921403.54886743,704976984.3687491
6CLOUDLANDGA_361633,8PIN HOOK TN_360581,207.4233504943096,500,525508446.22726214,6CLOUDLANDGA_361633-8PIN_HOOK_TN_360581,1918,0,437273533.78125,450551844.609375,3.036614339153587,0.7049009384775808,0.29509906152241916,0.0,0.0,13278310.828125,15957664.83160026,541466111.0588624
8MAGNOL CC1_360613,8PIN HOOK TN_360581,309.3945581861382,500,761680156.9256791,8MAGNOL_CC1_360613-8PIN_HOOK_TN_360581,2800,0,620717290.78125,718113734.953125,15.690950714340413,0.07321428571428572,0.6046428571428571,0.31464285714285717,0.0075,97396444.171875,119514858.02411903,881195014.9497981
6ROCK SPG GA_361500,8PIN HOOK TN_360581,237.76678554118962,500,602515615.9390056,6ROCK_SPG_GA_361500-8PIN_HOOK_TN_360581,2210,0,503979636.875,520126173.15625,3.203807277089399,0.7325791855203619,0.25610859728506785,0.0,0.011312217194570135,16146536.28125,19303439.149053875,621819055.0880595
6WID CRK FP_360068,8PIN HOOK TN_360581,178.08645440399613,500,451563608.93334705,6WID_CRK_FP_360068-8PIN_HOOK_TN_360581,1626,0,370872864.390625,386166387.96875,4.123656661495989,0.5965559655596556,0.4034440344403444,0.0,0.0,15293523.578125,18620932.840671662,470184541.7740187
6WRINGOLD GA_361504,8PIN HOOK TN_360581,274.17977259393075,500,686013463.6971042,6WRINGOLD_GA_361504-8PIN_HOOK_TN_360581,2714,0,610967471.875,624596056.796875,2.230656385036367,0.7855563743551953,0.2144436256448047,0.0,0.0,13628584.921875,15302603.130168594,701316066.8272728
6BATTLFLD GA_361530,8PIN HOOK TN_360581,209.1456881433959,500,532938230.7540339,6BATTLFLD_GA_361530-8PIN_HOOK_TN_360581,1904,0,436560421.640625,450218601.703125,3.1285887097074916,0.694327731092437,0.30567226890756305,0.0,0.0,13658180.0625,16673445.317085564,549611676.0711195
6S HAVEN CC_360594,8PIN HOOK TN_360581,398.2194477645588,500,985411220.7609174,6S_HAVEN_CC_360594-8PIN_HOOK_TN_360581,3707,0,826534564.46875,1019320273.25,23.324579160843918,0.055300782303749664,0.4629080118694362,0.2716482330725654,0.21014297275424873,192785708.78125,229843020.2462186,1215254241.007136
6CONCORD TN_361509,8PIN HOOK TN_360581,281.13535700620236,500,704816662.4027348,6CONCORD_TN_361509-8PIN_HOOK_TN_360581,2783,0,627768171.265625,641396756.1875,2.1709582526936444,0.7908731584620913,0.20912684153790873,0.0,0.0,13628584.921875,15301275.498792075,720117937.9015268
8BRADLEY TN_360662,8PIN HOOK TN_360581,244.09884404618904,500,611711774.3690401,8BRADLEY_TN_360662-8PIN_HOOK_TN_360581,2439,0,549832002.5625,563110313.390625,2.4149759865270237,0.7679376793767938,0.23206232062320623,0.0,0.0,13278310.828125,14772692.457770688,626484466.8268108
8BENTON MS_360612,8PIN HOOK TN_360581,345.91453875249545,500,854894082.3223746,8BENTON_MS_360612-8PIN_HOOK_TN_360581,3323,0,738137507.65625,898784033.453125,21.763766795561335,0.06169124285284382,0.4652422509780319,0.3183869996990671,0.15467950647005718,160646525.796875,186057154.42569572,1040951236.7480702
8FRANKLIN TN_360069,8PIN HOOK TN_360581,127.74784407169791,500,320517558.0464975,8FRANKLIN_TN_360069-8PIN_HOOK_TN_360581,1210,0,273164317.953125,286542838.015625,4.897608942027243,0.528099173553719,0.471900826446281,0.0,0.0,13378520.0625,15697696.583652621,336215254.63015014
8HAYWOOD TN_360542,8PIN HOOK TN_360581,280.93571413994914,500,693401669.4561841,8HAYWOOD_TN_360542-8PIN_HOOK_TN_360581,2758,0,611468769.03125,725286685.3125,18.613856021064112,0.07432922407541696,0.5195794053662074,0.33321247280638144,0.0728788977519942,113817916.28125,129068788.40022902,822470457.8564131
8HIWASSEE TN_360110,8PIN HOOK TN_360581,216.71746094139772,500,542336241.8412024,8HIWASSEE_TN_360110-8PIN_HOOK_TN_360581,2165,0,487347476.125,500613804.9375,2.7221498955905865,0.7390300230946882,0.26096997690531176,0.0,0.0,13266328.8125,14763205.441030202,557099447.2822325
8LAG CRK CC_360615,8PIN HOOK TN_360581,296.6899154474295,500,735274212.9936647,8LAG_CRK_CC_360615-8PIN_HOOK_TN_360581,2955,0,657941882.875,819550701.59375,24.562780228030178,0.018612521150592216,0.40372250423011846,0.39593908629441626,0.1817258883248731,161608818.71875,180603789.01101238,915878002.004677
8MAURY TN_360050,8PIN HOOK TN_360581,76.71125968493524,500,204259243.35779563,8MAURY_TN_360050-8PIN_HOOK_TN_360581,715,0,171232922.234375,187148433.6875,9.294656217652264,0.07552447552447553,0.9244755244755245,0.0,0.0,15915511.453125,18985194.46288482,223244437.82068044
8JACKSON TN_360019,8PIN HOOK TN_360581,239.28891547293833,500,595746652.6942245,8JACKSON_TN_360019-8PIN_HOOK_TN_360581,2381,0,532650122.1875,641292232.84375,20.396524121702253,0.023099538009239817,0.50104997900042,0.40151196976060477,0.0743385132297354,108642110.65625,121511609.72101124,717258262.4152358
8ANDERSON TN_360120,8PIN HOOK TN_360581,264.15533100964905,500,667684505.3475764,8ANDERSON_TN_360120-8PIN_HOOK_TN_360581,2538,0,577388490.796875,590654819.609375,2.297643445263464,0.7773837667454688,0.22261623325453112,0.0,0.0,13266328.8125,15341009.272158373,683025514.6197348
8BULL RUN FP_360093,8PIN HOOK TN_360581,353.6419348300544,500,889251807.2088945,8BULL_RUN_FP_360093-8PIN_HOOK_TN_360581,3343,0,756998318.578125,772129233.515625,1.9988042993174027,0.8052647322763985,0.19473526772360156,0.0,0.0,15130914.9375,17774403.354249083,907026210.5631436
8JVILLE FP_360037,8PIN HOOK TN_360581,159.83946745329055,500,406856507.9323126,8JVILLE_FP_360037-8PIN_HOOK_TN_360581,1579,0,361162316.859375,393801401.890625,9.037234370151248,0.1019632678910703,0.8980367321089296,0.0,0.0,32639085.03125,36768576.172056094,443625084.1043687
8DAVIDSON TN_360048,8PIN HOOK TN_360581,83.4943375980685,500,225891516.3962533,8DAVIDSON_TN_360048-8PIN_HOOK_TN_360581,768,0,186979406.984375,205677351.5625,10.000002074927705,0.0,1.0,0.0,0.0,18697944.578125,22589156.326710988,248480672.7229643
8GLEASON CT_360582,8PIN HOOK TN_360581,225.83524014925692,500,566267654.1741185,8GLEASON_CT_360582-8PIN_HOOK_TN_360581,2234,0,503688228.953125,567640309.4375,12.696758988649437,0.15801253357206804,0.6768128916741272,0.10922112802148612,0.05595344673231871,63952080.484375,71897639.2811667,638165293.4552852
8LAG CRK CT_360568,8PIN HOOK TN_360581,247.41185053257288,500,617693662.4396048,8LAG_CRK_CT_360568-8PIN_HOOK_TN_360581,2458,0,551779933.453125,630159523.46875,14.204864161172615,0.1436126932465419,0.6151342554922702,0.1903986981285598,0.050854353132628156,78379590.015625,87742545.68171796,705436208.1213228
8CUMBERLAND_360040,8PIN HOOK TN_360581,154.11912975318646,500,397534185.77542174,8CUMBERLAND_360040-8PIN_HOOK_TN_360581,1421,0,329976480.90625,371827378.015625,12.682993949882547,0.0,0.8571428571428571,0.14285714285714285,0.0,41850897.109375,50419236.730611585,447953422.5060333
8PHIPPS B NP_360102,8PIN HOOK TN_360581,443.13255167424535,500,1118747706.286953,8PHIPPS_B_NP_360102-8PIN_HOOK_TN_360581,4240,0,964271275.171875,979402190.109375,1.569155415814194,0.8464622641509434,0.1535377358490566,0.0,0.0,15130914.9375,17554890.222498797,1136302596.5094519
8MONTGOMERY_360044,8PIN HOOK TN_360581,155.21347391416555,500,403367219.744328,8MONTGOMERY_360044-8PIN_HOOK_TN_360581,1446,0,337886184.984375,387035137.109375,14.546008185351766,0.0,0.7793914246196404,0.20193637621023514,0.01867219917012448,49148952.125,58673828.80103581,462041048.54536384
8MARSHALL KY_360015,8PIN HOOK TN_360581,277.3058504305373,500,701058646.4586186,8MARSHALL_KY_360015-8PIN_HOOK_TN_360581,2535,0,577186465.796875,653832146.921875,13.279188904608397,0.23076923076923078,0.5562130177514792,0.13964497041420118,0.07337278106508875,76645681.125,93094901.99533069,794153548.4539493
7SHAWNEE FP_360002,8PIN HOOK TN_360581,339.14069457876195,500,834319111.9136541,7SHAWNEE_FP_360002-8PIN_HOOK_TN_360581,3203,0,709714694.921875,871200510.203125,22.753624299554097,0.11020917889478614,0.47236965344989074,0.11582891039650328,0.30159225725881983,161485815.28125,189837836.18420914,1024156948.0978632
8PARADISE CC_360117,8PIN HOOK TN_360581,229.91566870975308,500,581465736.5366757,8PARADISE_CC_360117-8PIN_HOOK_TN_360581,2252,0,511046690.234375,584043681.78125,14.28382043006624,0.0,0.7930728241563055,0.1913854351687389,0.015541740674955595,72996991.546875,83055521.66926083,664521258.2059366
8PARADISE CC_360117,8PIN HOOK TN_360581,229.91566870975308,500,581465736.5366757,8PARADISE_CC_360117-8PIN_HOOK_TN_360581,2252,0,511046690.234375,584043681.78125,14.28382043006624,0.0,0.7930728241563055,0.1913854351687389,0.015541740674955595,72996991.546875,83055521.66926083,664521258.2059366
8ACKERMAN CC_360627,8BRADLEY TN_360662,503.0684606607999,500,1229430096.356234,8ACKERMAN_CC_360627-8BRADLEY_TN_360662,4645,0,1022075161.5,1092281615.3125,6.869010857231372,0.6247578040904198,0.2632938643702906,0.06609257265877287,0.045855758880516684,70206453.8125,84449686.80077983,1313879783.157014
6CENTER PNT_360533,8BRADLEY TN_360662,65.47185709548347,500,163218383.89607537,6CENTER_PNT_360533-8BRADLEY_TN_360662,610,0,136946830.375,137456645.78125,0.3722725125174353,0.9622950819672131,0.03770491803278689,0.0,0.0,509815.40625,607617.1786202728,163826001.07469565
8BR FERRY NP_360052,8BRADLEY TN_360662,281.7703894381217,500,702494050.5534887,8BR_FERRY_NP_360052-8BRADLEY_TN_360662,2701,0,605607995.359375,612247296.71875,1.0963034521093373,0.890040725657164,0.10995927434283599,0.0,0.0,6639301.359375,7701466.527080609,710195517.0805694
6LOOPERS FRM_360602,8BRADLEY TN_360662,57.684435021371165,500,142866819.46495003,6LOOPERS_FRM_360602-8BRADLEY_TN_360662,533,0,118825690.828125,119335506.234375,0.42904476523297763,0.9568480300187617,0.043151969981238276,0.0,0.0,509815.40625,612962.6101692169,143479782.07511923
6COUNTY LINE_360013,8BRADLEY TN_360662,49.862383079282345,500,124653280.81465751,6COUNTY_LINE_360013-8BRADLEY_TN_360662,461,0,103731271.5625,104081545.65625,0.33767453967721295,0.96529284164859,0.03470715835140998,0.0,0.0,350274.09375,420922.3921834383,125074203.20684095
6YOUNG GA_361454,8BRADLEY TN_360662,90.78853890554882,500,227903520.8494054,6YOUNG_GA_361454-8BRADLEY_TN_360662,871,0,196772725.1875,197122999.28125,0.17800947433961323,0.981630309988519,0.018369690011481057,0.0,0.0,350274.09375,405689.85946549743,228309210.70887092
6KENSNGTN GA_361503,8BRADLEY TN_360662,96.4111168314365,500,242736183.94967613,6KENSNGTN_GA_361503-8BRADLEY_TN_360662,943,0,213840734.171875,214191008.265625,0.16380138943428157,0.9830328738069989,0.016967126193001062,0.0,0.0,350274.09375,397605.2419693231,243133789.19164544
6ALPHA GA_361502,8BRADLEY TN_360662,38.17937659289846,500,94649906.50546783,6ALPHA_GA_361502-8BRADLEY_TN_360662,349,0,77865856.265625,78375671.671875,0.6547355037243241,0.9340974212034384,0.0659025787965616,0.0,0.0,509815.40625,619706.5421331766,95269613.04760101
6CLOUDLANDGA_361633,8BRADLEY TN_360662,113.49787006825125,500,287785617.018439,6CLOUDLANDGA_361633-8BRADLEY_TN_360662,1108,0,253053026.59375,253403300.6875,0.13841924693211993,0.9855595667870036,0.01444043321299639,0.0,0.0,350274.09375,398350.683855878,288183967.7022949
6ROCK SPG GA_361500,8BRADLEY TN_360662,100.16398046432165,500,250925647.88971516,6ROCK_SPG_GA_361500-8BRADLEY_TN_360662,976,0,220062289.8125,220412563.90625,0.15917043035789114,0.9836065573770492,0.01639344262295082,0.0,0.0,350274.09375,399399.4336243862,251325047.32333955
6WID CRK FP_360068,8BRADLEY TN_360662,126.60827263219409,500,348297457.2817356,6WID_CRK_FP_360068-8BRADLEY_TN_360662,1170,0,290926951.34375,290926951.34375,0.0,1.0,0.0,0.0,0.0,0.0,0.0,348297457.2817356
6WRINGOLD GA_361504,8BRADLEY TN_360662,33.197396077558984,500,81817760.55531013,6WRINGOLD_GA_361504-8BRADLEY_TN_360662,304,0,67417408.265625,67767682.359375,0.5195603075839328,0.9473684210526315,0.05263157894736842,0.0,0.0,350274.09375,425092.60839945497,82242853.16370958
6BATTLFLD GA_361530,8BRADLEY TN_360662,115.0529999234733,500,323413981.356887,6BATTLFLD_GA_361530-8BRADLEY_TN_360662,1088,0,276166350.953125,276546220.1875,0.1375508757906152,0.9852941176470589,0.014705882352941176,0.0,0.0,379869.234375,444858.76378569496,323858840.1206727
6S HAVEN CC_360594,8BRADLEY TN_360662,567.4662269979269,500,1381870232.3259828,6S_HAVEN_CC_360594-8BRADLEY_TN_360662,5619,0,1232693536.109375,1420217372.109375,15.212526918236492,0.45061398825413773,0.21462893753336892,0.18953550453817405,0.14522156967431926,187523836.0,210217381.06768727,1592087613.39367
6CONCORD TN_361509,8BRADLEY TN_360662,40.15298048983057,500,100620959.26094061,6CONCORD_TN_361509-8BRADLEY_TN_360662,373,0,84218107.65625,84568381.75,0.41591304233490334,0.9571045576407506,0.04289544235924933,0.0,0.0,350274.09375,418495.6928887418,101039454.95382935
8BENTON MS_360612,8BRADLEY TN_360662,520.7675452388793,500,1267541919.7782001,8BENTON_MS_360612-8BRADLEY_TN_360662,5248,0,1149926149.578125,1304132836.234375,13.410138269559656,0.48246951219512196,0.22961128048780488,0.16291920731707318,0.125,154206686.65625,169979124.06688756,1437521043.8450878
8ANDERSON TN_360120,8BRADLEY TN_360662,132.05085055808178,500,321344501.57247174,8ANDERSON_TN_360120-8BRADLEY_TN_360662,1240,0,271588899.21875,271588899.21875,0.0,1.0,0.0,0.0,0.0,0.0,0.0,321344501.57247174
7SHAWNEE FP_360002,8BRADLEY TN_360662,526.5684932202637,500,1283895546.3750057,7SHAWNEE_FP_360002-8BRADLEY_TN_360662,5136,0,1128221329.984375,1283929831.0,13.801237122310162,0.4857866043613707,0.2538940809968847,0.07223520249221184,0.18808411214953272,155708501.015625,177193468.7579942,1461089015.133
8ACKERMAN CC_360627,8BULL RUN FP_360093,665.3139279610372,500,1640241913.7697291,8ACKERMAN_CC_360627-8BULL_RUN_FP_360093,5867,0,1302593817.0,1400727495.890625,7.533712935674486,0.511845917845577,0.3858871655019601,0.06596216124083859,0.03630475541162434,98133678.890625,123571117.23402482,1763813031.003754
6CENTER PNT_360533,8BULL RUN FP_360093,284.26279851395736,500,719726744.2097101,6CENTER_PNT_360533-8BULL_RUN_FP_360093,2691,0,613151345.28125,613151345.28125,0.0,1.0,0.0,0.0,0.0,0.0,0.0,719726744.2097101
8BR FERRY NP_360052,8BULL RUN FP_360093,413.64070744949413,500,1028141969.2015262,8BR_FERRY_NP_360052-8BULL_RUN_FP_360093,3740,0,836987890.40625,849859396.53125,1.5378366010471822,0.8454545454545455,0.15213903743315507,0.0024064171122994654,0.0,12871506.125,15811143.513108319,1043953112.7146345
6LOOPERS FRM_360602,8BULL RUN FP_360093,276.47537643984504,500,699375179.778585,6LOOPERS_FRM_360602-8BULL_RUN_FP_360093,2614,0,595030205.734375,595030205.734375,0.0,1.0,0.0,0.0,0.0,0.0,0.0,699375179.778585
6COUNTY LINE_360013,8BULL RUN FP_360093,276.2847790292968,500,692156211.1572448,6COUNTY_LINE_360013-8BULL_RUN_FP_360093,2592,0,584376305.5625,584726579.65625,0.059939817959042685,0.9938271604938271,0.006172839506172839,0.0,0.0,350274.09375,414877.1729598596,692571088.3302046
6YOUNG GA_361454,8BULL RUN FP_360093,317.2109348555633,500,795406451.1919928,6YOUNG_GA_361454-8BULL_RUN_FP_360093,3002,0,677417759.1875,677768033.28125,0.05170724992065168,0.9946702198534311,0.005329780146568954,0.0,0.0,350274.09375,411282.80160283,795817733.9935956
6KENSNGTN GA_361503,8BULL RUN FP_360093,313.0620776835531,500,797102189.618088,6KENSNGTN_GA_361503-8BULL_RUN_FP_360093,2883,0,660605150.5,663473375.953125,0.43418151538088257,0.9913284772806105,0.0,0.0,0.008671522719389525,2868225.453125,3460870.3660180103,800563059.9841061
6ALPHA GA_361502,8BULL RUN FP_360093,256.97031801137234,500,651158266.8191026,6ALPHA_GA_361502-8BULL_RUN_FP_360093,2430,0,554070371.171875,554070371.171875,0.0,1.0,0.0,0.0,0.0,0.0,0.0,651158266.8191026
6CLOUDLANDGA_361633,8BULL RUN FP_360093,286.7569478283311,500,729352223.143352,6CLOUDLANDGA_361633-8BULL_RUN_FP_360093,2628,0,601507262.671875,601507262.671875,0.0,1.0,0.0,0.0,0.0,0.0,0.0,729352223.143352
6ROCK SPG GA_361500,8BULL RUN FP_360093,317.10038287521115,500,806359392.8550955,6ROCK_SPG_GA_361500-8BULL_RUN_FP_360093,2920,0,668213365.765625,671081591.21875,0.4292379650081779,0.9914383561643836,0.0,0.0,0.008561643835616438,2868225.453125,3461200.6485435106,809820593.503639
6WID CRK FP_360068,8BULL RUN FP_360093,284.8378049493234,500,724335949.4599717,6WID_CRK_FP_360068-8BULL_RUN_FP_360093,2552,0,583885104.03125,583885104.03125,0.0,1.0,0.0,0.0,0.0,0.0,0.0,724335949.4599717
6WRINGOLD GA_361504,8BULL RUN FP_360093,259.61979202757345,500,649320690.8978975,6WRINGOLD_GA_361504-8BULL_RUN_FP_360093,2435,0,548062442.265625,548412716.359375,0.06391134782051111,0.993429158110883,0.006570841889117043,0.0,0.0,350274.09375,414989.6052303011,649735680.5031278
6BATTLFLD GA_361530,8BULL RUN FP_360093,281.5603374450151,500,718420621.5612993,6BATTLFLD_GA_361530-8BULL_RUN_FP_360093,2586,0,594016486.921875,594396356.15625,0.06394927459731914,0.9938128383604021,0.006187161639597835,0.0,0.0,379869.234375,459424.7760460023,718880046.3373454
6S HAVEN CC_360594,8BULL RUN FP_360093,678.5229671089204,500,1669931777.5965433,6S_HAVEN_CC_360594-8BULL_RUN_FP_360093,6481,0,1435169389.34375,1622693225.34375,13.066320769686124,0.5236846165715168,0.18608239469217713,0.1643264928251813,0.12590649591112482,187523836.0,218198642.69568583,1888130420.2922292
6CONCORD TN_361509,8BULL RUN FP_360093,266.57537643984506,500,668123889.6035279,6CONCORD_TN_361509-8BULL_RUN_FP_360093,2504,0,564863141.65625,565213415.75,0.0620104354345008,0.9936102236421726,0.006389776357827476,0.0,0.0,350274.09375,414306.5331850711,668538196.136713
8BRADLEY TN_360662,8BULL RUN FP_360093,229.53886347983175,500,575019001.5698333,8BRADLEY_TN_360662-8BULL_RUN_FP_360093,2160,0,486926972.953125,486926972.953125,0.0,1.0,0.0,0.0,0.0,0.0,0.0,575019001.5698333
8BENTON MS_360612,8BULL RUN FP_360093,631.8242853498729,500,1555603465.0487604,8BENTON_MS_360612-8BULL_RUN_FP_360093,6110,0,1352402002.8125,1506608689.46875,11.402429627844146,0.5554828150572831,0.1972176759410802,0.13993453355155483,0.10736497545008183,154206686.65625,177376590.39049,1732980055.4392505
8ANDERSON TN_360120,8BULL RUN FP_360093,114.90872718924359,500,294782030.6384865,8ANDERSON_TN_360120-8BULL_RUN_FP_360093,1069,0,246899329.375,246899329.375,0.0,1.0,0.0,0.0,0.0,0.0,0.0,294782030.6384865
7SHAWNEE FP_360002,8BULL RUN FP_360093,604.7621425473919,500,1474556114.2390757,7SHAWNEE_FP_360002-8BULL_RUN_FP_360093,5946,0,1304749364.375,1470370719.953125,12.693729546859057,0.4177598385469223,0.348301379078372,0.11419441641439623,0.11974436596030945,165621355.578125,187176165.15818232,1661732279.397258
8ACKERMAN CC_360627,8CHOCTAW MS_360654,22.7871817973109,500,54555149.45859781,8ACKERMAN_CC_360627-8CHOCTAW_MS_360654,202,0,43523817.125,56019614.546875,28.710251644489702,0.0,0.06435643564356436,0.9356435643564357,0.0,12495797.421875,15662920.694590893,70218070.1531887
6CENTER PNT_360533,8CHOCTAW MS_360654,498.18469447672635,500,1221113887.9194117,6CENTER_PNT_360533-8CHOCTAW_MS_360654,4715,0,1040194913.21875,1130577175.171875,8.688973653355859,0.5166489925768822,0.29862142099681865,0.1728525980911983,0.011876988335100742,90382261.953125,106102263.99878708,1327216151.9181988
8BR FERRY NP_360052,8CHOCTAW MS_360654,301.6004737356033,500,735740110.2780946,8BR_FERRY_NP_360052-8CHOCTAW_MS_360654,2626,0,576884790.625,674251121.75,16.877950798375664,0.02399086062452399,0.6991622239146992,0.19573495811119573,0.08111195734958111,97366331.125,124177853.81665167,859917964.0947464
6LOOPERS FRM_360602,8CHOCTAW MS_360654,504.9357918745201,500,1239253711.3731446,6LOOPERS_FRM_360602-8CHOCTAW_MS_360654,4778,0,1055432688.140625,1145814950.09375,8.563526880369142,0.5230221850146505,0.2946839681875262,0.17057346169945584,0.011720385098367517,90382261.953125,106123824.68941146,1345377536.062556
6COUNTY LINE_360013,8CHOCTAW MS_360654,488.6669087059566,500,1197571901.7677748,6COUNTY_LINE_360013-8CHOCTAW_MS_360654,4468,0,985781929.578125,1067117436.890625,8.250862069190923,0.5731871083258728,0.2723813786929275,0.1067591763652641,0.04767233661593554,81335507.3125,98810005.79424572,1296381907.5620205
6YOUNG GA_361454,8CHOCTAW MS_360654,454.7697983353951,500,1110693164.0534964,6YOUNG_GA_361454-8CHOCTAW_MS_360654,4139,0,910267348.796875,992842007.21875,9.07147318104029,0.5259724571152452,0.3073206088427156,0.11524522831601836,0.051461705726020775,82574658.421875,100756232.50076075,1211449396.5542572
6KENSNGTN GA_361503,8CHOCTAW MS_360654,454.9689866445989,500,1111221845.084578,6KENSNGTN_GA_361503-8CHOCTAW_MS_360654,4135,0,909287796.5625,991862454.984375,9.081245644563008,0.5255139056831922,0.30761789600967354,0.11535671100362757,0.05151148730350665,82574658.421875,100912785.40817595,1212134630.492754
6ALPHA GA_361502,8CHOCTAW MS_360654,524.0062918617657,500,1285348505.0985806,6ALPHA_GA_361502-8CHOCTAW_MS_360654,4958,0,1094665701.0625,1185047963.015625,8.256608557790624,0.5403388463089955,0.28398547801532875,0.16438079870915692,0.011294876966518758,90382261.953125,106126194.66940327,1391474699.767984
6CLOUDLANDGA_361633,8CHOCTAW MS_360654,435.24399964287545,500,1060356775.9841968,6CLOUDLANDGA_361633-8CHOCTAW_MS_360654,3944,0,864962116.40625,946297623.71875,9.403360652421778,0.5164807302231237,0.30856997971602435,0.12094320486815416,0.05400608519269777,81335507.3125,99709171.84818609,1160065947.832383
6ROCK SPG GA_361500,8CHOCTAW MS_360654,459.00729183625674,500,1120434661.2914624,6ROCK_SPG_GA_361500-8CHOCTAW_MS_360654,4172,0,916849730.890625,999424389.3125,9.006345929955417,0.5297219558964525,0.30488974113135187,0.11433365292425696,0.05105465004793864,82574658.421875,100910221.5150334,1221344882.806496
6WID CRK FP_360068,8CHOCTAW MS_360654,412.15127886348904,500,999790658.3763667,6WID_CRK_FP_360068-8CHOCTAW_MS_360654,3687,0,804949423.84375,885555686.90625,10.013829524542484,0.4917276918904258,0.32112828858150255,0.12937347436940602,0.05777054515866558,80606263.0625,100117332.1321103,1099907990.508477
6WRINGOLD GA_361504,8CHOCTAW MS_360654,496.8983892340505,500,1214826811.8189738,6WRINGOLD_GA_361504-8CHOCTAW_MS_360654,4581,0,1008491248.53125,1089826755.84375,8.065068232466643,0.5837153459943244,0.26566251910063304,0.10412573673870335,0.04649639816633923,81335507.3125,97976611.27949938,1312803423.098473
6BATTLFLD GA_361530,8CHOCTAW MS_360654,466.5893177817923,500,1141409400.3936005,6BATTLFLD_GA_361530-8CHOCTAW_MS_360654,4185,0,921875304.578125,1003152077.84375,8.81646062780903,0.5455197132616487,0.2896057347670251,0.11397849462365592,0.05089605734767025,81276773.265625,100631910.38781291,1242041310.7814133
6S HAVEN CC_360594,8CHOCTAW MS_360654,219.99712324129368,500,541255369.1243911,6S_HAVEN_CC_360594-8CHOCTAW_MS_360654,2107,0,467338955.328125,608351358.765625,30.173475125456495,0.0,0.2591362126245847,0.48599905078310396,0.25486473659231135,141012403.4375,163315554.1679459,704570923.292337
6CONCORD TN_361509,8CHOCTAW MS_360654,518.6854281778626,500,1270397860.925077,6CONCORD_TN_361509-8CHOCTAW_MS_360654,4780,0,1054242269.34375,1135577776.65625,7.715067938143871,0.6010460251046025,0.25460251046025106,0.0997907949790795,0.044560669456066945,81335507.3125,98012058.0550962,1368409918.980173
8BRADLEY TN_360662,8CHOCTAW MS_360654,524.6739476497689,500,1282946303.8685184,8BRADLEY_TN_360662-8CHOCTAW_MS_360654,4825,0,1062269670.109375,1143955451.515625,7.689740534325851,0.6014507772020725,0.2555440414507772,0.098860103626943,0.04414507772020725,81685781.40625,98655241.96221276,1381601545.8307312
8BENTON MS_360612,8CHOCTAW MS_360654,245.37958431023594,500,605010858.3522846,8BENTON_MS_360612-8CHOCTAW_MS_360654,2464,0,546296051.140625,689610043.859375,26.233759592353124,0.0,0.4630681818181818,0.26663961038961037,0.2702922077922078,143313992.71875,158717094.08777043,763727952.440055
8ANDERSON TN_360120,8CHOCTAW MS_360654,598.8887072454229,500,1463466550.8721447,8ANDERSON_TN_360120-8CHOCTAW_MS_360654,5288,0,1162813143.3125,1274710747.734375,9.623008224959761,0.39655824508320725,0.4606656580937973,0.10249621785173979,0.04027987897125567,111897604.421875,140829506.5599614,1604296057.432106
8BULL RUN FP_360093,8CHOCTAW MS_360654,686.919414950006,500,1693758121.2820134,8BULL_RUN_FP_360093-8CHOCTAW_MS_360654,6047,0,1342788325.609375,1452401332.09375,8.163089028542991,0.4966098892012568,0.3760542417727799,0.09211179097072929,0.035224078055234,109613006.484375,138262983.36842793,1832021104.6504414
7SHAWNEE FP_360002,8CHOCTAW MS_360654,477.94086999172464,500,1153955063.915276,7SHAWNEE_FP_360002-8CHOCTAW_MS_360654,4966,0,1079154289.90625,1449748247.65625,34.3411466938796,0.0,0.11518324607329843,0.5412807088199758,0.34353604510672575,370593957.75,396281401.2805971,1550236465.1958733
8CHOCTAW MS_360654,8E POINT AL_360058,306.6015322661115,500,746754039.005126,8CHOCTAW_MS_360654-8E_POINT_AL_360058,2904,0,636149906.6875,720246439.640625,13.219609414237677,0.3550275482093664,0.37086776859504134,0.20798898071625344,0.06611570247933884,84096532.953125,98717967.24152175,845472006.2466477
8ACKERMAN CC_360627,8E POINT AL_360058,284.9960452771427,500,693237831.4928417,8ACKERMAN_CC_360627-8E_POINT_AL_360058,2724,0,595955398.078125,668572603.4375,12.185006729288062,0.37848751835535976,0.39170337738619676,0.1593245227606461,0.07048458149779736,72617205.359375,84471076.4173734,777708907.9102151
8CLAY_360688,8E POINT AL_360058,236.5679089355367,500,575874344.1502419,8CLAY_360688-8E_POINT_AL_360058,2241,0,490879779.765625,540763573.171875,10.162120230347949,0.3949129852744311,0.4109772423025435,0.18518518518518517,0.00892458723784025,49883793.40625,58521043.2282753,634395387.3785172
8COGEN CALED_360606,8E POINT AL_360058,189.3991297531865,500,458553753.4191532,8COGEN_CALED_360606-8E_POINT_AL_360058,1813,0,395249337.5,418300286.265625,5.83200187290005,0.4881412024269167,0.4738003309431881,0.038058466629895205,0.0,23050948.765625,26742863.48765849,485296616.9068117
6CENTER PNT_360533,8E POINT AL_360058,223.40232452326512,500,549750354.1170638,6CENTER_PNT_360533-8E_POINT_AL_360058,2103,0,465913898.390625,467338587.15625,0.3057837017840015,0.9695672848311936,0.030432715168806468,0.0,0.0,1424688.765625,1681046.9833898144,551431401.1004536
8BR FERRY NP_360052,8E POINT AL_360058,144.9192986032385,500,352768907.8222916,8BR_FERRY_NP_360052-8E_POINT_AL_360058,1366,0,299500193.6875,318286110.046875,6.272422107004161,0.47218155197657397,0.4773060029282577,0.050512445095168376,0.0,18785916.359375,22127154.96088255,374896062.78317416
6LOOPERS FRM_360602,8E POINT AL_360058,230.1534219210589,500,567890177.5707965,6LOOPERS_FRM_360602-8E_POINT_AL_360058,2166,0,481151673.3125,482576362.078125,0.29609972169828414,0.9704524469067405,0.029547553093259463,0.0,0.0,1424688.765625,1681521.23533902,569571698.8061355
6COUNTY LINE_360013,8E POINT AL_360058,212.16466217235143,500,529943341.0266801,6COUNTY_LINE_360013-8E_POINT_AL_360058,1945,0,437210890.875,437210890.875,0.0,1.0,0.0,0.0,0.0,0.0,0.0,529943341.0266801
6YOUNG GA_361454,8E POINT AL_360058,182.59724009823913,500,454037633.0759281,6YOUNG_GA_361454-8E_POINT_AL_360058,1626,0,363818658.40625,364417527.53125,0.164606490393715,0.9833948339483395,0.016605166051660517,0.0,0.0,598869.125,747375.4128729786,454785008.48880106
6KENSNGTN GA_361503,8E POINT AL_360058,182.79642840744282,500,454566314.10700995,6KENSNGTN_GA_361503-8E_POINT_AL_360058,1622,0,362839106.171875,363437975.296875,0.16505087649409944,0.9833538840937115,0.016646115906288533,0.0,0.0,598869.125,750265.6856805411,455316579.7926905
6ALPHA GA_361502,8E POINT AL_360058,249.22392190830442,500,613984971.2962325,6ALPHA_GA_361502-8E_POINT_AL_360058,2346,0,520384686.234375,521809375.0,0.27377607437575335,0.9727195225916454,0.027280477408354646,0.0,0.0,1424688.765625,1680943.9516719214,615665915.2479044
6CLOUDLANDGA_361633,8E POINT AL_360058,164.2930647873121,500,405240325.6063286,6CLOUDLANDGA_361633-8E_POINT_AL_360058,1457,0,323493370.03125,323493370.03125,0.0,1.0,0.0,0.0,0.0,0.0,0.0,405240325.6063286
6ROCK SPG GA_361500,8E POINT AL_360058,186.8347335991008,500,463779130.3138944,6ROCK_SPG_GA_361500-8E_POINT_AL_360058,1659,0,370401040.5,370999909.625,0.16168127502871332,0.9837251356238698,0.0162748643761302,0.0,0.0,598869.125,749844.0112085823,464528974.325103
6WID CRK FP_360068,8E POINT AL_360058,149.76294793036666,500,362866363.8876523,6WID_CRK_FP_360068-8E_POINT_AL_360058,1361,0,296794094.078125,296794094.078125,0.0,1.0,0.0,0.0,0.0,0.0,0.0,362866363.8876523
6WRINGOLD GA_361504,8E POINT AL_360058,220.39614270044535,500,547198251.0778792,6WRINGOLD_GA_361504-8E_POINT_AL_360058,2058,0,459920209.828125,459920209.828125,0.0,1.0,0.0,0.0,0.0,0.0,0.0,547198251.0778792
6BATTLFLD GA_361530,8E POINT AL_360058,200.76289593726003,500,502365436.0638157,6BATTLFLD_GA_361530-8E_POINT_AL_360058,1815,0,409263061.265625,409933571.46875,0.16383355024796042,0.984573002754821,0.015426997245179064,0.0,0.0,670510.203125,823043.129121997,503188479.19293773
6S HAVEN CC_360594,8E POINT AL_360058,397.2979543657327,500,973161311.0698358,6S_HAVEN_CC_360594-8E_POINT_AL_360058,3966,0,874950024.46875,1050539646.109375,20.06853154238599,0.2528996469994957,0.3048411497730711,0.26374180534543623,0.17851739788199697,175589621.640625,195299184.67034703,1168460495.7401829
6CONCORD TN_361509,8E POINT AL_360058,242.1831816442575,500,602769300.1839823,6CONCORD_TN_361509-8E_POINT_AL_360058,2257,0,505671230.640625,505671230.640625,0.0,1.0,0.0,0.0,0.0,0.0,0.0,602769300.1839823
8BRADLEY TN_360662,8E POINT AL_360058,248.1717011161636,500,615317743.1274238,8BRADLEY_TN_360662-8E_POINT_AL_360058,2302,0,513698631.40625,514048905.5,0.06818669008152867,0.9930495221546481,0.0069504778453518675,0.0,0.0,350274.09375,419564.8025229531,615737307.9299467
8BENTON MS_360612,8E POINT AL_360058,365.24928547741735,500,890442268.4166932,8BENTON_MS_360612-8E_POINT_AL_360058,3467,0,761274128.828125,889582895.21875,16.854476138331197,0.28929910585520624,0.36832996827228154,0.20334583213152582,0.13902509374098646,128308766.390625,150079379.6559066,1040521648.0725998
8ANDERSON TN_360120,8E POINT AL_360058,338.894006205786,500,839930560.5658803,8ANDERSON_TN_360120-8E_POINT_AL_360058,3047,0,679441270.375,679441270.375,0.0,1.0,0.0,0.0,0.0,0.0,0.0,839930560.5658803
8BULL RUN FP_360093,8E POINT AL_360058,434.0916359972358,500,1084145154.7166467,8BULL_RUN_FP_360093-8E_POINT_AL_360058,3908,0,878188126.625,878188126.625,0.0,1.0,0.0,0.0,0.0,0.0,0.0,1084145154.7166467
8DAVIDSON TN_360048,8E POINT AL_360058,273.59802579248213,500,680459075.3905928,8DAVIDSON_TN_360048-8E_POINT_AL_360058,2587,0,578917067.703125,598372328.921875,3.3606300978375803,0.6718206416698879,0.3281793583301121,0.0,0.0,19455261.21875,22867712.49104357,703326787.8816364
8CUMBERLAND_360040,8E POINT AL_360058,308.2458309968946,500,744198103.0029671,8CUMBERLAND_360040-8E_POINT_AL_360058,2996,0,651341014.09375,719759515.96875,10.50425205760992,0.2923898531375167,0.5363818424566088,0.1712283044058745,0.0,68418501.875,78172444.54738316,822370547.5503503
7SHAWNEE FP_360002,8E POINT AL_360058,448.05132429368507,500,1074693718.7817254,7SHAWNEE_FP_360002-8E_POINT_AL_360058,4025,0,869013339.296875,1062162568.859375,22.226267518376464,0.14782608695652175,0.4027329192546584,0.2057142857142857,0.24372670807453417,193149229.5625,238864300.9396147,1313558019.7213402
8CHOCTAW MS_360654,8MONTGOMERY_360044,471.8168892723138,500,1136461397.570704,8CHOCTAW_MS_360654-8MONTGOMERY_360044,4398,0,953860835.28125,1181322848.890625,23.846456966891495,0.0,0.3938153706230105,0.5222828558435653,0.08390177353342429,227462013.609375,271005778.1170316,1407467175.6877356
8ACKERMAN CC_360627,8MONTGOMERY_360044,452.47464904653026,500,1091112955.9511542,8ACKERMAN_CC_360627-8MONTGOMERY_360044,4268,0,926381913.375,1107331507.109375,19.532936807362567,0.0,0.5302249297094658,0.46344892221180883,0.006326148078725398,180949593.734375,213126404.18288472,1304239360.134039
8CLAY_360688,8MONTGOMERY_360044,422.83448675938877,500,1021001211.4593531,8CLAY_360688-8MONTGOMERY_360044,4065,0,884100578.828125,1008889730.359375,14.114813915930014,0.04034440344403444,0.7694956949569496,0.15793357933579336,0.03222632226322263,124789151.53125,144112421.0768788,1165113632.536232
8COGEN CALED_360606,8MONTGOMERY_360044,385.0138244850018,500,929156954.897938,8COGEN_CALED_360606-8MONTGOMERY_360044,3803,0,826502842.6875,929799383.34375,12.498026058853661,0.04312384959242703,0.8196160925585064,0.13016039968445964,0.007099658164606889,103296540.65625,116126278.35079545,1045283233.2487335
8E POINT AL_360058,8MONTGOMERY_360044,346.31511016649034,500,857096046.8874743,8E_POINT_AL_360058-8MONTGOMERY_360044,3291,0,733606379.40625,783127070.546875,6.750308139455519,0.5384381646915831,0.3646308113035551,0.08872683075053175,0.008204193254329991,49520691.140625,57856624.21599667,914952671.1034709
6CENTER PNT_360533,8MONTGOMERY_360044,397.97083086935004,500,972906303.884117,6CENTER_PNT_360533-8MONTGOMERY_360044,3674,0,808290330.8125,862598782.140625,6.718928738580066,0.6785519869352205,0.13935764833968428,0.18209036472509527,0.0,54308451.328125,65368881.25112704,1038275185.135244
8BR FERRY NP_360052,8MONTGOMERY_360044,236.7859089865545,500,578961733.363728,8BR_FERRY_NP_360052-8MONTGOMERY_360044,2371,0,521982953.234375,573515659.46875,9.872488347571839,0.38253901307465205,0.4479122733024041,0.15816111345423872,0.011387600168705188,51532706.234375,57157929.66323399,636119663.026962
6LOOPERS FRM_360602,8MONTGOMERY_360044,390.18340879523777,500,952554739.4529917,6LOOPERS_FRM_360602-8MONTGOMERY_360044,3597,0,790169191.265625,844477642.59375,6.873015542549621,0.6716708368084515,0.14234083958854601,0.1859883236030025,0.0,54308451.328125,65469235.293897174,1018023974.7468889
8LIMESTONE_360088,8MONTGOMERY_360044,242.47748037504053,500,594107080.7731702,8LIMESTONE_360088-8MONTGOMERY_360044,2334,0,515166734.09375,571182562.140625,10.873339511219537,0.2532133676092545,0.589974293059126,0.14524421593830333,0.011568123393316195,56015828.046875,64599279.95266209,658706360.7258323
6COUNTY LINE_360013,8MONTGOMERY_360044,372.6051750303291,500,938121732.7103069,6COUNTY_LINE_360013-8MONTGOMERY_360044,3405,0,771660703.625,820264370.171875,6.298579974145557,0.5806167400881057,0.3218795888399413,0.08957415565345081,0.007929515418502203,48603666.546875,59088347.5895987,997210080.2999055
6YOUNG GA_361454,8MONTGOMERY_360044,330.17907119716926,500,834528541.2103904,6YOUNG_GA_361454-8MONTGOMERY_360044,3091,0,703611135.4375,752657572.171875,6.970673752040368,0.5551601423487544,0.33354901326431574,0.09446780977030088,0.016823034616628922,49046436.734375,58172261.97543808,892700803.1858286
8MADISON AL_360060,8MONTGOMERY_360044,247.63635698069342,500,607773100.5780978,8MADISON_AL_360060-8MONTGOMERY_360044,2347,0,518970590.71875,573140492.84375,10.437952187228428,0.2905837239028547,0.5543246697912229,0.1435875585854282,0.011504047720494247,54169902.125,63439065.645177595,671212166.2232754
6KENSNGTN GA_361503,8MONTGOMERY_360044,330.4746556094409,500,834902771.4515967,6KENSNGTN_GA_361503-8MONTGOMERY_360044,3086,0,702058460.625,751104897.359375,6.986090117155186,0.5544394037589112,0.3340894361633182,0.09462086843810759,0.016850291639662993,49046436.734375,58327060.00423475,893229831.4558315
6ALPHA GA_361502,8MONTGOMERY_360044,370.678350366765,500,904337826.4935094,6ALPHA_GA_361502-8MONTGOMERY_360044,3413,0,749209356.703125,803517808.03125,7.248768430643726,0.6539701142689716,0.1500146498681512,0.19601523586287722,0.0,54308451.328125,65553354.87323114,969891181.3667406
6CLOUDLANDGA_361633,8MONTGOMERY_360044,304.1695257542188,500,767152804.9768609,6CLOUDLANDGA_361633-8MONTGOMERY_360044,2831,0,642960572.796875,689138784.078125,7.18212177153803,0.5231367008124338,0.3641822677499117,0.10314376545390322,0.009537265983751325,46178211.28125,55097848.627207816,822250653.6040688
8MAGNOL CC1_360613,8MONTGOMERY_360044,295.54553216407595,500,717618456.0674679,8MAGNOL_CC1_360613-8MONTGOMERY_360044,2526,0,551981755.078125,667163304.75,20.866912468071106,0.0,0.46476642913697547,0.5241488519398259,0.011084718923198733,115181549.671875,149744815.08232182,867363271.1497898
6ROCK SPG GA_361500,8MONTGOMERY_360044,334.51296080109887,500,844159974.6886044,6ROCK_SPG_GA_361500-8MONTGOMERY_360044,3123,0,709666675.890625,758713112.625,6.911193437795604,0.5597182196605828,0.33013128402177394,0.09349983989753442,0.01665065642010887,49046436.734375,58341528.775175855,902501503.4637802
6WID CRK FP_360068,8MONTGOMERY_360044,270.4839413419472,500,679672893.5155551,6WID_CRK_FP_360068-8MONTGOMERY_360044,2465,0,557728555.59375,606332222.140625,8.714573793900904,0.4206896551724138,0.44462474645030425,0.12373225152129817,0.010953346855983773,48603666.546875,59230595.86255456,738903489.3781097
6WRINGOLD GA_361504,8MONTGOMERY_360044,369.22555816062936,500,900295709.3707321,6WRINGOLD_GA_361504-8MONTGOMERY_360044,3401,0,746107752.515625,800766477.9375,7.325848744713359,0.6480446927374302,0.15524845633637166,0.1967068509261982,0.0,54658725.421875,65954301.923644006,966250011.2943761
6BATTLFLD GA_361530,8MONTGOMERY_360044,308.20627899103346,500,778299414.5659559,6BATTLFLD_GA_361530-8MONTGOMERY_360044,2851,0,647285310.84375,693908641.609375,7.202902643480424,0.5191160996141705,0.3689933356716941,0.10242020343739039,0.009470361276745002,46623330.765625,56060149.10596391,834359563.6719198
6S HAVEN CC_360594,8MONTGOMERY_360044,382.27593472801885,500,938986809.162966,6S_HAVEN_CC_360594-8MONTGOMERY_360044,3406,0,754439231.03125,962650645.9375,27.598169122467798,0.0,0.35466823253082796,0.42072812683499705,0.22460364063417498,208211414.90625,259143167.63045934,1198129976.7934253
6CONCORD TN_361509,8MONTGOMERY_360044,376.18114257290085,500,919098908.0763626,6CONCORD_TN_361509-8MONTGOMERY_360044,3470,0,762908451.90625,817567177.328125,7.164519580993156,0.6550432276657061,0.1521613832853026,0.19279538904899135,0.0,54658725.421875,65849021.23782529,984947929.3141879
8BRADLEY TN_360662,8MONTGOMERY_360044,339.14462961288757,500,825994020.0426679,8BRADLEY_TN_360662-8MONTGOMERY_360044,3126,0,684972283.203125,739280734.53125,7.928561879053442,0.6222008957133717,0.163787587971849,0.21401151631477927,0.0,54308451.328125,65489446.99636401,891483467.0390319
8BENTON MS_360612,8MONTGOMERY_360044,324.0188763505639,500,789334546.1302536,8BENTON_MS_360612-8MONTGOMERY_360044,2919,0,639962254.6875,812872204.53125,27.018773150642094,0.0,0.32476875642343267,0.499486125385406,0.17574511819116137,172909949.84375,213268510.41858357,1002603056.5488372
8FRANKLIN TN_360069,8MONTGOMERY_360044,220.5271686714898,500,549000464.0531058,8FRANKLIN_TN_360069-8MONTGOMERY_360044,2052,0,459617851.375,503928987.609375,9.64086492763785,0.38255360623781676,0.4619883040935672,0.14230019493177387,0.013157894736842105,44311136.234375,52928393.19146492,601928857.2445707
8HAYWOOD TN_360542,8MONTGOMERY_360044,250.4203374450151,500,607424102.4940085,8HAYWOOD_TN_360542-8MONTGOMERY_360044,2240,0,489599250.21875,608401296.6875,24.265161030305894,0.128125,0.2611607142857143,0.4392857142857143,0.17142857142857143,118802046.46875,147392436.6070615,754816539.10107
8HIWASSEE TN_360110,8MONTGOMERY_360044,291.940123164767,500,710120359.8138236,8HIWASSEE_TN_360110-8MONTGOMERY_360044,2715,0,594431967.890625,649301709.71875,9.230617596633195,0.5558011049723757,0.19779005524861878,0.24640883977900552,0.0,54869741.828125,65548494.89024976,775668854.7040733
8LAG CRK CC_360615,8MONTGOMERY_360044,262.85248681040656,500,635388114.5902771,8LAG_CRK_CC_360615-8MONTGOMERY_360044,2415,0,525575901.703125,667594931.03125,27.02160218303642,0.11884057971014493,0.24265010351966873,0.3581780538302277,0.2803312629399586,142019029.328125,171692048.64288026,807080163.2331574
8MAURY TN_360050,8MONTGOMERY_360044,122.02977915684133,500,305512444.8926126,8MAURY_TN_360050-8MONTGOMERY_360044,1197,0,269841312.203125,310910534.328125,15.21976816288413,0.04845446950710108,0.6850459482038429,0.24394319131161235,0.022556390977443608,41069222.125,46498285.82141477,352010730.71402735
8JACKSON TN_360019,8MONTGOMERY_360044,205.12986345432287,500,498345043.08853185,8JACKSON_TN_360019-8MONTGOMERY_360044,1825,0,399250055.78125,479571881.5,20.118175202650068,0.15726027397260273,0.32054794520547947,0.45808219178082193,0.06410958904109589,80321825.71875,100257928.88227281,598602971.9708047
8ANDERSON TN_360120,8MONTGOMERY_360044,311.6338504815551,500,766142114.7461004,8ANDERSON_TN_360120-8MONTGOMERY_360044,3044,0,672517578.484375,727786466.515625,8.21820719627986,0.59526938239159,0.18495400788436267,0.2197766097240473,0.0,55268888.03125,62963146.40779472,829105261.1538951
8BULL RUN FP_360093,8MONTGOMERY_360044,366.10988945087615,500,900068661.5657669,8BULL_RUN_FP_360093-8MONTGOMERY_360044,3670,0,811576193.765625,864965149.625,6.578428035408002,0.688283378746594,0.12942779291553133,0.18228882833787466,0.0,53388955.859375,59210369.17036398,959279030.736131
8JVILLE FP_360037,8MONTGOMERY_360044,116.67693495759892,500,284640600.7375314,8JVILLE_FP_360037-8MONTGOMERY_360044,1029,0,226003866.34375,264533103.015625,17.048043157488447,0.17784256559766765,0.4101068999028183,0.3858114674441205,0.026239067055393587,38529236.671875,48525652.45746874,333166253.1950002
8DAVIDSON TN_360048,8MONTGOMERY_360044,79.56832462530072,500,199393207.33279482,8DAVIDSON_TN_360048-8MONTGOMERY_360044,760,0,171460297.0,203966656.890625,18.95853469250961,0.0,0.5802631578947368,0.38421052631578945,0.035526315789473684,32506359.890625,37802030.38669552,237195237.71949035
8GLEASON CT_360582,8MONTGOMERY_360044,174.4765778238521,500,425469161.9038136,8GLEASON_CT_360582-8MONTGOMERY_360044,1694,0,372025631.40625,447587399.15625,20.31090370423616,0.20838252656434475,0.25737898465171194,0.4445100354191263,0.089728453364817,75561767.75,86416631.76550423,511885793.66931784
8LAG CRK CT_360568,8MONTGOMERY_360044,196.05318820716812,500,476895170.16929984,8LAG_CRK_CT_360568-8MONTGOMERY_360044,1918,0,420117335.90625,510151117.578125,21.43062758352019,0.1840458811261731,0.22679874869655892,0.5099061522419187,0.07924921793534932,90033781.671875,102201627.88277751,579096798.0520773
8CUMBERLAND_360040,8MONTGOMERY_360044,79.85111683143651,500,195477185.14547628,8CUMBERLAND_360040-8MONTGOMERY_360044,759,0,167324533.09375,202455245.875,20.99555404799287,0.0,0.4888010540184453,0.4756258234519104,0.03557312252964427,35130712.78125,41041518.05871356,236518703.20418984
8MARSHALL KY_360015,8MONTGOMERY_360044,199.69822720199807,500,482101461.53462267,8MARSHALL_KY_360015-8MONTGOMERY_360044,2043,0,443817486.125,515782161.71875,16.21492569436107,0.013705335291238374,0.7440039158100832,0.16691140479686736,0.07537934410181106,71964675.59375,78172393.75926779,560273855.2938905
7SHAWNEE FP_360002,8MONTGOMERY_360044,287.7820322533571,500,693520619.643349,7SHAWNEE_FP_360002-8MONTGOMERY_360044,2663,0,578052097.375,751192104.3125,29.952318782986588,0.1325572662410815,0.16372512204280887,0.33082989110026284,0.3728877206158468,173140006.9375,207725506.82131982,901246126.4646689
8CHOCTAW MS_360654,8UNION MS_360033,148.24710380765097,500,357920828.85484767,8CHOCTAW_MS_360654-8UNION_MS_360033,1427,0,310266191.828125,394039370.9375,27.000421352959393,0.0,0.2669936930623686,0.6166783461807989,0.11632796075683252,83773179.109375,96640131.90081353,454560960.7556612
8ACKERMAN CC_360627,8UNION MS_360033,130.55419474456977,500,316575998.4747325,8ACKERMAN_CC_360627-8UNION_MS_360033,1300,0,283946093.671875,350927343.140625,23.589424528640567,0.0,0.38,0.5638461538461539,0.05615384615384615,66981249.46875,74678456.23598734,391254454.7107198
8CLAY_360688,8UNION MS_360033,112.0956038459143,500,269049170.86370087,8CLAY_360688-8UNION_MS_360033,1121,0,242132710.8125,314501186.515625,29.887938502933164,0.0,0.24531668153434433,0.5165031222123104,0.23818019625334522,72368475.703125,80413250.73039448,349462421.59409535
8COGEN CALED_360606,8UNION MS_360033,107.44622069010528,500,259962650.49464163,8COGEN_CALED_360606-8UNION_MS_360033,972,0,211606462.6875,253497116.015625,19.79649052117516,0.0,0.5895061728395061,0.33539094650205764,0.07510288065843622,41890653.328125,51463481.46376743,311426131.9584091
8E POINT AL_360058,8UNION MS_360033,247.6818505325729,500,609323914.1202267,8E_POINT_AL_360058-8UNION_MS_360033,2461,0,544312740.03125,583128360.015625,7.131124651270615,0.5351483136936205,0.3722064201544088,0.06785859406745226,0.02478667208451849,38815619.984375,43451647.845914476,652775561.9661412
8TRICO STEEL_360014,8UNION MS_360033,188.83399989796442,500,458403267.25997096,8TRICO_STEEL_360014-8UNION_MS_360033,1844,0,403157890.234375,473119071.265625,17.35329574985578,0.1420824295010846,0.5070498915401301,0.2678958785249458,0.08297180043383948,69961181.03125,79548074.69462457,537951341.9545956
6CENTER PNT_360533,8UNION MS_360033,433.99539587348784,500,1061214624.3631444,6CENTER_PNT_360533-8UNION_MS_360033,4247,0,934837944.078125,1018641344.921875,8.96448431245389,0.4782199199434895,0.36943724982340476,0.11631740051801272,0.03602542971509301,83803400.84375,95132418.52250057,1156347042.885645
8BR FERRY NP_360052,8UNION MS_360033,196.06132454877405,500,478579301.5209838,8BR_FERRY_NP_360052-8UNION_MS_360033,1863,0,409636911.765625,481775265.5,17.61031578512855,0.045625335480407946,0.6371443907675792,0.23510466988727857,0.0821256038647343,72138353.734375,84279326.28010777,562858627.8010916
6LOOPERS FRM_360602,8UNION MS_360033,440.7464932712815,500,1079354447.8168771,6LOOPERS_FRM_360602-8UNION_MS_360033,4310,0,950075719.0,1033879119.84375,8.820707567598628,0.48584686774941993,0.3640371229698376,0.11461716937354989,0.035498839907192575,83803400.84375,95206699.45979567,1174561147.2766728
8LIMESTONE_360088,8UNION MS_360033,219.80807778558875,500,535536688.8471298,8LIMESTONE_360088-8UNION_MS_360033,2102,0,461232919.6875,533129769.296875,15.587970099377868,0.15937202664129402,0.5594671741198858,0.20837297811607994,0.07278782112274025,71896849.609375,83479298.92868888,619015987.7758187
6COUNTY LINE_360013,8UNION MS_360033,409.02592185728673,500,1002050629.801948,6COUNTY_LINE_360013-8UNION_MS_360033,3994,0,880310344.703125,962580530.078125,9.345588844891362,0.4619429143715573,0.3760640961442163,0.12368552829243866,0.038307461191787684,82270185.375,93647531.87893447,1095698161.6808825
6YOUNG GA_361454,8UNION MS_360033,375.12881148672506,500,915171892.0876693,6YOUNG_GA_361454-8UNION_MS_360033,3665,0,804795763.921875,888305100.40625,10.376463225579503,0.3986357435197817,0.4248294679399727,0.13478854024556616,0.0417462482946794,83509336.484375,94962474.83331713,1010134366.9209864
8MADISON AL_360060,8UNION MS_360033,259.3656881433958,500,634399000.3691902,8MADISON_AL_360060-8UNION_MS_360033,2462,0,542288215.9375,619217851.875,14.186116105161005,0.1892770105605199,0.5706742485783916,0.17790414297319251,0.062144597887896016,76929635.9375,89996578.76235412,724395579.1315444
6KENSNGTN GA_361503,8UNION MS_360033,375.3279997959288,500,915700573.1187512,6KENSNGTN_GA_361503-8UNION_MS_360033,3661,0,803816211.6875,887325548.171875,10.38910826506707,0.3979786943458072,0.42529363561868344,0.13493580988800874,0.041791860147500685,83509336.484375,95133123.92514671,1010833697.0438979
6ALPHA GA_361502,8UNION MS_360033,459.8169932585271,500,1125449241.542313,6ALPHA_GA_361502-8UNION_MS_360033,4490,0,989308731.921875,1073112132.765625,8.470904798439394,0.5064587973273942,0.34944320712694876,0.11002227171492204,0.03407572383073497,83803400.84375,95335733.80580758,1220784975.3481207
6CLOUDLANDGA_361633,8UNION MS_360033,355.6030127942055,500,864835504.0183699,6CLOUDLANDGA_361633-8UNION_MS_360033,3470,0,759490531.53125,841760716.90625,10.83228584945366,0.38069164265129685,0.4328530259365994,0.14236311239193083,0.044092219020172914,82270185.375,93681453.92283311,958516957.941203
8MAGNOL CC1_360613,8UNION MS_360033,65.28125968493524,500,158219992.21730244,8MAGNOL_CC1_360613-8UNION_MS_360033,588,0,128373580.453125,167584734.015625,30.544566431889585,0.0,0.2687074829931973,0.44047619047619047,0.29081632653061223,39211153.5625,48327610.63134447,206547602.8486469
6ROCK SPG GA_361500,8UNION MS_360033,379.36630498758683,500,924913389.3256356,6ROCK_SPG_GA_361500-8UNION_MS_360033,3698,0,811378146.015625,894887482.5,10.292283184413842,0.40400216333153055,0.4210383991346674,0.13358572201189833,0.041373715521903734,83509336.484375,95194705.23995452,1020108094.56559
6WID CRK FP_360068,8UNION MS_360033,332.5102920148191,500,804269386.4105399,6WID_CRK_FP_360068-8UNION_MS_360033,3213,0,699477838.96875,781018780.09375,11.657401647665777,0.3414254590725179,0.4572051042639278,0.1537503890445067,0.047619047619047616,81540941.125,93756912.70309372,898026299.1136336
6WRINGOLD GA_361504,8UNION MS_360033,417.2574023853806,500,1019305539.853147,6WRINGOLD_GA_361504-8UNION_MS_360033,4107,0,903019663.65625,985289849.03125,9.110564109079867,0.4767470172875578,0.36571706841977114,0.12028244460676893,0.03725346968590212,82270185.375,92864484.6757236,1112170024.5288706
6BATTLFLD GA_361530,8UNION MS_360033,386.9483309331223,500,945888128.4277735,6BATTLFLD_GA_361530-8UNION_MS_360033,3711,0,816403719.703125,898615171.03125,10.069950607037924,0.42225815144165996,0.4033953112368634,0.13311775801670708,0.041228779304769606,82211451.328125,95250467.33051224,1041138595.7582858
6S HAVEN CC_360594,8UNION MS_360033,162.04953888003993,500,402532307.13367826,6S_HAVEN_CC_360594-8UNION_MS_360033,1599,0,358060824.28125,493678453.515625,37.87558426884756,0.0,0.07692307692307693,0.4596622889305816,0.4634146341463415,135617629.234375,152461463.1977526,554993770.3314309
6CONCORD TN_361509,8UNION MS_360033,439.04444132919275,500,1074876588.95925,6CONCORD_TN_361509-8UNION_MS_360033,4306,0,948770684.46875,1031040869.84375,8.671240239791555,0.5009289363678588,0.34881560613098,0.114723641430562,0.035531816070599166,82270185.375,93205131.30993336,1168081720.2691834
8BRADLEY TN_360662,8UNION MS_360033,445.0329608010989,500,1087425031.9026916,8BRADLEY_TN_360662-8UNION_MS_360033,4351,0,956798085.234375,1039418544.703125,8.635098746932734,0.5024132383360147,0.3488853137209837,0.11353711790393013,0.035164330039071476,82620459.46875,93900225.30366221,1181325257.206354
8RACCOON MTN_360079,8UNION MS_360033,374.0772335353286,500,908471490.5773151,8RACCOON_MTN_360079-8UNION_MS_360033,3580,0,782348208.453125,863889149.578125,10.422589359055912,0.40893854748603353,0.4103351955307263,0.13798882681564245,0.04273743016759776,81540941.125,94686252.9069679,1003157743.484283
8BENTON MS_360612,8UNION MS_360033,140.0530907838654,500,346214273.449098,8BENTON_MS_360612-8UNION_MS_360033,1244,0,277345572.25,381862859.703125,37.68485885864905,0.0,0.12620578778135047,0.38263665594855306,0.49115755627009644,104517287.453125,130470360.29778986,476684633.74688786
8SEQUOYAH NP_360081,8UNION MS_360033,420.715701014128,500,1036133914.7782531,8SEQUOYAH_NP_360081-8UNION_MS_360033,3964,0,879013693.421875,968025558.265625,10.126334266448067,0.36629667003027244,0.477547931382442,0.11755802219979819,0.038597376387487385,89011864.84375,104922383.65848005,1141056298.4367332
8FRANKLIN TN_360069,8UNION MS_360033,308.08959718096816,500,745343062.5050654,8FRANKLIN_TN_360069-8UNION_MS_360033,2870,0,625222443.953125,711892070.984375,13.862206622535766,0.1616724738675958,0.6226480836236934,0.16236933797909409,0.05331010452961672,86669627.03125,103320995.37118807,848664057.8762535
8SHELBY TN_360021,8UNION MS_360033,159.7690323298838,500,389587746.538424,8SHELBY_TN_360021-8UNION_MS_360033,1432,0,314473963.859375,437555446.828125,39.13884680888526,0.0,0.10963687150837989,0.3324022346368715,0.5579608938547486,123081482.96875,152480151.30386198,542067897.842286
8HAYWOOD TN_360542,8UNION MS_360033,146.58013629058814,500,357720541.75946474,8HAYWOOD_TN_360542-8UNION_MS_360033,1447,0,318224795.390625,412086481.953125,29.495403225032657,0.0,0.12508638562543192,0.7622667588113338,0.11264685556323428,93861686.5625,105511116.21072546,463231657.97019017
8HIWASSEE TN_360110,8UNION MS_360033,444.0333827986844,500,1077696598.7301679,8HIWASSEE_TN_360110-8UNION_MS_360033,4139,0,904565762.734375,991235389.765625,9.581351694017236,0.4187001691229766,0.4317467987436579,0.11258758154143512,0.03696545059193042,86669627.03125,103257901.31879908,1180954500.048967
8LAG CRK CC_360615,8UNION MS_360033,165.59435703171124,500,402931626.20004827,8LAG_CRK_CC_360615-8UNION_MS_360033,1563,0,343274611.0,460143388.046875,34.0452725899018,0.0,0.09596928982725528,0.582853486884197,0.32117722328854764,116868777.046875,137179170.4907306,540110796.6907789
8MAURY TN_360050,8UNION MS_360033,246.87196082660776,500,594754848.2598523,8MAURY_TN_360050-8UNION_MS_360033,2213,0,480327548.671875,544109188.25,13.278780231215936,0.22729326705829192,0.551739719837325,0.16719385449615906,0.05377315860822413,63781639.578125,78976189.21492761,673731037.4747798
8JACKSON TN_360019,8UNION MS_360033,161.60464930161928,500,394933859.681777,8JACKSON_TN_360019-8UNION_MS_360033,1674,0,368076795.5625,460836635.890625,25.201219269030027,0.0,0.3781362007168459,0.48805256869773,0.13381123058542413,92759840.328125,99528147.94604799,494462007.627825
8RUTHERFORD_360010,8UNION MS_360033,295.77148027300495,500,717376210.9331001,8RUTHERFORD_360010-8UNION_MS_360033,2671,0,583655283.21875,655237260.390625,12.264427176451441,0.23025084238113067,0.5866716585548484,0.13852489704230625,0.04455260202171472,71581977.171875,87982082.97107674,805358293.9041768
8ANDERSON TN_360120,8UNION MS_360033,493.3495580585937,500,1206305742.1150336,8ANDERSON_TN_360120-8UNION_MS_360033,4525,0,995565264.453125,1082234891.484375,8.70556960209521,0.46828729281767956,0.3949171270718232,0.10298342541436464,0.0338121546961326,86669627.03125,105015785.9938954,1311321528.108929
8BULL RUN FP_360093,8UNION MS_360033,581.3802657631767,500,1436597312.5249026,8BULL_RUN_FP_360093-8UNION_MS_360033,5284,0,1175540446.75,1259925475.84375,7.178402863725197,0.5724829674489024,0.30753217259651777,0.09102952308856926,0.028955336866010598,84385029.09375,103124742.62248681,1539722055.1473894
8JVILLE FP_360037,8UNION MS_360033,221.67559728300367,500,529244441.2131594,8JVILLE_FP_360037-8UNION_MS_360033,2165,0,465326001.3125,580774673.203125,24.810277432378626,0.06743648960739031,0.21570438799076214,0.6618937644341801,0.05496535796766744,115448671.890625,131307014.16042684,660551455.3735862
8PIN HOOK TN_360581,8UNION MS_360033,318.5688049238145,500,785669180.66322,8PIN_HOOK_TN_360581-8UNION_MS_360033,2863,0,636271526.28125,717563928.046875,12.776369585599134,0.14565141460006986,0.6835487251135173,0.12923506811037375,0.04156479217603912,81292401.765625,100379998.24168156,886049178.9049016
8PLATEAU TN_360077,8UNION MS_360033,433.59951262839763,500,1052621980.0921426,8PLATEAU_TN_360077-8UNION_MS_360033,3922,0,857694803.296875,942079832.390625,9.838584630498426,0.42401835798062215,0.41432942376338605,0.12264150943396226,0.039010708822029574,84385029.09375,103563104.35059375,1156185084.4427364
8DAVIDSON TN_360048,8UNION MS_360033,276.44176598000234,500,671684480.3005226,8DAVIDSON_TN_360048-8UNION_MS_360033,2438,0,533710707.203125,621492846.921875,16.447513331476227,0.0,0.7260049220672683,0.22518457752255946,0.04881050041017227,87782139.71875,110475394.44288526,782159874.7434078
8GLEASON CT_360582,8UNION MS_360033,225.63522071561417,500,546427538.517455,8GLEASON_CT_360582-8UNION_MS_360033,2349,0,512078327.71875,660662022.0,29.01581383910021,0.0,0.26947637292464877,0.5065985525755641,0.22392507449978713,148583694.28125,158550397.34180233,704977935.8592573
8LAG CRK CT_360568,8UNION MS_360033,230.05006486383877,500,559450731.827967,8LAG_CRK_CT_360568-8UNION_MS_360033,2379,0,520636560.921875,664843609.4375,27.698217785604996,0.0,0.266078184110971,0.5813366960907944,0.15258511979823455,144207048.515625,154957882.10487127,714408613.9328383
8CUMBERLAND_360040,8UNION MS_360033,278.1289089100278,500,667170254.2300239,8CUMBERLAND_360040-8UNION_MS_360033,2639,0,570103657.78125,700005157.859375,22.785593164527373,0.01667298219022357,0.40697233800682076,0.5092838196286472,0.06707086017430845,129901500.078125,152018699.84359622,819188954.0736201
8PHIPPS B NP_360102,8UNION MS_360033,670.8708826073678,500,1666093211.602961,8PHIPPS_B_NP_360102-8UNION_MS_360033,6181,0,1382813403.34375,1467198432.4375,6.102416196552651,0.6345251577414658,0.2629024429703931,0.07781912311923637,0.024753276168904707,84385029.09375,101671941.99452333,1767765153.5974844
8MONTGOMERY_360044,8UNION MS_360033,327.72257767079867,500,789359884.1796482,8MONTGOMERY_360044-8UNION_MS_360033,3014,0,653573375.578125,798696363.78125,22.2045440689433,0.0,0.4558725945587259,0.4820836098208361,0.06204379562043796,145122988.203125,175273763.34522974,964633647.5248779
8MARSHALL KY_360015,8UNION MS_360033,331.5543570317112,500,801262383.7817258,8MARSHALL_KY_360015-8UNION_MS_360033,3407,0,741297928.109375,971299083.015625,31.02681744880238,0.0,0.21015556207807456,0.5262694452597593,0.2635749926621661,230001154.90625,248606217.1018784,1049868600.8836042
7SHAWNEE FP_360002,8UNION MS_360033,347.6052401492569,500,838021771.9615982,7SHAWNEE_FP_360002-8UNION_MS_360033,3587,0,778123003.203125,1026833875.59375,31.96292506028129,0.0,0.17647058823529413,0.5436297741845554,0.2798996375801505,248710872.390625,267856270.96092698,1105878042.9225252
8PARADISE CC_360117,8UNION MS_360033,400.09226596724795,500,961384297.5534619,8PARADISE_CC_360117-8UNION_MS_360033,3780,0,818098158.546875,998754578.890625,22.082487102114513,0.01164021164021164,0.4523809523809524,0.46534391534391534,0.07063492063492063,180656420.34375,212297563.5089974,1173681861.0624592
8PARADISE CC_360117,8UNION MS_360033,400.09226596724795,500,961384297.5534619,8PARADISE_CC_360117-8UNION_MS_360033,3780,0,818098158.546875,998754578.890625,22.082487102114513,0.01164021164021164,0.4523809523809524,0.46534391534391534,0.07063492063492063,180656420.34375,212297563.5089974,1173681861.0624592
8CHOCTAW MS_360654,8LAG CRK CT_360568,362.6917076790742,500,879421955.2599002,8CHOCTAW_MS_360654-8LAG_CRK_CT_360568,3748,0,817987648.859375,1073116119.25,31.189770499149148,0.0,0.1526147278548559,0.6248665955176094,0.2225186766275347,255128470.390625,274289689.564693,1153711644.824593
8ACKERMAN CC_360627,8LAG CRK CT_360568,349.4632596339174,500,847786397.9403503,8ACKERMAN_CC_360627-8LAG_CRK_CT_360568,3618,0,790087321.671875,1048931084.625,32.76141204308849,0.0,0.119126589275843,0.6119402985074627,0.2689331122166943,258843762.953125,277746795.07449603,1125533193.0148463
8CLAY_360688,8LAG CRK CT_360568,339.832805076868,500,822714550.5013051,8CLAY_360688-8LAG_CRK_CT_360568,3482,0,758705149.125,973246118.09375,28.277252265412443,0.0,0.2607696726019529,0.5634692705341757,0.17576105686387133,214540968.96875,232641068.8695081,1055355619.3708131
8COGEN CALED_360606,8LAG CRK CT_360568,323.6100583009282,500,780094190.7901232,8COGEN_CALED_360606-8LAG_CRK_CT_360568,3245,0,704432875.15625,857898494.171875,21.785698031424893,0.0,0.49491525423728816,0.41602465331278893,0.08906009244992295,153465619.015625,169948964.76622382,950043155.556347
8E POINT AL_360058,8LAG CRK CT_360568,340.7036945022353,500,821431330.2655921,8E_POINT_AL_360058-8LAG_CRK_CT_360568,3029,0,657760292.625,768906047.359375,16.89760783382237,0.19412347309343017,0.41267745130406075,0.3393859359524596,0.053813139650049524,111145754.734375,138802244.81243,960233575.0780221
6CENTER PNT_360533,8LAG CRK CT_360568,476.61622043501626,500,1163492981.3503313,6CENTER_PNT_360533-8LAG_CRK_CT_360568,4436,0,974501863.09375,1058975273.328125,8.668368264191662,0.5367448151487827,0.28426510369702435,0.14652840396753833,0.032461677186654644,84473410.234375,100855856.35146952,1264348837.7018008
8BR FERRY NP_360052,8LAG CRK CT_360568,253.2297140379136,500,609360597.7131052,8BR_FERRY_NP_360052-8LAG_CRK_CT_360568,2195,0,475525882.734375,572697665.453125,20.43459383535373,0.028701594533029614,0.5025056947608201,0.4,0.06879271070615034,97171782.71875,124520363.13535684,733880960.8484621
6LOOPERS FRM_360602,8LAG CRK CT_360568,483.36731783281004,500,1181632804.8040643,6LOOPERS_FRM_360602-8LAG_CRK_CT_360568,4499,0,989739638.015625,1074213048.25,8.53491231327661,0.5432318292953989,0.28028450766837076,0.144476550344521,0.03200711269170927,84473410.234375,100851323.75493786,1282484128.5590022
6COUNTY LINE_360013,8LAG CRK CT_360568,447.37882435745735,500,1092417670.407766,6COUNTY_LINE_360013-8LAG_CRK_CT_360568,4177,0,917391596.578125,1000331791.34375,9.040871431021635,0.524060330380656,0.28585108929853964,0.15561407708881972,0.03447450323198468,82940194.765625,98764077.07132782,1191181747.479094
6YOUNG GA_361454,8LAG CRK CT_360568,405.79250624404943,500,995281260.818108,6YOUNG_GA_361454-8LAG_CRK_CT_360568,3886,0,858786862.359375,945222033.828125,10.064798992299862,0.4935666495110654,0.2884714359238291,0.17447246525990737,0.043489449305198144,86435171.46875,100173058.3093703,1095454319.1274784
6KENSNGTN GA_361503,8LAG CRK CT_360568,406.0880906563209,500,995655491.0593143,6KENSNGTN_GA_361503-8LAG_CRK_CT_360568,3881,0,857234187.546875,943669359.015625,10.083028969726392,0.4929141973718114,0.2888430816799794,0.17469724297861375,0.043545477969595466,86435171.46875,100392231.60218221,1096047722.6614964
6ALPHA GA_361502,8LAG CRK CT_360568,466.37336992795224,500,1145613903.351798,6ALPHA_GA_361502-8LAG_CRK_CT_360568,4678,0,1034523642.015625,1107125917.765625,7.017942635756946,0.5946985891406584,0.2785378366823429,0.10004275331338179,0.02672082086361693,72602275.75,80398526.56448522,1226012429.9162834
6CLOUDLANDGA_361633,8LAG CRK CT_360568,379.7829608010988,500,927905524.5845784,6CLOUDLANDGA_361633-8LAG_CRK_CT_360568,3626,0,798136299.71875,881703245.734375,10.470260035168511,0.46414782129067844,0.3091560948703806,0.18698290126861555,0.039713182570325425,83566946.015625,97154121.30469984,1025059645.8892782
6ROCK SPG GA_361500,8LAG CRK CT_360568,410.1263958479788,500,1004912694.2963219,6ROCK_SPG_GA_361500-8LAG_CRK_CT_360568,3918,0,864842402.8125,951277574.28125,9.994326271198029,0.49770290964777947,0.28611536498213375,0.17304747320061256,0.043134252169474224,86435171.46875,100434253.40866123,1105346947.704983
6WID CRK FP_360068,8LAG CRK CT_360568,346.2555387269866,500,840110125.0935488,6WID_CRK_FP_360068-8LAG_CRK_CT_360568,3263,0,712450310.921875,794445807.234375,11.508942456127503,0.4140361630401471,0.33925835121054243,0.20257431811216672,0.04413116763714373,81995496.3125,96687790.8651173,936797915.9586661
6WRINGOLD GA_361504,8LAG CRK CT_360568,455.61030488555116,500,1109672580.4589653,6WRINGOLD_GA_361504-8LAG_CRK_CT_360568,4290,0,940100915.53125,1023041110.296875,8.822477820772633,0.5365967365967366,0.2783216783216783,0.15151515151515152,0.033566433566433566,82940194.765625,97900617.29418756,1207573197.7531528
6BATTLFLD GA_361530,8LAG CRK CT_360568,388.5389997704198,500,954083786.6995519,6BATTLFLD_GA_361530-8LAG_CRK_CT_360568,3744,0,828805985.875,912752801.125,10.128644903713436,0.47676282051282054,0.3036858974358974,0.18108974358974358,0.038461538461538464,83946815.25,96635758.83870034,1050719545.5382522
6S HAVEN CC_360594,8LAG CRK CT_360568,243.65607127369594,500,599916023.6842606,6S_HAVEN_CC_360594-8LAG_CRK_CT_360568,2321,0,514860695.578125,748069079.078125,45.29543340614413,0.0,0.017233950883239983,0.1994829814735028,0.7832830676432572,233208383.5,271734563.0006921,871650586.6849527
6CONCORD TN_361509,8LAG CRK CT_360568,471.87616213408813,500,1160374984.934651,6CONCORD_TN_361509-8LAG_CRK_CT_360568,4735,0,1048222737.21875,1121196902.703125,6.961704120061096,0.5959873284054911,0.2787750791974657,0.09883843717001056,0.026399155227032733,72974165.484375,80781873.13435392,1241156858.0690048
8BRADLEY TN_360662,8LAG CRK CT_360568,434.8396491740748,500,1067270096.9009564,8BRADLEY_TN_360662-8LAG_CRK_CT_360568,4391,0,970286568.515625,1042888844.265625,7.482560112222236,0.5682076975631974,0.29674333864723296,0.10658164427237532,0.02846731951719426,72602275.75,79859126.56038657,1147129223.461343
8BENTON MS_360612,8LAG CRK CT_360568,165.60624012374802,500,399922693.46158206,8BENTON_MS_360612-8LAG_CRK_CT_360568,1501,0,326577963.3125,467226045.9375,43.06723001098971,0.0,0.029313790806129246,0.2838107928047968,0.6868754163890739,140648082.625,172235626.25924483,572158319.7208269
8FRANKLIN TN_360069,8LAG CRK CT_360568,300.9132530710069,500,724333038.7954308,8FRANKLIN_TN_360069-8LAG_CRK_CT_360568,2905,0,629480419.03125,704004429.96875,11.838972060829157,0.45163511187607575,0.2750430292598967,0.22375215146299485,0.049569707401032705,74524010.9375,85753586.09034587,810086624.8857766
8HAYWOOD TN_360542,8LAG CRK CT_360568,99.33214280248093,500,235726568.6403377,8HAYWOOD_TN_360542-8LAG_CRK_CT_360568,968,0,206689359.015625,297042946.09375,43.7146776730265,0.0,0.0,0.3119834710743802,0.6880165289256198,90353587.078125,103047109.6708092,338773678.3111469
8HIWASSEE TN_360110,8LAG CRK CT_360568,407.7256167166464,500,998072838.7188556,8HIWASSEE_TN_360110-8LAG_CRK_CT_360568,4115,0,907058951.59375,979661227.34375,8.004140813828474,0.5392466585662211,0.3166464155528554,0.11373025516403402,0.030376670716889428,72602275.75,79887155.43563238,1077959994.154488
8LAG CRK CC_360615,8LAG CRK CT_360568,95.16784407169794,500,228002517.38294053,8LAG_CRK_CC_360615-8LAG_CRK_CT_360568,848,0,182806625.5,261921780.53125,43.278056697813724,0.0,0.0,0.3266509433962264,0.6733490566037735,79115155.03125,98675058.7454316,326677576.12837213
8JACKSON TN_360019,8LAG CRK CT_360568,71.25305191657992,500,169299535.77017918,8JACKSON_TN_360019-8LAG_CRK_CT_360568,714,0,152677661.9375,213270902.125,39.68703700237721,0.0,0.0,0.5154061624649859,0.484593837535014,60593240.1875,67189969.40596385,236489505.17614305
8ANDERSON TN_360120,8LAG CRK CT_360568,454.9179737993755,500,1124014578.2537103,8ANDERSON_TN_360120-8LAG_CRK_CT_360568,4489,0,998316918.96875,1070940810.359375,7.274632935766001,0.5774114502116284,0.2904878592114057,0.10425484517709957,0.02784584539986634,72623891.390625,81767934.71245572,1205782512.966166
8BULL RUN FP_360093,8LAG CRK CT_360568,538.064915319885,500,1318128835.408615,8BULL_RUN_FP_360093-8LAG_CRK_CT_360568,5318,0,1172481714.828125,1301246663.875,10.982256475168217,0.541368935690109,0.16641594584430236,0.2549830763444904,0.03723204212109816,128764949.046875,144760289.37772205,1462889124.7863371
8JVILLE FP_360037,8LAG CRK CT_360568,90.45302592002662,500,215070241.18433407,8JVILLE_FP_360037-8LAG_CRK_CT_360568,871,0,186445145.53125,231741813.75,24.294903516894117,0.16762342135476463,0.19517795637198623,0.4718714121699196,0.1653272101033295,45296668.21875,52251107.58928544,267321348.7736195
8DAVIDSON TN_360048,8LAG CRK CT_360568,186.00762979144983,500,454585391.2323502,8DAVIDSON_TN_360048-8LAG_CRK_CT_360568,1871,0,411811030.6875,482950489.65625,17.274782283025747,0.20096205237840728,0.39283805451630144,0.33939070016034206,0.06680919294494922,71139458.96875,78528636.62582931,533114027.85817945
8GLEASON CT_360582,8LAG CRK CT_360568,21.85300648638388,500,52037292.671555884,8GLEASON_CT_360582-8LAG_CRK_CT_360568,226,0,48484099.140625,63029326.96875,29.999996052185086,0.0,0.0,1.0,0.0,14545227.828125,15611185.747130763,67648478.41868664
8CUMBERLAND_360040,8LAG CRK CT_360568,121.39338305377343,500,293658711.79034907,8CUMBERLAND_360040-8LAG_CRK_CT_360568,1192,0,259740347.328125,312593198.875,20.348340983816037,0.2936241610738255,0.13758389261744966,0.4639261744966443,0.10486577181208054,52852851.546875,59754676.00378182,353413387.79413086
7SHAWNEE FP_360002,8LAG CRK CT_360568,122.3375129345044,500,291023407.73408747,7SHAWNEE_FP_360002-8LAG_CRK_CT_360568,1229,0,262952598.21875,370090701.34375,40.7442648792053,0.0,0.0,0.4597233523189585,0.5402766476810414,107138103.125,118575348.10766624,409598755.8417537
8CHOCTAW MS_360654,8RUTHERFORD_360010,416.12206455773196,500,1010896816.2907419,8CHOCTAW_MS_360654-8RUTHERFORD_360010,3681,0,804891224.46875,922759284.140625,14.643973755543316,0.0923662048356425,0.6873132301005161,0.16245585438739474,0.05786471067644662,117868059.671875,148035464.47323918,1158932280.763981
8ACKERMAN CC_360627,8RUTHERFORD_360010,394.51657756876307,500,957380608.7784576,8ACKERMAN_CC_360627-8RUTHERFORD_360010,3501,0,764696715.859375,871085447.9375,13.91253942532813,0.0971151099685804,0.7197943444730077,0.12225078548986004,0.060839760068551844,106388732.078125,133195954.64674938,1090576563.4252071
8CLAY_360688,8RUTHERFORD_360010,356.78171398689574,500,863262567.7329174,8CLAY_360688-8RUTHERFORD_360010,3218,0,700481535.765625,784617586.96875,12.011173301115562,0.10565568676196395,0.7501553760099441,0.1379738968303294,0.006215040397762586,84136051.203125,103687963.05406082,966950530.7869782
8COGEN CALED_360606,8RUTHERFORD_360010,317.7175906690754,500,765088958.9931456,8COGEN_CALED_360606-8RUTHERFORD_360010,2931,0,635227593.90625,697633775.140625,9.824223921164421,0.21937905151825315,0.6803138860457182,0.10030706243602866,0.0,62406181.234375,75164052.52759247,840253011.520738
8E POINT AL_360058,8RUTHERFORD_360010,226.8258829900012,500,557474997.8519726,8E_POINT_AL_360058-8RUTHERFORD_360010,2204,0,488256707.703125,494171452.84375,1.2114006929775378,0.882940108892922,0.11705989110707804,0.0,0.0,5914745.140625,6753255.98715531,564228253.8391279
6CENTER PNT_360533,8RUTHERFORD_360010,271.36418818165913,500,672230051.7777214,6CENTER_PNT_360533-8RUTHERFORD_360010,2691,0,600306273.21875,606300204.40625,0.9984788523633936,0.8996655518394648,0.10033444816053512,0.0,0.0,5993931.1875,6712074.90623204,678942126.6839534
8BR FERRY NP_360052,8RUTHERFORD_360010,149.71579212960907,500,362609082.2894218,8BR_FERRY_NP_360052-8RUTHERFORD_360010,1469,0,320145421.953125,341831060.734375,6.773683861837365,0.3730428863172226,0.6004084411164057,0.02654867256637168,0.0,21685638.78125,24561992.888595138,387171075.17801696
6LOOPERS FRM_360602,8RUTHERFORD_360010,263.57676610754686,500,651878487.346596,6LOOPERS_FRM_360602-8RUTHERFORD_360010,2614,0,582185133.671875,588179064.859375,1.029557582430174,0.8967100229533282,0.10328997704667177,0.0,0.0,5993931.1875,6711464.394708002,658589951.741304
8LIMESTONE_360088,8RUTHERFORD_360010,139.95567527266365,500,337396444.4727608,8LIMESTONE_360088-8RUTHERFORD_360010,1426,0,309430730.03125,326404815.21875,5.485584830500101,0.453015427769986,0.5469845722300141,0.0,0.0,16974085.1875,18508168.176644463,355904612.64940524
6COUNTY LINE_360013,8RUTHERFORD_360010,248.9104348683178,500,623897674.1652528,6COUNTY_LINE_360013-8RUTHERFORD_360010,2275,0,512829244.046875,520886308.515625,1.5711008220142597,0.8408791208791209,0.15912087912087913,0.0,0.0,8057064.46875,9802061.487338133,633699735.652591
6YOUNG GA_361454,8RUTHERFORD_360010,201.8720388162677,500,506490176.02802384,6YOUNG_GA_361454-8RUTHERFORD_360010,1882,0,425080319.46875,433942476.109375,2.0848193234870527,0.8432518597236982,0.1434643995749203,0.0,0.013283740701381509,8862156.640625,10559405.06139583,517049581.08941966
8MADISON AL_360060,8RUTHERFORD_360010,131.68161681868204,500,318826290.7553588,8MADISON_AL_360060-8RUTHERFORD_360010,1303,0,283978501.6875,290787514.953125,2.397721385655416,0.7620874904067536,0.23791250959324636,0.0,0.0,6809013.265625,7644566.156533155,326470856.911892
6KENSNGTN GA_361503,8RUTHERFORD_360010,202.16762322853927,500,506864406.2692301,6KENSNGTN_GA_361503-8RUTHERFORD_360010,1877,0,423527644.65625,432389801.296875,2.092462381721938,0.8428343100692595,0.14384656366542356,0.0,0.013319126265316995,8862156.640625,10605947.027521892,517470353.29675204
6ALPHA GA_361502,8RUTHERFORD_360010,244.07170767907417,500,603661574.3871138,6ALPHA_GA_361502-8RUTHERFORD_360010,2430,0,541225299.109375,547219230.296875,1.1074743175094381,0.8888888888888888,0.1111111111111111,0.0,0.0,5993931.1875,6685396.901010418,610346971.2881242
6CLOUDLANDGA_361633,8RUTHERFORD_360010,175.86249337331722,500,439114439.7944943,6CLOUDLANDGA_361633-8RUTHERFORD_360010,1622,0,364429756.828125,370423688.015625,1.6447425258763637,0.8335388409371147,0.16646115906288533,0.0,0.0,5993931.1875,7222301.928563809,446336741.7230581
8MAGNOL CC1_360613,8RUTHERFORD_360010,288.78436990244336,500,697491857.9893732,8MAGNOL_CC1_360613-8RUTHERFORD_360010,2641,0,574260683.671875,654944557.609375,14.05004316534435,0.23286633850814087,0.44339265429761454,0.3237410071942446,0.0,80683873.9375,97997907.12226924,795489765.1116425
6ROCK SPG GA_361500,8RUTHERFORD_360010,206.20592842019724,500,516121609.5062377,6ROCK_SPG_GA_361500-8RUTHERFORD_360010,1914,0,431135859.921875,439998016.5625,2.05553688858795,0.8458725182863114,0.14106583072100312,0.0,0.013061650992685475,8862156.640625,10609070.073374568,526730679.57961226
6WID CRK FP_360068,8RUTHERFORD_360010,146.52559728300375,500,365169602.50057906,6WID_CRK_FP_360068-8RUTHERFORD_360010,1330,0,298029087.4375,306038231.375,2.6873698827063697,0.7293233082706767,0.2706766917293233,0.0,0.0,8009143.9375,9813457.918399127,374983060.4189782
6WRINGOLD GA_361504,8RUTHERFORD_360010,242.61891547293834,500,599619457.2643363,6WRINGOLD_GA_361504-8RUTHERFORD_360010,2418,0,538123694.921875,544467900.203125,1.178949252954009,0.8817204301075269,0.11827956989247312,0.0,0.0,6344205.28125,7069209.111984777,606688666.3763211
6BATTLFLD GA_361530,8RUTHERFORD_360010,177.58483102240348,500,446544224.32126606,6BATTLFLD_GA_361530-8RUTHERFORD_360010,1608,0,363716644.6875,370090445.109375,1.75240823178473,0.822139303482587,0.17786069651741293,0.0,0.0,6373800.421875,7825277.745565137,454369502.0668312
6S HAVEN CC_360594,8RUTHERFORD_360010,378.11088286245666,500,923233803.8433927,6S_HAVEN_CC_360594-8RUTHERFORD_360010,3566,0,784751530.71875,965335106.75,23.01156085236997,0.15984296130117778,0.3393157599551318,0.28238923163208074,0.21845204711160965,180583576.03125,212450508.58107236,1135684312.4244652
6CONCORD TN_361509,8RUTHERFORD_360010,249.57449988520992,500,618422655.9699669,6CONCORD_TN_361509-8RUTHERFORD_360010,2487,0,554924394.3125,561268599.59375,1.1432557923696685,0.8850020104543627,0.11499798954563731,0.0,0.0,6344205.28125,7070152.835702994,625492808.8056699
8BRADLEY TN_360662,8RUTHERFORD_360010,212.53798692519666,500,525317767.93627226,8BRADLEY_TN_360662-8RUTHERFORD_360010,2143,0,476988225.609375,482982156.796875,1.256620366224448,0.8740083994400373,0.12599160055996267,0.0,0.0,5993931.1875,6601250.05928288,531919017.99555516
8RACCOON MTN_360079,8RUTHERFORD_360010,159.98786350534064,500,396637454.8288584,8RACCOON_MTN_360079-8RUTHERFORD_360010,1451,0,323495178.03125,329489109.21875,1.8528656977140345,0.8139214334941419,0.18607856650585802,0.0,0.0,5993931.1875,7349159.344809915,403986614.17366827
8BENTON MS_360612,8RUTHERFORD_360010,325.80597385039334,500,792821394.1762114,8BENTON_MS_360612-8RUTHERFORD_360010,3182,0,696418350.609375,844869131.359375,21.31632238296186,0.1791326209930861,0.32683846637335007,0.3324952859836581,0.16153362664990573,148450780.75,169000364.303694,961821758.4799054
8FRANKLIN TN_360069,8RUTHERFORD_360010,96.18698695070556,500,234123551.6137296,8FRANKLIN_TN_360069-8RUTHERFORD_360010,914,0,200320541.0,206414681.421875,3.0421944706484183,0.6991247264770241,0.30087527352297594,0.0,0.0,6094140.421875,7122493.741678578,241246045.35540816
8HAYWOOD TN_360542,8RUTHERFORD_360010,260.827149237847,500,631328981.3100209,8HAYWOOD_TN_360542-8RUTHERFORD_360010,2617,0,569749611.984375,671371783.21875,17.836286167960026,0.21780664883454337,0.3542223920519679,0.3511654566297287,0.07680550248376003,101622171.234375,112605643.7677222,743934625.0777432
8HIWASSEE TN_360110,8RUTHERFORD_360010,185.1566038204054,500,455942235.40843445,8HIWASSEE_TN_360110-8RUTHERFORD_360010,1869,0,414503699.171875,420485648.34375,1.4431594178353935,0.8560727661851257,0.14392723381487427,0.0,0.0,5981949.171875,6579973.3101860415,462522208.7186205
8LAG CRK CC_360615,8RUTHERFORD_360010,277.13478559220744,500,678483426.6658773,8LAG_CRK_CC_360615-8RUTHERFORD_360010,2775,0,610920753.328125,767827458.140625,25.683642920577874,0.01981981981981982,0.36504504504504504,0.42162162162162165,0.1935135135135135,156906704.8125,174259260.5801648,852742687.2460421
8MAURY TN_360050,8RUTHERFORD_360010,50.47959087314657,500,126704812.551005,8MAURY_TN_360050-8RUTHERFORD_360010,472,0,106630938.359375,114431275.953125,7.3152667638174185,0.2669491525423729,0.7330508474576272,0.0,0.0,7800337.59375,9268795.04070083,135973607.59170583
8JACKSON TN_360019,8RUTHERFORD_360010,219.73378561771628,500,538955866.366437,8JACKSON_TN_360019-8RUTHERFORD_360010,2201,0,485628992.640625,589568989.390625,21.403169564655222,0.024988641526578828,0.4602453430258973,0.4343480236256247,0.08041799182189914,103939996.75,115353637.9570651,654309504.3235021
8ANDERSON TN_360120,8RUTHERFORD_360010,232.59447388865664,500,581290498.9148084,8ANDERSON_TN_360120-8RUTHERFORD_360010,2242,0,504544713.84375,510526663.015625,1.1856132881272297,0.8800178412132025,0.11998215878679751,0.0,0.0,5981949.171875,6891857.397755038,588182356.3125634
8BULL RUN FP_360093,8RUTHERFORD_360010,322.0810777090621,500,802857800.7761266,8BULL_RUN_FP_360093-8RUTHERFORD_360010,3047,0,684154541.625,692001076.921875,1.1468951559157947,0.8834919593042336,0.11650804069576633,0.0,0.0,7846535.296875,9207937.225993479,812065738.0021201
8JVILLE FP_360037,8RUTHERFORD_360010,140.2843375980685,500,350065721.6045251,8JVILLE_FP_360037-8RUTHERFORD_360010,1399,0,314141187.3125,342078158.4375,8.89312584701254,0.11508220157255182,0.8849177984274482,0.0,0.0,27936971.125,31131785.16954298,381197506.77406806
8PIN HOOK TN_360581,8RUTHERFORD_360010,33.23357790037879,500,90607090.20961078,8PIN_HOOK_TN_360581-8RUTHERFORD_360010,316,0,77373616.625,85110980.21875,10.000002496005855,0.0,1.0,0.0,0.0,7737363.59375,9060711.282519355,99667801.49213013
8PLATEAU TN_360077,8RUTHERFORD_360010,163.71185053257292,500,401535478.28132087,8PLATEAU_TN_360077-8RUTHERFORD_360010,1528,0,337577947.453125,345424482.75,2.324362523107215,0.7676701570680629,0.23232984293193717,0.0,0.0,7846535.296875,9333140.174150333,410868618.4554712
8DAVIDSON TN_360048,8RUTHERFORD_360010,63.93920774284641,500,169100730.06846583,8DAVIDSON_TN_360048-8RUTHERFORD_360010,588,0,139958277.4375,153954108.109375,10.000002092141358,0.0,1.0,0.0,0.0,13995830.671875,16910076.54467289,186010806.61313874
8GLEASON CT_360582,8RUTHERFORD_360010,206.28011029403487,500,509476867.8463311,8GLEASON_CT_360582-8RUTHERFORD_360010,2054,0,456667099.40625,515917065.984375,12.974432941449177,0.17185978578383643,0.6484907497565725,0.11879259980525804,0.06085686465433301,59249966.578125,66101734.570917875,575578602.417249
8LAG CRK CT_360568,8RUTHERFORD_360010,227.85672067735084,500,560902876.1118174,8LAG_CRK_CT_360568-8RUTHERFORD_360010,2278,0,504758803.90625,578436280.015625,14.596570785729046,0.1549604916593503,0.5847234416154522,0.2054433713784021,0.05487269534679543,73677476.109375,81872585.35085152,642775461.4626689
8CUMBERLAND_360040,8RUTHERFORD_360010,134.5639998979644,500,340743399.4476343,8CUMBERLAND_360040-8RUTHERFORD_360010,1241,0,282955351.359375,320104134.5625,13.128849843148283,0.0,0.8364222401289283,0.1635777598710717,0.0,37148783.203125,44735689.263918854,385479088.71155316
8PHIPPS B NP_360102,8RUTHERFORD_360010,411.571694553253,500,1032353699.8541849,8PHIPPS_B_NP_360102-8RUTHERFORD_360010,3944,0,891427498.21875,899274033.515625,0.8802213654564017,0.9099898580121704,0.09001014198782961,0.0,0.0,7846535.296875,9086997.83319619,1041440697.687381
8MONTGOMERY_360044,8RUTHERFORD_360010,135.65834405894347,500,346576433.41654056,8MONTGOMERY_360044-8RUTHERFORD_360010,1266,0,290865055.4375,335311893.65625,15.280913739155078,0.0,0.7480252764612955,0.23064770932069512,0.02132701421800948,44446838.21875,52960045.830621794,399536479.24716234
8MARSHALL KY_360015,8RUTHERFORD_360010,257.7507205753152,500,644267860.1308311,8MARSHALL_KY_360015-8RUTHERFORD_360010,2355,0,530165336.25,602108903.46875,13.570024726178055,0.2484076433121019,0.5222929936305732,0.1503184713375796,0.07898089171974522,71943567.21875,87427307.92257202,731695168.0534031
7SHAWNEE FP_360002,8RUTHERFORD_360010,319.58556472353985,500,777528325.5858666,7SHAWNEE_FP_360002-8RUTHERFORD_360010,3023,0,662693565.375,819477266.75,23.658551941164596,0.11677141912007939,0.44095269599735365,0.12272576910353954,0.3195501157790275,156783701.375,183951942.76599962,961480268.3518662
8PARADISE CC_360117,8RUTHERFORD_360010,210.36053885453103,500,524674950.20888823,8PARADISE_CC_360117-8RUTHERFORD_360010,2072,0,464025560.6875,532320438.328125,14.717912853645254,0.0,0.775096525096525,0.208011583011583,0.016891891891891893,68294877.640625,77221201.9366508,601896152.145539
8PARADISE CC_360117,8RUTHERFORD_360010,210.36053885453103,500,524674950.20888823,8PARADISE_CC_360117-8RUTHERFORD_360010,2072,0,464025560.6875,532320438.328125,14.717912853645254,0.0,0.775096525096525,0.208011583011583,0.016891891891891893,68294877.640625,77221201.9366508,601896152.145539
8CHOCTAW MS_360654,8SEQUOYAH NP_360081,513.3438242299127,500,1261278978.6645362,8CHOCTAW_MS_360654-8SEQUOYAH_NP_360081,4591,0,1015388304.28125,1095994567.34375,7.938466764156571,0.591810063167066,0.25789588324983664,0.10389893269440209,0.046395120888695275,80606263.0625,100126212.52457766,1361405191.1891139
8ACKERMAN CC_360627,8SEQUOYAH NP_360081,491.73833724094385,500,1207762771.1522517,8ACKERMAN_CC_360627-8SEQUOYAH_NP_360081,4411,0,975193795.671875,1044320731.140625,7.088533148544474,0.6159600997506235,0.2661527998186352,0.06959873044661075,0.04828836998413058,69126935.46875,85612664.3889067,1293375435.5411584
8CLAY_360688,8SEQUOYAH NP_360081,445.0281489572492,500,1095539905.2982984,8CLAY_360688-8SEQUOYAH_NP_360081,3962,0,877978265.046875,923924136.578125,5.233144527649203,0.6559818273599193,0.25896012115093386,0.08001009591115599,0.005047955577990914,45945871.53125,57331186.60233116,1152871091.9006295
8COGEN CALED_360606,8SEQUOYAH NP_360081,397.84502561391986,500,980489118.7974757,8COGEN_CALED_360606-8SEQUOYAH_NP_360081,3521,0,781549919.390625,805026611.796875,3.0038634543721576,0.7333143993183755,0.2470888952002272,0.01959670548139733,0.0,23476692.40625,29452554.31365298,1009941673.1111287
8E POINT AL_360058,8SEQUOYAH NP_360081,250.95549329679048,500,624354684.1758218,8E_POINT_AL_360058-8SEQUOYAH_NP_360081,2265,0,507232974.515625,507232974.515625,0.0,1.0,0.0,0.0,0.0,0.0,0.0,624354684.1758218
6CENTER PNT_360533,8SEQUOYAH NP_360081,133.44342848396948,500,337803936.52551085,6CENTER_PNT_360533-8SEQUOYAH_NP_360081,1265,0,288076069.625,288076069.625,0.0,1.0,0.0,0.0,0.0,0.0,0.0,337803936.52551085
8BR FERRY NP_360052,8SEQUOYAH NP_360081,238.03303879075875,500,605016233.0401196,8BR_FERRY_NP_360052-8SEQUOYAH_NP_360081,2220,0,507492221.109375,516104774.71875,1.6970809110232299,0.8288288288288288,0.17117117117117117,0.0,0.0,8612553.609375,10267614.99951569,615283848.0396353
6LOOPERS FRM_360602,8SEQUOYAH NP_360081,125.65600640985717,500,317452372.0943855,6LOOPERS_FRM_360602-8SEQUOYAH_NP_360081,1188,0,269954930.078125,269954930.078125,0.0,1.0,0.0,0.0,0.0,0.0,0.0,317452372.0943855
8LIMESTONE_360088,8SEQUOYAH NP_360081,212.65879205308238,500,543080263.9036155,8LIMESTONE_360088-8SEQUOYAH_NP_360081,1977,0,454134901.953125,462723241.203125,1.8911427448239815,0.808295397066262,0.19170460293373798,0.0,0.0,8588339.25,10270423.009384157,553350686.9129996
6COUNTY LINE_360013,8SEQUOYAH NP_360081,121.36314277697203,500,308028862.27147317,6COUNTY_LINE_360013-8SEQUOYAH_NP_360081,1149,0,262207354.625,262557628.71875,0.1335866777081529,0.9860748476936466,0.01392515230635335,0.0,0.0,350274.09375,411485.52349068306,308440347.79496384
6YOUNG GA_361454,8SEQUOYAH NP_360081,127.66688952740286,500,332656043.3151497,6YOUNG_GA_361454-8SEQUOYAH_NP_360081,1212,0,284336521.578125,287204747.03125,1.0087432445208933,0.9793729372937293,0.0,0.0,0.020627062706270627,2868225.453125,3355645.3644320695,336011688.6795818
8MADISON AL_360060,8SEQUOYAH NP_360081,175.56910375663318,500,455056243.19054013,8MADISON_AL_360060-8SEQUOYAH_NP_360081,1603,0,373964135.859375,376589467.0,0.7020275178506008,0.9301310043668122,0.06986899563318777,0.0,0.0,2625331.140625,3194620.0488947425,458250863.2394349
6KENSNGTN GA_361503,8SEQUOYAH NP_360081,127.96247393967442,500,333030273.556356,6KENSNGTN_GA_361503-8SEQUOYAH_NP_360081,1207,0,282783846.765625,285652072.21875,1.0142819280275939,0.9792874896437448,0.0,0.0,0.020712510356255178,2868225.453125,3377865.879542978,336408139.435899
6ALPHA GA_361502,8SEQUOYAH NP_360081,106.15094798138446,500,269235459.1349033,6ALPHA_GA_361502-8SEQUOYAH_NP_360081,1004,0,228995095.515625,228995095.515625,0.0,1.0,0.0,0.0,0.0,0.0,0.0,269235459.1349033
6CLOUDLANDGA_361633,8SEQUOYAH NP_360081,101.65734408445238,500,265280307.08162016,6CLOUDLANDGA_361633-8SEQUOYAH_NP_360081,952,0,223685958.9375,223685958.9375,0.0,1.0,0.0,0.0,0.0,0.0,0.0,265280307.08162016
8MAGNOL CC1_360613,8SEQUOYAH NP_360081,429.05379848844836,500,1050837784.623246,8MAGNOL_CC1_360613-8SEQUOYAH_NP_360081,4236,0,933185805.5,1029088089.203125,10.276869101297637,0.336166194523135,0.4709631728045326,0.1928706326723324,0.0,95902283.703125,107993223.59270696,1158831008.2159529
6ROCK SPG GA_361500,8SEQUOYAH NP_360081,132.00077913133242,500,342287476.79336363,6ROCK_SPG_GA_361500-8SEQUOYAH_NP_360081,1244,0,290392062.03125,293260287.484375,0.9877079397632826,0.979903536977492,0.0,0.0,0.02009646302250804,2868225.453125,3380800.5851034564,345668277.3784671
6WID CRK FP_360068,8SEQUOYAH NP_360081,101.70166224887812,500,264545478.9191466,6WID_CRK_FP_360068-8SEQUOYAH_NP_360081,909,0,212929951.921875,212929951.921875,0.0,1.0,0.0,0.0,0.0,0.0,0.0,264545478.9191466
6WRINGOLD GA_361504,8SEQUOYAH NP_360081,104.69815577524867,500,265193342.01212585,6WRINGOLD_GA_361504-8SEQUOYAH_NP_360081,992,0,225893491.328125,226243765.421875,0.1550616140777672,0.9838709677419355,0.016129032258064516,0.0,0.0,350274.09375,411213.07655077585,265604555.08867663
6BATTLFLD GA_361530,8SEQUOYAH NP_360081,96.46073370113639,500,254348705.4995674,6BATTLFLD_GA_361530-8SEQUOYAH_NP_360081,910,0,216195183.1875,216575052.421875,0.17570661324379788,0.9824175824175824,0.017582417582417582,0.0,0.0,379869.234375,446907.4962627313,254795612.99583012
6S HAVEN CC_360594,8SEQUOYAH NP_360081,521.5020776835531,500,1283087875.4139206,6S_HAVEN_CC_360594-8SEQUOYAH_NP_360081,5199,0,1150934793.5,1352004421.65625,17.47011466607904,0.2738988266974418,0.37160992498557416,0.19753798807462974,0.1569532602423543,201069628.15625,224156923.10136932,1507244798.51529
6CONCORD TN_361509,8SEQUOYAH NP_360081,111.65374018752024,500,283996540.71775633,6CONCORD_TN_361509-8SEQUOYAH_NP_360081,1061,0,242694190.71875,243044464.8125,0.14432734986884466,0.9849198868991518,0.015080113100848256,0.0,0.0,350274.09375,409884.6809371321,284406425.39869344
8BRADLEY TN_360662,8SEQUOYAH NP_360081,74.61722722750696,500,190891652.68406168,8BRADLEY_TN_360662-8SEQUOYAH_NP_360081,717,0,164758022.015625,164758022.015625,0.0,1.0,0.0,0.0,0.0,0.0,0.0,190891652.68406168
8RACCOON MTN_360079,8SEQUOYAH NP_360081,65.7509025511884,500,171820025.96655458,8RACCOON_MTN_360079-8SEQUOYAH_NP_360081,616,0,144985522.171875,144985522.171875,0.0,1.0,0.0,0.0,0.0,0.0,0.0,171820025.96655458
8BENTON MS_360612,8SEQUOYAH NP_360081,479.5857335735919,500,1174525157.1302829,8BENTON_MS_360612-8SEQUOYAH_NP_360081,4848,0,1067831344.5,1227541336.25,14.956480962336084,0.3873762376237624,0.3009488448844885,0.17636138613861385,0.1353135313531353,159709991.75,175667631.52403873,1350192788.6543217
8FRANKLIN TN_360069,8SEQUOYAH NP_360081,121.8753635691129,500,309360284.56921655,8FRANKLIN_TN_360069-8SEQUOYAH_NP_360081,1187,0,271104979.0,271104979.0,0.0,1.0,0.0,0.0,0.0,0.0,0.0,309360284.56921655
8HAYWOOD TN_360542,8SEQUOYAH NP_360081,418.69327906756024,500,1024724792.780934,8HAYWOOD_TN_360542-8SEQUOYAH_NP_360081,4270,0,939716470.109375,1032396385.375,9.862540267580687,0.6018735362997658,0.14238875878220142,0.20866510538641686,0.047072599531615925,92679915.265625,101063895.31990236,1125788688.1008363
8HIWASSEE TN_360110,8SEQUOYAH NP_360081,79.9000908603921,500,206938017.14629632,8HIWASSEE_TN_360110-8SEQUOYAH_NP_360081,767,0,178487251.90625,178487251.90625,0.0,1.0,0.0,0.0,0.0,0.0,0.0,206938017.14629632
8LAG CRK CC_360615,8SEQUOYAH NP_360081,441.56671411444023,500,1079478071.6706543,8LAG_CRK_CC_360615-8SEQUOYAH_NP_360081,4479,0,984838170.640625,1107063874.34375,12.410739890759782,0.5737887921411029,0.1357445858450547,0.16231301629828088,0.1281536057155615,122225703.703125,133971215.65283436,1213449287.3234887
8MAURY TN_360050,8SEQUOYAH NP_360081,211.8989414694917,500,530743267.9898773,8MAURY_TN_360050-8SEQUOYAH_NP_360081,2133,0,480213610.6875,487204817.03125,1.455853434420784,0.8527894983591187,0.1472105016408814,0.0,0.0,6991206.34375,7726844.094987734,538470112.084865
8JACKSON TN_360019,8SEQUOYAH NP_360081,384.6891751833826,500,945929245.1939063,8JACKSON_TN_360019-8SEQUOYAH_NP_360081,3922,0,867364608.921875,964625932.3125,11.213430014341919,0.5239673635900051,0.1871494135645079,0.24375318714941357,0.045130035696073434,97261323.390625,106071113.89501144,1052000359.0889177
8RUTHERFORD_360010,8SEQUOYAH NP_360081,174.349753160288,500,437827525.45152605,8RUTHERFORD_360010-8SEQUOYAH_NP_360081,1722,0,388803509.390625,394797440.578125,1.5416350528559608,0.8432055749128919,0.156794425087108,0.0,0.0,5993931.1875,6749702.60341258,444577228.0549386
8ANDERSON TN_360120,8SEQUOYAH NP_360081,129.2162661203013,500,336061423.7009705,8ANDERSON_TN_360120-8SEQUOYAH_NP_360081,1153,0,269885657.984375,269885657.984375,0.0,1.0,0.0,0.0,0.0,0.0,0.0,336061423.7009705
8BULL RUN FP_360093,8SEQUOYAH NP_360081,224.41389591175118,500,580276017.851737,8BULL_RUN_FP_360093-8SEQUOYAH_NP_360081,2014,0,468632514.234375,468632514.234375,0.0,1.0,0.0,0.0,0.0,0.0,0.0,580276017.851737
8JVILLE FP_360037,8SEQUOYAH NP_360081,309.0790323298838,500,768942699.9089179,8JVILLE_FP_360037-8SEQUOYAH_NP_360081,3091,0,691484235.703125,718367622.109375,3.887780084952186,0.608540925266904,0.3914590747330961,0.0,0.0,26883386.40625,29894801.15175256,798837501.0606705
8PIN HOOK TN_360581,8SEQUOYAH NP_360081,205.91061028128038,500,524221531.88429403,8PIN_HOOK_TN_360581-8SEQUOYAH_NP_360081,2018,0,461647286.34375,474925597.171875,2.876289154278222,0.7195242814667988,0.2804757185332012,0.0,0.0,13278310.828125,15078127.0659791,539299658.9502732
8PLATEAU TN_360077,8SEQUOYAH NP_360081,107.14295449327726,500,271138404.66885877,8PLATEAU_TN_360077-8SEQUOYAH_NP_360081,1061,0,240956233.890625,240956233.890625,0.0,1.0,0.0,0.0,0.0,0.0,0.0,271138404.66885877
8DAVIDSON TN_360048,8SEQUOYAH NP_360081,233.25206481282095,500,592107012.3481412,8DAVIDSON_TN_360048-8SEQUOYAH_NP_360081,2287,0,521465397.546875,537257851.53125,3.0284759178015097,0.7039790118058592,0.2960209881941408,0.0,0.0,15792453.984375,17931818.27657747,610038830.6247187
8GLEASON CT_360582,8SEQUOYAH NP_360081,375.07480502585014,500,928353846.1507239,8GLEASON_CT_360582-8SEQUOYAH_NP_360081,3746,0,834010147.796875,892184914.015625,6.975306760046585,0.5536572343833422,0.3478376935397758,0.06513614522156967,0.033368926855312335,58174766.21875,64755528.58770391,993109374.7384279
8LAG CRK CT_360568,8SEQUOYAH NP_360081,396.6514154091661,500,979779854.4162102,8LAG_CRK_CT_360568-8SEQUOYAH_NP_360081,3970,0,882101852.296875,954704128.046875,8.230600078772476,0.5224181360201511,0.3282115869017632,0.11788413098236776,0.031486146095717885,72602275.75,80641761.46937744,1060421615.8855876
8CUMBERLAND_360040,8SEQUOYAH NP_360081,303.8768569679389,500,763749681.7273096,8CUMBERLAND_360040-8SEQUOYAH_NP_360081,2940,0,664462471.46875,703407877.984375,5.861189786917342,0.5476190476190477,0.38333333333333336,0.06904761904761905,0.0,38945406.515625,44764818.34301478,808514500.0703244
8PHIPPS B NP_360102,8SEQUOYAH NP_360081,313.9045127559421,500,809771916.9297953,8PHIPPS_B_NP_360102-8SEQUOYAH_NP_360081,2911,0,675905470.828125,675905470.828125,0.0,1.0,0.0,0.0,0.0,0.0,0.0,809771916.9297953
8MONTGOMERY_360044,8SEQUOYAH NP_360081,304.2378763760728,500,747171455.1103703,8MONTGOMERY_360044-8SEQUOYAH_NP_360081,2763,0,610334869.40625,664643320.734375,8.898140029416579,0.572566051393413,0.18530582699963807,0.24212812160694897,0.0,54308451.328125,66484362.33555018,813655817.4459205
8MARSHALL KY_360015,8SEQUOYAH NP_360081,432.5799931820004,500,1058565718.4541689,8MARSHALL_KY_360015-8SEQUOYAH_NP_360081,3996,0,879617178.734375,957283005.46875,8.829503176157093,0.4029029029029029,0.486986986986987,0.07157157157157157,0.03853853853853854,77665826.734375,93466093.732621,1152031812.18679
7SHAWNEE FP_360002,8SEQUOYAH NP_360081,488.3802594553552,500,1196405303.8902593,7SHAWNEE_FP_360002-8SEQUOYAH_NP_360081,4715,0,1040036613.765625,1195745114.78125,14.97144417366776,0.4398727465535525,0.2765641569459173,0.07868504772004242,0.2048780487804878,155708501.015625,179119152.16273025,1375524456.0529895
8PARADISE CC_360117,8SEQUOYAH NP_360081,312.5491360610081,500,768369709.6631105,8PARADISE_CC_360117-8SEQUOYAH_NP_360081,2717,0,601436251.8125,631714661.75,5.034350664139775,0.5822598454177401,0.3695252116304748,0.04821494295178506,0.0,30278409.9375,38682425.58147366,807052135.2445842
8PARADISE CC_360117,8SEQUOYAH NP_360081,312.5491360610081,500,768369709.6631105,8PARADISE_CC_360117-8SEQUOYAH_NP_360081,2717,0,601436251.8125,631714661.75,5.034350664139775,0.5822598454177401,0.3695252116304748,0.04821494295178506,0.0,30278409.9375,38682425.58147366,807052135.2445842
8CHOCTAW MS_360654,8JVILLE FP_360037,365.76990888451894,500,876345954.6042153,8CHOCTAW_MS_360654-8JVILLE_FP_360037,3549,0,765613461.015625,963401158.3125,25.833884508051842,0.04113834883065652,0.23245984784446322,0.6415891800507185,0.08481262327416174,197787697.296875,226394201.80343738,1102740156.4076526
8ACKERMAN CC_360627,8JVILLE FP_360037,348.0024413802106,500,835716360.0783381,8ACKERMAN_CC_360627-8JVILLE_FP_360037,3422,0,740129296.9375,927608282.828125,25.330572194125246,0.04266510812390415,0.23670368205727646,0.6548801870251315,0.0657510227936879,187478985.890625,211691735.92775914,1047408096.0060973
8CLAY_360688,8JVILLE FP_360037,322.51132454877404,500,779367441.2198372,8CLAY_360688-8JVILLE_FP_360037,3268,0,710909422.546875,862963104.4375,21.388615352133566,0.02784577723378213,0.46266829865361075,0.43482252141982863,0.07466340269277846,152053681.890625,166695904.18227664,946063345.4021138
8COGEN CALED_360606,8JVILLE FP_360037,290.6041687480165,500,706031951.1955439,8COGEN_CALED_360606-8JVILLE_FP_360037,3022,0,660995649.84375,769358872.1875,16.39393880570401,0.030112508272667107,0.6459298477829252,0.3123759099933819,0.01158173395102581,108363222.34375,115746446.02771547,821778397.2232593
8E POINT AL_360058,8JVILLE FP_360037,282.8686686332264,500,680607927.5526316,8E_POINT_AL_360058-8JVILLE_FP_360037,2649,0,573895673.03125,630909046.3125,9.934449057633078,0.29860324650811626,0.5534163835409589,0.14798036995092487,0.0,57013373.28125,67614647.84492844,748222575.3975601
6CENTER PNT_360533,8JVILLE FP_360037,391.09684384211783,500,960575422.1092708,6CENTER_PNT_360533-8JVILLE_FP_360037,3562,0,787738406.640625,809058003.4375,2.706431045782587,0.7237507018528916,0.27624929814710836,0.0,0.0,21319596.796875,25997311.442122437,986572733.5513933
8BR FERRY NP_360052,8JVILLE FP_360037,189.4493894636306,500,454005762.4168043,8BR_FERRY_NP_360052-8JVILLE_FP_360037,1739,0,375330128.890625,423968809.359375,12.958906499862643,0.15296147211040828,0.6204715353651524,0.22656699252443932,0.0,48638680.46875,58834182.2555822,512839944.6723865
6LOOPERS FRM_360602,8JVILLE FP_360037,397.8479412399117,500,978715245.5630035,6LOOPERS_FRM_360602-8JVILLE_FP_360037,3625,0,802976181.5625,824295778.359375,2.6550721287136536,0.728551724137931,0.271448275862069,0.0,0.0,21319596.796875,25985595.704414703,1004700841.2674183
6COUNTY LINE_360013,8JVILLE FP_360037,361.8594477645588,500,889500111.1667056,6COUNTY_LINE_360013-8JVILLE_FP_360037,3303,0,730628140.125,750414521.453125,2.7081329395196585,0.7223735997577959,0.27762640024220403,0.0,0.0,19786381.328125,24088845.507569533,913588956.6742752
6YOUNG GA_361454,8JVILLE FP_360037,320.1240127686965,500,792103805.2352923,6YOUNG_GA_361454-8JVILLE_FP_360037,3012,0,672150464.15625,694741708.6875,3.3610397873649944,0.7128154050464808,0.2695883134130146,0.009296148738379814,0.008300132802124834,22591244.53125,26622924.0511903,818726729.2864826
6KENSNGTN GA_361503,8JVILLE FP_360037,320.41959718096814,500,792478035.4764986,6KENSNGTN_GA_361503-8JVILLE_FP_360037,3007,0,670597789.34375,693168061.4375,3.365694377823303,0.7126704356501496,0.26970402394413034,0.009311606252078483,0.008313934153641503,22570272.09375,26672388.685517073,819150424.1620157
6ALPHA GA_361502,8JVILLE FP_360037,378.80098684866994,500,934776748.8445058,6ALPHA_GA_361502-8JVILLE_FP_360037,3799,0,843906025.421875,870789411.828125,3.1855900534435433,0.6814951302974467,0.3185048697025533,0.0,0.0,26883386.40625,29778155.13309351,964554903.9775993
6CLOUDLANDGA_361633,8JVILLE FP_360037,294.11446732574603,500,724728069.0017629,6CLOUDLANDGA_361633-8JVILLE_FP_360037,2752,0,611499901.515625,631222920.59375,3.225351145477018,0.6947674418604651,0.29505813953488375,0.010174418604651164,0.0,19723019.078125,23375025.075141832,748103094.0769047
6ROCK SPG GA_361500,8JVILLE FP_360037,324.4579023726261,500,801735238.7135062,6ROCK_SPG_GA_361500-8JVILLE_FP_360037,3044,0,678206004.609375,700797249.140625,3.331029860796031,0.7158344283837057,0.266754270696452,0.009198423127463863,0.00821287779237845,22591244.53125,26706040.206071235,828441278.9195775
6WID CRK FP_360068,8JVILLE FP_360037,260.58704525163375,500,636932669.5107332,6WID_CRK_FP_360068-8JVILLE_FP_360037,2389,0,525813912.71875,543944509.65625,3.448101409822857,0.6617831728756802,0.3336123901213897,0.0046044370029300966,0.0,18130596.9375,21962084.35702195,658894753.8677552
6WRINGOLD GA_361504,8JVILLE FP_360037,370.09092829265273,500,906755021.2179046,6WRINGOLD_GA_361504-8JVILLE_FP_360037,3416,0,753337459.078125,773123840.40625,2.62649641136099,0.7315573770491803,0.26844262295081966,0.0,0.0,19786381.328125,23815888.092123847,930570909.3100284
6BATTLFLD GA_361530,8JVILLE FP_360037,302.8705062950671,500,750906331.1167364,6BATTLFLD_GA_361530-8JVILLE_FP_360037,2870,0,642169587.671875,662251503.546875,3.127198213762372,0.7020905923344948,0.2881533101045296,0.00975609756097561,0.0,20081915.875,23482329.373711143,774388660.4904475
6S HAVEN CC_360594,8JVILLE FP_360037,272.22436990244336,500,666247975.5329964,6S_HAVEN_CC_360594-8JVILLE_FP_360037,2457,0,542795177.9375,726708574.84375,33.882651206497385,0.05087505087505088,0.1326821326821327,0.4253154253154253,0.39112739112739114,183913396.90625,225742477.7201952,891990453.2531916
6CONCORD TN_361509,8JVILLE FP_360037,384.30377905480583,500,949537830.4273589,6CONCORD_TN_361509-8JVILLE_FP_360037,3856,0,857605120.625,884838781.125,3.1755477952548627,0.6820539419087137,0.3179460580912863,0.0,0.0,27233660.5,30153027.63924685,979690858.0666057
8BRADLEY TN_360662,8JVILLE FP_360037,347.2672660947924,500,856432942.3936641,8BRADLEY_TN_360662-8JVILLE_FP_360037,3512,0,779668951.921875,806552338.328125,3.4480514249006333,0.6554669703872438,0.3445330296127563,0.0,0.0,26883386.40625,29530248.273523156,885963190.6671873
8BENTON MS_360612,8JVILLE FP_360037,209.28950632057607,500,508985201.52114594,8BENTON_MS_360612-8JVILLE_FP_360037,1894,0,414664465.125,545769793.421875,31.617208447642952,0.06599788806758183,0.13463569165786696,0.4857444561774023,0.3136219640971489,131105328.296875,160926912.13259625,669912113.6537422
8FRANKLIN TN_360069,8JVILLE FP_360037,215.18299336056273,500,520076428.24767315,8FRANKLIN_TN_360069-8JVILLE_FP_360037,2027,0,441022572.9375,454915354.296875,3.1501293157944144,0.6847557967439566,0.3152442032560434,0.0,0.0,13892781.359375,16383080.030766454,536459508.2784396
8HAYWOOD TN_360542,8JVILLE FP_360037,135.5599414439828,500,325891496.53862107,8HAYWOOD_TN_360542-8JVILLE_FP_360037,1221,0,264549419.296875,342282301.0625,29.383123188183546,0.11875511875511875,0.14414414414414414,0.4438984438984439,0.2932022932022932,77732881.765625,95757099.88775796,421648596.426379
8HIWASSEE TN_360110,8JVILLE FP_360037,320.1532336373641,500,787235684.2115633,8HIWASSEE_TN_360110-8JVILLE_FP_360037,3236,0,716441335.0,743324721.40625,3.7523499961444884,0.6260815822002472,0.37391841779975277,0.0,0.0,26883386.40625,29539838.166160636,816775522.3777239
8JACKSON TN_360019,8JVILLE FP_360037,90.26946745329056,500,216812437.13314444,8JACKSON_TN_360019-8JVILLE_FP_360037,806,0,174200224.859375,213410899.0625,22.50896876555597,0.17990074441687345,0.21836228287841192,0.49007444168734493,0.11166253101736973,39210674.203125,48802243.75414016,265614680.8872846
8ANDERSON TN_360120,8JVILLE FP_360037,367.3455907200931,500,913177423.746418,8ANDERSON_TN_360120-8JVILLE_FP_360037,3610,0,807699302.375,834582688.78125,3.328390445206608,0.6648199445983379,0.33518005540166207,0.0,0.0,26883386.40625,30394110.119759634,943571533.8661777
8BULL RUN FP_360093,8JVILLE FP_360037,458.6886620703158,500,1125874265.9768467,8BULL_RUN_FP_360093-8JVILLE_FP_360037,4429,0,978368245.265625,1055673153.703125,7.901412255720941,0.6116504854368932,0.19665838789794535,0.1752088507563784,0.016482275908783022,77304908.4375,88959967.23590274,1214834233.2127495
8DAVIDSON TN_360048,8JVILLE FP_360037,99.10627268321188,500,244488584.5661227,8DAVIDSON_TN_360048-8JVILLE_FP_360037,992,0,220291211.4375,245042562.015625,11.235741279287193,0.21673387096774194,0.6149193548387096,0.16834677419354838,0.0,24751350.578125,27470104.819240827,271958689.3853635
8GLEASON CT_360582,8JVILLE FP_360037,69.54744150775505,500,165830960.4046023,8GLEASON_CT_360582-8JVILLE_FP_360037,647,0,138861731.546875,168634753.25,21.44076800099144,0.22565687789799072,0.26275115919629055,0.33384853168469864,0.1777434312210201,29773021.703125,35555431.494166754,201386391.89876905
8CUMBERLAND_360040,8JVILLE FP_360037,59.21224022578361,500,142907589.43490082,8CUMBERLAND_360040-8JVILLE_FP_360037,574,0,124800067.0625,134980629.5625,8.157497619694043,0.47909407665505227,0.37282229965156793,0.1480836236933798,0.0,10180562.5,11657683.20651417,154565272.641415
7SHAWNEE FP_360002,8JVILLE FP_360037,184.1868115377429,500,440033026.16173065,7SHAWNEE_FP_360002-8JVILLE_FP_360037,1671,0,359429694.484375,488638201.25,35.948200370863326,0.13405146618791142,0.06582884500299221,0.2220227408737283,0.578096947935368,129208506.765625,158183953.94259238,598216980.104323
8CHOCTAW MS_360654,8HIWASSEE TN_360110,549.5725319855136,500,1334857407.487279,8CHOCTAW_MS_360654-8HIWASSEE_TN_360110,4902,0,1071813641.59375,1183711246.015625,10.440024280292516,0.34904120767033864,0.4969400244798042,0.1105671154630763,0.043451652386780906,111897604.421875,139359437.44895512,1474216844.936234
8ACKERMAN CC_360627,8HIWASSEE TN_360110,527.9670449965447,500,1281341199.9749944,8ACKERMAN_CC_360627-8HIWASSEE_TN_360110,4722,0,1031619132.984375,1132037409.8125,9.73404560049449,0.36234646336298176,0.5137653536637018,0.07878017789072427,0.04510800508259212,100418276.828125,124726336.70348924,1406067536.6784837
8CLAY_360688,8HIWASSEE TN_360110,483.6504866063354,500,1182506638.303491,8CLAY_360688-8HIWASSEE_TN_360110,4358,0,959187059.1875,1005132930.71875,4.790084592067934,0.6872418540614961,0.2354290959155576,0.07273978889398806,0.004589261128958238,45945871.53125,56643068.28155602,1239149706.5850472
8COGEN CALED_360606,8HIWASSEE TN_360110,436.4673632630061,500,1067455851.8026683,8COGEN_CALED_360606-8HIWASSEE_TN_360110,3917,0,862758713.53125,886235405.9375,2.72111913076607,0.7602757212152157,0.2221087567015573,0.017615522083226958,0.0,23476692.40625,29046745.395884313,1096502597.1985526
8E POINT AL_360058,8HIWASSEE TN_360110,289.57783094587677,500,711321417.1810145,8E_POINT_AL_360058-8HIWASSEE_TN_360110,2661,0,588441768.65625,588441768.65625,0.0,1.0,0.0,0.0,0.0,0.0,0.0,711321417.1810145
6CENTER PNT_360533,8HIWASSEE TN_360110,132.62858433574488,500,326223611.9149683,6CENTER_PNT_360533-8HIWASSEE_TN_360110,1275,0,282360848.421875,282360848.421875,0.0,1.0,0.0,0.0,0.0,0.0,0.0,326223611.9149683
8BR FERRY NP_360052,8HIWASSEE TN_360110,273.21418161874857,500,664694369.3615049,8BR_FERRY_NP_360052-8HIWASSEE_TN_360110,2538,0,555962391.21875,569318715.96875,2.402379182649561,0.760441292356186,0.23837667454688732,0.001182033096926714,0.0,13356324.75,15968479.157784576,680662848.5192895
6LOOPERS FRM_360602,8HIWASSEE TN_360110,124.84116226163256,500,305872047.48384297,6LOOPERS_FRM_360602-8HIWASSEE_TN_360110,1198,0,264239708.875,264239708.875,0.0,1.0,0.0,0.0,0.0,0.0,0.0,305872047.48384297
6COUNTY LINE_360013,8HIWASSEE TN_360110,120.5482986287474,500,296448537.66093063,6COUNTY_LINE_360013-8HIWASSEE_TN_360110,1159,0,256492133.421875,256842407.515625,0.13656328912585725,0.9861949956859362,0.013805004314063849,0.0,0.0,350274.09375,404839.87359527254,296853377.53452593
6YOUNG GA_361454,8HIWASSEE TN_360110,161.4744544550139,500,399698777.6956786,6YOUNG_GA_361454-8HIWASSEE_TN_360110,1569,0,349533587.046875,349883861.140625,0.1002118556644005,0.9898024219247928,0.010197578075207138,0.0,0.0,350274.09375,400545.56219676643,400099323.2578754
6KENSNGTN GA_361503,8HIWASSEE TN_360110,167.0970323809016,500,414531440.7959493,6KENSNGTN_GA_361503-8HIWASSEE_TN_360110,1641,0,366601596.03125,366951870.125,0.09554625444678777,0.9902498476538696,0.009750152346130409,0.0,0.0,350274.09375,396069.2651848331,414927510.0611341
6ALPHA GA_361502,8HIWASSEE TN_360110,105.33610383315985,500,257655134.52436078,6ALPHA_GA_361502-8HIWASSEE_TN_360110,1014,0,223279874.3125,223279874.3125,0.0,1.0,0.0,0.0,0.0,0.0,0.0,257655134.52436078
6CLOUDLANDGA_361633,8HIWASSEE TN_360110,142.24314277697204,500,356528485.6077198,6CLOUDLANDGA_361633-8HIWASSEE_TN_360110,1381,0,311760904.703125,311760904.703125,0.0,1.0,0.0,0.0,0.0,0.0,0.0,356528485.6077198
6ROCK SPG GA_361500,8HIWASSEE TN_360110,170.84989601378675,500,422720904.7359883,6ROCK_SPG_GA_361500-8HIWASSEE_TN_360110,1674,0,372823151.671875,373173425.765625,0.09395180856639485,0.9904420549581839,0.009557945041816009,0.0,0.0,350274.09375,397153.9351876881,423118058.671176
6WID CRK FP_360068,8HIWASSEE TN_360110,140.32399989796443,500,351512211.9243393,6WID_CRK_FP_360068-8HIWASSEE_TN_360110,1305,0,294138746.0625,294138746.0625,0.0,1.0,0.0,0.0,0.0,0.0,0.0,351512211.9243393
6WRINGOLD GA_361504,8HIWASSEE TN_360110,103.88331162702406,500,253613017.4015833,6WRINGOLD_GA_361504-8HIWASSEE_TN_360110,1002,0,220178270.125,220528544.21875,0.1590865863153157,0.9840319361277445,0.015968063872255488,0.0,0.0,350274.09375,403464.29183544643,254016481.69341877
6BATTLFLD GA_361530,8HIWASSEE TN_360110,137.04653239365604,500,345596884.025667,6BATTLFLD_GA_361530-8HIWASSEE_TN_360110,1339,0,304270128.953125,304649998.1875,0.12484604902951446,0.988050784167289,0.01194921583271098,0.0,0.0,379869.234375,431464.05527515843,346028348.08094215
6S HAVEN CC_360594,8HIWASSEE TN_360110,540.6376360992715,500,1313047017.442637,6S_HAVEN_CC_360594-8HIWASSEE_TN_360110,5347,0,1170062476.84375,1357586312.84375,16.026822474116642,0.4226669160276791,0.22554703572096502,0.19917710865906116,0.15260893959229474,187523836.0,210439714.4872148,1523486731.9298518
6CONCORD TN_361509,8HIWASSEE TN_360110,110.83889603929562,500,272416216.1072138,6CONCORD_TN_361509-8HIWASSEE_TN_360110,1071,0,236978969.515625,237329243.609375,0.14780809219736568,0.9850606909430439,0.014939309056956116,0.0,0.0,350274.09375,402653.21186432545,272818869.31907815
8BRADLEY TN_360662,8HIWASSEE TN_360110,73.80238307928232,500,179311328.07351917,8BRADLEY_TN_360662-8HIWASSEE_TN_360110,727,0,159042800.8125,159042800.8125,0.0,1.0,0.0,0.0,0.0,0.0,0.0,179311328.07351917
8BENTON MS_360612,8HIWASSEE TN_360110,493.93895434022386,500,1198718704.894854,8BENTON_MS_360612-8HIWASSEE_TN_360110,4976,0,1087295090.3125,1241501776.96875,14.182597533106623,0.4541800643086817,0.24216237942122187,0.17182475884244372,0.13183279742765272,154206686.65625,170009449.46930522,1368728154.3641593
8FRANKLIN TN_360069,8HIWASSEE TN_360110,141.39650639710277,500,344926173.72615206,8FRANKLIN_TN_360069-8HIWASSEE_TN_360110,1331,0,292279485.59375,292279485.59375,0.0,1.0,0.0,0.0,0.0,0.0,0.0,344926173.72615206
8HAYWOOD TN_360542,8HIWASSEE TN_360110,430.05292193381337,500,1043391820.3823342,8HAYWOOD_TN_360542-8HIWASSEE_TN_360110,4419,0,965270127.0625,1057950042.328125,9.601448617048526,0.6152975786377008,0.1375876895225164,0.20162932790224034,0.04548540393754243,92679915.265625,100180729.50849706,1143572549.8908312
8ANDERSON TN_360120,8HIWASSEE TN_360110,63.55207137573156,500,155787997.39958036,8ANDERSON_TN_360120-8HIWASSEE_TN_360110,575,0,126881763.234375,126881763.234375,0.0,1.0,0.0,0.0,0.0,0.0,0.0,155787997.39958036
8BULL RUN FP_360093,8HIWASSEE TN_360110,160.5038310479124,500,408806560.51586014,8BULL_RUN_FP_360093-8HIWASSEE_TN_360110,1482,0,339922397.53125,339922397.53125,0.0,1.0,0.0,0.0,0.0,0.0,0.0,408806560.51586014
8DAVIDSON TN_360048,8HIWASSEE TN_360110,244.32626612030128,500,610399996.6507864,8DAVIDSON_TN_360048-8HIWASSEE_TN_360110,2432,0,546422496.84375,562214950.828125,2.8901544273150392,0.7216282894736842,0.27837171052631576,0.0,0.0,15792453.984375,17641502.527533554,628041499.1783199
8GLEASON CT_360582,8HIWASSEE TN_360110,386.1490063333305,500,946646830.4533694,8GLEASON_CT_360582-8HIWASSEE_TN_360110,3891,0,858967247.09375,917142013.3125,6.772640798072316,0.570290413775379,0.33487535337959395,0.06270881521459779,0.0321254176304292,58174766.21875,64112989.452943355,1010759819.9063127
8CUMBERLAND_360040,8HIWASSEE TN_360110,314.95105827541937,500,782042666.029955,8CUMBERLAND_360040-8HIWASSEE_TN_360110,3085,0,689419570.765625,728364977.28125,5.649013774351475,0.5688816855753647,0.3653160453808752,0.06580226904376013,0.0,38945406.515625,44177697.92533766,826220363.9552927
7SHAWNEE FP_360002,8HIWASSEE TN_360110,499.45446076283554,500,1214698288.192905,7SHAWNEE_FP_360002-8HIWASSEE_TN_360110,4860,0,1064993713.0625,1220702214.078125,14.620602836036367,0.4565843621399177,0.2683127572016461,0.07633744855967078,0.19876543209876543,155708501.015625,177596212.37281707,1392294500.565722
8CHOCTAW MS_360654,8PLATEAU TN_360077,539.1386618152268,500,1309782788.8492534,8CHOCTAW_MS_360654-8PLATEAU_TN_360077,4685,0,1024942682.15625,1134555688.640625,10.694549889733707,0.35026680896478124,0.4853788687299893,0.11889007470651014,0.045464247598719316,109613006.484375,140075373.8006289,1449858162.6498823
8ACKERMAN CC_360627,8PLATEAU TN_360077,517.533174826258,500,1256266581.3369691,8ACKERMAN_CC_360627-8PLATEAU_TN_360077,4505,0,984748173.546875,1082881852.4375,9.965357796721385,0.3642619311875694,0.502552719200888,0.08590455049944506,0.04728079911209767,98133678.890625,125191459.71086885,1381458041.047838
8CLAY_360688,8PLATEAU TN_360077,479.7983112443907,500,1162148540.2914288,8CLAY_360688-8PLATEAU_TN_360077,4222,0,920532993.453125,996413991.46875,8.243158969346487,0.3886783514921838,0.5111321648507816,0.09545239223117007,0.0047370914258645196,75880998.015625,95797751.63616219,1257946291.927591
8COGEN CALED_360606,8PLATEAU TN_360077,440.7341879265702,500,1063974931.551657,8COGEN_CALED_360606-8PLATEAU_TN_360077,3935,0,855279051.59375,909430179.640625,6.331398851166559,0.4940279542566709,0.44167725540025415,0.06429479034307496,0.0,54151128.046875,67364496.59296179,1131339428.1446187
8E POINT AL_360058,8PLATEAU TN_360077,303.0383569296756,500,744809464.645329,8E_POINT_AL_360058-8PLATEAU_TN_360077,2835,0,626996997.21875,626996997.21875,0.0,1.0,0.0,0.0,0.0,0.0,0.0,744809464.645329
6CENTER PNT_360533,8PLATEAU TN_360077,196.40898689968773,500,485139568.62861496,6CENTER_PNT_360533-8PLATEAU_TN_360077,1900,0,422295529.65625,422295529.65625,0.0,1.0,0.0,0.0,0.0,0.0,0.0,485139568.62861496
8BR FERRY NP_360052,8PLATEAU TN_360077,265.85995431471497,500,644166636.768766,8BR_FERRY_NP_360052-8PLATEAU_TN_360077,2378,0,519142246.953125,532013753.078125,2.479379438014062,0.7569386038687973,0.2392767031118587,0.0037846930193439865,0.0,12871506.125,15971335.138591517,660137971.9073576
6LOOPERS FRM_360602,8PLATEAU TN_360077,188.6215648255755,500,464788004.1974896,6LOOPERS_FRM_360602-8PLATEAU_TN_360077,1823,0,404174390.109375,404174390.109375,0.0,1.0,0.0,0.0,0.0,0.0,0.0,464788004.1974896
8LIMESTONE_360088,8PLATEAU TN_360077,245.14697382488438,500,604343287.3355511,8LIMESTONE_360088-8PLATEAU_TN_360077,2222,0,492589737.6875,506323529.53125,2.7880791646663905,0.716921692169217,0.2830783078307831,0.0,0.0,13733791.84375,16849569.277262438,621192856.6128136
6COUNTY LINE_360013,8PLATEAU TN_360077,184.3287011926903,500,455364494.3745774,6COUNTY_LINE_360013-8PLATEAU_TN_360077,1784,0,396426814.65625,396777088.75,0.08835782061153985,0.9910313901345291,0.008968609865470852,0.0,0.0,350274.09375,402350.14306813455,455766844.51764554
6YOUNG GA_361454,8PLATEAU TN_360077,187.8513051151313,500,473319826.5038908,6YOUNG_GA_361454-8PLATEAU_TN_360077,1889,0,428291466.015625,431159691.46875,0.6696900780694959,0.9867654843832716,0.0,0.0,0.013234515616728428,2868225.453125,3169775.915632309,476489602.4195231
8MADISON AL_360060,8PLATEAU TN_360077,208.45566214684254,500,523620973.1437378,8MADISON_AL_360060-8PLATEAU_TN_360077,1840,0,415741286.0,420835918.203125,1.2254333102546422,0.907608695652174,0.07934782608695652,0.013043478260869565,0.0,5094632.203125,6416625.824382877,530037598.9681207
6KENSNGTN GA_361503,8PLATEAU TN_360077,188.14688952740292,500,473694056.74509716,6KENSNGTN_GA_361503-8PLATEAU_TN_360077,1884,0,426738791.203125,429607016.65625,0.6721267230097583,0.9867303609341825,0.0,0.0,0.01326963906581741,2868225.453125,3183824.340692806,476877881.08579
6ALPHA GA_361502,8PLATEAU TN_360077,169.11650639710277,500,416571091.2380075,6ALPHA_GA_361502-8PLATEAU_TN_360077,1639,0,363214555.546875,363214555.546875,0.0,1.0,0.0,0.0,0.0,0.0,0.0,416571091.2380075
6CLOUDLANDGA_361633,8PLATEAU TN_360077,161.8417596721808,500,405944090.27036124,6CLOUDLANDGA_361633-8PLATEAU_TN_360077,1629,0,367640903.375,367640903.375,0.0,1.0,0.0,0.0,0.0,0.0,0.0,405944090.27036124
8MAGNOL CC1_360613,8PLATEAU TN_360077,433.95803866321427,500,1046744987.9702561,8MAGNOL_CC1_360613-8PLATEAU_TN_360077,4078,0,885616835.453125,963829005.046875,8.831377912292382,0.5267287886218734,0.2636096125551741,0.20966159882295243,0.0,78212169.59375,92442005.66563274,1139186993.6358888
6ROCK SPG GA_361500,8PLATEAU TN_360077,192.18519471906092,500,482951259.9821047,6ROCK_SPG_GA_361500-8PLATEAU_TN_360077,1921,0,434347006.46875,437215231.921875,0.6603534525180033,0.986985944820406,0.0,0.0,0.013014055179593961,2868225.453125,3189185.319271026,486140445.30137575
6WID CRK FP_360068,8PLATEAU TN_360077,158.73872718924363,500,391653763.133425,6WID_CRK_FP_360068-8PLATEAU_TN_360077,1556,0,345785434.359375,345785434.359375,0.0,1.0,0.0,0.0,0.0,0.0,0.0,391653763.133425
6WRINGOLD GA_361504,8PLATEAU TN_360077,167.66371419096694,500,412528974.11523,6WRINGOLD_GA_361504-8PLATEAU_TN_360077,1627,0,360112951.359375,360463225.453125,0.09726784122252585,0.9901659496004918,0.009834050399508297,0.0,0.0,350274.09375,401258.02753931674,412930232.14276934
6BATTLFLD GA_361530,8PLATEAU TN_360077,156.64514928886481,500,395012488.6883085,6BATTLFLD_GA_361530-8PLATEAU_TN_360077,1587,0,360150127.625,360529996.859375,0.105475246359088,0.9899180844360429,0.010081915563957152,0.0,0.0,379869.234375,416640.395593158,395429129.08390164
6S HAVEN CC_360594,8PLATEAU TN_360077,526.4063178583191,500,1278995078.760931,6S_HAVEN_CC_360594-8PLATEAU_TN_360077,5041,0,1103365823.453125,1286745337.5,16.62001034914833,0.4261059313628248,0.2007538186867685,0.2112676056338028,0.16187264431660384,183379514.046875,212569114.45516455,1491564193.2160954
6CONCORD TN_361509,8PLATEAU TN_360077,174.61929860323855,500,431332172.8208605,6CONCORD_TN_361509-8PLATEAU_TN_360077,1696,0,376913650.75,377263924.84375,0.09293218567516526,0.9905660377358491,0.009433962264150943,0.0,0.0,350274.09375,400846.41572260676,431733019.2365831
8BRADLEY TN_360662,8PLATEAU TN_360077,137.5827856432252,500,338227284.7871659,8BRADLEY_TN_360662-8PLATEAU_TN_360077,1352,0,298977482.046875,298977482.046875,0.0,1.0,0.0,0.0,0.0,0.0,0.0,338227284.7871659
8BENTON MS_360612,8PLATEAU TN_360077,476.1182335098197,500,1157044148.7445576,8BENTON_MS_360612-8PLATEAU_TN_360077,4650,0,1017198211.09375,1161161420.265625,14.152916078870948,0.48021505376344087,0.2032258064516129,0.18666666666666668,0.12989247311827956,143963209.171875,163755487.36730397,1320799636.1118617
8FRANKLIN TN_360069,8PLATEAU TN_360077,138.54227909306908,500,344317862.5916493,8FRANKLIN_TN_360069-8PLATEAU_TN_360077,1221,0,272804601.734375,273183047.71875,0.13872419378888612,0.9860769860769861,0.013923013923013924,0.0,0.0,378445.984375,477652.17895139015,344795514.7706007
8HAYWOOD TN_360542,8PLATEAU TN_360077,412.2758764270907,500,998879897.4475602,8HAYWOOD_TN_360542-8PLATEAU_TN_360077,4091,0,892024471.84375,987181036.609375,10.667483658709864,0.5565876313859692,0.17648496700073332,0.21779516010755318,0.049132241505744315,95156564.765625,106555349.83035633,1105435247.2779164
8HIWASSEE TN_360110,8PLATEAU TN_360077,76.93228565597967,500,189547281.13847566,8HIWASSEE_TN_360110-8PLATEAU_TN_360077,710,0,157451858.421875,158149915.78125,0.4433465354880983,0.956338028169014,0.04366197183098591,0.0,0.0,698057.359375,840351.3040393175,190387632.442515
8LAG CRK CC_360615,8PLATEAU TN_360077,432.19785694243006,500,1051031646.2041814,8LAG_CRK_CC_360615-8PLATEAU_TN_360077,4302,0,941489112.765625,1092258696.15625,16.013948684731915,0.42677824267782427,0.17642956764295675,0.2719665271966527,0.12482566248256625,150769583.390625,168311668.4834307,1219343314.687612
8MAURY TN_360050,8PLATEAU TN_360077,202.00662325404815,500,496318108.7007121,8MAURY_TN_360050-8PLATEAU_TN_360077,1939,0,429046353.84375,436579112.125,1.7556980064660443,0.8251676121712223,0.17483238782877772,0.0,0.0,7532758.28125,8713847.140188377,505031955.8409005
8JACKSON TN_360019,8PLATEAU TN_360077,374.79685696793894,500,911504085.9047412,8JACKSON_TN_360019-8PLATEAU_TN_360077,3728,0,816197352.078125,914000227.40625,11.98274842219329,0.4924892703862661,0.20359442060085836,0.25643776824034337,0.04747854077253219,97802875.328125,109223241.47197773,1020727327.3767189
8ANDERSON TN_360120,8PLATEAU TN_360077,92.81641553671062,500,236361404.76691854,8ANDERSON_TN_360120-8PLATEAU_TN_360077,913,0,209524178.828125,209524178.828125,0.0,1.0,0.0,0.0,0.0,0.0,0.0,236361404.76691854
8BULL RUN FP_360093,8PLATEAU TN_360077,160.68894146949168,500,406947368.9160129,8BULL_RUN_FP_360093-8PLATEAU_TN_360077,1564,0,356842344.640625,356842344.640625,0.0,1.0,0.0,0.0,0.0,0.0,0.0,406947368.9160129
8JVILLE FP_360037,8PLATEAU TN_360077,299.18671411444024,500,734517540.6197529,8JVILLE_FP_360037-8PLATEAU_TN_360077,2897,0,640316978.859375,667741917.203125,4.283025321709144,0.5736969278564031,0.4263030721435968,0.0,0.0,27424938.34375,31459572.25713926,765977112.8768921
8PIN HOOK TN_360581,8PLATEAU TN_360077,195.27270765356528,500,487929484.7140888,8PIN_HOOK_TN_360581-8PLATEAU_TN_360077,1824,0,410421724.40625,425552639.34375,3.686674958395453,0.6430921052631579,0.3569078947368421,0.0,0.0,15130914.9375,17988374.12758228,505917858.8416711
8DAVIDSON TN_360048,8PLATEAU TN_360077,223.35974659737744,500,557681853.0589759,8DAVIDSON_TN_360048-8PLATEAU_TN_360077,2093,0,470298140.703125,486632146.625,3.4731172650299236,0.6645962732919255,0.33540372670807456,0.0,0.0,16334005.921875,19368944.722530104,577050797.7815061
8GLEASON CT_360582,8PLATEAU TN_360077,365.18248681040654,500,893928686.8615588,8GLEASON_CT_360582-8PLATEAU_TN_360077,3552,0,782842890.953125,841559209.109375,7.500396163112866,0.522240990990991,0.3738738738738739,0.0686936936936937,0.03519144144144144,58716318.15625,67048192.93032958,960976879.7918884
8LAG CRK CT_360568,8PLATEAU TN_360077,386.75909719372254,500,945354695.127045,8LAG_CRK_CT_360568-8PLATEAU_TN_360077,3776,0,830934595.453125,904078423.140625,8.802597471298345,0.491260593220339,0.3516949152542373,0.1239406779661017,0.033103813559322036,73143827.6875,83215768.48805344,1028570463.6150985
8CUMBERLAND_360040,8PLATEAU TN_360077,290.5292660437746,500,707806042.6367252,8CUMBERLAND_360040-8PLATEAU_TN_360077,2754,0,603887278.890625,678850790.40625,12.413494063550612,0.39106753812636164,0.3137254901960784,0.26870007262164125,0.026506899055918662,74963511.515625,87863461.08416238,795669503.7208875
8PHIPPS B NP_360102,8PLATEAU TN_360077,250.17955831368263,500,636443267.9940711,8PHIPPS_B_NP_360102-8PLATEAU_TN_360077,2461,0,564115301.234375,564115301.234375,0.0,1.0,0.0,0.0,0.0,0.0,0.0,636443267.9940711
8MONTGOMERY_360044,8PLATEAU TN_360077,234.7763115504974,500,571163853.8177006,8MONTGOMERY_360044-8PLATEAU_TN_360077,2265,0,495774560.640625,550220643.46875,10.98202432125024,0.47549668874172185,0.22913907284768212,0.295364238410596,0.0,54446082.828125,62725353.34045005,633889207.1581507
8MARSHALL KY_360015,8PLATEAU TN_360077,356.2852790165424,500,864048093.9444871,8MARSHALL_KY_360015-8PLATEAU_TN_360077,3449,0,752470404.59375,829214669.265625,10.198974498313774,0.3099449115685706,0.5668309654972455,0.07857349956509133,0.04465062336909249,76744264.671875,88124044.75456448,952172138.6990516
7SHAWNEE FP_360002,8PLATEAU TN_360077,474.77591529437603,500,1147288321.9063296,7SHAWNEE_FP_360002-8PLATEAU_TN_360077,4551,0,989780305.25,1157942675.8125,16.98986832436773,0.23489343001538124,0.4478136673258625,0.16084377059986815,0.15644913205888816,168162370.5625,194922775.1927336,1342211097.0990632
8PARADISE CC_360117,8PLATEAU TN_360077,235.07117513236474,500,570991668.4108336,8PARADISE_CC_360117-8PLATEAU_TN_360077,2132,0,466125843.265625,495481224.546875,6.297737339682663,0.48827392120075047,0.44887429643527205,0.06285178236397748,0.0,29355381.28125,35959555.50798608,606951223.9188197
8PARADISE CC_360117,8PLATEAU TN_360077,235.07117513236474,500,570991668.4108336,8PARADISE_CC_360117-8PLATEAU_TN_360077,2132,0,466125843.265625,495481224.546875,6.297737339682663,0.48827392120075047,0.44887429643527205,0.06285178236397748,0.0,29355381.28125,35959555.50798608,606951223.9188197
8CHOCTAW MS_360654,8PHIPPS B NP_360102,776.410031794197,500,1923254020.3600717,8CHOCTAW_MS_360654-8PHIPPS_B_NP_360102,6944,0,1550061282.203125,1659674288.6875,7.071527283655543,0.5616359447004609,0.32747695852534564,0.08021313364055299,0.030673963133640552,109613006.484375,136003432.7837646,2059257453.1438363
8ACKERMAN CC_360627,8PHIPPS B NP_360102,754.804544805228,500,1869737812.8477874,8ACKERMAN_CC_360627-8PHIPPS_B_NP_360102,6764,0,1509866773.59375,1608000452.484375,6.499492578212673,0.576581904198699,0.33471318746303963,0.05721466587817859,0.03149024246008279,98133678.890625,121523470.37807791,1991261283.2258654
8CLAY_360688,8PHIPPS B NP_360102,717.0696812233607,500,1775619771.802247,8CLAY_360688-8PHIPPS_B_NP_360102,6481,0,1445651593.5,1521532591.515625,5.248913248309917,0.6017589878105231,0.33297330658848945,0.06218176207375405,0.0030859435272334516,75880998.015625,93200741.44173846,1868820513.2439854
8COGEN CALED_360606,8PHIPPS B NP_360102,670.471785158556,500,1669775488.416359,8COGEN_CALED_360606-8PHIPPS_B_NP_360102,6061,0,1359778028.09375,1383254720.5,1.726509174380575,0.8450750701204421,0.14354066985645933,0.011384260023098499,0.0,23476692.40625,28828826.99906649,1698604315.4154255
8E POINT AL_360058,8PHIPPS B NP_360102,523.5822528414268,500,1313641053.794705,8E_POINT_AL_360058-8PHIPPS_B_NP_360102,4805,0,1085461083.21875,1085461083.21875,0.0,1.0,0.0,0.0,0.0,0.0,0.0,1313641053.794705
6CENTER PNT_360533,8PHIPPS B NP_360102,373.75341535814835,500,949222643.2877684,6CENTER_PNT_360533-8PHIPPS_B_NP_360102,3588,0,820424301.875,820424301.875,0.0,1.0,0.0,0.0,0.0,0.0,0.0,949222643.2877684
8BR FERRY NP_360052,8PHIPPS B NP_360102,503.1313242936851,500,1257637868.2795844,8BR_FERRY_NP_360052-8PHIPPS_B_NP_360102,4637,0,1044260847.0,1057132353.125,1.2325949174459394,0.8753504420961828,0.12270864783265042,0.0019409100711667026,0.0,12871506.125,15501580.444289615,1273139448.723874
6LOOPERS FRM_360602,8PHIPPS B NP_360102,365.9659932840361,500,928871078.8566431,6LOOPERS_FRM_360602-8PHIPPS_B_NP_360102,3511,0,802303162.328125,802303162.328125,0.0,1.0,0.0,0.0,0.0,0.0,0.0,928871078.8566431
8LIMESTONE_360088,8PHIPPS B NP_360102,480.47361651257523,500,1203390991.4466243,8LIMESTONE_360088-8PHIPPS_B_NP_360102,4413,0,995362533.234375,1002417240.078125,0.7087575238366783,0.9272603670972128,0.07273963290278722,0.0,0.0,7054706.84375,8529124.193050748,1211920115.6396751
6COUNTY LINE_360013,8PHIPPS B NP_360102,365.7753958734878,500,921652110.2353032,6COUNTY_LINE_360013-8PHIPPS_B_NP_360102,3489,0,791649262.15625,791999536.25,0.04424612141946671,0.995414158784752,0.004585841215247922,0.0,0.0,350274.09375,407795.3117597894,922059905.547063
6YOUNG GA_361454,8PHIPPS B NP_360102,406.7015516997543,500,1024902350.270051,6YOUNG_GA_361454-8PHIPPS_B_NP_360102,3899,0,884690715.78125,885040989.875,0.03959283029670857,0.9958963836881252,0.004103616311874839,0.0,0.0,350274.09375,405787.8482493989,1025308138.1183004
8MADISON AL_360060,8PHIPPS B NP_360102,439.27325937882847,500,1117057613.9463704,8MADISON_AL_360060-8PHIPPS_B_NP_360102,3978,0,910829878.375,915924510.578125,0.559339600520592,0.9572649572649573,0.036701860231272,0.006033182503770739,0.0,5094632.203125,6248145.5954324845,1123305759.541803
6KENSNGTN GA_361503,8PHIPPS B NP_360102,402.55269452774417,500,1026598088.6961465,6KENSNGTN_GA_361503-8PHIPPS_B_NP_360102,3780,0,867878107.09375,870746332.546875,0.33048713058678736,0.9933862433862434,0.0,0.0,0.006613756613756613,2868225.453125,3392774.5659906967,1029990863.2621372
6ALPHA GA_361502,8PHIPPS B NP_360102,346.4609348555634,500,880654165.8971609,6ALPHA_GA_361502-8PHIPPS_B_NP_360102,3327,0,761343327.765625,761343327.765625,0.0,1.0,0.0,0.0,0.0,0.0,0.0,880654165.8971609
6CLOUDLANDGA_361633,8PHIPPS B NP_360102,376.2475646725221,500,958848122.2214105,6CLOUDLANDGA_361633-8PHIPPS_B_NP_360102,3525,0,808780219.265625,808780219.265625,0.0,1.0,0.0,0.0,0.0,0.0,0.0,958848122.2214105
8MAGNOL CC1_360613,8PHIPPS B NP_360102,675.5653047580067,500,1667177585.8839269,8MAGNOL_CC1_360613-8PHIPPS_B_NP_360102,6415,0,1424693357.9375,1507049849.484375,5.780646838004544,0.6689010132501949,0.19781761496492595,0.1332813717848792,0.0,82356491.546875,96373648.40231971,1763551234.2862465
6ROCK SPG GA_361500,8PHIPPS B NP_360102,406.59099971940213,500,1035855291.9331539,6ROCK_SPG_GA_361500-8PHIPPS_B_NP_360102,3817,0,875486322.359375,878354547.8125,0.3276151071549993,0.9934503536809012,0.0,0.0,0.006549646319098768,2868225.453125,3393618.424637533,1039248910.3577914
6WID CRK FP_360068,8PHIPPS B NP_360102,374.32842179351445,500,953831848.5380299,6WID_CRK_FP_360068-8PHIPPS_B_NP_360102,3449,0,791158060.625,791158060.625,0.0,1.0,0.0,0.0,0.0,0.0,0.0,953831848.5380299
6WRINGOLD GA_361504,8PHIPPS B NP_360102,349.11040887176443,500,878816589.9759557,6WRINGOLD_GA_361504-8PHIPPS_B_NP_360102,3332,0,755335398.859375,755685672.953125,0.046373318962533716,0.9951980792316927,0.004801920768307323,0.0,0.0,350274.09375,407536.420365212,879224126.3963209
6BATTLFLD GA_361530,8PHIPPS B NP_360102,371.050954289206,500,947916520.6393576,6BATTLFLD_GA_361530-8PHIPPS_B_NP_360102,3483,0,801289443.515625,801669312.75,0.04740724309413302,0.9954062589721504,0.004593741027849555,0.0,0.0,379869.234375,449381.08926894784,948365901.7286265
6S HAVEN CC_360594,8PHIPPS B NP_360102,768.0135839531114,500,1899427676.6746016,6S_HAVEN_CC_360594-8PHIPPS_B_NP_360102,7378,0,1642442345.9375,1829966181.9375,11.417377082600865,0.5815939278937381,0.16345893195988073,0.1443480618053673,0.11059907834101383,187523836.0,216864820.257224,2116292496.9318256
6CONCORD TN_361509,8PHIPPS B NP_360102,356.06599328403604,500,897619788.6815863,6CONCORD_TN_361509-8PHIPPS_B_NP_360102,3401,0,772136098.25,772486372.34375,0.04536429452577373,0.9952955013231403,0.004704498676859747,0.0,0.0,350274.09375,407198.8846591426,898026987.5662454
8BRADLEY TN_360662,8PHIPPS B NP_360102,319.02948032402276,500,804514900.6478915,8BRADLEY_TN_360662-8PHIPPS_B_NP_360102,3057,0,694199929.546875,694199929.546875,0.0,1.0,0.0,0.0,0.0,0.0,0.0,804514900.6478915
8BENTON MS_360612,8PHIPPS B NP_360102,721.3149021940638,500,1785099364.1268187,8BENTON_MS_360612-8PHIPPS_B_NP_360102,7007,0,1559674959.40625,1713881646.0625,9.887104087056354,0.6123876123876124,0.17197088625660054,0.1220208363065506,0.09362066504923648,154206686.65625,176494632.18859968,1961593996.3154182
8FRANKLIN TN_360069,8PHIPPS B NP_360102,371.8904737356032,500,939866641.3791465,8FRANKLIN_TN_360069-8PHIPPS_B_NP_360102,3407,0,775369014.359375,775369014.359375,0.0,1.0,0.0,0.0,0.0,0.0,0.0,939866641.3791465
8HAYWOOD TN_360542,8PHIPPS B NP_360102,659.101324293685,500,1617267979.9135327,8HAYWOOD_TN_360542-8PHIPPS_B_NP_360102,6370,0,1408939224.640625,1566516942.875,11.184138781753905,0.5562009419152276,0.16232339089481945,0.2139717425431711,0.06750392464678179,157577718.234375,180877495.34639737,1798145475.2599301
8HIWASSEE TN_360110,8PHIPPS B NP_360102,249.99444789210335,500,638302459.5939186,8HIWASSEE_TN_360110-8PHIPPS_B_NP_360102,2379,0,547195354.125,547195354.125,0.0,1.0,0.0,0.0,0.0,0.0,0.0,638302459.5939186
8LAG CRK CC_360615,8PHIPPS B NP_360102,671.5334736590765,500,1645231992.0098014,8LAG_CRK_CC_360615-8PHIPPS_B_NP_360102,6545,0,1444915876.125,1625752431.6875,12.515369133286192,0.5413292589763178,0.15798319327731092,0.19022154316271964,0.11046600458365165,180836555.5625,205906856.89894426,1851138848.9087458
8MAURY TN_360050,8PHIPPS B NP_360102,449.8664672747283,500,1127136330.2735763,8MAURY_TN_360050-8PHIPPS_B_NP_360102,4355,0,982895904.609375,990428662.890625,0.7663841354841772,0.922158438576349,0.07784156142365098,0.0,0.0,7532758.28125,8638194.020495228,1135774524.2940714
8JACKSON TN_360019,8PHIPPS B NP_360102,613.8108503029929,500,1508188920.5080562,8JACKSON_TN_360019-8PHIPPS_B_NP_360102,5955,0,1318590030.203125,1437687527.6875,9.03218549787066,0.5949622166246852,0.17363560033585224,0.2040302267002519,0.027371956339210746,119097497.484375,136222420.95862073,1644411341.466677
8ANDERSON TN_360120,8PHIPPS B NP_360102,204.39934403343455,500,524277929.7165448,8ANDERSON_TN_360120-8PHIPPS_B_NP_360102,1966,0,454172285.96875,454172285.96875,0.0,1.0,0.0,0.0,0.0,0.0,0.0,524277929.7165448
8BULL RUN FP_360093,8PHIPPS B NP_360102,151.64810378214204,500,386586835.87620956,8BULL_RUN_FP_360093-8PHIPPS_B_NP_360102,1401,0,321807213.90625,321807213.90625,0.0,1.0,0.0,0.0,0.0,0.0,0.0,386586835.87620956
8JVILLE FP_360037,8PHIPPS B NP_360102,525.3579218062689,500,1294484478.1570559,8JVILLE_FP_360037-8PHIPPS_B_NP_360102,5159,0,1145343840.765625,1222648749.203125,6.749493530765771,0.6666020546617561,0.16883116883116883,0.1504167474316728,0.01415002907540221,77304908.4375,87371146.10997753,1381855624.2670333
8DAVIDSON TN_360048,8PHIPPS B NP_360102,471.2195906180575,500,1188500074.63184,8DAVIDSON_TN_360048-8PHIPPS_B_NP_360102,4509,0,1024147691.46875,1040481697.390625,1.5948877352298663,0.844311377245509,0.15568862275449102,0.0,0.0,16334005.921875,18955241.923501026,1207455316.555341
8GLEASON CT_360582,8PHIPPS B NP_360102,583.157564672522,500,1435313039.3233378,8GLEASON_CT_360582-8PHIPPS_B_NP_360102,5824,0,1291365605.828125,1405703045.34375,8.853994484567584,0.6196771978021978,0.15195741758241757,0.19436813186813187,0.033997252747252744,114337439.515625,127082537.3379677,1562395576.6613054
8LAG CRK CT_360568,8PHIPPS B NP_360102,604.7341750558379,500,1486739047.588824,8LAG_CRK_CT_360568-8PHIPPS_B_NP_360102,6048,0,1339457310.328125,1468222259.375,9.61321783486564,0.5967261904761905,0.1463293650793651,0.22420634920634921,0.03273809523809524,128764949.046875,142923463.28072038,1629662510.8695445
8CUMBERLAND_360040,8PHIPPS B NP_360102,488.53210368010645,500,1205321062.5650005,8CUMBERLAND_360040-8PHIPPS_B_NP_360102,4889,0,1086664507.515625,1160570892.0625,6.801214545586176,0.665984863980364,0.16772346083043568,0.15136019635917367,0.01493147883002659,73906384.546875,81976471.42818467,1287297533.9931853
8MONTGOMERY_360044,8PHIPPS B NP_360102,432.77914918682916,500,1068678873.745976,8MONTGOMERY_360044-8PHIPPS_B_NP_360102,4400,0,978551789.265625,1031940745.125,5.455915205003281,0.74,0.10795454545454546,0.15204545454545454,0.0,53388955.859375,58306213.165364526,1126985086.9113405
8MARSHALL KY_360015,8PHIPPS B NP_360102,547.8121296766599,500,1343501450.1593156,8MARSHALL_KY_360015-8PHIPPS_B_NP_360102,5604,0,1237233705.6875,1304933656.96875,5.47188061318058,0.5836902212705211,0.3741970021413276,0.014632405424696645,0.027480371163454677,67699951.28125,73514795.38906753,1417016245.5483832
7SHAWNEE FP_360002,8PHIPPS B NP_360102,666.3027659544936,500,1626741678.1211576,7SHAWNEE_FP_360002-8PHIPPS_B_NP_360102,6706,0,1474543606.34375,1633619140.09375,10.78812000307272,0.48777214434834476,0.3252311362958545,0.08082314345362362,0.10617357590217716,159075533.75,175494844.37570944,1802236522.4968672
8PARADISE CC_360117,8PHIPPS B NP_360102,415.65511672940096,500,1021807747.5634205,8PARADISE_CC_360117-8PHIPPS_B_NP_360102,4235,0,937630342.921875,959647203.703125,2.3481386825260353,0.7584415584415585,0.24155844155844156,0.0,0.0,22016860.78125,23993462.981584657,1045801210.5450052
8PARADISE CC_360117,8PHIPPS B NP_360102,415.65511672940096,500,1021807747.5634205,8PARADISE_CC_360117-8PHIPPS_B_NP_360102,4235,0,937630342.921875,959647203.703125,2.3481386825260353,0.7584415584415585,0.24155844155844156,0.0,0.0,22016860.78125,23993462.981584657,1045801210.5450052
8CHOCTAW MS_360654,8WEST POINT_360035,87.0449090120634,500,215977165.3433323,8CHOCTAW_MS_360654-8WEST_POINT_360035,771,0,172230811.53125,215057578.84375,24.86591506580076,0.0,0.2607003891050584,0.7224383916990921,0.016861219195849545,42826767.3125,53704698.49579708,269681863.8391294
8ACKERMAN CC_360627,8WEST POINT_360035,65.43942202309451,500,162460957.83104804,8ACKERMAN_CC_360627-8WEST_POINT_360035,591,0,132036302.921875,163383742.640625,23.74153094645346,0.0,0.32318104906937395,0.6548223350253807,0.021996615905245348,31347439.71875,38570718.57936297,201031676.410411
8CLAY_360688,8WEST POINT_360035,22.205058428472704,500,56444938.78096882,8CLAY_360688-8WEST_POINT_360035,215,0,49341619.75,64968962.875,31.671727041348284,0.0,0.0,0.9116279069767442,0.08837209302325581,15627343.125,17877086.939364586,74322025.72033341
8COGEN CALED_360606,8WEST POINT_360035,35.17785063460849,500,85508528.91876927,8COGEN_CALED_360606-8WEST_POINT_360035,355,0,77585148.890625,99348238.28125,28.050586615881002,0.0,0.23661971830985915,0.6197183098591549,0.14366197183098592,21763089.390625,23985643.96832503,109494172.8870943
8E POINT AL_360058,8WEST POINT_360035,220.6094868869333,500,533542219.8800087,8E_POINT_AL_360058-8WEST_POINT_360035,2137,0,465301347.03125,504292493.0,8.37976210847533,0.45437529246607394,0.41881141787552645,0.1043518951801591,0.022461394478240523,38991145.96875,44709568.7742231,578251788.6542318
8UNION MS_360033,8WEST POINT_360035,94.00560384591434,500,224461276.81175816,8UNION_MS_360033-8WEST_POINT_360035,920,0,197762619.703125,258353633.765625,30.63825416221595,0.0,0.29891304347826086,0.3717391304347826,0.3293478260869565,60591014.0625,68771016.48534156,293232293.2970997
8TRICO STEEL_360014,8WEST POINT_360035,199.47749980868326,500,481362162.8813026,8TRICO_STEEL_360014-8WEST_POINT_360035,1739,0,378035701.0625,411557549.625,8.867376406060101,0.32547441058079357,0.5917193789534215,0.055204140310523286,0.027602070155261643,33521848.5625,42684194.85903722,524046357.7403398
6CENTER PNT_360533,8WEST POINT_360035,411.850740008958,500,1006889611.028507,6CENTER_PNT_360533-8WEST_POINT_360035,3950,0,869302087.25,917526574.765625,5.547494734331204,0.6167088607594937,0.30556962025316453,0.06531645569620254,0.01240506329113924,48224487.515625,55857148.15233436,1062746759.1808413
8BR FERRY NP_360052,8WEST POINT_360035,220.8714608393622,500,533610431.377274,8BR_FERRY_NP_360052-8WEST_POINT_360035,1956,0,425473853.984375,476439193.90625,11.978489264288994,0.032208588957055216,0.8752556237218814,0.0679959100204499,0.024539877300613498,50965339.921875,63918468.23565295,597528899.612927
6LOOPERS FRM_360602,8WEST POINT_360035,418.6018374067518,500,1025029434.4822398,6LOOPERS_FRM_360602-8WEST_POINT_360035,4013,0,884539862.171875,932764349.6875,5.451929254744492,0.6227261400448543,0.30077248940941936,0.06429105407425866,0.01221031647146773,48224487.515625,55883879.60827926,1080913314.0905192
8LIMESTONE_360088,8WEST POINT_360035,244.61821407617686,500,590567818.7034199,8LIMESTONE_360088-8WEST_POINT_360035,2195,0,477069861.90625,527793697.703125,10.6323706121773,0.14259681093394078,0.7749430523917995,0.06059225512528474,0.021867881548974944,50723835.796875,62791359.20079894,653359177.9042189
6COUNTY LINE_360013,8WEST POINT_360035,403.04765553291423,500,985619627.287969,6COUNTY_LINE_360013-8WEST_POINT_360035,3701,0,814877672.203125,852263886.53125,4.587954192811128,0.660091867062956,0.2893812483112672,0.037557416914347476,0.012969467711429343,37386214.328125,45219777.01532779,1030839404.3032968
6YOUNG GA_361454,8WEST POINT_360035,369.15054516235267,500,898740889.5736904,6YOUNG_GA_361454-8WEST_POINT_360035,3372,0,739363091.421875,777988456.859375,5.224140329106675,0.6106168446026097,0.333926453143535,0.04122182680901542,0.014234875444839857,38625365.4375,46951485.26639125,945692374.8400817
8MADISON AL_360060,8WEST POINT_360035,284.175824433984,500,689430130.2254803,8MADISON_AL_360060-8WEST_POINT_360035,2555,0,558125158.15625,613881780.28125,9.98998545580536,0.17377690802348336,0.7553816046966731,0.052054794520547946,0.0187866927592955,55756622.125,68873969.73746544,758304099.9629457
6KENSNGTN GA_361503,8WEST POINT_360035,369.3497334715563,500,899269570.6047722,6KENSNGTN_GA_361503-8WEST_POINT_360035,3368,0,738383539.1875,777008904.625,5.231070763034951,0.6101543942992874,0.3343230403800475,0.041270783847980996,0.014251781472684086,38625365.4375,47041427.58877618,946310998.1935484
6ALPHA GA_361502,8WEST POINT_360035,437.67233739399734,500,1071124228.2076757,6ALPHA_GA_361502-8WEST_POINT_360035,4193,0,923772875.09375,971997362.609375,5.2203835830025636,0.6389220128786072,0.28786072024803244,0.06153112330073933,0.011686143572621035,48224487.515625,55916793.36291641,1127041021.5705922
6CLOUDLANDGA_361633,8WEST POINT_360035,349.62474646983287,500,848404501.5043911,6CLOUDLANDGA_361633-8WEST_POINT_360035,3177,0,694057859.03125,731444073.359375,5.3866134993857395,0.6040289581366068,0.3371104815864023,0.04375196726471514,0.015108593012275733,37386214.328125,45700271.40743182,894104772.9118229
8MAGNOL CC1_360613,8WEST POINT_360035,156.44149339882608,500,373860377.4994772,8MAGNOL_CC1_360613-8WEST_POINT_360035,1470,0,316176287.734375,412905922.203125,30.59357650185779,0.0,0.3224489795918367,0.3299319727891156,0.3476190476190476,96729634.46875,114377260.60043688,488237638.0999141
6ROCK SPG GA_361500,8WEST POINT_360035,373.3880386632143,500,908482386.8116566,6ROCK_SPG_GA_361500-8WEST_POINT_360035,3405,0,745945473.515625,784570838.953125,5.178041399656119,0.6143906020558003,0.33069016152716596,0.0408223201174743,0.014096916299559472,38625365.4375,47041594.097691625,955523980.9093482
6WID CRK FP_360068,8WEST POINT_360035,326.5320256904466,500,787838383.8965609,6WID_CRK_FP_360068-8WEST_POINT_360035,2920,0,634045166.46875,670702136.546875,5.781444606270281,0.5804794520547946,0.35547945205479453,0.047602739726027396,0.01643835616438356,36656970.078125,45548439.751914665,833386823.6484755
6WRINGOLD GA_361504,8WEST POINT_360035,411.2791360610081,500,1002874537.3391681,6WRINGOLD_GA_361504-8WEST_POINT_360035,3814,0,837586991.15625,874973205.484375,4.463561961070472,0.670162558993183,0.2808075511274253,0.036444677503932876,0.012585212375458836,37386214.328125,44763926.3659326,1047638463.7051007
6BATTLFLD GA_361530,8WEST POINT_360035,380.97006460874985,500,929457125.9137945,6BATTLFLD_GA_361530-8WEST_POINT_360035,3418,0,750971047.203125,788298527.484375,4.9705618372732685,0.6334113516676418,0.31187829139847867,0.04066705675833821,0.014043300175541252,37327480.28125,46199241.19448802,975656367.1082826
6S HAVEN CC_360594,8WEST POINT_360035,226.2011037056154,500,554283394.3794141,6S_HAVEN_CC_360594-8WEST_POINT_360035,2038,0,450576479.453125,595650759.640625,32.19748184893716,0.0,0.21050049067713444,0.47939156035328756,0.310107948969578,145074280.1875,178465295.29698464,732748689.6763988
6CONCORD TN_361509,8WEST POINT_360035,433.0661750048203,500,1058445586.445271,6CONCORD_TN_361509-8WEST_POINT_360035,4013,0,883338011.96875,920724226.296875,4.2323792049659525,0.6865188138549714,0.26688263144779467,0.03463742835783703,0.01196112633939696,37386214.328125,44797430.89658958,1103243017.3418605
8BRADLEY TN_360662,8WEST POINT_360035,439.05469447672635,500,1070994029.3887126,8BRADLEY_TN_360662-8WEST_POINT_360035,4058,0,891365412.734375,929101901.15625,4.233559871491277,0.6860522424839822,0.26786594381468704,0.034253326761951704,0.011828486939379004,37736488.421875,45341173.45426804,1116335202.8429806
8RACCOON MTN_360079,8WEST POINT_360035,368.09896721095606,500,892040488.0633361,8RACCOON_MTN_360079-8WEST_POINT_360035,3287,0,716915535.953125,753572506.03125,5.113150467494099,0.6273197444478248,0.3157894736842105,0.04228780042592029,0.014602981442044418,36656970.078125,45611372.3856471,937651860.4489832
8BENTON MS_360612,8WEST POINT_360035,229.22647383763885,500,554447497.9317167,8BENTON_MS_360612-8WEST_POINT_360035,2077,0,452381766.6875,611498167.8125,35.17303588296823,0.0,0.2522869523350987,0.248435243139143,0.4992778045257583,159116401.125,195016017.39974225,749463515.3314589
8SEQUOYAH NP_360081,8WEST POINT_360035,427.7245710568704,500,1049326704.1847304,8SEQUOYAH_NP_360081-8WEST_POINT_360035,3824,0,844484046.90625,881141016.984375,4.340753411792342,0.6796548117154811,0.27144351464435146,0.03634937238493724,0.012552301255230125,36656970.078125,45548684.71274682,1094875388.8974771
8FRANKLIN TN_360069,8WEST POINT_360035,332.8997334715563,500,800374192.3613554,8FRANKLIN_TN_360069-8WEST_POINT_360035,2963,0,641059386.171875,706555999.390625,10.216933817920836,0.1491731353358083,0.7802902463719203,0.05433682078974013,0.01619979750253122,65496613.21875,81773701.52927808,882147893.8906335
8SHELBY TN_360021,8WEST POINT_360035,248.94241538365725,500,597820971.0210426,8SHELBY_TN_360021-8WEST_POINT_360035,2265,0,489510158.296875,667190754.9375,36.29763215922199,0.0,0.23134657836644593,0.22781456953642384,0.5408388520971302,177680596.640625,216994857.0319071,814815828.0529497
8HAYWOOD TN_360542,8WEST POINT_360035,239.9568375342962,500,577929357.1767237,8HAYWOOD_TN_360542-8WEST_POINT_360035,2347,0,509204575.671875,665844846.09375,30.761756257825155,0.0,0.2449936088623775,0.4635705155517682,0.29143587558585426,156640270.421875,177781220.19711947,755710577.3738432
8HIWASSEE TN_360110,8WEST POINT_360035,468.84351908927255,500,1132727728.586458,8HIWASSEE_TN_360110-8WEST_POINT_360035,4232,0,920402704.953125,985899318.171875,7.116082217738118,0.4043005671077505,0.5463137996219282,0.03804347826086957,0.011342155009451797,65496613.21875,80605836.46932982,1213333565.0557878
8LAG CRK CC_360615,8WEST POINT_360035,258.40547386314773,500,622107071.9337766,8LAG_CRK_CC_360615-8WEST_POINT_360035,2465,0,535052756.609375,717808151.015625,34.15651861404649,0.0,0.18417849898580121,0.4105476673427992,0.4052738336713996,182755394.40625,212490117.82436,834597189.7581366
8MAURY TN_360050,8WEST POINT_360035,300.27613613753476,500,717964909.9525678,8MAURY_TN_360050-8WEST_POINT_360035,2772,0,596846416.609375,659450026.28125,10.489065181545332,0.1764069264069264,0.7435064935064936,0.045815295815295816,0.03427128427128427,62603609.671875,75307807.38554808,793272717.3381159
8JACKSON TN_360019,8WEST POINT_360035,250.45137654188065,500,612258653.9219296,8JACKSON_TN_360019-8WEST_POINT_360035,2580,0,567288231.140625,710054564.1875,25.166454230827263,0.0,0.4321705426356589,0.3802325581395349,0.1875968992248062,142766333.046875,154083793.9135415,766342447.8354712
8RUTHERFORD_360010,8WEST POINT_360035,335.393051661491,500,808767137.3899212,8RUTHERFORD_360010-8WEST_POINT_360035,3011,0,653480287.828125,724947356.296875,10.936377087406024,0.11291929591497842,0.7990700763865826,0.07206908003985386,0.015941547658585187,71467068.46875,88449823.90398094,897216961.2939022
8ANDERSON TN_360120,8WEST POINT_360035,518.1596943491818,500,1261336871.9713237,8ANDERSON_TN_360120-8WEST_POINT_360035,4618,0,1011402206.671875,1076898819.890625,6.475822653608154,0.4540926808142053,0.5006496318752707,0.034863577306193154,0.01039411000433088,65496613.21875,81681938.89343147,1343018810.8647552
8BULL RUN FP_360093,8WEST POINT_360035,606.190402053765,500,1491628442.3811927,8BULL_RUN_FP_360093-8WEST_POINT_360035,5377,0,1191377388.96875,1254589404.25,5.305792762775696,0.5584898642365631,0.3998512181513855,0.03273200669518319,0.008926910916868142,63212015.28125,79142713.94336516,1570771156.3245578
8JVILLE FP_360037,8WEST POINT_360035,301.3207531347792,500,726910903.7822914,8JVILLE_FP_360037-8WEST_POINT_360035,3069,0,666481340.328125,803644022.640625,20.58012340525115,0.029651352231997392,0.5030954708374064,0.39002932551319647,0.0772238514173998,137162682.3125,149599161.04462203,876510064.8269135
8PIN HOOK TN_360581,8WEST POINT_360035,364.76083086935006,500,890530077.009557,8PIN_HOOK_TN_360581-8WEST_POINT_360035,3305,0,726491395.78125,805307368.53125,10.848851508453627,0.10287443267776097,0.8166414523449319,0.0659606656580938,0.014523449319213313,78815972.75,96612285.69288458,987142362.7024416
8PLATEAU TN_360077,8WEST POINT_360035,458.4096489189858,500,1107653109.9484327,8PLATEAU_TN_360077-8WEST_POINT_360035,4015,0,873531745.515625,936743760.796875,7.236372988818784,0.4087173100871731,0.5354919053549191,0.043835616438356165,0.011955168119551681,63212015.28125,80153910.45811962,1187807020.4065523
8DAVIDSON TN_360048,8WEST POINT_360035,340.9210517125087,500,819035548.2073789,8DAVIDSON_TN_360048-8WEST_POINT_360035,3200,0,692387907.828125,765308611.96875,10.531770314903666,0.1375,0.7953125,0.0375,0.0296875,72920704.140625,86258942.73461322,905294490.941992
8VOLUNTEER_360097,8WEST POINT_360035,636.2345059379427,500,1567899106.3809237,8VOLUNTEER_360097-8WEST_POINT_360035,5681,0,1260768449.921875,1323980465.203125,5.013768807838348,0.5821158246787538,0.37845449744763243,0.030980461186410842,0.008449216687202957,63212015.28125,78610836.33410296,1646509942.7150266
8GLEASON CT_360582,8WEST POINT_360035,314.4819479558756,500,763752332.7576075,8GLEASON_CT_360582-8WEST_POINT_360035,3255,0,711289763.296875,909877456.03125,27.919380115061387,0.0,0.3425499231950845,0.41597542242703534,0.24147465437788018,198587692.734375,213234916.92024493,976987249.6778524
8LAG CRK CT_360568,8WEST POINT_360035,318.89679210410014,500,776775526.0681195,8LAG_CRK_CT_360568-8WEST_POINT_360035,3285,0,719847996.5,914059043.46875,26.97945231674337,0.0,0.3394216133942161,0.4709284627092846,0.18964992389649923,194211046.96875,209569782.66368076,986345308.7318003
8CUMBERLAND_360040,8WEST POINT_360035,353.1935647745577,500,849003892.1001279,8CUMBERLAND_360040-8WEST_POINT_360035,3524,0,762654907.953125,915027211.1875,19.979193950685257,0.012485811577752554,0.543416572077185,0.3819523269012486,0.062145289443813846,152372303.234375,169624134.25155115,1018628026.3516791
8PHIPPS B NP_360102,8WEST POINT_360035,695.6810188979559,500,1721124341.459251,8PHIPPS_B_NP_360102-8WEST_POINT_360035,6274,0,1398650345.5625,1461862360.84375,4.519500923286723,0.6216130060567421,0.342684093082563,0.028052279247688876,0.007650621613006056,63212015.28125,77786230.50316338,1798910571.9624143
8MONTGOMERY_360044,8WEST POINT_360035,401.4985452133704,500,966680572.2239099,8MONTGOMERY_360044-8WEST_POINT_360035,3859,0,836736716.390625,946931407.703125,13.169577616701167,0.04249805649131899,0.8105726872246696,0.11531484840632288,0.03161440787768852,110194691.3125,127307748.26459879,1093988320.4885087
8MARSHALL KY_360015,8WEST POINT_360035,422.0956427131997,500,1013659535.2132379,8MARSHALL_KY_360015-8WEST_POINT_360035,4331,0,936174546.390625,1204238003.421875,28.633918542728544,0.0,0.2990071577003002,0.46617409374278457,0.23481874855691526,268063457.03125,290250445.6135593,1303909980.8267972
7SHAWNEE FP_360002,8WEST POINT_360035,436.4519673895183,500,1055346566.2017508,7SHAWNEE_FP_360002-8WEST_POINT_360035,4493,0,977334438.78125,1276051803.890625,30.564498011743012,0.0,0.2481638103716893,0.4705096817271311,0.28132650790117963,298717365.109375,322561380.2437323,1377907946.445483
8PARADISE CC_360117,8WEST POINT_360035,475.1569218317777,500,1143217935.4235659,8PARADISE_CC_360117-8WEST_POINT_360035,4665,0,1010649408.71875,1213902826.09375,20.111169671852313,0.009431939978563772,0.5461950696677385,0.37813504823151123,0.06623794212218649,203253417.375,229914498.71208036,1373132434.1356463
8PARADISE CC_360117,8WEST POINT_360035,475.1569218317777,500,1143217935.4235659,8PARADISE_CC_360117-8WEST_POINT_360035,4665,0,1010649408.71875,1213902826.09375,20.111169671852313,0.009431939978563772,0.5461950696677385,0.37813504823151123,0.06623794212218649,203253417.375,229914498.71208036,1373132434.1356463
8ACKERMAN CC_360627,8BENTON MS_360612,238.36662325404814,500,582698781.8027761,8ACKERMAN_CC_360627-8BENTON_MS_360612,2343,0,515830193.4375,662864384.421875,28.504378544523924,0.0,0.30559112249253095,0.4707639778062313,0.22364489970123774,147034190.984375,166094666.53939277,748793448.3421688
6CENTER PNT_360533,8BENTON MS_360612,525.5787594936185,500,1289493801.8335848,6CENTER_PNT_360533-8BENTON_MS_360612,5224,0,1152583172.421875,1326551311.234375,15.093760083877328,0.36370597243491576,0.31929555895865236,0.19008422664624808,0.12691424196018378,173968138.8125,194633100.74522984,1484126902.5788145
6LOOPERS FRM_360602,8BENTON MS_360612,532.3298568914123,500,1307633625.2873175,6LOOPERS_FRM_360602-8BENTON_MS_360612,5287,0,1167820947.34375,1341789086.15625,14.896816092244002,0.3712880650652544,0.31549082655570265,0.18781917911859278,0.12540192926045016,173968138.8125,194795776.31939477,1502429401.6067123
6COUNTY LINE_360013,8BENTON MS_360612,497.98100628231276,500,1222621843.4013727,6COUNTY_LINE_360013-8BENTON_MS_360612,5006,0,1105319374.40625,1278326323.21875,15.652213542844585,0.3439872153415901,0.3252097483020376,0.19836196564123051,0.13244107071514183,173006948.8125,191367381.75064576,1413989225.1520185
6YOUNG GA_361454,8BENTON MS_360612,464.0838959117512,500,1135743105.687094,6YOUNG_GA_361454-8BENTON_MS_360612,4677,0,1029804793.625,1204050893.546875,16.920303828506555,0.28608082103912763,0.3598460551635664,0.2123155869146889,0.14175753688261705,174246099.921875,192171184.1935726,1327914289.8806665
6KENSNGTN GA_361503,8BENTON MS_360612,464.28308422095483,500,1136271786.718176,6KENSNGTN_GA_361503-8BENTON_MS_360612,4673,0,1028825241.390625,1203071341.3125,16.936413776780302,0.28546971966616735,0.36015407661031457,0.21249732505884872,0.1418788786646694,174246099.921875,192443691.42740482,1328715478.1455808
6ALPHA GA_361502,8BENTON MS_360612,546.9193569041668,500,1340545687.295192,6ALPHA_GA_361502-8BENTON_MS_360612,5481,0,1208534465.796875,1382177697.8125,14.3680827423593,0.3955482576172231,0.3023170954205437,0.1811713191023536,0.12096332785987958,173643232.015625,192610713.54970235,1533156400.8448944
6CLOUDLANDGA_361633,8BENTON MS_360612,436.1170972447404,500,1071824827.4015039,6CLOUDLANDGA_361633-8BENTON_MS_360612,4452,0,984711584.390625,1156374393.3125,17.432800795992076,0.23405211141060198,0.4171159029649596,0.1999101527403414,0.14892183288409702,171662808.921875,186849087.04289004,1258673914.4443939
6ROCK SPG GA_361500,8BENTON MS_360612,468.32138941261275,500,1145484602.9250603,6ROCK_SPG_GA_361500-8BENTON_MS_360612,4710,0,1036387175.71875,1210633275.640625,16.812838290963295,0.2910828025477707,0.3573248407643312,0.21082802547770702,0.14076433121019108,174246099.921875,192588473.9376734,1338073076.8627336
6WID CRK FP_360068,8BENTON MS_360612,402.66423361185525,500,983779165.1178086,6WID_CRK_FP_360068-8BENTON_MS_360612,4089,0,898659457.71875,1069195999.34375,18.9767703617016,0.17265835167522622,0.4499877720714111,0.21521154316458793,0.16214233308877476,170536541.625,186689513.03067172,1170468678.1484804
6WRINGOLD GA_361504,8BENTON MS_360612,506.2124868104066,500,1239876753.4525719,6WRINGOLD_GA_361504-8BENTON_MS_360612,5119,0,1128028693.359375,1301035642.171875,15.337105326396362,0.3584684508693104,0.3180308654033991,0.19398319984371948,0.129517483883571,173006948.8125,190161203.59452468,1430037957.0470965
6BATTLFLD GA_361530,8BENTON MS_360612,444.87313621406145,500,1098003089.5164776,6BATTLFLD_GA_361530-8BENTON_MS_360612,4570,0,1015381270.546875,1187423948.703125,16.943652906222063,0.25032822757111595,0.4098468271334792,0.19474835886214442,0.1450765864332604,172042678.15625,186041832.3872667,1284044921.9037442
6S HAVEN CC_360594,8BENTON MS_360612,104.138967466045,500,269137168.6313381,6S_HAVEN_CC_360594-8BENTON_MS_360612,992,0,231302469.953125,346953705.5625,50.00000027358658,0.0,0.0,0.0,1.0,115651235.609375,134568585.05199224,403705753.68333036
6CONCORD TN_361509,8BENTON MS_360612,527.9995257542188,500,1295447802.5586748,6CONCORD_TN_361509-8BENTON_MS_360612,5318,0,1173779714.171875,1346786662.984375,14.739303016031414,0.3824746145167356,0.30613012410680707,0.18672433245581047,0.12467092892064686,173006948.8125,190939977.03364342,1486387779.5923183
8ANDERSON TN_360120,8BENTON MS_360612,542.0478503795196,500,1326436732.3319235,8ANDERSON_TN_360120-8BENTON_MS_360612,5349,0,1177910047.296875,1332116733.953125,13.091550327644374,0.49224154047485513,0.22527575247709852,0.15984296130117778,0.12263974574686858,154206686.65625,173651132.37759525,1500087864.7095187
7SHAWNEE FP_360002,8BENTON MS_360612,270.8742596084086,500,649974688.6481798,7SHAWNEE_FP_360002-8BENTON_MS_360612,2681,0,578630337.71875,797429713.5625,37.813325983972156,0.0,0.0,0.6117120477433793,0.38828795225662066,218799375.84375,245777047.8318443,895751736.4800241
8CHOCTAW MS_360654,8JACKSON TN_360019,302.05089598827783,500,734491127.0740902,8CHOCTAW_MS_360654-8JACKSON_TN_360019,3068,0,671161026.84375,840690819.171875,25.259183049612986,0.0,0.2715123859191656,0.6942633637548892,0.03422425032594524,169529792.328125,185526458.27080998,920017585.3449003
8ACKERMAN CC_360627,8JACKSON TN_360019,287.2823050896224,500,700023803.9934365,8ACKERMAN_CC_360627-8JACKSON_TN_360019,2930,0,642744342.828125,803908283.484375,25.07434603735541,0.0,0.3505119453924915,0.5474402730375426,0.10204778156996587,161163940.65625,175526390.95717284,875550194.9506093
8CLAY_360688,8JACKSON TN_360019,271.3873895146484,500,658197678.3551152,8CLAY_360688-8JACKSON_TN_360019,2777,0,606145383.765625,769241638.8125,26.907118228576433,0.0,0.3269715520345697,0.5027007562117393,0.17032769175369103,163096255.046875,177102027.49275607,835299705.8478713
8COGEN CALED_360606,8JACKSON TN_360019,258.922805076868,500,625976086.3472543,8COGEN_CALED_360606-8JACKSON_TN_360019,2583,0,562361197.59375,669156317.03125,18.990485100049327,0.0,0.6089818041037554,0.3321718931475029,0.05884630274874177,106795119.4375,118875895.40764722,744851981.7549015
8E POINT AL_360058,8JACKSON TN_360019,291.30611014098145,500,707724893.6788943,8E_POINT_AL_360058-8JACKSON_TN_360019,2616,0,572723820.234375,665050843.6875,16.120688574702925,0.10129969418960244,0.581039755351682,0.27522935779816515,0.04243119266055046,92327023.453125,114090126.07562193,821815019.7545162
6CENTER PNT_360533,8JACKSON TN_360019,446.4757984374306,500,1092638900.605557,6CENTER_PNT_360533-8JACKSON_TN_360019,4302,0,947471542.921875,1025762721.546875,8.26316940174905,0.5267317526731753,0.3103207810320781,0.1403998140399814,0.022547652254765224,78291178.625,90286603.3064456,1182925503.9120026
8BR FERRY NP_360052,8JACKSON TN_360019,212.7297920275735,500,509922660.8850688,8BR_FERRY_NP_360052-8JACKSON_TN_360019,1914,0,413093696.453125,491170795.203125,18.900578590373062,0.032915360501567396,0.5397074190177639,0.39132706374085685,0.03605015673981191,78077098.75,96378333.27070394,606300994.1557727
6LOOPERS FRM_360602,8JACKSON TN_360019,453.2268958352244,500,1110778724.05929,6LOOPERS_FRM_360602-8JACKSON_TN_360019,4365,0,962709317.84375,1041000496.46875,8.132379854840766,0.5335624284077892,0.30584192439862545,0.13837342497136312,0.022222222222222223,78291178.625,90332745.18725498,1201111469.2465448
6COUNTY LINE_360013,8JACKSON TN_360019,419.219954314715,500,1024508273.2689834,6COUNTY_LINE_360013-8JACKSON_TN_360019,4082,0,897009797.6875,975933966.0,8.798584866739168,0.493140617344439,0.3351298383145517,0.14796668299853014,0.023762861342479177,78924168.3125,90142229.89033552,1114650503.159319
6YOUNG GA_361454,8JACKSON TN_360019,377.3572400982391,500,927691939.867594,6YOUNG_GA_361454-8JACKSON_TN_360019,3790,0,839278618.09375,922376388.484375,9.901094654283526,0.44010554089709764,0.36569920844327175,0.16200527704485487,0.03218997361477573,83097770.390625,91851657.0664495,1019543596.9340435
6KENSNGTN GA_361503,8JACKSON TN_360019,377.65282451051075,500,928066170.1088004,6KENSNGTN_GA_361503-8JACKSON_TN_360019,3785,0,837725943.28125,920823713.671875,9.919445739634526,0.43936591809775427,0.36618229854689566,0.16221928665785998,0.03223249669749009,83097770.390625,92059020.17184672,1020125190.2806472
6ALPHA GA_361502,8JACKSON TN_360019,454.4111297021687,500,1111763294.1294942,6ALPHA_GA_361502-8JACKSON_TN_360019,4630,0,1019786398.640625,1117069337.671875,9.539540747055275,0.5965442764578833,0.1587473002159827,0.20647948164146868,0.03822894168466523,97282939.03125,106057112.4542871,1217820406.5837812
6CLOUDLANDGA_361633,8JACKSON TN_360019,351.3476946552886,500,860316203.6340644,6CLOUDLANDGA_361633-8JACKSON_TN_360019,3530,0,778628055.453125,858857600.390625,10.303962768309205,0.40594900849858356,0.3926345609065156,0.17393767705382437,0.027478753541076487,80229544.9375,88646661.31218521,948962864.9462496
6ROCK SPG GA_361500,8JACKSON TN_360019,381.69112970216867,500,937323373.3458079,6ROCK_SPG_GA_361500-8JACKSON_TN_360019,3822,0,845334158.546875,928431928.9375,9.830168289125996,0.44479330193615907,0.3626373626373626,0.1606488749345892,0.03192046049188906,83097770.390625,92140465.01320568,1029463838.3590136
6WID CRK FP_360068,8JACKSON TN_360019,317.8948310224034,500,772270541.3503691,6WID_CRK_FP_360068-8JACKSON_TN_360019,3167,0,692575928.78125,771679206.421875,11.421603661540146,0.34638459109567415,0.4322702873381749,0.19071676665614146,0.030628354910009474,79103277.640625,88205680.42786966,860476221.7782388
6WRINGOLD GA_361504,8JACKSON TN_360019,427.45143484280885,500,1041763183.3201826,6WRINGOLD_GA_361504-8JACKSON_TN_360019,4195,0,919719116.640625,998643284.953125,8.581333896894439,0.5067938021454113,0.3261025029797378,0.14398092967818832,0.023122765196662693,78924168.3125,89397177.17562138,1131160360.4958038
6BATTLFLD GA_361530,8JACKSON TN_360019,360.10373362460973,500,886494465.749038,6BATTLFLD_GA_361530-8JACKSON_TN_360019,3648,0,809297741.609375,889907155.78125,9.960415064494633,0.42077850877192985,0.3843201754385965,0.16831140350877194,0.026589912280701754,80609414.171875,88298528.31237839,974792994.0614164
6S HAVEN CC_360594,8JACKSON TN_360019,195.37065571147645,500,488198496.90963995,6S_HAVEN_CC_360594-8JACKSON_TN_360019,1840,0,414660300.203125,608994371.328125,46.865849233650714,0.0,0.017391304347826087,0.10434782608695652,0.8782608695652174,194334071.125,228798371.5226208,716996868.4322608
6CONCORD TN_361509,8JACKSON TN_360019,449.23847378662106,500,1097334232.4262855,6CONCORD_TN_361509-8JACKSON_TN_360019,4394,0,965470137.453125,1044394305.765625,8.174687672960967,0.5291306326809285,0.31133363677742376,0.13746017296313154,0.022075557578516158,78924168.3125,89703646.2293324,1187037878.655618
8BRADLEY TN_360662,8JACKSON TN_360019,422.87740894829113,500,1033419487.6786525,8BRADLEY_TN_360662-8JACKSON_TN_360019,4343,0,955549325.140625,1052810648.53125,10.17857695376545,0.5701128252360119,0.16900759843426202,0.22012433801519687,0.040755238314529124,97261323.390625,105187397.80858031,1138606885.487233
8BENTON MS_360612,8JACKSON TN_360019,125.98576613305578,500,308252460.80860436,8BENTON_MS_360612-8JACKSON_TN_360019,1149,0,253299931.359375,365778708.546875,44.405372154609154,0.0,0.034812880765883375,0.2010443864229765,0.7641427328111401,112478777.1875,136880652.3978015,445133113.2064059
8FRANKLIN TN_360069,8JACKSON TN_360019,273.7891557497398,500,660227880.7555835,8FRANKLIN_TN_360069-8JACKSON_TN_360019,2807,0,609562105.65625,676979798.171875,11.060020281779748,0.4741717135732098,0.26647666547915927,0.22479515496971855,0.034556465977912364,67417692.515625,73021337.51753215,733249218.2731156
8HAYWOOD TN_360542,8JACKSON TN_360019,49.97641553671063,500,121737912.64442536,8HAYWOOD_TN_360542-8JACKSON_TN_360019,437,0,96216928.09375,139244368.46875,44.7191998616665,0.0,0.0,0.2448512585812357,0.7551487414187643,43027440.375,54440220.46288156,176178133.10730693
8HIWASSEE TN_360110,8JACKSON TN_360019,395.76337649086287,500,964222229.4965518,8HIWASSEE_TN_360110-8JACKSON_TN_360019,4067,0,892321708.21875,989583031.609375,10.899804688689896,0.5409392672731743,0.1804770100811409,0.23506269977870667,0.043521022866978114,97261323.390625,105098339.78005539,1069320569.2766072
8ANDERSON TN_360120,8JACKSON TN_360019,442.9557335735919,500,1090163969.0314064,8ANDERSON_TN_360120-8JACKSON_TN_360019,4441,0,983579675.59375,1080862614.625,9.89070244589223,0.5793740148615176,0.16550326503039856,0.21526683179464084,0.039855888313442916,97282939.03125,107824874.34922513,1197988843.3806314
8BULL RUN FP_360093,8JACKSON TN_360019,533.166084144428,500,1312826408.3995469,8BULL_RUN_FP_360093-8JACKSON_TN_360019,5247,0,1162773946.25,1260598437.21875,8.413027423278496,0.6392224128073185,0.14484467314655994,0.18219935201067278,0.033733562035448826,97824490.96875,110448445.75869602,1423274854.158243
8DAVIDSON TN_360048,8JACKSON TN_360019,188.80111026852592,500,458270440.5734465,8DAVIDSON_TN_360048-8JACKSON_TN_360019,1796,0,392510281.78125,479786658.46875,22.235437067133958,0.0,0.47939866369710465,0.4220489977728285,0.09855233853006681,87276376.6875,101898435.41098623,560168875.9844327
8GLEASON CT_360582,8JACKSON TN_360019,68.30004543019604,500,164485382.45920047,8GLEASON_CT_360582-8JACKSON_TN_360019,699,0,151460128.0,204777197.1875,35.20204947106607,0.0,0.0,0.7367668097281831,0.2632331902718169,53317069.1875,57902225.705959976,222387608.16516045
8CUMBERLAND_360040,8JACKSON TN_360019,139.12970116718137,500,336189006.78142214,8CUMBERLAND_360040-8JACKSON_TN_360019,1218,0,265224346.75,317435072.34375,19.685495028464995,0.2857142857142857,0.1683087027914614,0.45648604269293924,0.08949096880131363,52210725.59375,66180470.2162027,402369476.9976248
7SHAWNEE FP_360002,8JACKSON TN_360019,190.09381161426964,500,451885146.87847745,7SHAWNEE_FP_360002-8JACKSON_TN_360019,1928,0,412305788.375,579039790.53125,40.43940367982471,0.0,0.0,0.47614107883817425,0.5238589211618258,166734002.15625,182739658.7153563,634624805.5938337
8CHOCTAW MS_360654,8SHELBY TN_360021,265.09552585625437,500,648384331.4416106,8CHOCTAW_MS_360654-8SHELBY_TN_360021,2652,0,583424442.75,745476421.296875,27.77600091333763,0.0,0.4287330316742081,0.24924585218702866,0.3220211161387632,162051978.546875,180095237.8231598,828479569.2647704
8ACKERMAN CC_360627,8SHELBY TN_360021,258.08256480006656,500,626072254.8921021,8ACKERMAN_CC_360627-8SHELBY_TN_360021,2531,0,552958585.046875,718556971.546875,29.947701505703538,0.0,0.28289213749506126,0.4357961280126432,0.2813117344922955,165598386.5,187494250.10511416,813566504.9972162
8CLAY_360688,8SHELBY TN_360021,263.6236556349497,500,635326125.1738216,8CLAY_360688-8SHELBY_TN_360021,2407,0,522547029.28125,683892311.140625,30.87670062564536,0.0,0.29497299542999583,0.36809306190278357,0.3369339426672206,161345281.859375,196167745.66643378,831493870.8402554
8COGEN CALED_360606,8SHELBY TN_360021,264.28472703619013,500,637359436.5588925,8COGEN_CALED_360606-8SHELBY_TN_360021,2346,0,509424744.6875,669101507.578125,31.34452430036092,0.0,0.36231884057971014,0.21355498721227623,0.42412617220801363,159676762.890625,199777283.4728455,837136720.031738
8E POINT AL_360058,8SHELBY TN_360021,378.17264909754806,500,912821298.2921131,8E_POINT_AL_360058-8SHELBY_TN_360021,3570,0,776051869.390625,911375977.265625,17.437508137343947,0.28095238095238095,0.36694677871148457,0.18627450980392157,0.16582633053221288,135324107.875,159173288.16909587,1071994586.4612089
6CENTER PNT_360533,8SHELBY TN_360021,525.5046556094408,500,1285436549.597764,6CENTER_PNT_360533-8SHELBY_TN_360021,5253,0,1155497396.90625,1328795473.578125,14.997703771195535,0.3616980772891681,0.30325528269560253,0.22596611460118027,0.10908052541404911,173298076.671875,192785965.8753496,1478222515.4731135
8BR FERRY NP_360052,8SHELBY TN_360021,285.91750637159384,500,687508378.3890121,8BR_FERRY_NP_360052-8SHELBY_TN_360021,2873,0,621723792.90625,789033639.3125,26.910639147998427,0.021928297946397494,0.36233901844761573,0.37069265576052907,0.2450400278454577,167309846.40625,185012898.82052267,872521277.2095348
6LOOPERS FRM_360602,8SHELBY TN_360021,532.2557530072345,500,1303576373.051497,6LOOPERS_FRM_360602-8SHELBY_TN_360021,5316,0,1170735171.828125,1344033248.5,14.802500244463213,0.36926260346124906,0.2996613995485327,0.22328818660647104,0.10778781038374718,173298076.671875,192961895.80771253,1496538268.8592095
8LIMESTONE_360088,8SHELBY TN_360021,309.0007271382258,500,743576118.6524065,8LIMESTONE_360088-8SHELBY_TN_360021,3098,0,670994720.453125,837736121.859375,24.849882767132492,0.10200129115558425,0.32698515171078113,0.3437701743060039,0.22724338282763074,166741401.40625,184777793.76951697,928353912.4219234
6COUNTY LINE_360013,8SHELBY TN_360021,497.906902398135,500,1218564591.1655521,6COUNTY_LINE_360013-8SHELBY_TN_360021,5035,0,1108233598.890625,1280570485.5625,15.550592117437102,0.3420059582919563,0.3084409136047666,0.23574975173783516,0.11380337636544191,172336886.671875,189494009.25967,1408058600.4252222
6YOUNG GA_361454,8SHELBY TN_360021,464.00979202757344,500,1131685853.4512734,6YOUNG_GA_361454-8SHELBY_TN_360021,4706,0,1032719018.109375,1206295055.890625,16.807673213864117,0.2843178920526987,0.34169145771355713,0.2522311942201445,0.12175945601359967,173576037.78125,190210060.0556192,1321895913.5068927
8MADISON AL_360060,8SHELBY TN_360021,334.3333050641135,500,807337693.7525306,8MADISON_AL_360060-8SHELBY_TN_360021,3389,0,736290159.09375,902720475.28125,22.603903384006642,0.07730894069046916,0.41634700501622895,0.33726763056948955,0.16907642372381235,166430316.1875,182489832.27848947,989827526.03102
6KENSNGTN GA_361503,8SHELBY TN_360021,464.2089803367772,500,1132214534.482355,6KENSNGTN_GA_361503-8SHELBY_TN_360021,4702,0,1031739465.875,1205315503.65625,16.82363072484032,0.2837090599744789,0.3419821352615908,0.25244576775840066,0.12186303700552956,173576037.78125,190479592.2942813,1322694126.7766364
6ALPHA GA_361502,8SHELBY TN_360021,546.8452530199891,500,1336488435.0593715,6ALPHA_GA_361502-8SHELBY_TN_360021,5510,0,1211448690.28125,1384421860.15625,14.278208500505496,0.3934664246823956,0.2871143375680581,0.21542649727767696,0.10399274047186932,172973169.875,190826605.34292004,1527315040.4022915
6CLOUDLANDGA_361633,8SHELBY TN_360021,436.0429933605627,500,1067767575.1656833,6CLOUDLANDGA_361633-8SHELBY_TN_360021,4481,0,987625808.875,1158618555.65625,17.31351542706514,0.2325373800490962,0.39767908948895336,0.24191028788216914,0.1278732425797813,170992746.78125,184868103.85150993,1252635679.0171933
8MAGNOL CC1_360613,8SHELBY TN_360021,95.14225965942634,500,232702130.56456694,8MAGNOL_CC1_360613-8SHELBY_TN_360021,856,0,188487466.71875,273031875.03125,44.85412732436593,0.0,0.0,0.26635514018691586,0.7336448598130841,84544408.3125,104376509.9299431,337078640.49451005
6ROCK SPG GA_361500,8SHELBY TN_360021,468.2472855284352,500,1141427350.6892397,6ROCK_SPG_GA_361500-8SHELBY_TN_360021,4739,0,1039301400.203125,1212877437.984375,16.701222354489808,0.28930154040936906,0.3393120911584723,0.2504747837096434,0.1209115847225153,173576037.78125,190632319.85357207,1332059670.5428119
6WID CRK FP_360068,8SHELBY TN_360021,402.5901297276776,500,979721912.881988,6WID_CRK_FP_360068-8SHELBY_TN_360021,4118,0,901573682.203125,1071440161.6875,18.841108922931493,0.1714424477901894,0.42860611947547356,0.26080621661000486,0.1391452161243322,169866479.484375,184590472.74792334,1164312385.6299114
6WRINGOLD GA_361504,8SHELBY TN_360021,506.1383829262289,500,1235819501.216751,6WRINGOLD_GA_361504-8SHELBY_TN_360021,5148,0,1130942917.84375,1303279804.515625,15.238336431731824,0.35644910644910643,0.3016705516705517,0.23057498057498058,0.11130536130536131,172336886.671875,188318333.2843587,1424137834.5011098
6BATTLFLD GA_361530,8SHELBY TN_360021,444.7990323298838,500,1093945837.2806568,6BATTLFLD_GA_361530-8SHELBY_TN_360021,4599,0,1018295495.03125,1189668111.046875,16.82936012698022,0.24874972820178298,0.39095455533811696,0.23570341378560555,0.12459230267449445,171372616.015625,184104084.55007076,1278049921.8307276
6S HAVEN CC_360594,8SHELBY TN_360021,123.85490901206339,500,312510641.72066414,6S_HAVEN_CC_360594-8SHELBY_TN_360021,1180,0,268430861.5625,402646292.6875,50.00000012805905,0.0,0.0,0.0,1.0,134215431.125,156255321.26053023,468765962.9811944
6CONCORD TN_361509,8SHELBY TN_360021,527.9254218700412,500,1291390550.3228543,6CONCORD_TN_361509-8SHELBY_TN_360021,5347,0,1176693938.65625,1349030825.328125,14.645854882934017,0.38040022442491117,0.2904432391995512,0.22199364129418364,0.10716289508135403,172336886.671875,189135185.9722082,1480525736.2950625
8BRADLEY TN_360662,8SHELBY TN_360021,519.0366166911375,500,1262391677.04884,8BRADLEY_TN_360662-8SHELBY_TN_360021,5288,0,1157484358.75,1295727048.390625,11.943374318242817,0.5656202723146747,0.1363464447806354,0.20669440242057488,0.09133888048411498,138242689.640625,150772163.35228598,1413163840.401126
8RACCOON MTN_360079,8SHELBY TN_360021,431.3570518145444,500,1054569610.0995089,8RACCOON_MTN_360079-8SHELBY_TN_360021,4460,0,981829463.234375,1152822210.015625,17.415727800422708,0.2289237668161435,0.39955156950672643,0.2430493273542601,0.12847533632286995,170992746.78125,183660972.76090953,1238230582.8604183
8BENTON MS_360612,8SHELBY TN_360021,32.819759723198594,500,82933228.98008704,8BENTON_MS_360612-8SHELBY_TN_360021,323,0,73326234.78125,109989352.3125,50.000000191779925,0.0,0.0,0.0,1.0,36663117.53125,41466614.64909281,124399843.62917985
8SEQUOYAH NP_360081,8SHELBY TN_360021,479.51162968941424,500,1170467904.894462,8SEQUOYAH_NP_360081-8SHELBY_TN_360021,4877,0,1070745568.984375,1229785498.59375,14.853195214268112,0.3850727906499897,0.2837810129177773,0.21509124461759277,0.11605495181464015,159039929.609375,173851882.8343285,1344319787.7287905
8FRANKLIN TN_360069,8SHELBY TN_360021,363.8436167676643,500,876238110.2366593,8FRANKLIN_TN_360069-8SHELBY_TN_360021,3755,0,813949391.328125,973012154.25,19.542094952897692,0.2010652463382157,0.36884154460719043,0.2793608521970706,0.15073235685752331,159062762.921875,171235283.5159243,1047473393.7525836
8HAYWOOD TN_360542,8SHELBY TN_360021,80.97744150775505,500,194527904.51039505,8HAYWOOD_TN_360542-8SHELBY_TN_360021,774,0,167188880.90625,238700519.09375,42.77296301038085,0.0,0.04392764857881137,0.25452196382428943,0.7015503875968992,71511638.1875,83205348.64110026,277733253.15149534
8HIWASSEE TN_360110,8SHELBY TN_360021,492.20802579248215,500,1193568462.1654944,8HIWASSEE_TN_360110-8SHELBY_TN_360021,5016,0,1094853299.484375,1233095989.125,12.626594787240531,0.5420653907496013,0.14374003189792664,0.21790271132376396,0.09629186602870814,138242689.640625,150707053.22593528,1344275515.3914297
8LAG CRK CC_360615,8SHELBY TN_360021,57.68973372664527,500,137700184.66181225,8LAG_CRK_CC_360615-8SHELBY_TN_360021,543,0,116679593.28125,165933490.328125,42.21294886428948,0.0,0.05156537753222836,0.292817679558011,0.6556169429097606,49253897.046875,58127308.53732299,195827493.19913524
8MAURY TN_360050,8SHELBY TN_360021,274.0827336501186,500,658884260.4199333,8MAURY_TN_360050-8SHELBY_TN_360021,2756,0,596005049.859375,735389657.875,23.386481045506624,0.16618287373004353,0.25181422351233673,0.4067489114658926,0.17525399129172714,139384608.015625,154089842.6749342,812974103.0948675
8JACKSON TN_360019,8SHELBY TN_360021,115.20056485108434,500,277825479.40620524,8JACKSON_TN_360019-8SHELBY_TN_360021,1071,0,232172874.234375,334560902.125,44.09990970231339,0.0,0.031746031746031744,0.2138188608776844,0.7544351073762838,102388027.890625,122520785.54815578,400346264.954361
8RUTHERFORD_360010,8SHELBY TN_360021,322.98225309651576,500,781505623.0931811,8RUTHERFORD_360010-8SHELBY_TN_360021,3214,0,699332784.40625,846517730.015625,21.046481573767274,0.17734909769757312,0.3235843186060983,0.34878655880522713,0.15028002489110143,147184945.609375,164479436.9622615,945985060.0554426
8ANDERSON TN_360120,8SHELBY TN_360021,540.3169218317778,500,1321286489.6025636,8ANDERSON_TN_360120-8SHELBY_TN_360021,5389,0,1185468256.46875,1323732008.921875,11.663218453860779,0.5735758025607719,0.13397661903878272,0.20282056040081647,0.08962701799962887,138263752.453125,154104529.6836955,1475391019.2862592
8BULL RUN FP_360093,8SHELBY TN_360021,632.8002074622485,500,1550378861.725526,8BULL_RUN_FP_360093-8SHELBY_TN_360021,6207,0,1368184238.4375,1508903577.578125,10.285116228303437,0.6115675849846947,0.13452553568551634,0.17609150958595135,0.0778153697438376,140719339.140625,159458267.9075182,1709837129.6330442
8JVILLE FP_360037,8SHELBY TN_360021,200.78409075835654,500,481979063.300401,8JVILLE_FP_360037-8SHELBY_TN_360021,1855,0,400505365.4375,537724946.46875,34.26160867566792,0.07816711590296496,0.11320754716981132,0.35633423180592994,0.4522911051212938,137219581.03125,165133780.56663316,647112843.8670342
8PIN HOOK TN_360581,8SHELBY TN_360021,343.09081799861787,500,843578311.2393444,8PIN_HOOK_TN_360581-8SHELBY_TN_360021,3355,0,741051941.453125,900432632.109375,21.50735754685713,0.06110283159463487,0.4608047690014903,0.33412816691505215,0.14396423248882265,159380690.65625,181431403.58598506,1025009714.8253294
8PLATEAU TN_360077,8SHELBY TN_360021,474.43098028575935,500,1149056539.2307205,8PLATEAU_TN_360077-8SHELBY_TN_360021,4688,0,1021607644.265625,1162326983.40625,13.774303660558452,0.4857081911262799,0.17811433447098976,0.23314846416382254,0.10302901023890786,140719339.140625,158274536.9451434,1307331076.175864
8DAVIDSON TN_360048,8SHELBY TN_360021,292.9502205880697,500,710225998.8463632,8DAVIDSON_TN_360048-8SHELBY_TN_360021,2778,0,605945274.484375,764234741.375,26.122733117329844,0.0,0.34701223902087835,0.4892008639308855,0.16378689704823615,158289466.890625,185530442.20852557,895756441.0548887
8GLEASON CT_360582,8SHELBY TN_360021,158.51122712547138,500,379956118.33234644,8GLEASON_CT_360582-8SHELBY_TN_360021,1394,0,300779926.53125,427017978.734375,41.97023839289,0.0,0.020086083213773313,0.3565279770444763,0.6233859397417504,126238052.203125,159468488.65245706,539424606.9848034
8LAG CRK CT_360568,8SHELBY TN_360021,151.76853234263825,500,362916398.424189,8LAG_CRK_CT_360568-8SHELBY_TN_360021,1375,0,295862972.96875,422378606.234375,42.76156356983136,0.0,0.020363636363636365,0.31781818181818183,0.6618181818181819,126515633.265625,155188726.41750202,518105124.841691
8CUMBERLAND_360040,8SHELBY TN_360021,248.24270109065466,500,598176210.5848299,8CUMBERLAND_360040-8SHELBY_TN_360021,2239,0,485798050.484375,640635617.734375,31.87282598100507,0.15542652970075926,0.10406431442608308,0.29834747655203214,0.4421616793211255,154837567.25,190655662.65947327,788831873.2443032
8PHIPPS B NP_360102,8SHELBY TN_360021,724.3254736080588,500,1773355546.6753125,8PHIPPS_B_NP_360102-8SHELBY_TN_360021,7004,0,1544895170.78125,1762001575.09375,14.05314796878483,0.5058537978298115,0.15248429468874927,0.21145059965733867,0.1302113078241005,217106404.3125,249212278.98693478,2022567825.6622472
8MONTGOMERY_360044,8SHELBY TN_360021,315.6444867593888,500,763511669.2557883,8MONTGOMERY_360044-8SHELBY_TN_360021,2874,0,625555196.359375,803885928.90625,28.507593508091624,0.09986082115518441,0.21537926235212249,0.38343771746694505,0.3013221990257481,178330732.546875,217658803.05828512,981170472.3140734
8MARSHALL KY_360015,8SHELBY TN_360021,267.976733548083,500,642020830.8127912,8MARSHALL_KY_360015-8SHELBY_TN_360021,2433,0,524716877.046875,734546132.5625,39.98904260456637,0.0,0.04562268803945746,0.406905055487053,0.5474722564734895,209829255.515625,256737983.56391808,898758814.3767093
7SHAWNEE FP_360002,8SHELBY TN_360021,254.75676610754687,500,607901714.9290818,7SHAWNEE_FP_360002-8SHELBY_TN_360021,2516,0,540063972.8125,739621660.84375,36.950749925422755,0.0,0.0,0.6514308426073132,0.3485691573926868,199557688.03125,224624242.47580135,832525957.4048831
8PARADISE CC_360117,8SHELBY TN_360021,371.75059059254863,500,896133496.0903473,8PARADISE_CC_360117-8SHELBY_TN_360021,3340,0,724921459.8125,913413381.828125,26.00170259332344,0.18023952095808382,0.2308383233532934,0.2805389221556886,0.3083832335329341,188491922.015625,233009966.49256384,1129143462.582911
8PARADISE CC_360117,8SHELBY TN_360021,371.75059059254863,500,896133496.0903473,8PARADISE_CC_360117-8SHELBY_TN_360021,3340,0,724921459.8125,913413381.828125,26.00170259332344,0.18023952095808382,0.2308383233532934,0.2805389221556886,0.3083832335329341,188491922.015625,233009966.49256384,1129143462.582911
6CENTER PNT_360533,8SHAWNEE FP_360001,570.3980709675892,500,1388038026.090612,6CENTER_PNT_360533-8SHAWNEE_FP_360001,5186,0,1136290784.703125,1286457111.75,13.21548401768553,0.5341303509448515,0.20806016197454685,0.07153875819514076,0.18627072888546087,150166327.046875,183435943.49740255,1571473969.5880146
6LOOPERS FRM_360602,8SHAWNEE FP_360001,577.1491683653829,500,1406177849.544345,6LOOPERS_FRM_360602-8SHAWNEE_FP_360001,5249,0,1151528559.625,1301694886.671875,13.04060813704675,0.5397218517812917,0.20556296437416652,0.07068012954848543,0.1840350542960564,150166327.046875,183374143.06902885,1589551992.6133738
6COUNTY LINE_360013,8SHAWNEE FP_360001,541.1606748900301,500,1316962715.148047,6COUNTY_LINE_360013-8SHAWNEE_FP_360001,4927,0,1079180518.1875,1227813629.765625,13.772775645334722,0.5232392936878425,0.20539882281307084,0.07529937081388269,0.19606251268520397,148633111.578125,181382320.0900491,1498345035.238096
6YOUNG GA_361454,8SHAWNEE FP_360001,499.42523989416793,500,1219566409.2166338,6YOUNG_GA_361454-8SHAWNEE_FP_360001,4636,0,1020702842.21875,1172140817.0,14.836636924813696,0.5045297670405522,0.1956427955133736,0.0860655737704918,0.2137618636755824,151437974.78125,180942640.1924596,1400509049.4090934
6KENSNGTN GA_361503,8SHAWNEE FP_360001,499.7208243064395,500,1219940639.4578402,6KENSNGTN_GA_361503-8SHAWNEE_FP_360001,4631,0,1019150167.40625,1170588142.1875,14.859240534362229,0.50399481753401,0.19585402720794645,0.08615849708486288,0.21399265817318075,151437974.78125,181273913.99347717,1401214553.4513173
6ALPHA GA_361502,8SHAWNEE FP_360001,558.1022139741413,500,1362239352.8258471,6ALPHA_GA_361502-8SHAWNEE_FP_360001,5423,0,1192458403.484375,1348166904.5,13.057772125270217,0.5130001843997787,0.24045731145122626,0.06841231790521851,0.1781301862437765,155708501.015625,177878110.49275485,1540117463.318602
6CLOUDLANDGA_361633,8SHAWNEE FP_360001,473.41569445121746,500,1152190672.9831042,6CLOUDLANDGA_361633-8SHAWNEE_FP_360001,4376,0,960052279.578125,1108622028.90625,15.47517280969437,0.48080438756855576,0.20726691042047532,0.09117915904936015,0.22074954296160879,148569749.328125,178303497.74131593,1330494170.72442
6ROCK SPG GA_361500,8SHAWNEE FP_360001,503.7591294980974,500,1229197842.6948478,6ROCK_SPG_GA_361500-8SHAWNEE_FP_360001,4668,0,1026758382.671875,1178196357.453125,14.749134493274996,0.5079263067694945,0.19430162810625534,0.08547557840616966,0.21229648671808055,151437974.78125,181296043.00749794,1410493885.7023458
6WID CRK FP_360068,8SHAWNEE FP_360001,439.8882723771051,500,1064395273.4920746,6WID_CRK_FP_360068-8SHAWNEE_FP_360001,4013,0,874366290.78125,1021364590.40625,16.811981565947185,0.44156491402940445,0.2225267879391976,0.09519063045103414,0.2407176675803638,146998299.625,178945937.16830072,1243341210.6603754
6WRINGOLD GA_361504,8SHAWNEE FP_360001,549.3921554181242,500,1334217625.1992462,6WRINGOLD_GA_361504-8SHAWNEE_FP_360001,5040,0,1101889837.140625,1250522948.71875,13.488926621178754,0.5339285714285714,0.2007936507936508,0.07361111111111111,0.19166666666666668,148633111.578125,179971636.4299601,1514189261.6292062
6BATTLFLD GA_361530,8SHAWNEE FP_360001,482.17173342053843,500,1178368935.0980778,6BATTLFLD_GA_361530-8SHAWNEE_FP_360001,4494,0,990721965.734375,1139650611.859375,15.032335132955922,0.49109924343569206,0.20516243880729862,0.08878504672897196,0.21495327102803738,148928646.125,177136367.42658693,1355505302.5246646
6S HAVEN CC_360594,8SHAWNEE FP_360001,324.27725953188184,500,775201635.838223,6S_HAVEN_CC_360594-8SHAWNEE_FP_360001,3083,0,662901830.53125,973416567.53125,46.841737750392575,0.0,0.0,0.15407071034706454,0.8459292896529355,310514737.0,363117917.2960937,1138319553.1343167
6CONCORD TN_361509,8SHAWNEE FP_360001,563.6050061802771,500,1377000434.4087002,6CONCORD_TN_361509-8SHAWNEE_FP_360001,5480,0,1206157498.6875,1362216273.796875,12.938507224735819,0.5151459854014598,0.24087591240875914,0.0677007299270073,0.17627737226277373,156058775.109375,178163300.6906133,1555163735.0993135
6CENTER PNT_360533,8BHAM STEEL_360075,576.8831490847937,500,1415931625.4860106,6CENTER_PNT_360533-8BHAM_STEEL_360075,5746,0,1269873587.6875,1461839781.578125,15.116953037837778,0.35346327880264533,0.3418029933867038,0.18151757744517927,0.12321615036547164,191966193.890625,214045718.8726133,1629977344.358624
6LOOPERS FRM_360602,8BHAM STEEL_360075,583.6342464825874,500,1434071448.9397433,6LOOPERS_FRM_360602-8BHAM_STEEL_360075,5809,0,1285111362.609375,1477077556.5,14.937708861342891,0.360475124806335,0.3380960578412808,0.17954897572731968,0.12187984162506456,191966193.890625,214217417.9062604,1648288866.8460038
6COUNTY LINE_360013,8BHAM STEEL_360075,551.9136750685924,500,1356767630.9248142,6COUNTY_LINE_360013-8BHAM_STEEL_360075,5493,0,1215345988.3125,1405778966.734375,15.669034188880637,0.3358820316766794,0.3453486255233934,0.1898780265792827,0.12889131622064445,190432978.421875,212592383.953275,1569360014.8780892
6YOUNG GA_361454,8BHAM STEEL_360075,518.0165646980308,500,1269888893.2105355,6YOUNG_GA_361454-8BHAM_STEEL_360075,5164,0,1139831407.53125,1331503537.0625,16.815831557615258,0.2829202168861348,0.378001549186677,0.2019752130131681,0.13710302091402013,191672129.53125,213542377.25114837,1483431270.461684
6KENSNGTN GA_361503,8BHAM STEEL_360075,518.2157530072345,500,1270417574.2416172,6KENSNGTN_GA_361503-8BHAM_STEEL_360075,5160,0,1138851855.296875,1330523984.828125,16.83029523460582,0.2823643410852713,0.37829457364341085,0.20213178294573644,0.1372093023255814,191672129.53125,213815028.45718178,1484232602.698799
6ALPHA GA_361502,8BHAM STEEL_360075,602.7047464698329,500,1480166242.6651793,6ALPHA_GA_361502-8BHAM_STEEL_360075,5989,0,1324344375.53125,1516310569.421875,14.495187010071998,0.37969610953414595,0.327934546668893,0.17415261312406077,0.11821673067290031,191966193.890625,214552864.93427384,1694719107.599453
6CLOUDLANDGA_361633,8BHAM STEEL_360075,498.4907660055112,500,1219552505.141236,6CLOUDLANDGA_361633-8BHAM_STEEL_360075,4969,0,1094526175.140625,1284959153.5625,17.3986682773857,0.26584825920708394,0.3817669551217549,0.20990138860937815,0.14248339706178306,190432978.421875,212185894.83807084,1431738399.979307
6ROCK SPG GA_361500,8BHAM STEEL_360075,522.2540581988926,500,1279630390.4485016,6ROCK_SPG_GA_361500-8BHAM_STEEL_360075,5197,0,1146413789.625,1338085919.15625,16.719279832977875,0.287473542428324,0.3756013084471811,0.20069270733115258,0.13623244179334232,191672129.53125,213944985.8069124,1493575376.255414
6WID CRK FP_360068,8BHAM STEEL_360075,446.516902398135,500,1092332189.8417606,6WID_CRK_FP_360068-8BHAM_STEEL_360075,4464,0,983276755.09375,1184056511.390625,20.419455179506585,0.1581541218637993,0.4289874551971326,0.23006272401433692,0.1827956989247312,200779756.296875,223048281.9160611,1315380471.7578218
6WRINGOLD GA_361504,8BHAM STEEL_360075,560.1451555966864,500,1374022540.9760132,6WRINGOLD_GA_361504-8BHAM_STEEL_360075,5606,0,1238055307.265625,1428488285.6875,15.38162126556899,0.3492686407420621,0.3383874420264003,0.18605066000713522,0.12629325722440243,190432978.421875,211346943.35647783,1585369484.332491
6BATTLFLD GA_361530,8BHAM STEEL_360075,488.72580500034127,500,1206556114.2404296,6BATTLFLD_GA_361530-8BHAM_STEEL_360075,4945,0,1099998567.921875,1302284460.75,18.389650562026173,0.23134479271991912,0.39393326592517697,0.2097067745197169,0.16501516683518705,202285892.828125,221881453.24357632,1428437567.484006
6CONCORD TN_361509,8BHAM STEEL_360075,581.9321945404986,500,1429593590.0821161,6CONCORD_TN_361509-8BHAM_STEEL_360075,5805,0,1283806328.078125,1474239306.5,14.83346625241797,0.37157622739018087,0.3267872523686477,0.17967269595176572,0.12196382428940568,190432978.421875,212058282.7315612,1641651872.8136773
8CHOCTAW MS_360654,8WILSON TN_360071,496.33291511581376,500,1206953264.6899242,8CHOCTAW_MS_360654-8WILSON_TN_360071,4344,0,951043995.140625,1073095797.96875,12.833454966515824,0.17978821362799263,0.6376611418047882,0.13351749539594843,0.04903314917127072,122051802.828125,154893803.69087395,1361847068.380798
8ACKERMAN CC_360627,8WILSON TN_360071,474.727428126845,500,1153437057.17764,8ACKERMAN_CC_360627-8WILSON_TN_360071,4164,0,910849486.53125,1021421961.765625,12.139489220712374,0.18756003842459174,0.6628242074927954,0.09846301633045149,0.051152737752161385,110572475.234375,140021367.22378162,1293458424.4014215
8CLAY_360688,8WILSON TN_360071,436.9925645449776,500,1059319016.1320996,8CLAY_360688-8WILSON_TN_360071,3881,0,846634306.4375,934954100.796875,10.431870488571438,0.20123679464055655,0.68384437000773,0.10976552434939449,0.00515331100231899,88319794.359375,110506787.82370982,1169825803.9558094
8WEST POINT_360035,8WILSON TN_360071,415.6039022195727,500,1004823585.7891034,8WEST_POINT_360035-8WILSON_TN_360071,3674,0,799633058.5,875283870.125,9.460690853240905,0.2125748502994012,0.7201959716929777,0.05416439847577572,0.0130647795318454,75650811.625,95063253.07195698,1099886838.8610604
8COGEN CALED_360606,8WILSON TN_360071,397.9284412271572,500,961145407.3923277,8COGEN_CALED_360606-8WILSON_TN_360071,3594,0,781380364.578125,847970288.96875,8.522088269594219,0.30161380077907624,0.6215915414579856,0.07679465776293823,0.0,66589924.390625,81909660.01712511,1043055067.4094528
8E POINT AL_360058,8WILSON TN_360071,279.28418818165915,500,689832724.5671699,8E_POINT_AL_360058-8WILSON_TN_360071,2779,0,618102406.96875,627197382.6875,1.4714350916950503,0.853904282115869,0.14609571788413098,0.0,0.0,9094975.71875,10150440.7832774,699983165.3504473
8UNION MS_360033,8WILSON TN_360071,390.9565841316736,500,945502772.935587,8UNION_MS_360033-8WILSON_TN_360071,3635,0,791644956.046875,870344380.109375,9.941252509899146,0.34167812929848695,0.5243466299862448,0.10123796423658872,0.0327372764786795,78699424.0625,93994818.14562505,1039497591.081212
8TRICO STEEL_360014,8WILSON TN_360071,268.45716210857915,500,652128387.5474705,8TRICO_STEEL_360014-8WILSON_TN_360071,2411,0,527468560.703125,565384117.765625,7.188211750849738,0.411862297801742,0.523019493985898,0.06511820821236002,0.0,37915557.0625,46876369.384314194,699004756.9317846
6CENTER PNT_360533,8WILSON TN_360071,289.41418161874856,500,715487308.1744928,6CENTER_PNT_360533-8WILSON_TN_360071,2718,0,604828453.3125,612867462.3125,1.3291386931240323,0.8671817512877116,0.13281824871228845,0.0,0.0,8039009.0,9509818.657338772,724997126.8318316
8BR FERRY NP_360052,8WILSON TN_360071,223.6250907328476,500,542309267.6279855,8BR_FERRY_NP_360052-8WILSON_TN_360071,2045,0,446594239.15625,466908645.328125,4.548738964984178,0.5545232273838631,0.4410757946210269,0.004400977995110024,0.0,20314406.171875,24668232.9673145,566977500.5953
6LOOPERS FRM_360602,8WILSON TN_360071,281.6267595446363,500,695135743.7433674,6LOOPERS_FRM_360602-8WILSON_TN_360071,2641,0,586707313.765625,594746322.765625,1.3701906915739137,0.8633093525179856,0.1366906474820144,0.0,0.0,8039009.0,9524685.254574714,704660428.9979421
8LIMESTONE_360088,8WILSON TN_360071,208.9004414312284,500,506904284.22873837,8LIMESTONE_360088-8WILSON_TN_360071,2004,0,437691339.21875,458958377.703125,4.858912338163979,0.5159680638722555,0.48403193612774453,0.0,0.0,21267038.484375,24630034.80907197,531534319.0378103
6COUNTY LINE_360013,8WILSON TN_360071,277.33389591175114,500,685712233.9204551,6COUNTY_LINE_360013-8WILSON_TN_360071,2602,0,578959738.3125,587349021.40625,1.4490270287537355,0.8551114527286703,0.14488854727132974,0.0,0.0,8389283.09375,9936155.608978435,695648389.5294335
6YOUNG GA_361454,8WILSON TN_360071,230.1972855284352,500,574542602.129514,6YOUNG_GA_361454-8WILSON_TN_360071,2094,0,470822710.796875,481176050.546875,2.198989027627163,0.828080229226361,0.15998089780324737,0.0,0.011938872970391595,10353339.75,12634128.7798716,587176730.9093856
8MADISON AL_360060,8WILSON TN_360071,190.3937856177163,500,464157237.4332082,8MADISON_AL_360060-8WILSON_TN_360071,1875,0,411408597.453125,421180116.640625,2.3751373325671343,0.7642666666666666,0.23573333333333332,0.0,0.0,9771519.1875,11024371.828088403,475181609.26129663
6KENSNGTN GA_361503,8WILSON TN_360071,230.4928699407067,500,574916832.3707204,6KENSNGTN_GA_361503-8WILSON_TN_360071,2089,0,469270035.984375,479623375.734375,2.206264827517068,0.8276687410244136,0.16036381043561512,0.0,0.011967448539971278,10353339.75,12684187.860070467,587601020.2307909
6ALPHA GA_361502,8WILSON TN_360071,262.1217011161636,500,646918830.7838852,6ALPHA_GA_361502-8WILSON_TN_360071,2457,0,545747479.203125,553786488.203125,1.4730272344525064,0.8530728530728531,0.14692714692714692,0.0,0.0,8039009.0,9529290.562248355,656448121.3461336
6CLOUDLANDGA_361633,8WILSON TN_360071,204.18774008548468,500,507166865.8959844,6CLOUDLANDGA_361633-8WILSON_TN_360071,1834,0,410172148.15625,417657262.453125,1.8248714181401837,0.8173391494002181,0.1826608505997819,0.0,0.0,7485114.296875,9255143.178013174,516422009.07399756
8MAGNOL CC1_360613,8WILSON TN_360071,383.96947376111217,500,925635478.7762628,8MAGNOL_CC1_360613-8WILSON_TN_360071,3605,0,782248667.328125,870144051.703125,11.236245972168724,0.34452149791955616,0.41830790568654647,0.23717059639389737,0.0,87895384.375,104006679.2009625,1029642157.9772253
6ROCK SPG GA_361500,8WILSON TN_360071,234.53117513236475,500,584174035.607728,6ROCK_SPG_GA_361500-8WILSON_TN_360071,2126,0,476878251.25,487231591.0,2.1710656174530163,0.8306679209783632,0.15757290686735653,0.0,0.011759172154280339,10353339.75,12682801.633167123,596856837.2408952
6WID CRK FP_360068,8WILSON TN_360071,182.78454531540604,500,452761826.97901094,6WID_CRK_FP_360068-8WILSON_TN_360071,1684,0,375485816.421875,382970930.71875,1.9934479465038235,0.8010688836104513,0.1989311163895487,0.0,0.0,7485114.296875,9025571.342466287,461787398.32147723
8WID CRK FP_360065,8WILSON TN_360071,182.4991037566332,500,451851719.4804871,8WID_CRK_FP_360065-8WILSON_TN_360071,1680,0,374393123.65625,381878237.953125,1.999265965084196,0.8005952380952381,0.19940476190476192,0.0,0.0,7485114.296875,9033717.640221095,460885437.1207082
6WRINGOLD GA_361504,8WILSON TN_360071,260.66890891002777,500,642876713.6611078,6WRINGOLD_GA_361504-8WILSON_TN_360071,2445,0,542645875.015625,551035158.109375,1.545995921098342,0.8458077709611452,0.1541922290388548,0.0,0.0,8389283.09375,9938847.770891793,652815561.4319996
6BATTLFLD GA_361530,8WILSON TN_360071,205.91007773457096,500,514596650.42275625,6BATTLFLD_GA_361530-8WILSON_TN_360071,1820,0,409459036.015625,417324019.546875,1.9208230468627185,0.8071428571428572,0.19285714285714287,0.0,0.0,7864983.53125,9884491.059703879,524481141.48246014
6S HAVEN CC_360594,8WILSON TN_360071,476.4177529562168,500,1157885569.5669374,6S_HAVEN_CC_360594-8WILSON_TN_360071,4568,0,999997655.328125,1193060384.15625,19.30631814979367,0.27189141856392296,0.3163309982486865,0.23314360770577933,0.1786339754816112,193062728.828125,223545071.87114343,1381430641.4380808
6CONCORD TN_361509,8WILSON TN_360071,267.6244933222994,500,661679912.3667383,6CONCORD_TN_361509-8WILSON_TN_360071,2514,0,559446574.40625,567835857.5,1.4995682300233293,0.8500397772474145,0.14996022275258553,0.0,0.0,8389283.09375,9922341.750297815,671602254.1170361
8BRADLEY TN_360662,8WILSON TN_360071,230.58798036228606,500,568575024.3330436,8BRADLEY_TN_360662-8WILSON_TN_360071,2170,0,481510405.703125,489549414.703125,1.6695400358505363,0.8336405529953917,0.1663594470046083,0.0,0.0,8039009.0,9492587.665087093,578067611.9981307
8RACCOON MTN_360079,8WILSON TN_360071,188.31311021750813,500,464689880.93034863,8RACCOON_MTN_360079-8WILSON_TN_360071,1663,0,369237569.359375,376722683.65625,2.0271811207785984,0.7985568250150331,0.20144317498496692,0.0,0.0,7485114.296875,9420105.536388576,474109986.4667372
8BENTON MS_360612,8WILSON TN_360071,426.1296686077175,500,1035934639.5505643,8BENTON_MS_360612-8WILSON_TN_360071,4177,0,913830042.96875,1067476466.921875,16.813457287306456,0.3176921235336366,0.3299018434282978,0.20780464448168542,0.1446013885563802,153646423.953125,174176428.1452462,1210111067.6958106
8SEQUOYAH NP_360081,8WILSON TN_360071,192.62342192105893,500,482068407.6120094,8SEQUOYAH_NP_360081-8WILSON_TN_360071,1749,0,393719416.1875,401758425.1875,2.0418116733596836,0.793596340766152,0.2064036592338479,0.0,0.0,8039009.0,9842929.02020115,491911336.63221055
8FRANKLIN TN_360069,8WILSON TN_360071,142.97237651637175,500,348926325.058542,8FRANKLIN_TN_360069-8WILSON_TN_360071,1322,0,290326465.046875,297811579.34375,2.5781715406711037,0.7465960665658093,0.2534039334341906,0.0,0.0,7485114.296875,8995919.210568877,357922244.2691109
8SHELBY TN_360021,8WILSON TN_360071,424.4424153836572,500,1027947030.036727,8SHELBY_TN_360021-8WILSON_TN_360071,4215,0,918239476.140625,1068642030.0625,16.3794476092467,0.32526690391459073,0.30083036773428234,0.25931198102016606,0.11459074733096085,150402553.921875,168372045.23567313,1196319075.2724001
8HAYWOOD TN_360542,8WILSON TN_360071,341.19562958737856,500,837514783.454361,8HAYWOOD_TN_360542-8WILSON_TN_360071,3085,0,682185273.40625,831546013.140625,21.89445383196198,0.10437601296596434,0.36175040518638574,0.40875202593192866,0.12512155591572124,149360739.734375,183369287.5992714,1020884071.0536324
8HIWASSEE TN_360110,8WILSON TN_360071,185.77929860323852,500,456319674.744532,8HIWASSEE_TN_360110-8WILSON_TN_360071,1820,0,402316722.921875,409948950.9375,1.8970695426715034,0.8115384615384615,0.18846153846153846,0.0,0.0,7632228.015625,8656701.566796185,464976376.3113282
8LAG CRK CC_360615,8WILSON TN_360071,353.6277789527701,500,865478795.5506294,8LAG_CRK_CC_360615-8WILSON_TN_360071,3260,0,718161924.890625,890781501.953125,24.036303106543787,0.09877300613496932,0.3423312883435583,0.3506134969325153,0.20828220858895705,172619577.0625,208029106.62141368,1073507902.1720431
8MAURY TN_360050,8WILSON TN_360071,152.01805835194602,500,375208599.50671875,8MAURY_TN_360050-8WILSON_TN_360071,1466,0,325678185.71875,342894158.78125,5.2861916509714835,0.4733969986357435,0.5266030013642565,0.0,0.0,17215973.0625,19834245.660851195,395042845.16756994
8JACKSON TN_360019,8WILSON TN_360071,295.9051555966864,500,728435724.0488843,8JACKSON_TN_360019-8WILSON_TN_360071,2670,0,591836078.96875,702716597.953125,18.735004999624174,0.12059925093632959,0.41797752808988764,0.41685393258426967,0.04456928838951311,110880518.984375,136472469.31960702,864908193.3684913
8RUTHERFORD_360010,8WILSON TN_360071,113.52144796863001,500,279705958.4670384,8RUTHERFORD_360010-8WILSON_TN_360071,1054,0,233788456.609375,250519049.28125,7.15629544525771,0.286527514231499,0.713472485768501,0.0,0.0,16730592.671875,20016584.76589109,299722543.23292947
8ANDERSON TN_360120,8WILSON TN_360071,224.64979859048407,500,560841921.9145532,8ANDERSON_TN_360120-8WILSON_TN_360071,2220,0,499055784.9375,506823744.546875,1.5565313225149424,0.8432432432432433,0.15675675675675677,0.0,0.0,7767959.609375,8729680.184394814,569571602.098948
8BULL RUN FP_360093,8WILSON TN_360071,295.70960374387874,500,739504797.369339,8BULL_RUN_FP_360093-8WILSON_TN_360071,2906,0,654353082.375,662121041.984375,1.1871205039916566,0.8802477632484514,0.11975223675154852,0.0,0.0,7767959.609375,8778813.077573376,748283610.4469124
8JVILLE FP_360037,8WILSON TN_360071,207.45222709996247,500,514731281.6978839,8JVILLE_FP_360037-8WILSON_TN_360071,1874,0,418589889.53125,487677819.46875,16.50492084624089,0.11632870864461047,0.508537886872999,0.35965848452508004,0.015474919957310566,69087929.9375,84955990.61507696,599687272.3129609
8PIN HOOK TN_360581,8WILSON TN_360071,145.0823050896224,500,366099964.8998064,8PIN_HOOK_TN_360581-8WILSON_TN_360071,1350,0,306632233.5625,330647205.875,7.831848606876846,0.2237037037037037,0.7762962962962963,0.0,0.0,24014972.3125,28672395.00078211,394772359.9005885
8PLATEAU TN_360077,8WILSON TN_360071,138.7426427897265,500,341208820.97997797,8PLATEAU_TN_360077-8WILSON_TN_360071,1374,0,304143894.5,311911854.109375,2.5540409489873905,0.7467248908296943,0.25327510917030566,0.0,0.0,7767959.609375,8714613.009385716,349923433.9893637
8DAVIDSON TN_360048,8WILSON TN_360071,173.3711816952753,500,436572343.8649826,8DAVIDSON_TN_360048-8WILSON_TN_360071,1620,0,366929972.578125,392947193.28125,7.090513898421191,0.2993827160493827,0.7006172839506173,0.0,0.0,26017220.703125,30955222.718409747,467527566.5833924
8VOLUNTEER_360097,8WILSON TN_360071,325.75370762805636,500,815775461.3690698,8VOLUNTEER_360097-8WILSON_TN_360071,3210,0,723744143.328125,731512102.9375,1.073301895564116,0.891588785046729,0.10841121495327102,0.0,0.0,7767959.609375,8755733.490421139,824531194.859491
8GLEASON CT_360582,8WILSON TN_360071,265.2518699662156,500,655559842.864166,8GLEASON_CT_360582-8WILSON_TN_360071,2539,0,564611654.59375,670732115.609375,18.79530118661488,0.15281606931862937,0.3808586057502954,0.4056715242221347,0.060653800708940525,106120461.015625,123214446.92481922,778774289.7889853
8LAG CRK CT_360568,8WILSON TN_360071,286.8284803495316,500,706985851.1296523,8LAG_CRK_CT_360568-8WILSON_TN_360071,2763,0,612703359.09375,733251329.640625,19.674768998357962,0.14042707202316324,0.34998190372783206,0.4538545059717698,0.05573651827723489,120547970.546875,139097833.060834,846083684.1904862
8CUMBERLAND_360040,8WILSON TN_360071,170.62640897380004,500,425567866.10582876,8CUMBERLAND_360040-8WILSON_TN_360071,1604,0,359910556.28125,425599962.328125,18.25159193039685,0.021820448877805487,0.5623441396508728,0.39775561097256856,0.01807980049875312,65689406.046875,77672910.3085335,503240776.41436225
8PHIPPS B NP_360102,8WILSON TN_360071,380.49281794760014,500,950723274.7134392,8PHIPPS_B_NP_360102-8WILSON_TN_360071,3643,0,820738198.796875,827894560.5,0.8719420777070663,0.912160307438924,0.08783969256107603,0.0,0.0,7156361.703125,8289756.274781022,959013030.9882202
8MONTGOMERY_360044,8WILSON TN_360071,119.42992201034006,500,298950617.0580286,8MONTGOMERY_360044-8WILSON_TN_360071,1159,0,260611115.03125,314125792.203125,20.5343034449847,0.030198446937014668,0.47886108714408976,0.4167385677308024,0.07420189818809318,53514677.171875,61387426.85734978,360338043.91537833
8MARSHALL KY_360015,8WILSON TN_360071,257.05967517062805,500,631516676.9902648,8MARSHALL_KY_360015-8WILSON_TN_360071,2472,0,546258434.015625,620833226.578125,13.651925154599432,0.025485436893203883,0.8381877022653722,0.07402912621359223,0.06229773462783172,74574792.5625,86214184.08152442,717730861.0717891
7SHAWNEE FP_360002,8WILSON TN_360071,375.5503114484618,500,914756904.9521071,7SHAWNEE_FP_360002-8WILSON_TN_360071,3574,0,783568334.671875,949561233.125,21.184227476807838,0.017627308337996642,0.6029658645775042,0.18019026301063235,0.19921656407386681,165992898.453125,193784183.60486123,1108541088.5569682
8PARADISE CC_360117,8WILSON TN_360071,145.41891547293838,500,360660797.21202517,8PARADISE_CC_360117-8WILSON_TN_360071,1338,0,298767450.171875,331789938.203125,11.05290687196776,0.026158445440956652,0.905829596412556,0.06801195814648729,0.0,33022488.03125,39863502.03954164,400524299.2515668
8PARADISE CC_360117,8WILSON TN_360071,145.41891547293838,500,360660797.21202517,8PARADISE_CC_360117-8WILSON_TN_360071,1338,0,298767450.171875,331789938.203125,11.05290687196776,0.026158445440956652,0.905829596412556,0.06801195814648729,0.0,33022488.03125,39863502.03954164,400524299.2515668
8CHOCTAW MS_360654,8MAGNOL CC1_360613,185.75772721475252,500,449558313.64306045,8CHOCTAW_MS_360654-8MAGNOL_CC1_360613,1920,0,418418324.5625,524170318.4375,25.27422621501454,0.0,0.25416666666666665,0.7276041666666667,0.018229166666666668,105751993.875,113622385.15855168,563180698.8016121
8ACKERMAN CC_360627,8MAGNOL CC1_360613,172.52927916959578,500,417922756.32351065,8ACKERMAN_CC_360627-8MAGNOL_CC1_360613,1790,0,390517997.375,499985283.8125,28.03130385112127,0.0,0.19385474860335195,0.7089385474860335,0.09720670391061452,109467286.4375,117149197.68802439,535071954.01153505
8CLAY_360688,8MAGNOL CC1_360613,173.43495444225948,500,417128922.3787303,8CLAY_360688-8MAGNOL_CC1_360613,1670,0,361776743.078125,462131399.984375,27.739388677225897,0.0,0.325748502994012,0.4676646706586826,0.20658682634730538,100354656.90625,115709013.06375992,532837935.4424902
8COGEN CALED_360606,8MAGNOL CC1_360613,171.15490244915284,500,413113193.6855227,8COGEN_CALED_360606-8MAGNOL_CC1_360613,1532,0,332782770.359375,412976230.21875,24.097840093335776,0.0,0.47715404699738906,0.3426892950391645,0.1801566579634465,80193459.859375,99551356.81880976,512664550.5043324
8E POINT AL_360058,8MAGNOL CC1_360613,291.2645193188527,500,704552530.9818298,8E_POINT_AL_360058-8MAGNOL_CC1_360613,2833,0,616951003.734375,681171121.625,10.409273589296998,0.354041651959054,0.44369925873632193,0.20225908930462408,0.0,64220117.890625,73338800.53021514,777891331.5120449
6CENTER PNT_360533,8MAGNOL CC1_360613,470.8497140379136,500,1147322845.3980048,6CENTER_PNT_360533-8MAGNOL_CC1_360613,4613,0,1011874566.953125,1092471257.09375,7.965087054545816,0.4402774766962931,0.43615868198569263,0.1235638413180143,0.0,80596690.140625,91385263.43264319,1238708108.830648
8BR FERRY NP_360052,8MAGNOL CC1_360613,228.37817520889143,500,550122743.1903636,8BR_FERRY_NP_360052-8MAGNOL_CC1_360613,2249,0,487805900.15625,575164525.53125,17.908480677871673,0.028012449977767896,0.5584704313028013,0.41351711871943087,0.0,87358625.375,98518625.16882387,648641368.3591875
6LOOPERS FRM_360602,8MAGNOL CC1_360613,477.6008114357073,500,1165462668.8517373,6LOOPERS_FRM_360602-8MAGNOL_CC1_360613,4676,0,1027112341.875,1107709032.015625,7.846920619559028,0.44781864841745084,0.43028229255774164,0.12189905902480752,0.0,80596690.140625,91452930.47538991,1256915599.3271272
8LIMESTONE_360088,8MAGNOL CC1_360613,251.46139597552343,500,606190483.4537582,8LIMESTONE_360088-8MAGNOL_CC1_360613,2474,0,537076827.703125,623867008.078125,16.1597328162842,0.12772837510105092,0.4963621665319321,0.375909458367017,0.0,86790180.375,97958762.48386882,704149245.9376271
6COUNTY LINE_360013,8MAGNOL CC1_360613,445.8802400217124,500,1088158850.8368082,6COUNTY_LINE_360013-8MAGNOL_CC1_360613,4360,0,957346967.578125,1036410442.25,8.258601880976135,0.4231651376146789,0.4461009174311927,0.13073394495412843,0.0,79063474.671875,89866707.32321693,1178025558.1600251
6YOUNG GA_361454,8MAGNOL CC1_360613,411.98312965115093,500,1001280113.1225295,6YOUNG_GA_361454-8MAGNOL_CC1_360613,4031,0,881832386.796875,962135012.578125,9.10633664442031,0.36244108161746463,0.4961548002976929,0.14140411808484246,0.0,80302625.78125,91179937.85457003,1092460050.9770994
8MADISON AL_360060,8MAGNOL CC1_360613,277.15022715098024,500,670121939.7063689,8MADISON_AL_360060-8MAGNOL_CC1_360613,2776,0,604056415.046875,699562714.25,15.810824423694548,0.09438040345821326,0.5619596541786743,0.34365994236311237,0.0,95506299.203125,105951803.31163023,776073743.0179992
6KENSNGTN GA_361503,8MAGNOL CC1_360613,412.1823179603546,500,1001808794.1536113,6KENSNGTN_GA_361503-8MAGNOL_CC1_360613,4027,0,880852834.5625,961155460.34375,9.116463344428528,0.3618077973677676,0.4966476285075739,0.14154457412465857,0.0,80302625.78125,91329531.50027542,1093138325.6538868
6ALPHA GA_361502,8MAGNOL CC1_360613,496.6713114229529,500,1211557462.5771732,6ALPHA_GA_361502-8MAGNOL_CC1_360613,4856,0,1066345354.796875,1146942044.9375,7.558216461305589,0.46828665568369027,0.414332784184514,0.11738056013179572,0.0,80596690.140625,91572135.5746842,1303129598.1518574
6CLOUDLANDGA_361633,8MAGNOL CC1_360613,387.52148683591554,500,948127761.3347813,6CLOUDLANDGA_361633-8MAGNOL_CC1_360613,3864,0,851579893.765625,948318572.90625,11.359906433776112,0.2696687370600414,0.5163043478260869,0.21402691511387165,0.0,96738679.140625,107706426.56028725,1055834187.8950685
6ROCK SPG GA_361500,8MAGNOL CC1_360613,416.2206231520126,500,1011021610.3604957,6ROCK_SPG_GA_361500-8MAGNOL_CC1_360613,4064,0,888414768.890625,968717394.671875,9.03886659623241,0.3676181102362205,0.4921259842519685,0.14025590551181102,0.0,80302625.78125,91384894.61956583,1102406504.9800615
6WID CRK FP_360068,8MAGNOL CC1_360613,354.06862320303037,500,860082099.0510861,6WID_CRK_FP_360068-8MAGNOL_CC1_360613,3501,0,765527767.09375,861140178.9375,12.489737923776811,0.20165666952299344,0.5649814338760354,0.23336189660097115,0.0,95612411.84375,107422000.10079914,967504099.1518853
6WRINGOLD GA_361504,8MAGNOL CC1_360613,454.11172054980636,500,1105413760.8880072,6WRINGOLD_GA_361504-8MAGNOL_CC1_360613,4473,0,980056286.53125,1059119761.203125,8.067238153403133,0.43773753632908563,0.4348312094790968,0.12743125419181758,0.0,79063474.671875,89176360.6713258,1194590121.5593328
6BATTLFLD GA_361530,8MAGNOL CC1_360613,396.2775258052366,500,974306023.449755,6BATTLFLD_GA_361530-8MAGNOL_CC1_360613,3982,0,882249579.921875,979368128.296875,11.008058330115622,0.287292817679558,0.5050226017076845,0.2076845806127574,0.0,97118548.375,107252175.37517902,1081558198.824934
6S HAVEN CC_360594,8MAGNOL CC1_360613,115.20942202309452,500,289282510.902915,6S_HAVEN_CC_360594-8MAGNOL_CC1_360613,1144,0,259063770.078125,365370094.296875,41.03480937789625,0.0,0.024475524475524476,0.40034965034965037,0.5751748251748252,106306324.21875,118706526.91260311,407989037.81551814
6CONCORD TN_361509,8MAGNOL CC1_360613,475.89875949361857,500,1160984809.99411,6CONCORD_TN_361509-8MAGNOL_CC1_360613,4672,0,1025807307.34375,1104870782.015625,7.707439214544487,0.4616866438356164,0.4163099315068493,0.12200342465753425,0.0,79063474.671875,89482198.52039085,1250467008.5145009
8BRADLEY TN_360662,8MAGNOL CC1_360613,475.0179478028222,500,1149620141.5353081,8BRADLEY_TN_360662-8MAGNOL_CC1_360613,4656,0,1014944548.109375,1097301039.65625,8.114383362153887,0.5438144329896907,0.27255154639175255,0.18363402061855671,0.0,82356491.546875,93284585.49271101,1242904727.0280192
8BENTON MS_360612,8MAGNOL CC1_360613,75.42631811340796,500,189328657.47524092,8BENTON_MS_360612-8MAGNOL_CC1_360613,668,0,151359075.109375,217339287.90625,43.59184459154262,0.0,0.0,0.3413173652694611,0.6586826347305389,65980212.796875,82531854.13386105,271860511.60910195
8FRANKLIN TN_360069,8MAGNOL CC1_360613,315.94041543467506,500,758469364.7800584,8FRANKLIN_TN_360069-8MAGNOL_CC1_360613,3137,0,677908276.875,768104504.9375,13.305078450772667,0.18393369461268727,0.5562639464456487,0.25980235894166404,0.0,90196228.0625,100914944.00906387,859384308.7891222
8HAYWOOD TN_360542,8MAGNOL CC1_360613,86.93004543019606,500,214074863.80730832,8HAYWOOD_TN_360542-8MAGNOL_CC1_360613,906,0,200925853.75,264156158.09375,31.469471530738737,0.0,0.04966887417218543,0.8013245033112583,0.1490066225165563,63230304.34375,67368228.32030863,281443092.12761694
8HIWASSEE TN_360110,8MAGNOL CC1_360613,448.18935690416674,500,1080796926.6519623,8HIWASSEE_TN_360110-8MAGNOL_CC1_360613,4384,0,952313488.84375,1034669980.390625,8.648044211456885,0.5155109489051095,0.28946167883211676,0.19502737226277372,0.0,82356491.546875,93467796.05292892,1174264722.7048912
8LAG CRK CC_360615,8MAGNOL CC1_360613,103.52751293450443,500,254704114.87144405,8LAG_CRK_CC_360615-8MAGNOL_CC1_360613,1020,0,226611738.140625,310772611.890625,37.13879715170516,0.0,0.05196078431372549,0.49607843137254903,0.4519607843137255,84160873.75,94594044.55915171,349298159.43059576
8JACKSON TN_360019,8MAGNOL CC1_360613,121.38498043881275,500,297110874.218235,8JACKSON_TN_360019-8MAGNOL_CC1_360613,1148,0,252722050.84375,315521854.1875,24.849356490295783,0.0,0.31794425087108014,0.6202090592334495,0.06184668989547038,62799803.34375,73830140.30592352,370941014.52415854
8ANDERSON TN_360120,8MAGNOL CC1_360613,496.2982529434624,500,1208514954.0890317,8ANDERSON_TN_360120-8MAGNOL_CC1_360613,4757,0,1042928445.828125,1125284937.375,7.89665790364753,0.5535001051082615,0.2667647677107421,0.17973512718099643,0.0,82356491.546875,95432291.63883385,1303947245.7278655
8BULL RUN FP_360093,8MAGNOL CC1_360613,586.0746879138158,500,1437681686.8058686,8BULL_RUN_FP_360093-8MAGNOL_CC1_360613,5518,0,1217420401.34375,1299776892.890625,6.76483583287848,0.615077926785067,0.22997462848858283,0.15494744472635014,0.0,82356491.546875,97256805.91177516,1534938492.7176437
8JVILLE FP_360037,8MAGNOL CC1_360613,188.4004608648711,500,453812353.00964105,8JVILLE_FP_360037-8MAGNOL_CC1_360613,1659,0,359485130.296875,431096640.546875,19.920576461913964,0.08800482218203737,0.3670886075949367,0.5443037974683544,0.0006027727546714888,71611510.25,90402036.77489647,544214389.7845376
8DAVIDSON TN_360048,8MAGNOL CC1_360613,261.4448438931356,500,637694005.8572925,8DAVIDSON_TN_360048-8MAGNOL_CC1_360613,2249,0,494423686.8125,600175879.640625,21.38898188917664,0.0,0.4232992441084927,0.5762561138283682,0.00044464206313917296,105752192.828125,136396255.42118132,774090261.2784739
8GLEASON CT_360582,8MAGNOL CC1_360613,182.7457921296091,500,443730162.5731895,8GLEASON_CT_360582-8MAGNOL_CC1_360613,1836,0,401447757.203125,542791152.40625,35.20841570715463,0.0,0.0457516339869281,0.6296296296296297,0.32461873638344224,141343395.203125,156230360.25680164,599960522.8299911
8LAG CRK CT_360568,8MAGNOL CC1_360613,177.06125968493524,500,430153618.678203,8LAG_CRK_CT_360568-8MAGNOL_CC1_360613,1830,0,399980180.46875,549522034.34375,37.38731596644287,0.0,0.04590163934426229,0.5169398907103825,0.4371584699453552,149541853.875,160822892.55630755,590976511.2345105
8CUMBERLAND_360040,8MAGNOL CC1_360613,245.89914262391866,500,594690202.0673816,8CUMBERLAND_360040-8MAGNOL_CC1_360613,2150,0,467762903.40625,567659825.703125,21.356315682459105,0.020465116279069766,0.406046511627907,0.5651162790697675,0.008372093023255815,99896922.296875,127003916.88616396,721694118.9535456
7SHAWNEE FP_360002,8MAGNOL CC1_360613,292.31042199758565,500,704686727.3335788,7SHAWNEE_FP_360002-8MAGNOL_CC1_360613,3048,0,661146821.515625,926365492.4375,40.11494304909202,0.0,0.027559055118110236,0.422244094488189,0.5501968503937008,265218670.921875,282684679.3443755,987371406.6779543
8CHOCTAW MS_360654,8LAG CRK CC_360615,286.8993700299879,500,702659604.5724417,8CHOCTAW_MS_360654-8LAG_CRK_CC_360615,2939,0,648695162.34375,826037998.703125,27.338393540446848,0.0,0.276624702279687,0.5665192242259272,0.15685607349438585,177342836.359375,192095847.94776177,894755452.5202035
8ACKERMAN CC_360627,8LAG CRK CC_360615,275.92951288348655,500,672152050.3436222,8ACKERMAN_CC_360627-8LAG_CRK_CC_360615,2808,0,616576456.921875,810038633.234375,31.376834801367238,0.0,0.14245014245014245,0.6314102564102564,0.22613960113960113,193462176.3125,210900038.45032108,883052088.7939433
8CLAY_360688,8LAG CRK CC_360615,275.39893490658113,500,665375616.8130298,8CLAY_360688-8LAG_CRK_CC_360615,2665,0,580653211.953125,767033628.796875,32.0984045221808,0.0,0.19662288930581615,0.49080675422138836,0.3125703564727955,186380416.84375,213574957.07660195,878950573.8896317
8COGEN CALED_360606,8LAG CRK CC_360615,267.98093485556325,500,656403712.003859,8COGEN_CALED_360606-8LAG_CRK_CC_360615,2455,0,542255772.515625,669131329.6875,23.397732878577916,0.0,0.3979633401221996,0.5164969450101833,0.0855397148676171,126875557.171875,153583587.1397328,809987299.1435919
8E POINT AL_360058,8LAG CRK CC_360615,329.085824433984,500,795224932.2732928,8E_POINT_AL_360058-8LAG_CRK_CC_360615,3054,0,664688792.734375,796643564.890625,19.852113289501805,0.08677144728225278,0.5252128356254093,0.233464309102816,0.15455140798952194,131954772.15625,157868954.46125808,953093886.7345508
6CENTER PNT_360533,8LAG CRK CC_360615,494.49522702343575,500,1209240385.3071969,6CENTER_PNT_360533-8LAG_CRK_CC_360615,4872,0,1072043982.078125,1214950691.59375,13.330302851810671,0.3899835796387521,0.3255336617405583,0.19499178981937604,0.08949096880131363,142906709.515625,161195405.56785163,1370435790.8750484
8BR FERRY NP_360052,8LAG CRK CC_360615,258.2759998469466,500,619888615.890897,8BR_FERRY_NP_360052-8LAG_CRK_CC_360615,2488,0,537999678.234375,672865186.203125,25.06795327672984,0.02532154340836013,0.38102893890675243,0.4184083601286174,0.1752411575562701,134865507.96875,155393388.59929737,775282004.4901944
6LOOPERS FRM_360602,8LAG CRK CC_360615,501.24632442122953,500,1227380208.7609298,6LOOPERS_FRM_360602-8LAG_CRK_CC_360615,4935,0,1087281757.0,1230188466.515625,13.143484528787596,0.3977710233029382,0.3213779128672746,0.19250253292806485,0.08834853090172239,142906709.515625,161320527.84789371,1388700736.6088235
6COUNTY LINE_360013,8LAG CRK CC_360615,466.89747381213,500,1142368426.874985,6COUNTY_LINE_360013-8LAG_CRK_CC_360615,4654,0,1024780184.0625,1166725703.578125,13.85131384497653,0.3700042973785991,0.33218736570691876,0.2041254834550924,0.09368285345938977,141945519.515625,158233036.0723754,1300601462.9473603
6YOUNG GA_361454,8LAG CRK CC_360615,429.293636201307,500,1054051251.5668805,6YOUNG_GA_361454-8LAG_CRK_CC_360615,4365,0,964955538.046875,1101378136.484375,14.137708221627188,0.38213058419243984,0.3420389461626575,0.13860252004581902,0.13722794959908363,136422598.4375,149018690.45293513,1203069942.0198157
6KENSNGTN GA_361503,8LAG CRK CC_360615,429.5892206135786,500,1054425481.8080869,6KENSNGTN_GA_361503-8LAG_CRK_CC_360615,4360,0,963402863.234375,1099825461.671875,14.160493355759463,0.3814220183486238,0.34243119266055044,0.13876146788990826,0.13738532110091742,136422598.4375,149311850.29286885,1203737332.1009557
6ALPHA GA_361502,8LAG CRK CC_360615,511.28866863322634,500,1245312120.6062422,6ALPHA_GA_361502-8LAG_CRK_CC_360615,5187,0,1137259960.359375,1259485664.0625,10.747384763682488,0.6319645267013688,0.11721611721611722,0.14015808752650857,0.1106612685560054,122225703.703125,133838485.11032656,1379150605.7165687
6CLOUDLANDGA_361633,8LAG CRK CC_360615,403.28409075835657,500,986675515.3333509,6CLOUDLANDGA_361633-8LAG_CRK_CC_360615,4105,0,904304975.40625,1037859348.390625,14.768731414352443,0.34908647990255787,0.36370280146163214,0.14738124238733252,0.13982947624847747,133554372.984375,145719456.79076043,1132394972.1241114
6ROCK SPG GA_361500,8LAG CRK CC_360615,433.62752580523653,500,1063682685.0450944,6ROCK_SPG_GA_361500-8LAG_CRK_CC_360615,4397,0,971011078.5,1107433676.9375,14.049540881474098,0.3866272458494428,0.3395496929724812,0.13759381396406642,0.13622924721400956,136422598.4375,149442533.6845719,1213125218.7296662
6WID CRK FP_360068,8LAG CRK CC_360615,369.83122712547134,500,898629853.0496556,6WID_CRK_FP_360068-8LAG_CRK_CC_360615,3742,0,818252848.734375,950680954.421875,16.184252324001314,0.2931587386424372,0.39444147514698025,0.15900587920897916,0.1533939070016034,132428105.6875,145436522.87635848,1044066375.9260141
6WRINGOLD GA_361504,8LAG CRK CC_360615,475.12895434022386,500,1159623336.926184,6WRINGOLD_GA_361504-8LAG_CRK_CC_360615,4767,0,1047489503.015625,1189435022.53125,13.551020712568196,0.3849381162156493,0.32431298510593665,0.19928676316341515,0.09146213551499895,141945519.515625,157140798.57464167,1316764135.5008256
6BATTLFLD GA_361530,8LAG CRK CC_360615,412.04012972767754,500,1012853777.4483246,6BATTLFLD_GA_361530-8LAG_CRK_CC_360615,4223,0,934974661.5625,1068908903.78125,14.324906088355727,0.3634856736916884,0.3573289130949562,0.14326308311626806,0.13592233009708737,133934242.21875,145090352.431836,1157944129.8801606
6S HAVEN CC_360594,8LAG CRK CC_360615,150.83572070285973,500,382709151.63029456,6S_HAVEN_CC_360594-8LAG_CRK_CC_360615,1486,0,339227835.5625,494238601.6875,45.69517883695029,0.0,0.047106325706594884,0.09488559892328398,0.8580080753701211,155010766.125,174879631.26283836,557588782.8931329
6CONCORD TN_361509,8LAG CRK CC_360615,496.91599328403606,500,1215194386.0322871,6CONCORD_TN_361509-8LAG_CRK_CC_360615,4966,0,1093240523.828125,1235186043.34375,12.98392406993698,0.4095851792186871,0.3113169552960129,0.19130084575110753,0.0877970197341925,141945519.515625,157779916.38456905,1372974302.4168563
8BRADLEY TN_360662,8LAG CRK CC_360615,479.75494787934883,500,1166968314.1554005,8BRADLEY_TN_360662-8LAG_CRK_CC_360615,4900,0,1073022886.859375,1195248590.5625,11.390782545269529,0.6104081632653061,0.12408163265306123,0.1483673469387755,0.11714285714285715,122225703.703125,132926823.03763944,1299895137.19304
8BENTON MS_360612,8LAG CRK CC_360615,71.52744150775506,500,174706479.69920537,8BENTON_MS_360612-8LAG_CRK_CC_360615,669,0,147394583.625,210780930.03125,43.00452896391158,0.0,0.06576980568011959,0.22122571001494767,0.7130044843049327,63386346.40625,75131698.66407508,249838178.36328045
8FRANKLIN TN_360069,8LAG CRK CC_360615,327.6331882071681,500,790745123.6167183,8FRANKLIN_TN_360069-8LAG_CRK_CC_360615,3380,0,734398393.140625,859684451.390625,17.05968578093142,0.3937869822485207,0.22130177514792898,0.2150887573964497,0.16982248520710058,125286058.25,134898633.41704988,925643757.0337682
8HAYWOOD TN_360542,8LAG CRK CC_360615,29.71124025129251,500,71189792.19916175,8HAYWOOD_TN_360542-8LAG_CRK_CC_360615,310,0,66876831.71875,98749665.4375,47.65900671370162,0.0,0.0,0.11935483870967742,0.8806451612903226,31872833.71875,33928347.84366873,105118140.04283048
8HIWASSEE TN_360110,8LAG CRK CC_360615,452.9263569806934,500,1098145099.2720547,8HIWASSEE_TN_360110-8LAG_CRK_CC_360615,4628,0,1010391827.59375,1132617531.296875,12.096861867361476,0.5875108038029386,0.1313742437337943,0.15708729472774416,0.1240276577355229,122225703.703125,132841095.76214,1230986195.0341947
8JACKSON TN_360019,8LAG CRK CC_360615,61.89040256394287,500,150002542.14646265,8JACKSON_TN_360019-8LAG_CRK_CC_360615,605,0,131695888.171875,190023519.75,44.28963757927065,0.0,0.0,0.27603305785123966,0.7239669421487603,58327631.578125,66435582.27636101,216438124.42282367
8ANDERSON TN_360120,8LAG CRK CC_360615,501.03525301998906,500,1225863126.709124,8ANDERSON_TN_360120-8LAG_CRK_CC_360615,5001,0,1101006784.578125,1223253551.09375,11.103180128219336,0.6180763847230554,0.1217756448710258,0.14537092581483704,0.11477704459108179,122246766.515625,136109791.08393568,1361972917.7930598
8BULL RUN FP_360093,8LAG CRK CC_360615,590.5670841189192,500,1452353968.6989872,8BULL_RUN_FP_360093-8LAG_CRK_CC_360615,5821,0,1288065706.9375,1438835290.328125,11.705115863156879,0.5763614499226937,0.1303899673595602,0.2009963923724446,0.0922521903453015,150769583.390625,169999714.77937365,1622353683.478361
8JVILLE FP_360037,8LAG CRK CC_360615,147.9920908093743,500,353855508.63488966,8JVILLE_FP_360037-8LAG_CRK_CC_360615,1396,0,300526070.78125,401391194.5625,33.56285313917697,0.10386819484240688,0.12607449856733524,0.30587392550143266,0.46418338108882523,100865123.78125,118764004.68801571,472619513.32290536
8DAVIDSON TN_360048,8LAG CRK CC_360615,246.20211024301705,500,597798000.8728869,8DAVIDSON_TN_360048-8LAG_CRK_CC_360615,2370,0,517802042.46875,658045127.21875,27.084305052439774,0.0,0.3632911392405063,0.41012658227848103,0.22658227848101264,140243084.75,161909434.15379927,759707435.0266862
8GLEASON CT_360582,8LAG CRK CC_360615,101.91053885453104,500,245042237.291098,8GLEASON_CT_360582-8LAG_CRK_CC_360615,867,0,187723579.0625,266561153.03125,41.99662842700336,0.0,0.0,0.3886966551326413,0.6113033448673587,78837573.96875,102909477.88435829,347951715.1754563
8CUMBERLAND_360040,8LAG CRK CC_360615,192.92914918682925,500,464114859.616242,8CUMBERLAND_360040-8LAG_CRK_CC_360615,1735,0,376011365.03125,484720217.90625,28.91105508631775,0.20057636887608069,0.11815561959654179,0.30201729106628245,0.3792507204610951,108708852.875,134180502.72743802,598295362.34368
7SHAWNEE FP_360002,8LAG CRK CC_360615,200.99395446776833,500,477036636.7811957,7SHAWNEE_FP_360002-8LAG_CRK_CC_360615,2040,0,435813941.8125,594225320.78125,36.348396361515036,0.0,0.0,0.6808823529411765,0.3191176470588235,158411378.96875,173395167.52686986,650431804.3080655
8ACKERMAN CC_360627,8ANDERSON TN_360120,577.283220256454,500,1409950343.3598604,8ACKERMAN_CC_360627-8ANDERSON_TN_360120,5108,0,1122618634.703125,1223036911.53125,8.945003558994058,0.4105324980422866,0.47494126859827723,0.07282693813625685,0.041699295223179327,100418276.828125,126120108.39358845,1536070451.753449
6CENTER PNT_360533,8ANDERSON TN_360120,185.58029857772965,500,461873023.1887902,6CENTER_PNT_360533-8ANDERSON_TN_360120,1754,0,393015148.65625,393015148.65625,0.0,1.0,0.0,0.0,0.0,0.0,0.0,461873023.1887902
6LOOPERS FRM_360602,8ANDERSON TN_360120,177.79287650361732,500,441521458.7576648,6LOOPERS_FRM_360602-8ANDERSON_TN_360120,1677,0,374894009.109375,374894009.109375,0.0,1.0,0.0,0.0,0.0,0.0,0.0,441521458.7576648
6COUNTY LINE_360013,8ANDERSON TN_360120,178.7967661075469,500,438481711.15988326,6COUNTY_LINE_360013-8ANDERSON_TN_360120,1672,0,369038231.828125,369388505.921875,0.09491539454187237,0.9904306220095693,0.009569377990430622,0.0,0.0,350274.09375,416186.6461413564,438897897.8060246
6YOUNG GA_361454,8ANDERSON TN_360120,219.72292193381338,500,541731951.1946312,6YOUNG_GA_361454-8ANDERSON_TN_360120,2082,0,462079685.453125,462429959.546875,0.07580382881504644,0.9923150816522575,0.007684918347742555,0.0,0.0,350274.09375,410653.56091998913,542142604.7555512
6KENSNGTN GA_361503,8ANDERSON TN_360120,217.86444789210336,500,552887595.4673214,6KENSNGTN_GA_361503-8ANDERSON_TN_360120,2022,0,461858294.25,464726519.703125,0.6210185004434488,0.9876360039564788,0.0,0.0,0.012363996043521267,2868225.453125,3433534.254509,556321129.7218304
6ALPHA GA_361502,8ANDERSON TN_360120,158.2878180751446,500,393304545.7981826,6ALPHA_GA_361502-8ANDERSON_TN_360120,1493,0,333934174.546875,333934174.546875,0.0,1.0,0.0,0.0,0.0,0.0,0.0,393304545.7981826
6CLOUDLANDGA_361633,8ANDERSON TN_360120,191.5593180368813,500,485137628.99258554,6CLOUDLANDGA_361633-8ANDERSON_TN_360120,1767,0,402760406.421875,402760406.421875,0.0,1.0,0.0,0.0,0.0,0.0,0.0,485137628.99258554
6ROCK SPG GA_361500,8ANDERSON TN_360120,221.90275308376133,500,562144798.704329,6ROCK_SPG_GA_361500-8ANDERSON_TN_360120,2059,0,469466509.515625,472334734.96875,0.6109542203733165,0.9878581835842642,0.0,0.0,0.012141816415735794,2868225.453125,3434447.3722931826,565579246.0766222
6WID CRK FP_360068,8ANDERSON TN_360120,189.64017515787364,500,480121355.30920506,6WID_CRK_FP_360068-8ANDERSON_TN_360120,1691,0,385138247.78125,385138247.78125,0.0,1.0,0.0,0.0,0.0,0.0,0.0,480121355.30920506
6WRINGOLD GA_361504,8ANDERSON TN_360120,162.13177910582354,500,395646190.90053594,6WRINGOLD_GA_361504-8ANDERSON_TN_360120,1515,0,332724368.53125,333074642.625,0.10527455361812876,0.9894389438943895,0.010561056105610561,0.0,0.0,350274.09375,416514.7613776688,396062705.66191363
6BATTLFLD GA_361530,8ANDERSON TN_360120,186.36270765356528,500,474206027.41053283,6BATTLFLD_GA_361530-8ANDERSON_TN_360120,1725,0,395269630.671875,395649499.90625,0.09610382505969017,0.9907246376811594,0.00927536231884058,0.0,0.0,379869.234375,455730.1310051249,474661757.54153794
6S HAVEN CC_360594,8ANDERSON TN_360120,588.7465321385671,500,1440765044.8797064,6S_HAVEN_CC_360594-8ANDERSON_TN_360120,5720,0,1260677433.828125,1448201269.828125,14.874846726697744,0.46031468531468533,0.21083916083916085,0.1861888111888112,0.14265734265734265,187523836.0,214311592.1176943,1655076636.9974008
6CONCORD TN_361509,8ANDERSON TN_360120,169.0873635180951,500,414449389.60616636,6CONCORD_TN_361509-8ANDERSON_TN_360120,1584,0,349525067.921875,349875342.015625,0.1002142981711085,0.98989898989899,0.010101010101010102,0.0,0.0,350274.09375,415337.5470682627,414864727.1532346
7SHAWNEE FP_360002,8ANDERSON TN_360120,546.6468178455646,500,1340640027.7277594,7SHAWNEE_FP_360002-8ANDERSON_TN_360120,5234,0,1156251680.4375,1311981797.09375,13.468531055221922,0.49522353840275124,0.24933129537638518,0.07088269010317157,0.18456247611769203,155730116.65625,180564518.47324905,1521204546.2010083
8CHOCTAW MS_360654,8VOLUNTEER_360097,716.9635188341837,500,1770028785.2817445,8CHOCTAW_MS_360654-8VOLUNTEER_360097,6351,0,1412179386.5625,1521792393.046875,7.761974684476369,0.5207054007242954,0.35805384978743504,0.08770272398047552,0.03353802550779405,109613006.484375,137389186.2215136,1907417971.503258
8ACKERMAN CC_360627,8VOLUNTEER_360097,695.3580318452148,500,1716512577.7694602,8ACKERMAN_CC_360627-8VOLUNTEER_360097,6171,0,1371984877.953125,1470118556.84375,7.152679338348933,0.5358936963215039,0.36687732944417434,0.06271268838113758,0.034516285853184246,98133678.890625,122776640.49027683,1839289218.259737
8CLAY_360688,8VOLUNTEER_360097,657.6231682633475,500,1622394536.7239199,8CLAY_360688-8VOLUNTEER_360097,5888,0,1307769697.859375,1383650695.875,5.802321168614855,0.5616508152173914,0.366508152173913,0.06844429347826086,0.0033967391304347825,75880998.015625,94136541.6427829,1716531078.3667028
8COGEN CALED_360606,8VOLUNTEER_360097,611.0252721985428,500,1516550253.3380315,8COGEN_CALED_360606-8VOLUNTEER_360097,5468,0,1221896132.453125,1245372824.859375,1.9213329007857105,0.8282735918068763,0.15910753474762254,0.012618873445501097,0.0,23476692.40625,29137978.97433264,1545688232.312364
8E POINT AL_360058,8VOLUNTEER_360097,464.1357398814135,500,1160415818.7163777,8E_POINT_AL_360058-8VOLUNTEER_360097,4212,0,947579187.578125,947579187.578125,0.0,1.0,0.0,0.0,0.0,0.0,0.0,1160415818.7163777
8UNION MS_360033,8VOLUNTEER_360097,611.4243696473543,500,1512867976.5246334,8UNION_MS_360033-8VOLUNTEER_360097,5588,0,1244931507.703125,1329316536.796875,6.778286883383555,0.5957408732999284,0.29080171796707227,0.0860773085182534,0.027380100214745885,84385029.09375,102546531.61567944,1615414508.140313
8TRICO STEEL_360014,8VOLUNTEER_360097,489.08776582694895,500,1215203908.1392908,8TRICO_STEEL_360014-8VOLUNTEER_360097,4418,0,988603952.125,1014080712.84375,2.5770441908499198,0.7965142598460841,0.17315527387958352,0.030330466274332276,0.0,25476760.71875,31316341.72168479,1246520249.8609755
6CENTER PNT_360533,8VOLUNTEER_360097,285.36372706169914,500,728921506.5027522,6CENTER_PNT_360533-8VOLUNTEER_360097,2644,0,607724714.984375,607724714.984375,0.0,1.0,0.0,0.0,0.0,0.0,0.0,728921506.5027522
8BR FERRY NP_360052,8VOLUNTEER_360097,443.6848113336718,500,1104412633.201257,8BR_FERRY_NP_360052-8VOLUNTEER_360097,4044,0,906378951.359375,919250457.484375,1.420102056175887,0.8570722057368941,0.14070227497527202,0.002225519287833828,0.0,12871506.125,15683786.512757309,1120096419.7140143
6LOOPERS FRM_360602,8VOLUNTEER_360097,277.5763049875868,500,708569942.0716269,6LOOPERS_FRM_360602-8VOLUNTEER_360097,2567,0,589603575.4375,589603575.4375,0.0,1.0,0.0,0.0,0.0,0.0,0.0,708569942.0716269
8LIMESTONE_360088,8VOLUNTEER_360097,421.0271035525619,500,1050165756.3682969,8LIMESTONE_360088-8VOLUNTEER_360097,3820,0,857480637.59375,864535344.4375,0.8227249146461002,0.9159685863874345,0.08403141361256544,0.0,0.0,7054706.84375,8639975.322723642,1058805731.6910205
6COUNTY LINE_360013,8VOLUNTEER_360097,306.3288829134745,500,768426875.1569757,6COUNTY_LINE_360013-8VOLUNTEER_360097,2896,0,653767366.515625,654117640.609375,0.05357778801606816,0.994475138121547,0.0055248618784530384,0.0,0.0,350274.09375,411706.1222301012,768838581.2792058
6YOUNG GA_361454,8VOLUNTEER_360097,347.255038739741,500,871677115.1917236,6YOUNG_GA_361454-8VOLUNTEER_360097,3306,0,746808820.140625,747159094.234375,0.04690277944012777,0.9951603145795523,0.004839685420447671,0.0,0.0,350274.09375,408840.7947684426,872085955.986492
8MADISON AL_360060,8VOLUNTEER_360097,379.82674641881516,500,963832378.868043,8MADISON_AL_360060-8VOLUNTEER_360097,3385,0,772947982.734375,778042614.9375,0.6591170838045723,0.9497784342688331,0.0431314623338257,0.0070901033973412115,0.0,5094632.203125,6352783.868359282,970185162.7364023
6KENSNGTN GA_361503,8VOLUNTEER_360097,343.10618156773086,500,873372853.6178188,6KENSNGTN_GA_361503-8VOLUNTEER_360097,3187,0,729996211.453125,732864436.90625,0.3929096354370776,0.9921556322560402,0.0,0.0,0.007844367743959836,2868225.453125,3431566.095156173,876804419.712975
6ALPHA GA_361502,8VOLUNTEER_360097,258.07124655911406,500,660353029.1121447,6ALPHA_GA_361502-8VOLUNTEER_360097,2383,0,548643740.875,548643740.875,0.0,1.0,0.0,0.0,0.0,0.0,0.0,660353029.1121447
6CLOUDLANDGA_361633,8VOLUNTEER_360097,316.8010517125087,500,805622887.143083,6CLOUDLANDGA_361633-8VOLUNTEER_360097,2932,0,670898323.625,670898323.625,0.0,1.0,0.0,0.0,0.0,0.0,0.0,805622887.143083
8MAGNOL CC1_360613,8VOLUNTEER_360097,616.1187917979935,500,1513952350.8055995,8MAGNOL_CC1_360613-8VOLUNTEER_360097,5822,0,1286811462.296875,1369167953.84375,6.400043359877605,0.6351769151494332,0.2179663345929234,0.14685675025764341,0.0,82356491.546875,96893606.89944467,1610845957.705044
6ROCK SPG GA_361500,8VOLUNTEER_360097,347.1444867593888,500,882630056.8548265,6ROCK_SPG_GA_361500-8VOLUNTEER_360097,3224,0,737604426.71875,740472652.171875,0.3888568654453861,0.9922456575682382,0.0,0.0,0.007754342431761787,2868225.453125,3432167.572564508,886062224.4273909
6WID CRK FP_360068,8VOLUNTEER_360097,314.8819088335011,500,800606613.4597025,6WID_CRK_FP_360068-8VOLUNTEER_360097,2856,0,653276164.984375,653276164.984375,0.0,1.0,0.0,0.0,0.0,0.0,0.0,800606613.4597025
6WRINGOLD GA_361504,8VOLUNTEER_360097,289.6638959117511,500,725591354.8976284,6WRINGOLD_GA_361504-8VOLUNTEER_360097,2739,0,617453503.21875,617803777.3125,0.05672882118636924,0.9941584519897773,0.005841548010222709,0.0,0.0,350274.09375,411619.42226362944,726002974.319892
6BATTLFLD GA_361530,8VOLUNTEER_360097,311.60444132919275,500,794691285.5610303,6BATTLFLD_GA_361530-8VOLUNTEER_360097,2890,0,663407547.875,663787417.109375,0.057260312396478774,0.9944636678200692,0.005536332179930796,0.0,0.0,379869.234375,455042.71269983915,795146328.2737302
6S HAVEN CC_360594,8VOLUNTEER_360097,708.5670709930982,500,1746202441.596274,6S_HAVEN_CC_360594-8VOLUNTEER_360097,6785,0,1504560450.296875,1692084286.296875,12.46369569019301,0.5450257921886514,0.17774502579218865,0.156963890935888,0.12026529108327193,187523836.0,217641358.4552799,1963843800.0515537
6CONCORD TN_361509,8VOLUNTEER_360097,296.61948032402273,500,744394553.6032588,6CONCORD_TN_361509-8VOLUNTEER_360097,2808,0,634254202.609375,634604476.703125,0.055226136824781946,0.9943019943019943,0.005698005698005698,0.0,0.0,350274.09375,411100.35468916054,744805653.957948
8BRADLEY TN_360662,8VOLUNTEER_360097,259.58296736400945,500,651289665.5695641,8BRADLEY_TN_360662-8VOLUNTEER_360097,2464,0,556318033.90625,556318033.90625,0.0,1.0,0.0,0.0,0.0,0.0,0.0,651289665.5695641
8RACCOON MTN_360079,8VOLUNTEER_360097,280.89461017924475,500,712162606.0280175,8RACCOON_MTN_360079-8VOLUNTEER_360097,2596,0,592197886.859375,592197886.859375,0.0,1.0,0.0,0.0,0.0,0.0,0.0,712162606.0280175
8BENTON MS_360612,8VOLUNTEER_360097,661.8683892340505,500,1631874129.0484915,8BENTON_MS_360612-8VOLUNTEER_360097,6414,0,1421793063.765625,1575999750.421875,10.845930437150454,0.5765512940442782,0.1878702837542875,0.1333021515434986,0.10227627065793576,154206686.65625,176991932.8584542,1808866061.9069457
8SEQUOYAH NP_360081,8VOLUNTEER_360097,254.45799979592883,500,656546681.8514678,8SEQUOYAH_NP_360081-8VOLUNTEER_360097,2318,0,538023575.1875,538023575.1875,0.0,1.0,0.0,0.0,0.0,0.0,0.0,656546681.8514678
8FRANKLIN TN_360069,8VOLUNTEER_360097,312.4439607755899,500,786641406.3008192,8FRANKLIN_TN_360069-8VOLUNTEER_360097,2814,0,637487118.71875,637487118.71875,0.0,1.0,0.0,0.0,0.0,0.0,0.0,786641406.3008192
8SHELBY TN_360021,8VOLUNTEER_360097,662.8443113464263,500,1626649525.725257,8SHELBY_TN_360021-8VOLUNTEER_360097,6511,0,1437575299.390625,1578294638.53125,9.788658667151173,0.6297035785593611,0.12824450929196743,0.16786975886960528,0.0741821532790662,140719339.140625,159227169.7840788,1785876695.5093358
8HAYWOOD TN_360542,8VOLUNTEER_360097,600.6892074877575,500,1476472883.9420967,8HAYWOOD_TN_360542-8VOLUNTEER_360097,5914,0,1307992126.96875,1403148691.734375,7.275010514485958,0.6932702062901589,0.12208319242475482,0.15065945214744675,0.0339871491376395,95156564.765625,107413557.5503216,1583886441.4924183
8HIWASSEE TN_360110,8VOLUNTEER_360097,190.54793493209004,500,485077224.515591,8HIWASSEE_TN_360110-8VOLUNTEER_360097,1786,0,409313458.484375,409313458.484375,0.0,1.0,0.0,0.0,0.0,0.0,0.0,485077224.515591
8LAG CRK CC_360615,8VOLUNTEER_360097,620.6111880030969,500,1528624632.698718,8LAG_CRK_CC_360615-8VOLUNTEER_360097,6125,0,1357456767.890625,1508226351.28125,11.106768698417447,0.5973877551020408,0.12391836734693877,0.1910204081632653,0.0876734693877551,150769583.390625,169780802.2208799,1698405434.919598
8MAURY TN_360050,8VOLUNTEER_360097,390.41995431471486,500,973911095.1952486,8MAURY_TN_360050-8VOLUNTEER_360097,3762,0,845014008.96875,852546767.25,0.8914359053576959,0.9098883572567783,0.09011164274322168,0.0,0.0,7532758.28125,8681793.188832816,982592888.3840814
8JACKSON TN_360019,8VOLUNTEER_360097,563.2101880286058,500,1389097072.3992777,8JACKSON_TN_360019-8VOLUNTEER_360097,5551,0,1232165007.203125,1329989498.171875,7.939236254631221,0.6589803638983966,0.13691226805980905,0.17222122140154927,0.031886146640245,97824490.96875,110283698.38394436,1499380770.783222
8RUTHERFORD_360010,8VOLUNTEER_360097,352.1251815932397,500,879128464.7758574,8RUTHERFORD_360010-8VOLUNTEER_360097,3351,0,753545602.578125,761392137.875,1.0412820763639807,0.8940614741868099,0.10593852581319009,0.0,0.0,7846535.296875,9154207.131924836,888282671.9077823
8ANDERSON TN_360120,8VOLUNTEER_360097,144.95283107342127,500,371052694.6382174,8ANDERSON_TN_360120-8VOLUNTEER_360097,1373,0,316290390.328125,316290390.328125,0.0,1.0,0.0,0.0,0.0,0.0,0.0,371052694.6382174
8BULL RUN FP_360093,8VOLUNTEER_360097,90.70137654188068,500,230685008.69919848,8BULL_RUN_FP_360093-8VOLUNTEER_360097,805,0,184341714.671875,184341714.671875,0.0,1.0,0.0,0.0,0.0,0.0,0.0,230685008.69919848
8JVILLE FP_360037,8VOLUNTEER_360097,488.7327659544934,500,1202144929.9765775,8JVILLE_FP_360037-8VOLUNTEER_360097,4733,0,1047759306.21875,1125064214.65625,7.378117090315817,0.6365941263469258,0.1840270441580393,0.1639552081132474,0.015423621381787449,77304908.4375,88695660.52896698,1290840590.5055444
8PIN HOOK TN_360581,8VOLUNTEER_360097,383.68603871423204,500,965522471.2086253,8PIN_HOOK_TN_360581-8VOLUNTEER_360097,3647,0,826389379.53125,841520294.46875,1.8309667709043742,0.8214971209213052,0.1785028790786948,0.0,0.0,15130914.9375,17678395.613444682,983200866.82207
8PLATEAU TN_360077,8VOLUNTEER_360097,190.73304535366938,500,483218032.91574377,8PLATEAU_TN_360077-8VOLUNTEER_360097,1868,0,426233405.59375,426233405.59375,0.0,1.0,0.0,0.0,0.0,0.0,0.0,483218032.91574377
8DAVIDSON TN_360048,8VOLUNTEER_360097,411.77307765804426,500,1035274839.5535126,8DAVIDSON_TN_360048-8VOLUNTEER_360097,3916,0,886265795.828125,902599801.75,1.843014364174178,0.8207354443309499,0.17926455566905006,0.0,0.0,16334005.921875,19080264.001652412,1054355103.5551649
8GLEASON CT_360582,8VOLUNTEER_360097,546.5324088207467,500,1342973491.1428595,8GLEASON_CT_360582-8VOLUNTEER_360097,5398,0,1193781071.28125,1308118510.796875,9.577756111755908,0.5896628380881808,0.16394961096702482,0.2097072989996295,0.036680251945164874,114337439.515625,128626725.62719692,1471600216.7700565
8LAG CRK CT_360568,8VOLUNTEER_360097,568.1090192040626,500,1394399499.408346,8LAG_CRK_CT_360568-8VOLUNTEER_360097,5622,0,1241872775.78125,1370637724.828125,10.368610340609985,0.5661686232657417,0.15741728922091783,0.24119530416221985,0.035218783351120594,128764949.046875,144579850.68506762,1538979350.0934136
8CUMBERLAND_360040,8VOLUNTEER_360097,451.9069478283311,500,1112981514.3845224,8CUMBERLAND_360040-8VOLUNTEER_360097,4463,0,989079972.96875,1062986357.515625,7.472235467981725,0.6341026215550079,0.1837329150795429,0.16580775263275824,0.016356710732691015,73906384.546875,83164599.46992041,1196146113.8544428
8PHIPPS B NP_360102,8VOLUNTEER_360097,111.6325453664238,500,288941349.6350915,8PHIPPS_B_NP_360102-8VOLUNTEER_360097,1021,0,237847887.921875,237847887.921875,0.0,1.0,0.0,0.0,0.0,0.0,0.0,288941349.6350915
8MONTGOMERY_360044,8VOLUNTEER_360097,396.1539933350538,500,976339325.5654979,8MONTGOMERY_360044-8VOLUNTEER_360097,3974,0,880967254.71875,934356210.578125,6.060265642497642,0.712128837443382,0.11952692501258178,0.16834423754403624,0.0,53388955.859375,59168756.70143907,1035508082.2669369
8MARSHALL KY_360015,8VOLUNTEER_360097,516.3156101537359,500,1267586550.2769642,8MARSHALL_KY_360015-8VOLUNTEER_360097,5148,0,1136830524.671875,1211079526.375,6.531228718067328,0.5415695415695416,0.385975135975136,0.042540792540792544,0.029914529914529916,74249001.703125,82788976.79804803,1350375527.0750122
7SHAWNEE FP_360002,8VOLUNTEER_360097,634.8062464315695,500,1550826778.2388067,7SHAWNEE_FP_360002-8VOLUNTEER_360097,6250,0,1374140425.328125,1539761780.90625,12.052724199462883,0.44608,0.33136,0.10864,0.11392,165621355.578125,186916874.39253926,1737743652.631346
8PARADISE CC_360117,8VOLUNTEER_360097,387.9099088845189,500,954619308.3001201,8PARADISE_CC_360117-8VOLUNTEER_360097,3795,0,840203407.875,862220268.65625,2.620420314282468,0.7304347826086957,0.26956521739130435,0.0,0.0,22016860.78125,25015038.278759126,979634346.5788792
8PARADISE CC_360117,8VOLUNTEER_360097,387.9099088845189,500,954619308.3001201,8PARADISE_CC_360117-8VOLUNTEER_360097,3795,0,840203407.875,862220268.65625,2.620420314282468,0.7304347826086957,0.26956521739130435,0.0,0.0,22016860.78125,25015038.278759126,979634346.5788792
8CHOCTAW MS_360654,8COGEN CALED_360606,121.77540899930897,500,299385453.2611393,8CHOCTAW_MS_360654-8COGEN_CALED_360606,1125,0,248823483.828125,306188383.421875,23.05445559687398,0.0,0.3466666666666667,0.6533333333333333,0.0,57364899.59375,69021686.38558926,368407139.6467285
8ACKERMAN CC_360627,8COGEN CALED_360606,99.11550642261165,500,245233100.28834864,8ACKERMAN_CC_360627-8COGEN_CALED_360606,925,0,205828329.90625,250856031.21875,21.87633807892677,0.0,0.40756756756756757,0.5924324324324325,0.0,45027701.3125,53648022.1005127,298881122.38886136
8CLAY_360688,8COGEN CALED_360606,49.968922035848955,500,124764975.78648047,8CLAY_360688-8COGEN_CALED_360606,451,0,101183427.84375,129967320.765625,28.44724035869175,0.0,0.12416851441241686,0.8314855875831486,0.04434589800443459,28783892.921875,35492192.54544366,160257168.33192414
6CENTER PNT_360533,8COGEN CALED_360606,380.1184737866211,500,930950104.8637742,6CENTER_PNT_360533-8COGEN_CALED_360606,3626,0,799491379.5,828435675.0,3.620338660574629,0.6718146718146718,0.3091560948703806,0.019029233314947602,0.0,28944295.5,33703546.55704327,964653651.4208175
8BR FERRY NP_360052,8COGEN CALED_360606,203.19599984694662,500,489932252.9804983,8BR_FERRY_NP_360052-8COGEN_CALED_360606,1876,0,407221160.0625,449125612.75,10.29034264355726,0.19509594882729211,0.6929637526652452,0.11194029850746269,0.0,41904452.6875,50415707.55299305,540347960.5334914
6LOOPERS FRM_360602,8COGEN CALED_360606,386.86957118441484,500,949089928.3175068,6LOOPERS_FRM_360602-8COGEN_CALED_360606,3689,0,814729154.421875,843673449.921875,3.5526279307555475,0.6774193548387096,0.3038763892653836,0.01870425589590675,0.0,28944295.5,33717633.88139555,982807562.1989024
6COUNTY LINE_360013,8COGEN CALED_360606,373.1681100899637,500,916782041.9007143,6COUNTY_LINE_360013-8COGEN_CALED_360606,3398,0,751943544.6875,776149481.34375,3.21911622584774,0.7139493819894055,0.2657445556209535,0.020306062389640965,0.0,24205936.65625,29512279.466484122,946294321.3671983
6YOUNG GA_361454,8COGEN CALED_360606,339.2709997194021,500,829903304.1864357,6YOUNG_GA_361454-8COGEN_CALED_360606,3069,0,676428963.90625,701874051.671875,3.761679218862013,0.6653633105246008,0.3121537960247638,0.022482893450635387,0.0,25445087.765625,31218300.130230352,861121604.316666
6KENSNGTN GA_361503,8COGEN CALED_360606,339.47018802860583,500,830431985.2175175,6KENSNGTN_GA_361503-8COGEN_CALED_360606,3065,0,675449411.671875,700894499.4375,3.7671344923734917,0.664926590538336,0.3125611745513866,0.022512234910277325,0.0,25445087.765625,31283489.750831038,861715474.9683485
6ALPHA GA_361502,8COGEN CALED_360606,405.9400711716604,500,995184722.0429428,6ALPHA_GA_361502-8COGEN_CALED_360606,3869,0,853962167.34375,882906462.84375,3.3894119209087803,0.6924269837167226,0.28973895063323857,0.01783406565003877,0.0,28944295.5,33730909.60398641,1028915631.6469291
6CLOUDLANDGA_361633,8COGEN CALED_360606,319.74520102688246,500,779566916.1171362,6CLOUDLANDGA_361633-8COGEN_CALED_360606,2874,0,631123731.515625,655329668.171875,3.8353710132433383,0.6617954070981211,0.31419624217118997,0.024008350730688934,0.0,24205936.65625,29899283.52959165,809466199.6467279
6ROCK SPG GA_361500,8COGEN CALED_360606,343.5084932202638,500,839644801.4244018,6ROCK_SPG_GA_361500-8COGEN_CALED_360606,3102,0,683011346.0,708456433.765625,3.7254268050804784,0.6689232753062541,0.30883301096067056,0.022243713733075435,0.0,25445087.765625,31280352.499729417,870925153.9241312
6WID CRK FP_360068,8COGEN CALED_360606,296.652480247496,500,719000798.5093062,6WID_CRK_FP_360068-8COGEN_CALED_360606,2617,0,571111038.953125,594587731.359375,4.110705415409921,0.6411922048146733,0.33244172716851356,0.026366068016813144,0.0,23476692.40625,29556004.761162624,748556803.2704688
6WRINGOLD GA_361504,8COGEN CALED_360606,381.3995906180575,500,934036951.9519134,6WRINGOLD_GA_361504-8COGEN_CALED_360606,3511,0,774652863.640625,798858800.296875,3.1247462950681815,0.7231557960694959,0.25719168328111647,0.019652520649387637,0.0,24205936.65625,29186285.050685182,963223237.0025985
6BATTLFLD GA_361530,8COGEN CALED_360606,351.0905191657993,500,860619540.5265399,6BATTLFLD_GA_361530-8COGEN_CALED_360606,3115,0,688036919.6875,712184122.296875,3.509579488894632,0.6895666131621188,0.2882825040128411,0.022150882825040127,0.0,24147202.609375,30204126.87173867,890823667.3982786
6S HAVEN CC_360594,8COGEN CALED_360606,255.84043486831777,500,623216217.4320049,6S_HAVEN_CC_360594-8COGEN_CALED_360606,2352,0,516656055.171875,658218645.671875,27.39977381140082,0.0,0.344812925170068,0.4570578231292517,0.19812925170068027,141562590.5,170759833.93233728,793976051.3643422
6CONCORD TN_361509,8COGEN CALED_360606,403.1866295618697,500,989608001.0580165,6CONCORD_TN_361509-8COGEN_CALED_360606,3710,0,820403884.453125,844609821.109375,2.950490254246607,0.7380053908355795,0.24339622641509434,0.018598382749326146,0.0,24205936.65625,29198287.62646144,1018806288.6844779
8BRADLEY TN_360662,8COGEN CALED_360606,409.17514903377577,500,1002156444.0014579,8BRADLEY_TN_360662-8COGEN_CALED_360606,3755,0,828431285.21875,852987495.96875,2.96418196513617,0.7368841544607191,0.2447403462050599,0.01837549933422104,0.0,24556210.75,29705740.575541176,1031862184.5769991
8BENTON MS_360612,8COGEN CALED_360606,244.56878549017182,500,593985963.4695666,8BENTON_MS_360612-8COGEN_CALED_360606,2158,0,472296353.078125,613408920.453125,29.87797099327969,0.0,0.3938832252085264,0.23215940685820205,0.37395736793327156,141112567.375,177470953.86958998,771456917.3391566
8ANDERSON TN_360120,8COGEN CALED_360606,485.7835385229153,500,1196064995.187534,8ANDERSON_TN_360120-8COGEN_CALED_360606,4303,0,953758215.25,977234907.65625,2.4614930734930818,0.7817801533813619,0.20218452242621426,0.01603532419242389,0.0,23476692.40625,29441057.01101651,1225506052.1985507
8BULL RUN FP_360093,8COGEN CALED_360606,580.9811683143652,500,1440279589.3383007,8BULL_RUN_FP_360093-8COGEN_CALED_360606,5164,0,1152505071.5,1175981763.90625,2.037014238531265,0.8181642137877614,0.16847405112316033,0.013361735089078234,0.0,23476692.40625,29338700.30948082,1469618289.6477816
7SHAWNEE FP_360002,8COGEN CALED_360606,441.0816296894142,500,1058565409.8838928,7SHAWNEE_FP_360002-8COGEN_CALED_360606,4450,0,961556562.640625,1211090656.375,25.951057215927563,0.0,0.38471910112359553,0.4256179775280899,0.1896629213483146,249534093.734375,274708915.18698716,1333274325.07088
8CHOCTAW MS_360654,8TRICO STEEL_360014,281.0500451751071,500,685308377.4621753,8CHOCTAW_MS_360654-8TRICO_STEEL_360014,2425,0,532770594.1875,613025829.59375,15.06375094305701,0.2334020618556701,0.48206185567010307,0.19670103092783506,0.08783505154639175,80255235.40625,103233147.17280713,788541524.6349823
8ACKERMAN CC_360627,8TRICO STEEL_360014,259.4445581861382,500,631792169.9498911,8ACKERMAN_CC_360627-8TRICO_STEEL_360014,2245,0,492576085.578125,561351993.390625,13.962494287918847,0.25211581291759466,0.5162583518930958,0.13674832962138084,0.09487750556792873,68775907.8125,88213945.64077207,720006115.5906632
8CLAY_360688,8TRICO STEEL_360014,217.89196082660777,500,535358278.6078358,8CLAY_360688-8TRICO_STEEL_360014,1891,0,418809738.453125,464235803.625,10.846468217204386,0.298783712321523,0.5230037017451085,0.16763617133791645,0.010576414595452142,45426065.171875,58067465.53737142,593425744.1452073
8COGEN CALED_360606,8TRICO STEEL_360014,176.2317271127169,500,426749416.43162024,8COGEN_CALED_360606-8TRICO_STEEL_360014,1559,0,339902984.703125,367957604.5625,8.253713889531799,0.39063502245028864,0.49839640795381657,0.11096856959589481,0.0,28054619.859375,35222675.85751253,461972092.2891328
8E POINT AL_360058,8TRICO STEEL_360014,73.00737008100567,500,180480152.1829149,8E_POINT_AL_360058-8TRICO_STEEL_360014,690,0,153729147.765625,161308198.0,4.930132212747318,0.5043478260869565,0.4956521739130435,0.0,0.0,7579050.234375,8897910.12038527,189378062.30330017
6CENTER PNT_360533,8TRICO STEEL_360014,277.81943489382667,500,686787457.9244018,6CENTER_PNT_360533-8TRICO_STEEL_360014,2660,0,592411533.359375,603323929.609375,1.8420296762487576,0.8281954887218045,0.1650375939849624,0.006766917293233083,0.0,10912396.25,12650828.78772193,699438286.7121236
8BR FERRY NP_360052,8TRICO STEEL_360014,73.72472072836862,500,180915233.13564098,8BR_FERRY_NP_360052-8TRICO_STEEL_360014,693,0,153309356.1875,166539441.546875,8.629665982808232,0.3968253968253968,0.47186147186147187,0.13131313131313133,0.0,13230085.359375,15612380.331624618,196527613.4672656
6LOOPERS FRM_360602,8TRICO STEEL_360014,284.57053229162045,500,704927281.3781346,6LOOPERS_FRM_360602-8TRICO_STEEL_360014,2723,0,607649308.28125,618561704.53125,1.795837846152737,0.8321704002937936,0.16121924348145428,0.006610356224752111,0.0,10912396.25,12659350.906844137,717586632.2849787
8LIMESTONE_360088,8TRICO STEEL_360014,97.47147396518336,500,237872620.461787,8LIMESTONE_360088-8TRICO_STEEL_360014,932,0,204905364.109375,217893945.34375,6.338819528141748,0.5633047210300429,0.33905579399141633,0.09763948497854077,0.0,12988581.234375,15078316.117934259,252950936.57972124
6COUNTY LINE_360013,8TRICO STEEL_360014,252.8499608776255,500,627623463.3632053,6COUNTY_LINE_360013-8TRICO_STEEL_360014,2407,0,537883933.984375,547263114.765625,1.7437183356219021,0.8379725799750727,0.1545492314083922,0.007478188616535106,0.0,9379180.78125,10943985.409329422,638567448.7725347
6YOUNG GA_361454,8TRICO STEEL_360014,218.95285050706403,500,540744725.6489267,6YOUNG_GA_361454-8TRICO_STEEL_360014,2078,0,462369353.203125,472987685.09375,2.2965042594335294,0.785851780558229,0.20548604427333975,0.008662175168431183,0.0,10618331.890625,12418225.657189755,553162951.3061165
8MADISON AL_360060,8TRICO STEEL_360014,137.02908432299043,500,336734931.9838474,8MADISON_AL_360060-8TRICO_STEEL_360014,1292,0,285960660.359375,303982027.921875,6.302044323107947,0.5077399380804953,0.4218266253869969,0.07043343653250773,0.0,18021367.5625,21221184.66500946,357956116.6488568
6KENSNGTN GA_361503,8TRICO STEEL_360014,219.1520388162677,500,541273406.6800085,6KENSNGTN_GA_361503-8TRICO_STEEL_360014,2074,0,461389800.96875,472008132.859375,2.3013798459199597,0.7854387656702025,0.20588235294117646,0.008678881388621022,0.0,10618331.890625,12456757.092658097,553730163.7726666
6ALPHA GA_361502,8TRICO STEEL_360014,303.64103227886596,500,751022075.0873903,6ALPHA_GA_361502-8TRICO_STEEL_360014,2903,0,646882321.203125,657794717.453125,1.686921390849605,0.842576644850155,0.15122287289011369,0.006200482259731312,0.0,10912396.25,12669152.034651771,763691227.1220421
6CLOUDLANDGA_361633,8TRICO STEEL_360014,199.42705181454434,500,490408337.57962734,6CLOUDLANDGA_361633-8TRICO_STEEL_360014,1883,0,417064120.8125,426443301.59375,2.248858224240924,0.7928836962294211,0.1975570897503983,0.009559214020180564,0.0,9379180.78125,11028588.232022643,501436925.81165
8MAGNOL CC1_360613,8TRICO STEEL_360014,225.68831806239018,500,544511488.2948313,8MAGNOL_CC1_360613-8TRICO_STEEL_360014,2210,0,480194513.109375,546948983.4375,13.90154791562981,0.11855203619909502,0.6235294117647059,0.2579185520361991,0.0,66754470.328125,75695525.45141497,620207013.7462462
6ROCK SPG GA_361500,8TRICO STEEL_360014,223.19034400792566,500,550486222.8868929,6ROCK_SPG_GA_361500-8TRICO_STEEL_360014,2111,0,468951735.296875,479570067.1875,2.2642696660249984,0.7891994315490289,0.20227380388441496,0.008526764566556135,0.0,10618331.890625,12464492.560474677,562950715.4473675
6WID CRK FP_360068,8TRICO STEEL_360014,176.33433103515793,500,429842219.9717972,6WID_CRK_FP_360068-8TRICO_STEEL_360014,1626,0,357051428.25,365701364.78125,2.4226024171491334,0.7804428044280443,0.20848708487084872,0.01107011070110701,0.0,8649936.53125,10413368.010964254,440255587.9827615
6WRINGOLD GA_361504,8TRICO STEEL_360014,261.08144140571943,500,644878373.4144044,6WRINGOLD_GA_361504-8TRICO_STEEL_360014,2520,0,560593252.9375,569972433.71875,1.6730812816785123,0.8452380952380952,0.14761904761904762,0.007142857142857143,0.0,9379180.78125,10789339.355189258,655667712.7695936
6BATTLFLD GA_361530,8TRICO STEEL_360014,230.77236995346118,500,571460961.9890308,6BATTLFLD_GA_361530-8TRICO_STEEL_360014,2124,0,473977308.984375,483297755.71875,1.9664331092867249,0.818738229755179,0.17278719397363465,0.00847457627118644,0.0,9320446.734375,11237397.563200729,582698359.5522316
6S HAVEN CC_360594,8TRICO STEEL_360014,331.72175310927025,500,813120268.3828373,6S_HAVEN_CC_360594-8TRICO_STEEL_360014,3343,0,738193533.84375,916317507.921875,24.12971204863299,0.07837271911456775,0.3978462458869279,0.3119952138797487,0.2117858211187556,178123974.078125,196203579.3698504,1009323847.7526877
6CONCORD TN_361509,8TRICO STEEL_360014,282.86848034953164,500,700449422.5043273,6CONCORD_TN_361509-8TRICO_STEEL_360014,2719,0,606344273.75,615723454.53125,1.5468408274466716,0.8565649135711658,0.1368150055167341,0.0066200809121000365,0.0,9379180.78125,10834837.642911369,711284260.1472386
8BRADLEY TN_360662,8TRICO STEEL_360014,288.8569998214377,500,712997865.463949,8BRADLEY_TN_360662-8TRICO_STEEL_360014,2764,0,614371674.515625,624101129.390625,1.5836431395817252,0.8531114327062229,0.14037626628075253,0.006512301013024602,0.0,9729454.875,11291341.781783966,724289207.2457329
8RACCOON MTN_360079,8TRICO STEEL_360014,217.90127255566742,500,534044324.1385725,8RACCOON_MTN_360079-8TRICO_STEEL_360014,1993,0,439921797.734375,448571734.265625,1.966244131524686,0.8208730556949323,0.17009533366783744,0.009031610637230306,0.0,8649936.53125,10500615.183115354,544544939.3216878
8BENTON MS_360612,8TRICO STEEL_360014,286.4422530965158,500,695535259.0561125,8BENTON_MS_360612-8TRICO_STEEL_360014,2808,0,613883789.109375,743466958.640625,21.108745959760533,0.08618233618233619,0.5053418803418803,0.2215099715099715,0.18696581196581197,129583169.53125,146818770.8947171,842354029.9508296
8SEQUOYAH NP_360081,8TRICO STEEL_360014,277.5268764015817,500,691330540.2599666,8SEQUOYAH_NP_360081-8TRICO_STEEL_360014,2530,0,567490308.6875,576140245.21875,1.5242439207914682,0.8588932806324111,0.13399209486166008,0.0071146245059288534,0.0,8649936.53125,10537563.732487354,701868103.9924539
8FRANKLIN TN_360069,8TRICO STEEL_360014,185.75299336056275,500,447678994.1197225,8FRANKLIN_TN_360069-8TRICO_STEEL_360014,1700,0,368894888.375,396656247.03125,7.525547122254839,0.3847058823529412,0.5452941176470588,0.07,0.0,27761358.65625,33690293.65891618,481369287.77863866
8SHELBY TN_360021,8TRICO STEEL_360014,291.38695439124166,500,702949812.0819459,8SHELBY_TN_360021-8TRICO_STEEL_360014,2853,0,619386880.484375,769776784.40625,24.280447109933377,0.0848229933403435,0.3988783736417806,0.26954083420960395,0.246757798808272,150389903.921875,170679357.33193293,873629169.4138788
8HAYWOOD TN_360542,8TRICO STEEL_360014,240.81554528989707,500,580707498.1126403,8HAYWOOD_TN_360542-8TRICO_STEEL_360014,2265,0,491813961.15625,582855103.25,18.51129680819006,0.10684326710816777,0.45474613686534215,0.39293598233995586,0.045474613686534215,91041142.09375,107496488.56304555,688203986.6756858
8HIWASSEE TN_360110,8TRICO STEEL_360014,321.69677897827904,500,780032530.344825,8HIWASSEE_TN_360110-8TRICO_STEEL_360014,2969,0,648238207.15625,675999565.8125,4.28258599227529,0.6476928258672954,0.3122263388346245,0.04008083529808016,0.0,27761358.65625,33405563.879737973,813438094.224563
8LAG CRK CC_360615,8TRICO STEEL_360014,264.40368163150305,500,636649373.1529586,8LAG_CRK_CC_360615-8TRICO_STEEL_360014,2472,0,536101068.515625,655654324.8125,22.30050699729029,0.09789644012944984,0.4227346278317152,0.2884304207119741,0.19093851132686085,119553256.296875,141976038.00818032,778625411.161139
8MAURY TN_360050,8TRICO STEEL_360014,158.61144796863002,500,383768852.6962213,8MAURY_TN_360050-8TRICO_STEEL_360014,1555,0,338873281.03125,361613250.34375,6.71046393604664,0.5543408360128618,0.3331189710610932,0.11254019292604502,0.0,22739969.3125,25752670.457959887,409521523.1541812
8JACKSON TN_360019,8TRICO STEEL_360014,223.68969460427084,500,539344751.5125043,8JACKSON_TN_360019-8TRICO_STEEL_360014,1984,0,430853023.671875,509371754.875,18.224017678688153,0.10987903225806452,0.45463709677419356,0.4007056451612903,0.03477822580645161,78518731.203125,98290282.86471549,637635034.3772198
8RUTHERFORD_360010,8TRICO STEEL_360014,188.2463115504974,500,456071939.14828825,8RUTHERFORD_360010-8TRICO_STEEL_360014,1748,0,381315790.03125,415092584.46875,8.857958500677853,0.3157894736842105,0.5835240274599542,0.10068649885583524,0.0,33776794.4375,40398663.102992125,496470602.25128037
8ANDERSON TN_360120,8TRICO STEEL_360014,371.0129542381883,500,908641673.7296909,8ANDERSON_TN_360120-8TRICO_STEEL_360014,3355,0,739237708.875,766999067.53125,3.75540348158081,0.6882265275707898,0.27630402384500746,0.03546944858420268,0.0,27761358.65625,34123161.05033896,942764834.7800299
8BULL RUN FP_360093,8TRICO STEEL_360014,459.0436619427714,500,1138933244.1395597,8BULL_RUN_FP_360093-8TRICO_STEEL_360014,4114,0,919212891.171875,944689651.890625,2.7715843591217038,0.7814778804083617,0.1859504132231405,0.032571706368497814,0.0,25476760.71875,31566495.655409444,1170499739.794969
8JVILLE FP_360037,8TRICO STEEL_360014,211.67409075835647,500,508754252.865981,8JVILLE_FP_360037-8TRICO_STEEL_360014,1976,0,427704835.53125,479162377.8125,12.031087330900725,0.21305668016194332,0.5774291497975709,0.20951417004048584,0.0,51457542.28125,61208668.461977676,569962921.3279587
8PIN HOOK TN_360581,8TRICO STEEL_360014,217.61409075835653,500,537834878.7679241,8PIN_HOOK_TN_360581-8TRICO_STEEL_360014,2042,0,454326897.984375,495407616.171875,9.042105666592693,0.2703232125367287,0.643486777668952,0.08619000979431929,0.0,41080718.1875,48631598.0499864,586466476.8179104
8PLATEAU TN_360077,8TRICO STEEL_360014,311.26290880799223,500,754957911.7067996,8PLATEAU_TN_360077-8TRICO_STEEL_360014,2752,0,601367247.71875,626844008.4375,4.236472939854075,0.673328488372093,0.2779796511627907,0.04869186046511628,0.0,25476760.71875,31983587.636745982,786941499.3435456
8DAVIDSON TN_360048,8TRICO STEEL_360014,202.56407132471375,500,493273315.8679782,8DAVIDSON_TN_360048-8TRICO_STEEL_360014,1992,0,436766620.21875,470453333.859375,7.7127491161649075,0.428714859437751,0.4723895582329317,0.09889558232931726,0.0,33686713.640625,38044933.309884824,531318249.17786306
8GLEASON CT_360582,8TRICO STEEL_360014,255.37957118441483,500,615534073.0368705,8GLEASON_CT_360582-8TRICO_STEEL_360014,2228,0,483421187.0,571222861.03125,18.162562252624227,0.09784560143626571,0.5228904847396768,0.2989228007181329,0.0803411131059246,87801674.03125,111796759.20143507,727330832.2383056
8LAG CRK CT_360568,8TRICO STEEL_360014,269.5091166273653,500,649577655.5789413,8LAG_CRK_CT_360568-8TRICO_STEEL_360014,2356,0,511569455.125,617159378.859375,20.64038864645945,0.09252971137521222,0.39261460101867574,0.4456706281833616,0.06918505942275043,105589923.734375,134075352.67205328,783653008.2509947
8CUMBERLAND_360040,8TRICO STEEL_360014,237.05125312202466,500,572344428.3163164,8CUMBERLAND_360040-8TRICO_STEEL_360014,2323,0,505150176.59375,568012847.46875,12.44435294448194,0.21782178217821782,0.5518725785622041,0.23030563925957814,0.0,62862670.875,71224560.71775983,643568989.0340762
8PHIPPS B NP_360102,8TRICO STEEL_360014,548.5342787869623,500,1368429143.217618,8PHIPPS_B_NP_360102-8TRICO_STEEL_360014,5011,0,1126485847.765625,1151962608.484375,2.261613918122718,0.8205946916783077,0.15266413889443226,0.026741169427260028,0.0,25476760.71875,30948583.96265711,1399377727.1802752
8MONTGOMERY_360044,8TRICO STEEL_360014,267.8206557114764,500,653619544.1099107,8MONTGOMERY_360044-8TRICO_STEEL_360014,2645,0,581264038.015625,645446165.078125,11.04181970066669,0.32325141776937616,0.475992438563327,0.19054820415879017,0.010207939508506616,64182127.0625,72171491.58893593,725791035.6988467
8MARSHALL KY_360015,8TRICO STEEL_360014,344.52498674663434,500,829891935.5986664,8MARSHALL_KY_360015-8TRICO_STEEL_360014,3163,0,685764838.703125,842694367.9375,22.883869276696966,0.07113499841922226,0.43597850142269995,0.3038254821372115,0.18906101802086628,156929529.234375,189911385.68024898,1019803321.2789154
7SHAWNEE FP_360002,8TRICO STEEL_360014,376.8567464188152,500,902840044.0950748,7SHAWNEE_FP_360002-8TRICO_STEEL_360014,3352,0,722822501.796875,910415900.359375,25.952899653256335,0.06712410501193318,0.38663484486873506,0.2535799522673031,0.29266109785202865,187593398.5625,234313170.67341,1137153214.7684848
8PARADISE CC_360117,8TRICO STEEL_360014,343.4063115504974,500,834871714.4189138,8PARADISE_CC_360117-8TRICO_STEEL_360014,3472,0,759900386.28125,851069593.515625,11.997520843558561,0.2462557603686636,0.5414746543778802,0.2021889400921659,0.010080645161290322,91169207.234375,100163907.9543839,935035622.3732977
8PARADISE CC_360117,8TRICO STEEL_360014,343.4063115504974,500,834871714.4189138,8PARADISE_CC_360117-8TRICO_STEEL_360014,3472,0,759900386.28125,851069593.515625,11.997520843558561,0.2462557603686636,0.5414746543778802,0.2021889400921659,0.010080645161290322,91169207.234375,100163907.9543839,935035622.3732977
8CHOCTAW MS_360654,8LIMESTONE_360088,325.34722697241796,500,792697497.6042407,8CHOCTAW_MS_360654-8LIMESTONE_360088,2865,0,628480798.546875,725605625.546875,15.453905230607612,0.10924956369982548,0.6369982547993019,0.1794066317626527,0.0743455497382199,97124827.0,122502720.04515739,915200217.6493981
8ACKERMAN CC_360627,8LIMESTONE_360088,303.7417399834491,500,739181290.0919564,8ACKERMAN_CC_360627-8LIMESTONE_360088,2685,0,588286289.9375,673931789.34375,14.558472782928366,0.11657355679702049,0.6759776536312849,0.12811918063314712,0.07932960893854749,85645499.40625,107613506.93453625,846794797.0264926
8CLAY_360688,8LIMESTONE_360088,266.00687640158174,500,645063249.0464162,8CLAY_360688-8LIMESTONE_360088,2402,0,524071109.84375,587463928.375,12.096224603976037,0.13030807660283097,0.7114904246461282,0.1498751040799334,0.00832639467110741,63392818.53125,78028299.4423598,723091548.488776
8COGEN CALED_360606,8LIMESTONE_360088,226.94275308376132,500,546889640.3066443,8COGEN_CALED_360606-8LIMESTONE_360088,2115,0,458817167.984375,500480116.546875,9.080512123277561,0.2912529550827423,0.6094562647754137,0.09929078014184398,0.0,41662948.5625,49660380.088993885,596550020.3956382
8E POINT AL_360058,8LIMESTONE_360088,171.55664925060148,500,425011244.0693131,8E_POINT_AL_360058-8LIMESTONE_360088,1657,0,369718534.25,375047705.703125,1.4414131182077794,0.8551599275799638,0.14484007242003621,0.0,0.0,5329171.453125,6126167.825873162,431137411.89518625
6CENTER PNT_360533,8LIMESTONE_360088,247.14423361185519,500,619025985.9467032,6CENTER_PNT_360533-8LIMESTONE_360088,2361,0,532205316.59375,540003344.96875,1.4652293263264227,0.8530283778060144,0.1469716221939856,0.0,0.0,7798028.375,9070150.283672374,628096136.2303755
8BR FERRY NP_360052,8LIMESTONE_360088,26.97770778110976,500,65816537.995169066,8BR_FERRY_NP_360052-8LIMESTONE_360088,273,0,59888183.078125,59888183.078125,0.0,1.0,0.0,0.0,0.0,0.0,0.0,65816537.995169066
6LOOPERS FRM_360602,8LIMESTONE_360088,253.89533100964903,500,637165809.4004359,6LOOPERS_FRM_360602-8LIMESTONE_360088,2424,0,547443091.515625,555241119.890625,1.4244454804262396,0.8568481848184818,0.14315181518151815,0.0,0.0,7798028.375,9076079.574825779,646241888.9752617
6COUNTY LINE_360013,8LIMESTONE_360088,220.38910375663315,500,555183679.316241,6COUNTY_LINE_360013-8LIMESTONE_360088,2101,0,475762935.671875,482027748.578125,1.3167929732489148,0.8667301285102332,0.13326987148976677,0.0,0.0,6264812.90625,7310619.677861051,562494298.9941021
6YOUNG GA_361454,8LIMESTONE_360088,186.49199338607164,500,468304941.60196245,6YOUNG_GA_361454-8LIMESTONE_360088,1772,0,400248354.890625,407752318.90625,1.8748269478023438,0.8109480812641083,0.18905191873589164,0.0,0.0,7503964.015625,8779907.243043622,477084848.84500605
6KENSNGTN GA_361503,8LIMESTONE_360088,186.6911816952753,500,468833622.63304424,6KENSNGTN_GA_361503-8LIMESTONE_360088,1768,0,399268802.65625,406772766.671875,1.879426583219801,0.8105203619909502,0.18947963800904977,0.0,0.0,7503964.015625,8811383.734837838,477645006.3678821
6ALPHA GA_361502,8LIMESTONE_360088,272.96583099689457,500,683260603.1258719,6ALPHA_GA_361502-8LIMESTONE_360088,2604,0,586676104.4375,594474132.8125,1.3291879993095446,0.8667434715821812,0.13325652841781874,0.0,0.0,7798028.375,9081817.940759104,692342421.066631
6CLOUDLANDGA_361633,8LIMESTONE_360088,160.5940973212671,500,402238302.72525245,6CLOUDLANDGA_361633-8LIMESTONE_360088,1582,0,356875877.234375,362182013.40625,1.48682959828923,0.8489254108723135,0.15107458912768648,0.0,0.0,5306136.171875,5980598.140575287,408218900.86582774
6ROCK SPG GA_361500,8LIMESTONE_360088,190.7294868869333,500,478046438.8399286,6ROCK_SPG_GA_361500-8LIMESTONE_360088,1805,0,406830736.984375,414334701.0,1.8444928894134183,0.814404432132964,0.18559556786703602,0.0,0.0,7503964.015625,8817532.572496548,486863971.41242516
6WID CRK FP_360068,8LIMESTONE_360088,135.29925317304247,500,338907630.52708113,6WID_CRK_FP_360068-8LIMESTONE_360088,1320,0,297966765.0,303272901.171875,1.7807812129231992,0.818939393939394,0.18106060606060606,0.0,0.0,5306136.171875,6035203.41358943,344942833.94067055
6WRINGOLD GA_361504,8LIMESTONE_360088,228.62058428472707,500,572438589.3674402,6WRINGOLD_GA_361504-8LIMESTONE_360088,2214,0,498472254.625,504737067.53125,1.2568027303672125,0.8735320686540199,0.12646793134598014,0.0,0.0,6264812.90625,7194423.820845544,579633013.1882858
6BATTLFLD GA_361530,8LIMESTONE_360088,177.83481158876072,500,456697329.4990727,6BATTLFLD_GA_361530-8LIMESTONE_360088,1728,0,399746347.40625,407367201.71875,1.9064225006551805,0.8043981481481481,0.19560185185185186,0.0,0.0,7620854.3125,8706580.649461651,465403910.1485343
6S HAVEN CC_360594,8LIMESTONE_360088,343.9096751706281,500,838440574.2444329,6S_HAVEN_CC_360594-8LIMESTONE_360088,3437,0,754825815.703125,946783340.53125,25.43070478442968,0.09194064591213268,0.33895839394821065,0.33168460867035204,0.23741635146930462,191957524.828125,213221347.2289787,1051661921.4734116
6CONCORD TN_361509,8LIMESTONE_360088,250.40762322853925,500,628009638.4735432,6CONCORD_TN_361509-8LIMESTONE_360088,2413,0,544223275.4375,550488088.34375,1.151147550830811,0.8839618731869042,0.11603812681309573,0.0,0.0,6264812.90625,7229317.572269623,635238956.0458128
8BRADLEY TN_360662,8LIMESTONE_360088,256.3961427004453,500,640558081.4169847,8BRADLEY_TN_360662-8LIMESTONE_360088,2458,0,552250676.203125,558865763.203125,1.1978413581094305,0.8795768917819365,0.12042310821806347,0.0,0.0,6615087.0,7672869.621924921,648230951.0389096
8BENTON MS_360612,8LIMESTONE_360088,304.1305842847271,500,737573696.5870421,8BENTON_MS_360612-8LIMESTONE_360088,3053,0,666549663.296875,805706661.828125,20.87721383624355,0.10350474942679332,0.47625286603340977,0.24828037995414345,0.17196200458565344,139156998.53125,153984837.83636296,891558534.423405
8FRANKLIN TN_360069,8LIMESTONE_360088,116.99197395242889,500,283434011.48690856,8FRANKLIN_TN_360069-8LIMESTONE_360088,1117,0,243587634.921875,250429715.21875,2.8088783320505684,0.7215756490599821,0.2784243509400179,0.0,0.0,6842080.296875,7961316.534317493,291395328.02122605
8HAYWOOD TN_360542,8LIMESTONE_360088,257.9638764781084,500,620071379.8654369,8HAYWOOD_TN_360542-8LIMESTONE_360088,2504,0,542170871.9375,648283431.84375,19.57179284218027,0.12619808306709265,0.36741214057507987,0.46884984025559107,0.037539936102236424,106112559.90625,121359085.940912,741430465.8063489
8HIWASSEE TN_360110,8LIMESTONE_360088,241.17683097138567,500,603965872.1504638,8HIWASSEE_TN_360110-8LIMESTONE_360088,2187,0,492356340.25,502685518.6875,2.0979070630542163,0.8143575674439872,0.17466849565614997,0.010973936899862825,0.0,10329178.4375,12670642.690281577,616636514.8407454
8LAG CRK CC_360615,8LIMESTONE_360088,281.3592206135786,500,675956356.1542915,8LAG_CRK_CC_360615-8LIMESTONE_360088,2713,0,587270605.78125,721567668.75,22.868003548397198,0.11647622558053815,0.3391079985256174,0.3837080722447475,0.16070770364909695,134297062.96875,154577723.51097977,830534079.6652713
8JACKSON TN_360019,8LIMESTONE_360088,235.81301279420546,500,565990401.1484634,8JACKSON_TN_360019-8LIMESTONE_360088,2139,0,462364624.0,539873277.75,16.763534605969333,0.1477325853202431,0.46984572230014027,0.3501636278634876,0.03225806451612903,77508653.75,94879996.76298732,660870397.9114506
8ANDERSON TN_360120,8LIMESTONE_360088,290.4930062312949,500,732575015.5353298,8ANDERSON_TN_360120-8LIMESTONE_360088,2573,0,583355841.96875,593685020.40625,1.770647980937401,0.8422075398367664,0.14846482705013603,0.009327633113097552,0.0,10329178.4375,12971324.721428167,745546340.256758
8BULL RUN FP_360093,8LIMESTONE_360088,390.9829996683843,500,973895092.3685658,8BULL_RUN_FP_360093-8LIMESTONE_360088,3516,0,788089576.640625,795144283.484375,0.8951656071663816,0.908703071672355,0.09129692832764505,0.0,0.0,7054706.84375,8717973.916764665,982613066.2853304
8JVILLE FP_360037,8LIMESTONE_360088,201.53580500034124,500,488574295.342962,8JVILLE_FP_360037-8LIMESTONE_360088,1754,0,382812856.671875,406065433.1875,6.074136777374695,0.4298745724059293,0.5518814139110604,0.018244013683010263,0.0,23252576.515625,29676670.95822612,518250966.3011882
8DAVIDSON TN_360048,8LIMESTONE_360088,175.67855833919157,500,430124636.9340714,8DAVIDSON_TN_360048-8LIMESTONE_360088,1697,0,374367204.71875,401651002.921875,7.2879776484754855,0.309958750736594,0.671184443134944,0.01885680612846199,0.0,27283798.203125,31347387.40034146,461472024.3344129
8GLEASON CT_360582,8LIMESTONE_360088,255.34183740675175,500,614120310.7738831,8GLEASON_CT_360582-8LIMESTONE_360088,2199,0,476051398.4375,559777144.390625,17.587543325769104,0.1491587085038654,0.4756707594361073,0.29376989540700316,0.0814006366530241,83725745.953125,108008675.72970456,722128986.5035877
8LAG CRK CT_360568,8LIMESTONE_360088,275.4166815549763,500,662695325.8992945,8LAG_CRK_CT_360568-8LIMESTONE_360088,2403,0,520530800.8125,616445517.265625,18.426328721261264,0.13649604660840617,0.43528922180607577,0.3653766125676238,0.0628381190178943,95914716.453125,122110419.17063765,784805745.0699321
8CUMBERLAND_360040,8LIMESTONE_360088,223.09678554118963,500,540812053.2344141,8CUMBERLAND_360040-8LIMESTONE_360088,2047,0,446747387.375,497136324.28125,11.279066947056027,0.2872496336101612,0.5065950170981924,0.2061553492916463,0.0,50388936.90625,60998553.54205785,601810606.776472
7SHAWNEE FP_360002,8LIMESTONE_360088,376.81901264115214,500,901426281.8320875,7SHAWNEE_FP_360002-8LIMESTONE_360088,3323,0,715452713.234375,898970183.71875,25.650538056490202,0.10081251880830575,0.35419801384291305,0.24977430033102618,0.295215167017755,183517470.484375,231220691.47254422,1132646973.3046317
8CHOCTAW MS_360654,8HAYWOOD TN_360542,272.560493424335,500,663343200.3890057,8CHOCTAW_MS_360654-8HAYWOOD_TN_360542,2824,0,618933322.140625,787750243.0,27.275461640279698,0.0,0.18873937677053823,0.7514164305949008,0.05984419263456091,168816920.859375,180929920.16550693,844273120.5545126
8ACKERMAN CC_360627,8HAYWOOD TN_360542,259.3320453791782,500,631707643.0694557,8ACKERMAN_CC_360627-8HAYWOOD_TN_360542,2694,0,591032994.953125,763565208.375,29.191638181817336,0.0,0.14550853749072012,0.7401633259094283,0.11432813659985153,172532213.421875,184405809.53172162,816113452.6011773
8CLAY_360688,8HAYWOOD TN_360542,256.9502985777296,500,621197902.0559767,8CLAY_360688-8HAYWOOD_TN_360542,2547,0,554805031.015625,715067986.765625,28.886355889135128,0.0,0.25323910482921086,0.5433843737730664,0.2033765213977228,160262955.75,179441436.7637305,800639338.8197073
8COGEN CALED_360606,8HAYWOOD TN_360542,249.07590242364395,500,610847685.0056615,8COGEN_CALED_360606-8HAYWOOD_TN_360542,2334,0,515410166.609375,627351608.4375,21.71890449203431,0.0,0.42159383033419023,0.5578406169665809,0.02056555269922879,111941441.828125,132669425.2981822,743517110.3038437
8E POINT AL_360058,8HAYWOOD TN_360542,305.4976880923781,500,739283057.2329743,8E_POINT_AL_360058-8HAYWOOD_TN_360542,2847,0,620401685.375,723844343.328125,16.673497250511083,0.09308043554618897,0.5581313663505444,0.3126097646645592,0.036178433438707414,103442657.953125,123264340.22123425,862547397.4542085
6CENTER PNT_360533,8HAYWOOD TN_360542,471.0998828879655,500,1153355409.0183425,6CENTER_PNT_360533-8HAYWOOD_TN_360542,4663,0,1026944248.234375,1141666454.6875,11.171220506893809,0.40746300664808066,0.3401243834441347,0.23225391378940596,0.020158696118378727,114722206.453125,128843875.96962604,1282199284.9879684
8BR FERRY NP_360052,8HAYWOOD TN_360542,234.88065571147646,500,564003639.6020424,8BR_FERRY_NP_360052-8HAYWOOD_TN_360542,2279,0,492899944.390625,599580949.296875,21.6435416802776,0.027643703378674857,0.4159719175076788,0.5151382185168933,0.041246160596752963,106681004.90625,122070362.81555071,686074002.4175931
6LOOPERS FRM_360602,8HAYWOOD TN_360542,477.85098028575936,500,1171495232.472075,6LOOPERS_FRM_360602-8HAYWOOD_TN_360542,4726,0,1042182023.15625,1156904229.609375,11.007885753554692,0.41536182818451123,0.335590351248413,0.22915785019043589,0.019889970376639865,114722206.453125,128956856.79886597,1300452089.270941
6COUNTY LINE_360013,8HAYWOOD TN_360542,443.5021296766598,500,1086483450.5861301,6COUNTY_LINE_360013-8HAYWOOD_TN_360542,4445,0,979680450.21875,1093441466.671875,11.612053341242401,0.38740157480314963,0.34780652418447694,0.243644544431946,0.021147356580427448,113761016.453125,126163037.82583246,1212646488.4119625
6YOUNG GA_361454,8HAYWOOD TN_360542,406.420201154427,500,999297972.67716,6YOUNG_GA_361454-8HAYWOOD_TN_360542,4156,0,919833837.515625,1026710647.515625,11.619143114876396,0.4013474494706448,0.35923965351299325,0.1850336862367661,0.05437921077959577,106876810.0,116109861.58941765,1115407834.2665777
6KENSNGTN GA_361503,8HAYWOOD TN_360542,406.71578556669846,500,999672202.9183663,6KENSNGTN_GA_361503-8HAYWOOD_TN_360542,4151,0,918281162.703125,1025157972.703125,11.638789331732458,0.4006263550951578,0.3596723681040713,0.18525656468320886,0.054444712117562036,106876810.0,116349741.70555767,1116021944.623924
6ALPHA GA_361502,8HAYWOOD TN_360542,488.41523358634635,500,1190558841.7165217,6ALPHA_GA_361502-8HAYWOOD_TN_360542,4978,0,1092138259.828125,1184818175.09375,8.486097289569416,0.6584973885094415,0.12213740458015267,0.17898754519887505,0.04037766171153073,92679915.265625,101031981.59763479,1291590823.3141565
6CLOUDLANDGA_361633,8HAYWOOD TN_360542,380.41065571147647,500,931922236.4436305,6CLOUDLANDGA_361633-8HAYWOOD_TN_360542,3896,0,859183274.875,963191859.421875,12.105517831688118,0.3678131416837782,0.3832135523613963,0.19738193018480493,0.051591375770020535,104008584.546875,112814012.51015039,1044736248.9537809
6ROCK SPG GA_361500,8HAYWOOD TN_360542,410.75409075835654,500,1008929406.1553739,6ROCK_SPG_GA_361500-8HAYWOOD_TN_360542,4188,0,925889377.96875,1032766187.96875,11.543151108879801,0.4059216809933142,0.35649474689589306,0.18361986628462273,0.05396370582617001,106876810.0,116462245.93443844,1125391652.0898123
6WID CRK FP_360068,8HAYWOOD TN_360542,346.9577920785913,500,843876574.1599351,6WID_CRK_FP_360068-8HAYWOOD_TN_360542,3533,0,773131148.203125,876013465.453125,13.30722704538736,0.31050099065949616,0.4177752618171526,0.2148315878856496,0.05689215963770167,102882317.25,112296571.70629922,956173145.8662343
6WRINGOLD GA_361504,8HAYWOOD TN_360542,451.73361020475363,500,1103738360.6373293,6WRINGOLD_GA_361504-8HAYWOOD_TN_360542,4558,0,1002389769.171875,1116150785.625,11.348980202292847,0.40258885476086004,0.3391838525669153,0.23760421237384818,0.020623080298376482,113761016.453125,125263048.03384213,1229001408.6711714
6BATTLFLD GA_361530,8HAYWOOD TN_360542,389.1666946807976,500,958100498.558604,6BATTLFLD_GA_361530-8HAYWOOD_TN_360542,4014,0,889852961.03125,994241414.8125,11.730977852821244,0.3824115595416044,0.3759342301943199,0.19157947184853014,0.05007473841554559,104388453.78125,112394557.29367976,1070495055.8522837
6S HAVEN CC_360594,8HAYWOOD TN_360542,154.27135054532735,500,388621660.81051505,6S_HAVEN_CC_360594-8HAYWOOD_TN_360542,1455,0,331103760.046875,486367495.28125,46.89277319363392,0.0,0.030927835051546393,0.07079037800687285,0.8982817869415808,155263735.234375,182235473.98520812,570857134.7957232
6CONCORD TN_361509,8HAYWOOD TN_360542,473.52064914856584,500,1159309409.7434325,6CONCORD_TN_361509-8HAYWOOD_TN_360542,4757,0,1048140789.984375,1161901806.4375,10.853600731903668,0.42758040782005463,0.3249947445869245,0.22766449442926215,0.01976035316375867,113761016.453125,125826814.58094129,1285136224.3243737
8BRADLEY TN_360662,8HAYWOOD TN_360542,456.88151283246884,500,1112215035.26568,8BRADLEY_TN_360662-8HAYWOOD_TN_360542,4691,0,1027901186.328125,1120581101.59375,9.016422638512257,0.6376039224046046,0.12960989128117673,0.1899381794926455,0.04284800682157323,92679915.265625,100282008.22863185,1212497043.4943118
8BENTON MS_360612,8HAYWOOD TN_360542,84.8917596721808,500,212689627.61649477,8BENTON_MS_360612-8HAYWOOD_TN_360542,774,0,175450649.15625,246356026.40625,40.41328863186722,0.0,0.05813953488372093,0.33204134366925064,0.6098191214470284,70905377.25,85954873.0986976,298644500.7151924
8FRANKLIN TN_360069,8HAYWOOD TN_360542,304.759753160288,500,735991844.7269977,8FRANKLIN_TN_360069-8HAYWOOD_TN_360542,3171,0,689276692.609375,785016962.421875,13.889961874390222,0.41974140649637337,0.2358877325764743,0.28098391674550616,0.06338694418164617,95740269.8125,102228986.63120127,838220831.358199
8ANDERSON TN_360120,8HAYWOOD TN_360542,478.161817973109,500,1171109847.8194034,8ANDERSON_TN_360120-8HAYWOOD_TN_360542,4792,0,1055885084.046875,1148586062.125,8.77945710936945,0.6450333889816361,0.12708681135225375,0.1859348914858097,0.0419449081803005,92700978.078125,102817086.79290636,1273926934.6123097
8BULL RUN FP_360093,8HAYWOOD TN_360542,570.6451036035799,500,1400202219.942366,8BULL_RUN_FP_360093-8HAYWOOD_TN_360542,5610,0,1238601066.015625,1333757630.78125,7.6825837936445485,0.6766488413547237,0.128698752228164,0.1588235294117647,0.03582887700534759,95156564.765625,107571708.8275434,1507773928.7699094
8DAVIDSON TN_360048,8HAYWOOD TN_360542,230.51872062633302,500,558634510.7960148,8DAVIDSON_TN_360048-8HAYWOOD_TN_360542,2180,0,475596660.375,588445613.390625,23.72786909955287,0.0,0.3903669724770642,0.5270642201834862,0.08256880733944955,112848953.015625,132552065.46660593,691186576.2626207
8GLEASON CT_360582,8HAYWOOD TN_360542,105.10402589451773,500,250767645.9120061,8GLEASON_CT_360582-8HAYWOOD_TN_360542,970,0,208303493.5,291617391.90625,39.996399967363,0.0,0.0,0.49690721649484537,0.5030927835051546,83313898.40625,100298030.64770657,351065676.55971265
8CUMBERLAND_360040,8HAYWOOD TN_360542,183.45311021750814,500,444268665.5710186,8CUMBERLAND_360040-8HAYWOOD_TN_360542,1609,0,351347885.140625,439991939.1875,25.22971043682125,0.21628340584213798,0.127408328154133,0.4338098197638285,0.22249844623990056,88644054.046875,112087697.88509777,556356363.4561163
7SHAWNEE FP_360002,8HAYWOOD TN_360542,212.5629284967239,500,506493784.0301517,7SHAWNEE_FP_360002-8HAYWOOD_TN_360542,2176,0,466537090.234375,674367600.125,44.547478483697155,0.0,0.0,0.26700367647058826,0.7329963235294118,207830509.890625,225630209.46209538,732123993.4922471
8CHOCTAW MS_360654,8CLAY_360688,79.82882461254628,500,194718920.87022147,8CHOCTAW_MS_360654-8CLAY_360688,731,0,160412697.8125,193690105.1875,20.744871091125617,0.0,0.45690834473324216,0.5430916552667578,0.0,33277407.375,40394189.12455834,235113109.9947798
8ACKERMAN CC_360627,8CLAY_360688,57.16892203584896,500,140566567.89743084,8ACKERMAN_CC_360627-8CLAY_360688,531,0,117417543.890625,138357752.984375,17.83396960956354,0.0,0.6045197740112994,0.3954802259887006,0.0,20940209.09375,25068599.000034314,165635166.89746514
6CENTER PNT_360533,8CLAY_360688,427.28725296897125,500,1048270695.5948627,6CENTER_PNT_360533-8CLAY_360688,4054,0,895121821.765625,950898961.90625,6.231234540858899,0.6008880118401578,0.2918105574740997,0.10236803157375432,0.00493339911198816,55777140.140625,65320205.66560893,1113590901.2604716
8BR FERRY NP_360052,8CLAY_360688,242.26012316476704,500,588105861.7202702,8BR_FERRY_NP_360052-8CLAY_360688,2163,0,472475101.921875,536109424.578125,13.468291217337436,0.02912621359223301,0.7951918631530283,0.1664355062413315,0.009246417013407305,63634322.65625,79207810.1227178,667313671.842988
6LOOPERS FRM_360602,8CLAY_360688,434.0383503667651,500,1066410519.0485955,6LOOPERS_FRM_360602-8CLAY_360688,4117,0,910359596.6875,966136736.828125,6.1269349324794,0.6069953849890697,0.2873451542385232,0.10080155452999758,0.004857906242409522,55777140.140625,65338278.61522328,1131748797.6638188
6COUNTY LINE_360013,8CLAY_360688,420.3512334332931,500,1031832828.4015372,6COUNTY_LINE_360013-8CLAY_360688,3839,0,848371890.34375,895047006.125,5.501728229389813,0.6363636363636364,0.2758530867413389,0.08257358687158114,0.005209690023443605,46675115.78125,56768638.00027872,1088601466.401816
6YOUNG GA_361454,8CLAY_360688,386.4541230627314,500,944954090.6872586,6YOUNG_GA_361454-8CLAY_360688,3510,0,772857309.5625,820771576.453125,6.199626541379066,0.5866096866096866,0.3173789173789174,0.09031339031339031,0.005698005698005698,47914266.890625,58583624.6100945,1003537715.2973531
6KENSNGTN GA_361503,8CLAY_360688,386.65331137193516,500,945482771.7183404,6KENSNGTN_GA_361503-8CLAY_360688,3506,0,771877757.328125,819792024.21875,6.20749418359734,0.5861380490587564,0.3177410154021677,0.09041642897889332,0.005704506560182544,47914266.890625,58690788.06133089,1004173559.7796713
6ALPHA GA_361502,8CLAY_360688,453.1088503540106,500,1112505312.7740316,6ALPHA_GA_361502-8CLAY_360688,4297,0,949592609.609375,1005369749.75,5.873796781502905,0.6234582266697696,0.2753083546660461,0.0965790086106586,0.004654410053525715,55777140.140625,65346301.25576989,1177851614.0298016
6CLOUDLANDGA_361633,8CLAY_360688,366.9283243702118,500,894617702.617959,6CLOUDLANDGA_361633-8CLAY_360688,3315,0,727552077.171875,774227192.953125,6.41536423931115,0.5788838612368025,0.3194570135746606,0.09562594268476621,0.006033182503770739,46675115.78125,57392984.17229951,952010686.7902585
6ROCK SPG GA_361500,8CLAY_360688,390.69161656359313,500,954695587.9252248,6ROCK_SPG_GA_361500-8CLAY_360688,3543,0,779439691.65625,827353958.546875,6.147270584695375,0.5904600620942704,0.314422805532035,0.08947219870166526,0.005644933672029354,47914266.890625,58687721.04991191,1013383308.9751366
6WID CRK FP_360068,8CLAY_360688,343.8356035908253,500,834051585.010129,6WID_CRK_FP_360068-8CLAY_360688,3058,0,667539384.609375,713485256.140625,6.882870522783646,0.5542838456507522,0.3355134074558535,0.10366252452583388,0.006540222367560497,45945871.53125,57406690.68947195,891458275.6996009
6WRINGOLD GA_361504,8CLAY_360688,428.58271396138684,500,1049087738.4527361,6WRINGOLD_GA_361504-8CLAY_360688,3952,0,871081209.296875,917756325.078125,5.358296710237331,0.6467611336032388,0.26796558704453444,0.08021255060728745,0.005060728744939271,46675115.78125,56213233.777016185,1105300972.2297523
6BATTLFLD GA_361530,8CLAY_360688,398.27364250912865,500,975670327.0273627,6BATTLFLD_GA_361530-8CLAY_360688,3556,0,784465265.34375,831081647.078125,5.942440512512404,0.608830146231721,0.296400449943757,0.0891451068616423,0.00562429696287964,46616381.734375,57978628.78183625,1033648955.809199
6S HAVEN CC_360594,8CLAY_360688,233.3644673257461,500,574394120.3982632,6S_HAVEN_CC_360594-8CLAY_360688,2077,0,461201855.84375,602909681.4375,30.725770895804683,0.0,0.20317766008666346,0.5705344246509388,0.2262879152623977,141707825.59375,176487021.47254288,750881141.8708061
6CONCORD TN_361509,8CLAY_360688,450.36975290519905,500,1104658787.558839,6CONCORD_TN_361509-8CLAY_360688,4151,0,916832230.109375,963507345.890625,5.090911319258695,0.663695495061431,0.25511924837388583,0.0763671404480848,0.00481811611659841,46675115.78125,56237199.25501881,1160895986.8138578
8BRADLEY TN_360662,8CLAY_360688,456.35827237710515,500,1117207230.5022807,8BRADLEY_TN_360662-8CLAY_360688,4196,0,924859630.875,971885020.75,5.084597522167744,0.663489037178265,0.2561963775023832,0.07554814108674929,0.004766444232602479,47025389.875,56805491.159597844,1174012721.6618786
8BENTON MS_360612,8CLAY_360688,243.90771408893136,500,591952652.0844955,8BENTON_MS_360612-8CLAY_360688,2219,0,485418637.671875,628199724.015625,29.41400994171648,0.0,0.3199639477242001,0.3992789544840018,0.2807570977917981,142781086.34375,174117011.9343879,766069664.0188835
8ANDERSON TN_360120,8CLAY_360688,532.9666618662446,500,1311115781.6883569,8ANDERSON_TN_360120-8CLAY_360688,4744,0,1050186560.90625,1096132432.4375,4.375019948036796,0.7126897133220911,0.21627318718381114,0.06682124789207419,0.0042158516020236085,45945871.53125,57361576.99072418,1368477358.679081
8BULL RUN FP_360093,8CLAY_360688,627.5790643791697,500,1546123872.7241888,8BULL_RUN_FP_360093-8CLAY_360688,5584,0,1238378636.90625,1314259634.921875,6.1274472729272,0.5377865329512894,0.3864613180515759,0.07217048710601719,0.0035816618911174787,75880998.015625,94737925.07531472,1640861797.7995036
7SHAWNEE FP_360002,8CLAY_360688,457.38798036228604,500,1101285590.6349363,7SHAWNEE_FP_360002-8CLAY_360688,4690,0,1016191591.40625,1335238878.515625,31.396371492098595,0.0,0.19360341151385926,0.5392324093816631,0.2671641791044776,319047287.109375,345763715.2246968,1447049305.8596332
8CHOCTAW MS_360654,8RACCOON MTN_360079,453.7182203839985,500,1103992762.5431418,8CHOCTAW_MS_360654-8RACCOON_MTN_360079,4054,0,887819793.328125,968426056.390625,9.079124352514768,0.5377405032067094,0.2920572274296991,0.1176615688209176,0.0525407005426739,80606263.0625,100232875.75405493,1204225638.2971969
8ACKERMAN CC_360627,8RACCOON MTN_360079,432.1127333950296,500,1050476555.0308577,8ACKERMAN_CC_360627-8RACCOON_MTN_360079,3874,0,847625284.71875,916752220.1875,8.155364960790079,0.5627258647392875,0.30304594734124934,0.0792462570986061,0.054981930820857,69126935.46875,85670196.89030129,1136146751.921159
8CLAY_360688,8RACCOON MTN_360079,385.4025451113348,500,938253689.1769042,8CLAY_360688-8RACCOON_MTN_360079,3425,0,750409754.09375,796355625.625,6.122771096803992,0.602043795620438,0.29956204379562046,0.09255474452554745,0.00583941605839416,45945871.53125,57447125.69562065,995700814.8725249
8COGEN CALED_360606,8RACCOON MTN_360079,338.21942176800553,500,823202902.6760814,8COGEN_CALED_360606-8RACCOON_MTN_360079,2984,0,653981408.4375,677458100.84375,3.589810368209201,0.6853217158176944,0.2915549597855228,0.023123324396782843,0.0,23476692.40625,29551423.15166507,852754325.8277465
8E POINT AL_360058,8RACCOON MTN_360079,191.3298894508762,500,467068468.0544275,8E_POINT_AL_360058-8RACCOON_MTN_360079,1728,0,379664463.5625,379664463.5625,0.0,1.0,0.0,0.0,0.0,0.0,0.0,467068468.0544275
6CENTER PNT_360533,8RACCOON MTN_360079,142.83586355635848,500,371310620.7944863,6CENTER_PNT_360533-8RACCOON_MTN_360079,1388,0,324918021.125,328006728.296875,0.9506112222340324,0.9755043227665706,0.006484149855907781,0.0,0.018011527377521614,3088707.171875,3529720.4306192393,374840341.2251055
8BR FERRY NP_360052,8RACCOON MTN_360079,189.2850972957582,500,479288928.1879753,8BR_FERRY_NP_360052-8RACCOON_MTN_360079,1837,0,418966044.078125,425964376.484375,1.6703817660566722,0.8301578660860098,0.1698421339139902,0.0,0.0,6998332.40625,8005954.863180396,487294883.0511557
6LOOPERS FRM_360602,8RACCOON MTN_360079,136.0454804260583,500,368464413.6169311,6LOOPERS_FRM_360602-8RACCOON_MTN_360079,1279,0,312865962.03125,312865962.03125,0.0,1.0,0.0,0.0,0.0,0.0,0.0,368464413.6169311
8LIMESTONE_360088,8RACCOON MTN_360079,163.9108505580818,500,417352959.05147123,8LIMESTONE_360088-8RACCOON_MTN_360079,1594,0,365608724.921875,372582842.96875,1.9075359999587649,0.8048933500627352,0.19510664993726473,0.0,0.0,6974118.046875,7961157.940799977,425314116.9922712
6COUNTY LINE_360013,8RACCOON MTN_360079,111.63720123095362,500,291045775.46047896,6COUNTY_LINE_360013-8RACCOON_MTN_360079,1072,0,251543331.15625,254411556.609375,1.1402510414173284,0.976679104477612,0.0,0.0,0.02332089552238806,2868225.453125,3318652.4856892503,294364427.9461682
6YOUNG GA_361454,8RACCOON MTN_360079,62.04326619682802,500,161356710.5208645,6YOUNG_GA_361454-8RACCOON_MTN_360079,598,0,139999577.640625,142867803.09375,2.0487386472605396,0.9581939799331104,0.0,0.0,0.04180602006688963,2868225.453125,3305777.2883892637,164662487.80925375
8MADISON AL_360060,8RACCOON MTN_360079,126.9266038204054,500,329162084.47424316,8MADISON_AL_360060-8RACCOON_MTN_360079,1222,0,285567830.328125,286906721.0625,0.46885208772871056,0.9525368248772504,0.04746317512274959,0.0,0.0,1338890.734375,1543283.305068831,330705367.779312
6KENSNGTN GA_361503,8RACCOON MTN_360079,62.338850609099595,500,161730940.7620708,6KENSNGTN_GA_361503-8RACCOON_MTN_360079,593,0,138446902.828125,141315128.28125,2.0717151446036697,0.9578414839797639,0.0,0.0,0.04215851602023609,2868225.453125,3350604.393277811,165081545.15534863
6ALPHA GA_361502,8RACCOON MTN_360079,116.54042199758561,500,320247500.6574489,6ALPHA_GA_361502-8RACCOON_MTN_360079,1095,0,271906127.46875,271906127.46875,0.0,1.0,0.0,0.0,0.0,0.0,0.0,320247500.6574489
6CLOUDLANDGA_361633,8RACCOON MTN_360079,36.033720753877525,500,93980974.28733489,6CLOUDLANDGA_361633-8RACCOON_MTN_360079,338,0,79349015.0,79349015.0,0.0,1.0,0.0,0.0,0.0,0.0,0.0,93980974.28733489
8MAGNOL CC1_360613,8RACCOON MTN_360079,382.8355452898971,500,934929796.2686071,8MAGNOL_CC1_360613-8RACCOON_MTN_360079,3843,0,845783548.125,942522227.265625,11.437758437733025,0.26567785584179027,0.5191256830601093,0.21519646109810045,0.0,96738679.140625,106935011.6595928,1041864807.9282
6ROCK SPG GA_361500,8RACCOON MTN_360079,66.37715580075758,500,170988143.99907836,6ROCK_SPG_GA_361500-8RACCOON_MTN_360079,630,0,146055118.09375,148923343.546875,1.9637966067604262,0.9603174603174603,0.0,0.0,0.03968253968253968,2868225.453125,3357859.3698165324,174346003.3688949
6WID CRK FP_360068,8RACCOON MTN_360079,42.0760584029638,500,107259262.79775232,6WID_CRK_FP_360068-8RACCOON_MTN_360079,372,0,85361440.96875,85361440.96875,0.0,1.0,0.0,0.0,0.0,0.0,0.0,107259262.79775232
6WRINGOLD GA_361504,8RACCOON MTN_360079,119.86868175904758,500,308300685.5116781,6WRINGOLD_GA_361504-8RACCOON_MTN_360079,1185,0,274252650.109375,277120875.5625,1.0458332679670113,0.9789029535864979,0.0,0.0,0.02109704641350211,2868225.453125,3224311.134451481,311524996.6461296
6BATTLFLD GA_361530,8RACCOON MTN_360079,30.837110370561536,500,83049372.70528215,6BATTLFLD_GA_361530-8RACCOON_MTN_360079,296,0,71858239.25,72238108.484375,0.5286369918603206,0.9459459459459459,0.05405405405405406,0.0,0.0,379869.234375,439029.7056280698,83488402.41091022
6S HAVEN CC_360594,8RACCOON MTN_360079,475.2838244850018,500,1167179887.0592818,6S_HAVEN_CC_360594-8RACCOON_MTN_360079,4806,0,1063532536.125,1265438559.71875,18.984470783507778,0.2124427798585102,0.4019975031210986,0.21577195172700792,0.16978776529338327,201906023.59375,221582924.6497484,1388762811.7090302
6CONCORD TN_361509,8RACCOON MTN_360079,122.04321420372138,500,335008582.24030185,6CONCORD_TN_361509-8RACCOON_MTN_360079,1152,0,285605222.671875,285955496.765625,0.12264274808182485,0.9861111111111112,0.013888888888888888,0.0,0.0,350274.09375,410863.7315694664,335419445.9718713
8BRADLEY TN_360662,8RACCOON MTN_360079,85.0067012437081,500,241903694.20660728,8BRADLEY_TN_360662-8RACCOON_MTN_360079,808,0,207669053.96875,207669053.96875,0.0,1.0,0.0,0.0,0.0,0.0,0.0,241903694.20660728
8BENTON MS_360612,8RACCOON MTN_360079,431.431155698722,500,1058626862.3353295,8BENTON_MS_360612-8RACCOON_MTN_360079,4431,0,978915238.75,1150578047.671875,17.536023766580165,0.23042202663055744,0.41909275558564657,0.20085759422252314,0.14962762356127285,171662808.921875,185641058.17852527,1244267920.5138547
8FRANKLIN TN_360069,8RACCOON MTN_360079,86.67302592002662,500,219101871.32337523,8FRANKLIN_TN_360069-8RACCOON_MTN_360079,829,0,188616688.625,188616688.625,0.0,1.0,0.0,0.0,0.0,0.0,0.0,219101871.32337523
8HAYWOOD TN_360542,8RACCOON MTN_360079,375.7247141654581,500,918724271.3774561,8HAYWOOD_TN_360542-8RACCOON_MTN_360079,3875,0,853386929.234375,957395513.78125,12.187740517679057,0.36438709677419356,0.38529032258064516,0.1984516129032258,0.05187096774193548,104008584.546875,111971730.2684219,1030696001.645878
8HIWASSEE TN_360110,8RACCOON MTN_360079,106.3367012437081,500,263068204.4926542,8HIWASSEE_TN_360110-8RACCOON_MTN_360079,1045,0,233060467.9375,233060467.9375,0.0,1.0,0.0,0.0,0.0,0.0,0.0,263068204.4926542
8LAG CRK CC_360615,8RACCOON MTN_360079,398.5981492123382,500,973477550.2671766,8LAG_CRK_CC_360615-8RACCOON_MTN_360079,4084,0,898508629.765625,1032063002.75,14.86400559326988,0.34573947110675807,0.3655729676787463,0.1481390793339863,0.1405484818805093,133554372.984375,144697757.52093974,1118175307.7881165
8MAURY TN_360050,8RACCOON MTN_360079,185.75125312202468,500,463904074.60226953,8MAURY_TN_360050-8RACCOON_MTN_360079,1753,0,395569069.578125,399868827.21875,1.086980244742275,0.9275527666856817,0.05647461494580719,0.015972618368511125,0.0,4299757.640625,5042545.645481136,468946620.24775064
8JACKSON TN_360019,8RACCOON MTN_360079,346.66175310927025,500,847118238.56789,8JACKSON_TN_360019-8RACCOON_MTN_360079,3509,0,772831709.8125,853061254.75,10.381243926567763,0.402393844400114,0.3949843260188088,0.17497862638928469,0.027643203191792535,80229544.9375,87941410.6921769,935059649.260067
8ANDERSON TN_360120,8RACCOON MTN_360079,155.65287650361734,500,391677347.87752,8ANDERSON_TN_360120-8RACCOON_MTN_360079,1431,0,324059969.65625,324059969.65625,0.0,1.0,0.0,0.0,0.0,0.0,0.0,391677347.87752
8BULL RUN FP_360093,8RACCOON MTN_360079,250.8505062950671,500,635891942.0282865,8BULL_RUN_FP_360093-8RACCOON_MTN_360079,2292,0,522806825.90625,522806825.90625,0.0,1.0,0.0,0.0,0.0,0.0,0.0,635891942.0282865
8JVILLE FP_360037,8RACCOON MTN_360079,289.4285257797277,500,711530103.9355884,8JVILLE_FP_360037-8RACCOON_MTN_360079,2731,0,605703555.875,625426574.953125,3.2562164918502168,0.6924203588429146,0.29732698645184913,0.010252654705236177,0.0,19723019.078125,23168960.588829618,734699064.524418
8PIN HOOK TN_360581,8RACCOON MTN_360079,191.54872062633302,500,483031461.26162636,8PIN_HOOK_TN_360581-8RACCOON_MTN_360079,1747,0,396338954.984375,409617265.8125,3.350241166339174,0.6760160274756726,0.3239839725243274,0.0,0.0,13278310.828125,16182718.861556666,499214180.123183
8PLATEAU TN_360077,8RACCOON MTN_360079,125.93531813891684,500,312483809.1552957,8PLATEAU_TN_360077-8RACCOON_MTN_360079,1293,0,288940466.609375,288940466.609375,0.0,1.0,0.0,0.0,0.0,0.0,0.0,312483809.1552957
8DAVIDSON TN_360048,8RACCOON MTN_360079,218.89017515787364,500,550916941.7254735,8DAVIDSON_TN_360048-8RACCOON_MTN_360079,2016,0,456157066.1875,471949520.171875,3.4620649673074766,0.6641865079365079,0.33581349206349204,0.0,0.0,15792453.984375,19073102.438439365,569990044.1639129
8GLEASON CT_360582,8RACCOON MTN_360079,354.1914348428089,500,865468278.7386723,8GLEASON_CT_360582-8RACCOON_MTN_360079,3381,0,744756540.09375,812799839.59375,9.136314464782647,0.49157054125998223,0.331558710440698,0.14285714285714285,0.034013605442176874,68043299.5,79071903.5385067,944540182.277179
8LAG CRK CT_360568,8RACCOON MTN_360079,375.09701925508045,500,914707559.518404,8LAG_CRK_CT_360568-8RACCOON_MTN_360079,3605,0,792339954.078125,875906900.09375,10.54685499393424,0.4610263522884882,0.3109570041608877,0.18807212205270457,0.039944521497919556,83566946.015625,96472879.92096081,1011180439.4393648
8CUMBERLAND_360040,8RACCOON MTN_360079,289.51496731299164,500,722559611.1046419,8CUMBERLAND_360040-8RACCOON_MTN_360079,2669,0,599154140.109375,638099546.625,6.500064659240357,0.5016860247283627,0.4222555264143874,0.07605844885724991,0.0,38945406.515625,46966841.92335739,769526453.0279993
8PHIPPS B NP_360102,8RACCOON MTN_360079,340.34112313925806,500,865387841.1063448,8PHIPPS_B_NP_360102-8RACCOON_MTN_360079,3189,0,730079782.5,730079782.5,0.0,1.0,0.0,0.0,0.0,0.0,0.0,865387841.1063448
8MONTGOMERY_360044,8RACCOON MTN_360079,290.6093114739707,500,728392645.0735482,8MONTGOMERY_360044-8RACCOON_MTN_360079,2694,0,607063844.1875,653307305.71875,7.617561476279766,0.4970304380103935,0.38455827765404604,0.10838901262063845,0.01002227171492205,46243461.53125,55485757.52717781,783878402.600726
8MARSHALL KY_360015,8RACCOON MTN_360079,412.70168799034246,500,1026084071.7878388,8MARSHALL_KY_360015-8RACCOON_MTN_360079,3783,0,846364125.0,920104315.53125,8.712584613773643,0.5085910652920962,0.3486650806238435,0.09357652656621729,0.04916732751784298,73740190.53125,89398442.96296935,1115482514.7508082
7SHAWNEE FP_360002,8RACCOON MTN_360079,468.72975290519906,500,1138992707.9169297,7SHAWNEE_FP_360002-8RACCOON_MTN_360079,4355,0,954255933.9375,1102825683.265625,15.569172173243807,0.478300803673938,0.20826636050516648,0.09161882893226177,0.22181400688863376,148569749.328125,177331735.7362787,1316324443.6532085
8PARADISE CC_360117,8RACCOON MTN_360079,318.67689583522446,500,779021297.218743,8PARADISE_CC_360117-8RACCOON_MTN_360079,2870,0,631907932.5625,663885942.3125,5.060548871466675,0.5763066202090592,0.3780487804878049,0.045644599303135885,0.0,31978009.75,39422753.46488815,818444050.6836311
8PARADISE CC_360117,8RACCOON MTN_360079,318.67689583522446,500,779021297.218743,8PARADISE_CC_360117-8RACCOON_MTN_360079,2870,0,631907932.5625,663885942.3125,5.060548871466675,0.5763066202090592,0.3780487804878049,0.045644599303135885,0.0,31978009.75,39422753.46488815,818444050.6836311
8CHOCTAW MS_360654,8PARADISE CC_360117,544.1865775687631,500,1308485810.9445179,8CHOCTAW_MS_360654-8PARADISE_CC_360117,5164,0,1118385618.25,1381381064.0,23.51563194826518,0.008520526723470178,0.4004647560030984,0.5040666150271108,0.08694810224632069,262995445.75,307698707.39698577,1616184518.3415036
8CHOCTAW MS_360654,8PARADISE CC_360117,544.1865775687631,500,1308485810.9445179,8CHOCTAW_MS_360654-8PARADISE_CC_360117,5164,0,1118385618.25,1381381064.0,23.51563194826518,0.008520526723470178,0.4004647560030984,0.5040666150271108,0.08694810224632069,262995445.75,307698707.39698577,1616184518.3415036
8ACKERMAN CC_360627,8PARADISE CC_360117,524.8443373429795,500,1264115480.8178566,8ACKERMAN_CC_360627-8PARADISE_CC_360117,5034,0,1091621755.828125,1306544686.609375,19.688406687919603,0.00874056416368693,0.5242352006356774,0.44576877234803336,0.021255462852602304,214922930.78125,248884196.8683699,1512999677.6862264
8ACKERMAN CC_360627,8PARADISE CC_360117,524.8443373429795,500,1264115480.8178566,8ACKERMAN_CC_360627-8PARADISE_CC_360117,5034,0,1091621755.828125,1306544686.609375,19.688406687919603,0.00874056416368693,0.5242352006356774,0.44576877234803336,0.021255462852602304,214922930.78125,248884196.8683699,1512999677.6862264
8CLAY_360688,8PARADISE CC_360117,496.3474932457727,500,1195674472.8611116,8CLAY_360688-8PARADISE_CC_360117,4864,0,1055077490.9375,1273221907.890625,20.67567726795978,0.009046052631578948,0.5172697368421053,0.4087171052631579,0.0649671052631579,218144416.953125,247213795.1841428,1442888268.0452545
8CLAY_360688,8PARADISE CC_360117,496.3474932457727,500,1195674472.8611116,8CLAY_360688-8PARADISE_CC_360117,4864,0,1055077490.9375,1273221907.890625,20.67567726795978,0.009046052631578948,0.5172697368421053,0.4087171052631579,0.0649671052631579,218144416.953125,247213795.1841428,1442888268.0452545
8COGEN CALED_360606,8PARADISE CC_360117,461.274253045498,500,1110882809.3513947,8COGEN_CALED_360606-8PARADISE_CC_360117,4623,0,1002569502.75,1130575719.875,12.767814777318186,0.035474799913476095,0.8167856370322302,0.14016872160934457,0.007570841444949167,128006217.125,141835459.49105477,1252718268.8424494
8COGEN CALED_360606,8PARADISE CC_360117,461.274253045498,500,1110882809.3513947,8COGEN_CALED_360606-8PARADISE_CC_360117,4623,0,1002569502.75,1130575719.875,12.767814777318186,0.035474799913476095,0.8167856370322302,0.14016872160934457,0.007570841444949167,128006217.125,141835459.49105477,1252718268.8424494
8E POINT AL_360058,8PARADISE CC_360117,420.090168594963,500,1027877098.3409328,8E_POINT_AL_360058-8PARADISE_CC_360117,4078,0,899007502.09375,935227548.296875,4.028892541916518,0.6559588033349681,0.31191760666993623,0.03212358999509563,0.0,36220046.203125,41412063.75512575,1069289162.0960586
8E POINT AL_360058,8PARADISE CC_360117,420.090168594963,500,1027877098.3409328,8E_POINT_AL_360058-8PARADISE_CC_360117,4078,0,899007502.09375,935227548.296875,4.028892541916518,0.6559588033349681,0.31191760666993623,0.03212358999509563,0.0,36220046.203125,41412063.75512575,1069289162.0960586
6CENTER PNT_360533,8PARADISE CC_360117,406.2820905542854,500,994104558.4368572,6CENTER_PNT_360533-8PARADISE_CC_360117,3628,0,799391713.21875,829670123.15625,3.7876812377231284,0.6871554575523704,0.27673649393605293,0.036108048511576625,0.0,30278409.9375,37653511.843263194,1031758070.2801204
6CENTER PNT_360533,8PARADISE CC_360117,406.2820905542854,500,994104558.4368572,6CENTER_PNT_360533-8PARADISE_CC_360117,3628,0,799391713.21875,829670123.15625,3.7876812377231284,0.6871554575523704,0.27673649393605293,0.036108048511576625,0.0,30278409.9375,37653511.843263194,1031758070.2801204
8BR FERRY NP_360052,8PARADISE CC_360117,312.37156482557543,500,760213903.6727314,8BR_FERRY_NP_360052-8PARADISE_CC_360117,3198,0,700619301.5,779139087.90625,11.20719715231111,0.28361475922451534,0.5262664165103189,0.17917448405253283,0.010944340212632896,78519786.40625,85198670.96388347,845412574.6366149
8BR FERRY NP_360052,8PARADISE CC_360117,312.37156482557543,500,760213903.6727314,8BR_FERRY_NP_360052-8PARADISE_CC_360117,3198,0,700619301.5,779139087.90625,11.20719715231111,0.28361475922451534,0.5262664165103189,0.17917448405253283,0.010944340212632896,78519786.40625,85198670.96388347,845412574.6366149
6LOOPERS FRM_360602,8PARADISE CC_360117,398.494668480173,500,973752994.0057318,6LOOPERS_FRM_360602-8PARADISE_CC_360117,3551,0,781270573.671875,811548983.609375,3.8755344125141145,0.6803717262742889,0.28273725711067305,0.03689101661503802,0.0,30278409.9375,37738132.375578634,1011491126.3813105
6LOOPERS FRM_360602,8PARADISE CC_360117,398.494668480173,500,973752994.0057318,6LOOPERS_FRM_360602-8PARADISE_CC_360117,3551,0,781270573.671875,811548983.609375,3.8755344125141145,0.6803717262742889,0.28273725711067305,0.03689101661503802,0.0,30278409.9375,37738132.375578634,1011491126.3813105
8LIMESTONE_360088,8PARADISE CC_360117,318.06313621406144,500,775359251.0821735,8LIMESTONE_360088-8PARADISE_CC_360117,3161,0,693803082.359375,776805990.578125,11.963467780582192,0.18696614995254665,0.6320784561847517,0.16988294843403987,0.011072445428661816,83002908.21875,92759854.1869792,868119105.2691526
8LIMESTONE_360088,8PARADISE CC_360117,318.06313621406144,500,775359251.0821735,8LIMESTONE_360088-8PARADISE_CC_360117,3161,0,693803082.359375,776805990.578125,11.963467780582192,0.18696614995254665,0.6320784561847517,0.16988294843403987,0.011072445428661816,83002908.21875,92759854.1869792,868119105.2691526
6COUNTY LINE_360013,8PARADISE CC_360117,394.20180484728786,500,964329484.1828195,6COUNTY_LINE_360013-8PARADISE_CC_360117,3512,0,773522998.21875,804151682.25,3.9596345683038603,0.6722665148063781,0.29043280182232345,0.0373006833712984,0.0,30628684.03125,38183923.60804923,1002513407.7908688
6COUNTY LINE_360013,8PARADISE CC_360117,394.20180484728786,500,964329484.1828195,6COUNTY_LINE_360013-8PARADISE_CC_360117,3512,0,773522998.21875,804151682.25,3.9596345683038603,0.6722665148063781,0.29043280182232345,0.0373006833712984,0.0,30628684.03125,38183923.60804923,1002513407.7908688
6YOUNG GA_361454,8PARADISE CC_360117,365.93768152946745,500,900485413.4440565,6YOUNG_GA_361454-8PARADISE_CC_360117,3345,0,741629392.171875,777054038.6875,4.77659689455987,0.6221225710014948,0.33124065769805683,0.039162929745889384,0.007473841554559043,35424646.515625,43012558.29453342,943497971.7385899
6YOUNG GA_361454,8PARADISE CC_360117,365.93768152946745,500,900485413.4440565,6YOUNG_GA_361454-8PARADISE_CC_360117,3345,0,741629392.171875,777054038.6875,4.77659689455987,0.6221225710014948,0.33124065769805683,0.039162929745889384,0.007473841554559043,35424646.515625,43012558.29453342,943497971.7385899
8MADISON AL_360060,8PARADISE CC_360117,323.2220128197144,500,789025270.8871012,8MADISON_AL_360060-8PARADISE_CC_360117,3174,0,697606938.984375,778763921.28125,11.6336260093727,0.2148708254568368,0.6055450535601764,0.16855702583490864,0.011027095148078135,81156982.296875,91792249.1344452,880817520.0215464
8MADISON AL_360060,8PARADISE CC_360117,323.2220128197144,500,789025270.8871012,8MADISON_AL_360060-8PARADISE_CC_360117,3174,0,697606938.984375,778763921.28125,11.6336260093727,0.2148708254568368,0.6055450535601764,0.16855702583490864,0.011027095148078135,81156982.296875,91792249.1344452,880817520.0215464
6KENSNGTN GA_361503,8PARADISE CC_360117,366.2332659417391,500,900859643.6852628,6KENSNGTN_GA_361503-8PARADISE_CC_360117,3340,0,740076717.359375,775501363.875,4.786618155212552,0.6215568862275449,0.3317365269461078,0.03922155688622755,0.0074850299401197605,35424646.515625,43120711.2576219,943980354.9428847
6KENSNGTN GA_361503,8PARADISE CC_360117,366.2332659417391,500,900859643.6852628,6KENSNGTN_GA_361503-8PARADISE_CC_360117,3340,0,740076717.359375,775501363.875,4.786618155212552,0.6215568862275449,0.3317365269461078,0.03922155688622755,0.0074850299401197605,35424646.515625,43120711.2576219,943980354.9428847
6ALPHA GA_361502,8PARADISE CC_360117,378.9896100517003,500,925536081.0462497,6ALPHA_GA_361502-8PARADISE_CC_360117,3367,0,740310739.109375,770589149.046875,4.089959572101609,0.6629046629046629,0.2981882981882982,0.03890703890703891,0.0,30278409.9375,37854051.5400052,963390132.586255
6ALPHA GA_361502,8PARADISE CC_360117,378.9896100517003,500,925536081.0462497,6ALPHA_GA_361502-8PARADISE_CC_360117,3367,0,740310739.109375,770589149.046875,4.089959572101609,0.6629046629046629,0.2981882981882982,0.03890703890703891,0.0,30278409.9375,37854051.5400052,963390132.586255
6CLOUDLANDGA_361633,8PARADISE CC_360117,339.92813608651693,500,833109677.210527,6CLOUDLANDGA_361633-8PARADISE_CC_360117,3085,0,680978829.53125,713535250.59375,4.780827193249193,0.5983792544570502,0.3591572123176661,0.04246353322528363,0.0,32556421.0625,39829533.99767145,872939211.2081984
6CLOUDLANDGA_361633,8PARADISE CC_360117,339.92813608651693,500,833109677.210527,6CLOUDLANDGA_361633-8PARADISE_CC_360117,3085,0,680978829.53125,713535250.59375,4.780827193249193,0.5983792544570502,0.3591572123176661,0.04246353322528363,0.0,32556421.0625,39829533.99767145,872939211.2081984
8MAGNOL CC1_360613,8PARADISE CC_360117,367.86249968113873,500,888904245.3908195,8MAGNOL_CC1_360613-8PARADISE_CC_360117,3291,0,715757404.171875,866409246.734375,21.047891601876323,0.013369796414463689,0.4585232452142206,0.49529018535399577,0.032816773017319965,150651842.5625,187095602.0143364,1075999847.405156
8MAGNOL CC1_360613,8PARADISE CC_360117,367.86249968113873,500,888904245.3908195,8MAGNOL_CC1_360613-8PARADISE_CC_360117,3291,0,715757404.171875,866409246.734375,21.047891601876323,0.013369796414463689,0.4585232452142206,0.49529018535399577,0.032816773017319965,150651842.5625,187095602.0143364,1075999847.405156
6ROCK SPG GA_361500,8PARADISE CC_360117,370.27157113339706,500,910116846.9222704,6ROCK_SPG_GA_361500-8PARADISE_CC_360117,3377,0,747684932.625,783109579.140625,4.737910979596016,0.6257032869410719,0.32810186556114895,0.0387918270654427,0.007403020432336393,35424646.515625,43120526.017483324,953237372.9397538
6ROCK SPG GA_361500,8PARADISE CC_360117,370.27157113339706,500,910116846.9222704,6ROCK_SPG_GA_361500-8PARADISE_CC_360117,3377,0,747684932.625,783109579.140625,4.737910979596016,0.6257032869410719,0.32810186556114895,0.0387918270654427,0.007403020432336393,35424646.515625,43120526.017483324,953237372.9397538
6WID CRK FP_360068,8PARADISE CC_360117,320.23914262391867,500,783821272.8079156,6WID_CRK_FP_360068-8PARADISE_CC_360117,2976,0,656688310.8125,689244731.875,4.957667210829286,0.5836693548387096,0.37231182795698925,0.04401881720430108,0.0,32556421.0625,38859250.2335028,822680523.0414183
6WID CRK FP_360068,8PARADISE CC_360117,320.23914262391867,500,783821272.8079156,6WID_CRK_FP_360068-8PARADISE_CC_360117,2976,0,656688310.8125,689244731.875,4.957667210829286,0.5836693548387096,0.37231182795698925,0.04401881720430108,0.0,32556421.0625,38859250.2335028,822680523.0414183
6WRINGOLD GA_361504,8PARADISE CC_360117,377.53681784556454,500,921493963.9234722,6WRINGOLD_GA_361504-8PARADISE_CC_360117,3355,0,737209134.921875,767837818.953125,4.154680480796791,0.656929955290611,0.30402384500745155,0.03904619970193741,0.0,30628684.03125,38285129.85084912,959779093.7743213
6WRINGOLD GA_361504,8PARADISE CC_360117,377.53681784556454,500,921493963.9234722,6WRINGOLD_GA_361504-8PARADISE_CC_360117,3355,0,737209134.921875,767837818.953125,4.154680480796791,0.656929955290611,0.30402384500745155,0.03904619970193741,0.0,30628684.03125,38285129.85084912,959779093.7743213
6BATTLFLD GA_361530,8PARADISE CC_360117,341.6504737356032,500,840539461.7372987,6BATTLFLD_GA_361530-8PARADISE_CC_360117,3071,0,680265717.390625,713202007.6875,4.841680163335682,0.5913383262780854,0.36600455877564314,0.04265711494627157,0.0,32936290.296875,40696232.38394331,881235694.121242
6BATTLFLD GA_361530,8PARADISE CC_360117,341.6504737356032,500,840539461.7372987,6BATTLFLD_GA_361530-8PARADISE_CC_360117,3071,0,680265717.390625,713202007.6875,4.841680163335682,0.5913383262780854,0.36600455877564314,0.04265711494627157,0.0,32936290.296875,40696232.38394331,881235694.121242
6S HAVEN CC_360594,8PARADISE CC_360117,448.04118144018634,500,1091217428.4801903,6S_HAVEN_CC_360594-8PARADISE_CC_360117,4034,0,885938527.0625,1112041598.90625,25.52130480129793,0.15691621219633117,0.24814080317302925,0.3468021814576103,0.24814080317302925,226103071.84375,278492925.9673146,1369710354.447505
6S HAVEN CC_360594,8PARADISE CC_360117,448.04118144018634,500,1091217428.4801903,6S_HAVEN_CC_360594-8PARADISE_CC_360117,4034,0,885938527.0625,1112041598.90625,25.52130480129793,0.15691621219633117,0.24814080317302925,0.3468021814576103,0.24814080317302925,226103071.84375,278492925.9673146,1369710354.447505
6CONCORD TN_361509,8PARADISE CC_360117,384.4924022578361,500,940297162.6291027,6CONCORD_TN_361509-8PARADISE_CC_360117,3424,0,754009834.3125,784638518.34375,4.062106704374346,0.6638434579439252,0.29789719626168226,0.038259345794392524,0.0,30628684.03125,38195874.084198534,978493036.7133012
6CONCORD TN_361509,8PARADISE CC_360117,384.4924022578361,500,940297162.6291027,6CONCORD_TN_361509-8PARADISE_CC_360117,3424,0,754009834.3125,784638518.34375,4.062106704374346,0.6638434579439252,0.29789719626168226,0.038259345794392524,0.0,30628684.03125,38195874.084198534,978493036.7133012
8BRADLEY TN_360662,8PARADISE CC_360117,347.4558892978228,500,847192274.5954081,8BRADLEY_TN_360662-8PARADISE_CC_360117,3080,0,676073665.609375,706352075.546875,4.478566682553553,0.6314935064935064,0.32597402597402597,0.04253246753246753,0.0,30278409.9375,37942070.94719756,885134345.5426056
8BRADLEY TN_360662,8PARADISE CC_360117,347.4558892978228,500,847192274.5954081,8BRADLEY_TN_360662-8PARADISE_CC_360117,3080,0,676073665.609375,706352075.546875,4.478566682553553,0.6314935064935064,0.32597402597402597,0.04253246753246753,0.0,30278409.9375,37942070.94719756,885134345.5426056
8BENTON MS_360612,8PARADISE CC_360117,382.9703503157473,500,928740499.240715,8BENTON_MS_360612-8PARADISE_CC_360117,3422,0,747554297.734375,939514278.109375,25.678399677023634,0.17592051431911163,0.2288135593220339,0.3173582700175336,0.27790765634132086,191959980.375,238485697.35741547,1167226196.5981305
8BENTON MS_360612,8PARADISE CC_360117,382.9703503157473,500,928740499.240715,8BENTON_MS_360612-8PARADISE_CC_360117,3422,0,747554297.734375,939514278.109375,25.678399677023634,0.17592051431911163,0.2288135593220339,0.3173582700175336,0.27790765634132086,191959980.375,238485697.35741547,1167226196.5981305
8FRANKLIN TN_360069,8PARADISE CC_360117,281.8217465463597,500,681678872.6684508,8FRANKLIN_TN_360069-8PARADISE_CC_360117,2615,0,569525630.578125,602082051.640625,5.716410169188002,0.5261950286806883,0.4237093690248566,0.05009560229445507,0.0,32556421.0625,38967560.39842545,720646433.0668763
8FRANKLIN TN_360069,8PARADISE CC_360117,281.8217465463597,500,681678872.6684508,8FRANKLIN_TN_360069-8PARADISE_CC_360117,2615,0,569525630.578125,602082051.640625,5.716410169188002,0.5261950286806883,0.4237093690248566,0.05009560229445507,0.0,32556421.0625,38967560.39842545,720646433.0668763
8HAYWOOD TN_360542,8PARADISE CC_360117,306.96099971940214,500,742225951.0765359,8HAYWOOD_TN_360542-8PARADISE_CC_360117,2710,0,590471294.46875,712811839.46875,20.719135061437722,0.222140221402214,0.274169741697417,0.35645756457564576,0.14723247232472325,122340545.0,153782797.26458815,896008748.341124
8HAYWOOD TN_360542,8PARADISE CC_360117,306.96099971940214,500,742225951.0765359,8HAYWOOD_TN_360542-8PARADISE_CC_360117,2710,0,590471294.46875,712811839.46875,20.719135061437722,0.222140221402214,0.274169741697417,0.35645756457564576,0.14723247232472325,122340545.0,153782797.26458815,896008748.341124
8HIWASSEE TN_360110,8PARADISE CC_360117,300.2513828497023,500,731318614.3665638,8HIWASSEE_TN_360110-8PARADISE_CC_360117,2669,0,585533350.296875,616373050.734375,5.266941741553022,0.5653802922442862,0.38553765455226674,0.04908205320344698,0.0,30839700.4375,38518125.363819726,769836739.7303835
8HIWASSEE TN_360110,8PARADISE CC_360117,300.2513828497023,500,731318614.3665638,8HIWASSEE_TN_360110-8PARADISE_CC_360117,2669,0,585533350.296875,616373050.734375,5.266941741553022,0.5653802922442862,0.38553765455226674,0.04908205320344698,0.0,30839700.4375,38518125.363819726,769836739.7303835
8LAG CRK CC_360615,8PARADISE CC_360117,316.4370386887232,500,762072145.1217594,8LAG_CRK_CC_360615-8PARADISE_CC_360117,2836,0,615134774.359375,757497982.0,23.1434172761388,0.21227080394922426,0.26198871650211564,0.2796191819464034,0.2461212976022567,142363207.640625,176369536.49075082,938441681.6125102
8LAG CRK CC_360615,8PARADISE CC_360117,316.4370386887232,500,762072145.1217594,8LAG_CRK_CC_360615-8PARADISE_CC_360117,2836,0,615134774.359375,757497982.0,23.1434172761388,0.21227080394922426,0.26198871650211564,0.2796191819464034,0.2461212976022567,142363207.640625,176369536.49075082,938441681.6125102
8MAURY TN_360050,8PARADISE CC_360117,196.73197395242894,500,483610961.68496025,8MAURY_TN_360050-8PARADISE_CC_360117,2003,0,443001817.453125,507919079.0,14.653949259191034,0.02895656515227159,0.7383924113829257,0.21517723414877685,0.017473789316025962,64917261.546875,70868104.93719988,554479066.6221601
8MAURY TN_360050,8PARADISE CC_360117,196.73197395242894,500,483610961.68496025,8MAURY_TN_360050-8PARADISE_CC_360117,2003,0,443001817.453125,507919079.0,14.653949259191034,0.02895656515227159,0.7383924113829257,0.21517723414877685,0.017473789316025962,64917261.546875,70868104.93719988,554479066.6221601
8JACKSON TN_360019,8PARADISE CC_360117,262.6375906690754,500,634146292.2869395,8JACKSON_TN_360019-8PARADISE_CC_360117,2319,0,504347756.078125,590212836.4375,17.02497519312334,0.25959465286761535,0.3203967227253126,0.35575679172056923,0.06425183268650281,85865080.359375,107963248.94996287,742109541.2369024
8JACKSON TN_360019,8PARADISE CC_360117,262.6375906690754,500,634146292.2869395,8JACKSON_TN_360019-8PARADISE_CC_360117,2319,0,504347756.078125,590212836.4375,17.02497519312334,0.25959465286761535,0.3203967227253126,0.35575679172056923,0.06425183268650281,85865080.359375,107963248.94996287,742109541.2369024
8ANDERSON TN_360120,8PARADISE CC_360117,310.58136341605945,500,764699494.8469815,8ANDERSON_TN_360120-8PARADISE_CC_360117,2901,0,642528938.515625,671835071.78125,4.56106044551523,0.6246122026887281,0.3291968286797656,0.046190968631506374,0.0,29306133.265625,34878406.18652045,799577901.033502
8ANDERSON TN_360120,8PARADISE CC_360117,310.58136341605945,500,764699494.8469815,8ANDERSON_TN_360120-8PARADISE_CC_360117,2901,0,642528938.515625,671835071.78125,4.56106044551523,0.6246122026887281,0.3291968286797656,0.046190968631506374,0.0,29306133.265625,34878406.18652045,799577901.033502
8BULL RUN FP_360093,8PARADISE CC_360117,357.86580500034125,500,878348644.3003893,8BULL_RUN_FP_360093-8PARADISE_CC_360117,3491,0,770812346.921875,792829207.703125,2.856319163694132,0.7069607562303065,0.2930392437696935,0.0,0.0,22016860.78125,25088440.651199628,903437084.9515889
8BULL RUN FP_360093,8PARADISE CC_360117,357.86580500034125,500,878348644.3003893,8BULL_RUN_FP_360093-8PARADISE_CC_360117,3491,0,770812346.921875,792829207.703125,2.856319163694132,0.7069607562303065,0.2930392437696935,0.0,0.0,22016860.78125,25088440.651199628,903437084.9515889
8JVILLE FP_360037,8PARADISE CC_360117,180.8530647873121,500,437245324.93763995,8JVILLE_FP_360037-8PARADISE_CC_360117,1641,0,357206054.25,425375333.375,19.08402120118882,0.10968921389396709,0.4472882388787325,0.3778184034125533,0.06520414381474711,68169279.125,83443990.51230615,520689315.4499461
8JVILLE FP_360037,8PARADISE CC_360117,180.8530647873121,500,437245324.93763995,8JVILLE_FP_360037-8PARADISE_CC_360117,1641,0,357206054.25,425375333.375,19.08402120118882,0.10968921389396709,0.4472882388787325,0.3778184034125533,0.06520414381474711,68169279.125,83443990.51230615,520689315.4499461
8DAVIDSON TN_360048,8PARADISE CC_360117,154.27051942088826,500,377491724.1251425,8DAVIDSON_TN_360048-8PARADISE_CC_360117,1566,0,344620802.25,400975201.5625,16.35258201030434,0.0,0.70242656449553,0.27522349936143037,0.02234993614303959,56354399.3125,61729643.76967574,439221367.89481825
8DAVIDSON TN_360048,8PARADISE CC_360117,154.27051942088826,500,377491724.1251425,8DAVIDSON_TN_360048-8PARADISE_CC_360117,1566,0,344620802.25,400975201.5625,16.35258201030434,0.0,0.70242656449553,0.27522349936143037,0.02234993614303959,56354399.3125,61729643.76967574,439221367.89481825
8GLEASON CT_360582,8PARADISE CC_360117,223.32466217235145,500,540189989.0303802,8GLEASON_CT_360582-8PARADISE_CC_360117,2069,0,450772052.15625,522851748.9375,15.990276335114316,0.291928467858869,0.33929434509424844,0.2890285161913968,0.07974867085548575,72079696.78125,86377871.9805815,626567861.0109618
8GLEASON CT_360582,8PARADISE CC_360117,223.32466217235145,500,540189989.0303802,8GLEASON_CT_360582-8PARADISE_CC_360117,2069,0,450772052.15625,522851748.9375,15.990276335114316,0.291928467858869,0.33929434509424844,0.2890285161913968,0.07974867085548575,72079696.78125,86377871.9805815,626567861.0109618
8LAG CRK CT_360568,8PARADISE CC_360117,240.85922061357857,500,580248561.6392677,8LAG_CRK_CT_360568-8PARADISE_CC_360117,2263,0,490909255.140625,619152480.0,26.12361113921935,0.0,0.3862129916040654,0.4189129474149359,0.1948740609809987,128243224.859375,151581877.8835558,731830439.5228235
8LAG CRK CT_360568,8PARADISE CC_360117,240.85922061357857,500,580248561.6392677,8LAG_CRK_CT_360568-8PARADISE_CC_360117,2263,0,490909255.140625,619152480.0,26.12361113921935,0.0,0.3862129916040654,0.4189129474149359,0.1948740609809987,128243224.859375,151581877.8835558,731830439.5228235
8CUMBERLAND_360040,8PARADISE CC_360117,125.38180510237683,500,302795420.1871104,8CUMBERLAND_360040-8PARADISE_CC_360117,1163,0,253026187.109375,307528147.21875,21.54004719116902,0.0,0.5176268271711092,0.3903697334479794,0.09200343938091143,54501960.109375,65222276.40100211,368017696.58811253
8CUMBERLAND_360040,8PARADISE CC_360117,125.38180510237683,500,302795420.1871104,8CUMBERLAND_360040-8PARADISE_CC_360117,1163,0,253026187.109375,307528147.21875,21.54004719116902,0.0,0.5176268271711092,0.3903697334479794,0.09200343938091143,54501960.109375,65222276.40100211,368017696.58811253
8MONTGOMERY_360044,8PARADISE CC_360117,92.7284220486034,500,222586199.6629209,8MONTGOMERY_360044-8PARADISE_CC_360117,958,0,207092912.828125,239704995.65625,15.747561025997591,0.0,0.7129436325678496,0.2870563674321503,0.0,32612082.828125,35051897.62736731,257638097.2902882
8MONTGOMERY_360044,8PARADISE CC_360117,92.7284220486034,500,222586199.6629209,8MONTGOMERY_360044-8PARADISE_CC_360117,958,0,207092912.828125,239704995.65625,15.747561025997591,0.0,0.7129436325678496,0.2870563674321503,0.0,32612082.828125,35051897.62736731,257638097.2902882
8MARSHALL KY_360015,8PARADISE CC_360117,140.26359733402154,500,338710367.8713596,8MARSHALL_KY_360015-8PARADISE_CC_360117,1388,0,301710071.765625,367200632.765625,21.70645501383013,0.0,0.547550432276657,0.3184438040345821,0.1340057636887608,65490561.0,73522013.62917522,412232381.5005348
8MARSHALL KY_360015,8PARADISE CC_360117,140.26359733402154,500,338710367.8713596,8MARSHALL_KY_360015-8PARADISE_CC_360117,1388,0,301710071.765625,367200632.765625,21.70645501383013,0.0,0.547550432276657,0.3184438040345821,0.1340057636887608,65490561.0,73522013.62917522,412232381.5005348
7SHAWNEE FP_360002,8PARADISE CC_360117,259.7762141271947,500,623695937.2860234,7SHAWNEE_FP_360002-8PARADISE_CC_360117,2491,0,538641741.578125,693079997.65625,28.671795027553614,0.0,0.3508631071858691,0.3596949016459253,0.2894419911682055,154438256.078125,178824820.73382798,802520758.0198513
7SHAWNEE FP_360002,8PARADISE CC_360117,259.7762141271947,500,623695937.2860234,7SHAWNEE_FP_360002-8PARADISE_CC_360117,2491,0,538641741.578125,693079997.65625,28.671795027553614,0.0,0.3508631071858691,0.3596949016459253,0.2894419911682055,154438256.078125,178824820.73382798,802520758.0198513
8CHOCTAW MS_360654,8FRANKLIN TN_360069,413.62874636779736,500,1002503871.2621762,8CHOCTAW_MS_360654-8FRANKLIN_TN_360069,3633,0,792470322.8125,904367927.234375,14.120100299118743,0.12166253784750894,0.6705202312138728,0.14918799889898154,0.058629232039636665,111897604.421875,141554552.1247675,1144058423.3869436
8ACKERMAN CC_360627,8FRANKLIN TN_360069,392.02325937882847,500,948987663.749892,8ACKERMAN_CC_360627-8FRANKLIN_TN_360069,3453,0,752275814.203125,852694091.03125,13.348598337498952,0.1280046336518969,0.7025774688676513,0.10773240660295395,0.06168549087749783,100418276.828125,126676551.50638823,1075664215.2562802
8CLAY_360688,8FRANKLIN TN_360069,354.2883957969611,500,854869622.7043517,8CLAY_360688-8FRANKLIN_TN_360069,3170,0,688060634.109375,766226230.0625,11.360277289268627,0.13943217665615143,0.7318611987381703,0.122397476340694,0.006309148264984227,78165595.953125,97115559.60093886,951985182.3052905
8COGEN CALED_360606,8FRANKLIN TN_360069,315.2242724791407,500,756696013.9645799,8COGEN_CALED_360606-8FRANKLIN_TN_360069,2883,0,622806692.25,679242418.234375,9.061515665557618,0.25841137703780787,0.6590357266736039,0.08255289628858828,0.0,56435725.984375,68568127.84605047,825264141.8106304
8E POINT AL_360058,8FRANKLIN TN_360069,170.47600640985718,500,423932453.90137136,8E_POINT_AL_360058-8FRANKLIN_TN_360069,1686,0,377756252.125,378615652.78125,0.2275013719602592,0.9786476868327402,0.021352313167259787,0.0,0.0,859400.65625,964452.1488104133,424896906.05018175
6CENTER PNT_360533,8FRANKLIN TN_360069,202.29709724474037,500,508969203.6975322,6CENTER_PNT_360533-8FRANKLIN_TN_360069,1854,0,419680724.734375,420980641.1875,0.30973937484208847,0.9692556634304207,0.030744336569579287,0.0,0.0,1299916.453125,1576478.029671492,510545681.72720367
8BR FERRY NP_360052,8FRANKLIN TN_360069,137.27039600103228,500,332340833.13640237,8BR_FERRY_NP_360052-8FRANKLIN_TN_360069,1269,0,276619072.4375,289975397.1875,4.828417878892921,0.5208825847123719,0.47675334909377465,0.002364066193853428,0.0,13356324.75,16046804.206019742,348387637.3424221
6LOOPERS FRM_360602,8FRANKLIN TN_360069,209.0481946425342,500,527109027.1512649,6LOOPERS_FRM_360602-8FRANKLIN_TN_360069,1917,0,434918499.65625,436218416.109375,0.29888736720844467,0.9702660406885759,0.0297339593114241,0.0,0.0,1299916.453125,1575462.2935704617,528684489.44483536
6COUNTY LINE_360013,8FRANKLIN TN_360069,172.0760972702493,500,436243497.8262049,6COUNTY_LINE_360013-8FRANKLIN_TN_360069,1582,0,360609874.78125,361053679.84375,0.12307069038783869,0.9879898862199747,0.012010113780025285,0.0,0.0,443805.0625,536887.8845467664,436780385.71075165
6YOUNG GA_361454,8FRANKLIN TN_360069,120.25820120544472,500,307228554.49436337,6YOUNG_GA_361454-8FRANKLIN_TN_360069,1104,0,253657889.515625,256526114.96875,1.1307456111860237,0.9773550724637681,0.0,0.0,0.022644927536231884,2868225.453125,3473973.3962552752,310702527.8906186
6KENSNGTN GA_361503,8FRANKLIN TN_360069,120.5537856177163,500,307602784.73556966,6KENSNGTN_GA_361503-8FRANKLIN_TN_360069,1099,0,252105214.703125,254973440.15625,1.1377096885927473,0.9772520473157416,0.0,0.0,0.022747952684258416,2868225.453125,3499626.684317669,311102411.4198873
6ALPHA GA_361502,8FRANKLIN TN_360069,196.18001287073218,500,485546779.97325397,6ALPHA_GA_361502-8FRANKLIN_TN_360069,1890,0,421140524.09375,421140524.09375,0.0,1.0,0.0,0.0,0.0,0.0,0.0,485546779.97325397
6CLOUDLANDGA_361633,8FRANKLIN TN_360069,94.24865576249424,500,239852818.26083377,6CLOUDLANDGA_361633-8FRANKLIN_TN_360069,844,0,193007326.875,193007326.875,0.0,1.0,0.0,0.0,0.0,0.0,0.0,239852818.26083377
6ROCK SPG GA_361500,8FRANKLIN TN_360069,124.5920908093743,500,316859987.9725772,6ROCK_SPG_GA_361500-8FRANKLIN_TN_360069,1136,0,259713429.96875,262581655.421875,1.104380876056399,0.9779929577464789,0.0,0.0,0.022007042253521125,2868225.453125,3499341.1110437484,320359329.08362097
6WID CRK FP_360068,8FRANKLIN TN_360069,66.91140253843398,500,170601041.29404023,6WID_CRK_FP_360068-8FRANKLIN_TN_360069,597,0,136735761.5,136735761.5,0.0,1.0,0.0,0.0,0.0,0.0,0.0,170601041.29404023
6WRINGOLD GA_361504,8FRANKLIN TN_360069,180.3075777983432,500,453498407.877404,6WRINGOLD_GA_361504-8FRANKLIN_TN_360069,1695,0,383319193.734375,383762998.796875,0.11577950432806183,0.9887905604719764,0.011209439528023599,0.0,0.0,443805.0625,525058.2087761104,454023466.0861801
6BATTLFLD GA_361530,8FRANKLIN TN_360069,103.00469473181532,500,266031080.37580737,6BATTLFLD_GA_361530-8FRANKLIN_TN_360069,962,0,223677013.03125,224056882.265625,0.16982935762019924,0.9833679833679834,0.016632016632016633,0.0,0.0,379869.234375,451798.87487230956,266482879.25067967
6S HAVEN CC_360594,8FRANKLIN TN_360069,408.38869462977965,500,990719455.5707331,6S_HAVEN_CC_360594-8FRANKLIN_TN_360069,4100,0,895657264.875,1091020837.390625,21.81231372503749,0.14073170731707316,0.41024390243902437,0.25,0.19902439024390245,195363572.515625,216098835.78407174,1206818291.3548048
6CONCORD TN_361509,8FRANKLIN TN_360069,201.68280507686794,500,500307861.556107,6CONCORD_TN_361509-8FRANKLIN_TN_360069,1947,0,434839619.296875,435189893.390625,0.08055247916838315,0.9917822290703646,0.008217770929635337,0.0,0.0,350274.09375,403010.3859577663,500710871.94206476
8BRADLEY TN_360662,8FRANKLIN TN_360069,164.64629211685462,500,407202973.5224123,8BRADLEY_TN_360662-8FRANKLIN_TN_360069,1603,0,356903450.59375,356903450.59375,0.0,1.0,0.0,0.0,0.0,0.0,0.0,407202973.5224123
8BENTON MS_360612,8FRANKLIN TN_360069,363.91772065184193,500,880295362.47248,8BENTON_MS_360612-8FRANKLIN_TN_360069,3726,0,811035166.84375,970767991.90625,19.694932056290646,0.20263016639828235,0.39184111647879766,0.22946859903381642,0.1760601180891036,159732825.0625,173373573.53363243,1053668936.0061125
8ANDERSON TN_360120,8FRANKLIN TN_360069,190.71268165701196,500,473535317.1110178,8ANDERSON_TN_360120-8FRANKLIN_TN_360069,1717,0,383278987.3125,383278987.3125,0.0,1.0,0.0,0.0,0.0,0.0,0.0,473535317.1110178
8BULL RUN FP_360093,8FRANKLIN TN_360069,282.3998568914123,500,710370742.3010881,8BULL_RUN_FP_360093-8FRANKLIN_TN_360069,2510,0,568096057.765625,568096057.765625,0.0,1.0,0.0,0.0,0.0,0.0,0.0,710370742.3010881
8DAVIDSON TN_360048,8FRANKLIN TN_360069,148.8080323553927,500,371524760.70503104,8DAVIDSON_TN_360048-8FRANKLIN_TN_360069,1374,0,308711073.375,322571202.0625,4.489676556131728,0.5713245997088792,0.42867540029112083,0.0,0.0,13860128.6875,16680260.08159828,388205020.7866293
8CUMBERLAND_360040,8FRANKLIN TN_360069,219.68208424646372,500,540427169.1453544,8CUMBERLAND_360040-8FRANKLIN_TN_360069,2019,0,447131293.09375,483169584.8125,8.059890299647154,0.4492322932144626,0.4254581475978207,0.1253095591877167,0.0,36038291.71875,43557836.98260414,583985006.1279585
7SHAWNEE FP_360002,8FRANKLIN TN_360069,394.48422048603413,500,947539032.2290145,7SHAWNEE_FP_360002-8FRANKLIN_TN_360069,3651,0,789574951.0,932314462.609375,18.07801924675989,0.4327581484524788,0.20104081073678445,0.101615995617639,0.2645850451930978,142739511.609375,171296288.61692363,1118835320.8459382
8CHOCTAW MS_360654,8GLEASON CT_360582,367.69086999172447,500,887891956.2786036,8CHOCTAW_MS_360654-8GLEASON_CT_360582,3741,0,813461219.484375,1040354515.546875,27.892331020564185,0.0,0.21625233894680568,0.669339748730286,0.11440791232290831,226893296.0625,247653763.5501911,1135545719.8287947
8ACKERMAN CC_360627,8GLEASON CT_360582,351.31287650361736,500,851517482.8291144,8ACKERMAN_CC_360627-8GLEASON_CT_360582,3605,0,786745874.984375,1003731175.328125,27.580100162337608,0.0,0.2848821081830791,0.5484049930651872,0.1667128987517337,216985300.34375,234849374.6640857,1086366857.4932
8CLAY_360688,8GLEASON CT_360582,335.41796092864337,500,809691357.1907932,8CLAY_360688-8GLEASON_CT_360582,3452,0,750146915.921875,969064530.65625,29.183298642952018,0.0,0.2630359212050985,0.5124565469293163,0.22450753186558517,218917614.734375,236294646.85516053,1045986004.0459538
8COGEN CALED_360606,8GLEASON CT_360582,314.19075313477913,500,755782273.4816582,8COGEN_CALED_360606-8GLEASON_CT_360582,3212,0,695769557.046875,838512731.28125,20.51586948417725,0.0,0.5330012453300125,0.40255292652552926,0.06444582814445828,142743174.234375,155055304.8120446,910837578.2937028
8E POINT AL_360058,8GLEASON CT_360582,326.57414905928476,500,787387747.7235212,8E_POINT_AL_360058-8GLEASON_CT_360582,2901,0,629612024.5,722969529.53125,14.827783047089827,0.20268872802481902,0.5136159944846604,0.22199241640813513,0.06170286108238538,93357505.03125,116752146.9718107,904139894.6953319
6CENTER PNT_360533,8GLEASON CT_360582,455.7106360227447,500,1114253700.5705996,6CENTER_PNT_360533-8GLEASON_CT_360582,4212,0,926918449.109375,995868212.828125,7.438600859115496,0.5652896486229819,0.2993827160493827,0.10802469135802469,0.027302943969610638,68949763.71875,82884885.34337083,1197138585.9139705
8BR FERRY NP_360052,8GLEASON CT_360582,233.15486988968897,500,560785582.5876939,8BR_FERRY_NP_360052-8GLEASON_CT_360582,1991,0,431046480.359375,516029292.578125,19.715463665982735,0.03164239075841286,0.5539929683576093,0.32446007031642393,0.08990457056755399,84982812.21875,110561477.7791464,671347060.3668404
6LOOPERS FRM_360602,8GLEASON CT_360582,462.46173342053845,500,1132393524.0243325,6LOOPERS_FRM_360602-8GLEASON_CT_360582,4275,0,942156224.03125,1011105987.75,7.318294138495562,0.5716959064327486,0.2949707602339181,0.1064327485380117,0.026900584795321637,68949763.71875,82871888.89337607,1215265412.9177086
6COUNTY LINE_360013,8GLEASON CT_360582,426.4732399451857,500,1043178389.6280344,6COUNTY_LINE_360013-8GLEASON_CT_360582,3953,0,869808182.59375,937224730.84375,7.750737415342002,0.5537566405261827,0.30204907665064507,0.11510245383253226,0.02909182899064002,67416548.25,80854017.75366223,1124032407.3816967
6YOUNG GA_361454,8GLEASON CT_360582,384.8869218317777,500,946041980.0383762,6YOUNG_GA_361454-8GLEASON_CT_360582,3662,0,811203448.375,882114973.328125,8.741521636178295,0.5237575095576188,0.3061168760240306,0.1318951392681595,0.03823047515019115,70911524.953125,82698464.37238419,1028740444.4107604
6KENSNGTN GA_361503,8GLEASON CT_360582,385.18250624404936,500,946416210.2795825,6KENSNGTN_GA_361503-8GLEASON_CT_360582,3657,0,809650773.5625,880562298.515625,8.758285333454463,0.5231063713426306,0.30653541153951325,0.1320754716981132,0.038282745419742956,70911524.953125,82889832.13835222,1029306042.4179347
6ALPHA GA_361502,8GLEASON CT_360582,444.7967595446363,500,1094187895.0863116,6ALPHA_GA_361502-8GLEASON_CT_360582,4454,0,986431937.515625,1044628319.375,5.8996854872668925,0.6243825774584643,0.29277054333183655,0.05478221823080377,0.028064660978895376,58196381.859375,64553644.44983822,1158741539.5361497
6CLOUDLANDGA_361633,8GLEASON CT_360582,358.87737638882726,500,878666243.8048465,6CLOUDLANDGA_361633-8GLEASON_CT_360582,3402,0,750552885.734375,818596185.234375,9.065756829836635,0.4947089947089947,0.32951205173427395,0.1419753086419753,0.03380364491475603,68043299.5,79657745.00920689,958323988.8140534
6ROCK SPG GA_361500,8GLEASON CT_360582,389.22081143570733,500,955673413.5165901,6ROCK_SPG_GA_361500-8GLEASON_CT_360582,3694,0,817258988.828125,888170513.78125,8.676750690109337,0.5278830536004331,0.3034650785056849,0.13075257173795343,0.03789929615592853,70911524.953125,82921399.50249219,1038594813.0190823
6WID CRK FP_360068,8GLEASON CT_360582,325.349954314715,500,790870844.313817,6WID_CRK_FP_360068-8GLEASON_CT_360582,3039,0,664866896.9375,731338746.734375,9.9977679898122,0.4445541296479105,0.36426456071076013,0.1533399144455413,0.03784139519578809,66471849.796875,79069432.11356428,869940276.4273813
6WRINGOLD GA_361504,8GLEASON CT_360582,434.7047204732797,500,1060433299.6792336,6WRINGOLD_GA_361504-8GLEASON_CT_360582,4066,0,892517501.546875,959934049.796875,7.5535267524901695,0.5661583866207575,0.29365469749139206,0.1119035907525824,0.028283325135268076,67416548.25,80100112.98358516,1140533412.6628187
6BATTLFLD GA_361530,8GLEASON CT_360582,367.63341535814834,500,904844505.9198202,6BATTLFLD_GA_361530-8GLEASON_CT_360582,3520,0,781222571.890625,849645740.625,8.758473090298091,0.5071022727272727,0.3230113636363636,0.13721590909090908,0.032670454545454544,68423168.734375,79250562.56002817,984095068.4798484
6S HAVEN CC_360594,8GLEASON CT_360582,250.39876605652904,500,616955743.592418,6S_HAVEN_CC_360594-8GLEASON_CT_360582,2340,0,519777649.140625,752708451.578125,44.81354725864346,0.0,0.017094017094017096,0.22350427350427352,0.7594017094017094,232930802.4375,276479753.71970344,893435497.3121214
6CONCORD TN_361509,8GLEASON CT_360582,450.2995517507721,500,1108948976.6691647,6CONCORD_TN_361509-8GLEASON_CT_360582,4511,0,1000131032.71875,1058677688.671875,5.853898543071123,0.6255819108845045,0.29261804477942804,0.05409000221680337,0.027710042119264023,58546655.953125,64916747.988638364,1173865724.657803
8BRADLEY TN_360662,8GLEASON CT_360582,413.26303879075874,500,1015844088.6354702,8BRADLEY_TN_360662-8GLEASON_CT_360582,4167,0,922194864.015625,980369630.234375,6.30829431921065,0.5987520998320134,0.3126949844012479,0.05855531557475402,0.029997600191984643,58174766.21875,64082434.93542856,1079926523.5708988
8BENTON MS_360612,8GLEASON CT_360582,172.34893490658112,500,416962413.36973953,8BENTON_MS_360612-8GLEASON_CT_360582,1520,0,331494916.875,471865418.4375,42.34469200486439,0.0,0.02894736842105263,0.31973684210526315,0.6513157894736842,140370501.5625,176561449.7174657,593523863.0872052
8FRANKLIN TN_360069,8GLEASON CT_360582,280.00766865873527,500,675093758.0156989,8FRANKLIN_TN_360069-8GLEASON_CT_360582,2681,0,581897005.046875,640897369.46875,10.139313986866494,0.48936963819470347,0.2980231256993659,0.16971279373368145,0.04289444237224916,59000364.421875,68449875.8309484,743543633.8466473
8ANDERSON TN_360120,8GLEASON CT_360582,433.3413634160596,500,1072588569.9882238,8ANDERSON_TN_360120-8GLEASON_CT_360582,4265,0,950225214.46875,1008421596.328125,6.124483014472659,0.6077373974208675,0.30574443141852287,0.05720984759671747,0.029308323563892145,58196381.859375,65690504.78410396,1138279074.7723277
8BULL RUN FP_360093,8GLEASON CT_360582,516.4883049365691,500,1266702827.1431289,8BULL_RUN_FP_360093-8GLEASON_CT_360582,5094,0,1124390010.328125,1238727449.84375,10.168841635497849,0.5651747153513937,0.17373380447585396,0.2222222222222222,0.038869257950530034,114337439.515625,128809004.48455884,1395511831.6276877
8DAVIDSON TN_360048,8GLEASON CT_360582,164.43101940813384,500,403159382.96686393,8DAVIDSON_TN_360048-8GLEASON_CT_360582,1647,0,363719326.1875,420410359.484375,15.586478148167027,0.22890103217972071,0.445658773527626,0.2495446265938069,0.07589556769884638,56691033.296875,62838349.12841526,465997732.0952792
8CUMBERLAND_360040,8GLEASON CT_360582,99.81677267045744,500,242232703.5248628,8CUMBERLAND_360040-8GLEASON_CT_360582,968,0,211648642.828125,250073984.84375,18.15525084506653,0.3615702479338843,0.16942148760330578,0.33987603305785125,0.12913223140495866,38425342.015625,43977954.95372516,286210658.478588
7SHAWNEE FP_360002,8GLEASON CT_360582,128.79101940813385,500,306002574.9272279,7SHAWNEE_FP_360002-8GLEASON_CT_360582,1251,0,267571780.96875,383613862.34375,43.368579808702876,0.0,0.0,0.32773780975219824,0.6722621902478018,116042081.375,132708970.92400065,438711545.8512286
8CHOCTAW MS_360654,8MAURY TN_360050,380.95242825438936,500,919155466.3631675,8CHOCTAW_MS_360654-8MAURY_TN_360050,3441,0,747290905.078125,852743020.125,14.111253640354505,0.14210985178727115,0.6448706771287417,0.15111886079628015,0.06190061028770706,105452115.046875,129704359.20768991,1048859825.5708574
8ACKERMAN CC_360627,8MAURY TN_360050,359.3469412654205,500,865639258.8508832,8ACKERMAN_CC_360627-8MAURY_TN_360050,3261,0,707096396.46875,801069183.921875,13.289954230063472,0.1499540018399264,0.6773995706838393,0.10732904017172647,0.06531738730450783,93972787.453125,115043061.29874304,980682320.1496263
8CLAY_360688,8MAURY TN_360050,321.61207768355314,500,772285549.1880109,8CLAY_360688-8MAURY_TN_360050,2978,0,644210279.046875,721408348.9375,11.983365121842127,0.16420416386836803,0.6920752182672935,0.10879785090664876,0.03492276695768973,77198069.890625,92545797.14242302,864831346.330434
8COGEN CALED_360606,8MAURY TN_360050,283.7914154091661,500,680441292.626596,8COGEN_CALED_360606-8MAURY_TN_360050,2716,0,586612542.90625,642318001.921875,9.496124774223858,0.1800441826215022,0.7547864506627393,0.06516936671575847,0.0,55705459.015625,64615554.163163245,745056846.7897592
8E POINT AL_360058,8MAURY TN_360050,226.62533100964905,500,557158499.862853,8E_POINT_AL_360058-8MAURY_TN_360050,2121,0,469739838.90625,478503707.171875,1.8656855433064612,0.8085808580858086,0.19141914191419143,0.0,0.0,8763868.265625,10394825.585244399,567553325.4480975
6CENTER PNT_360533,8MAURY TN_360050,289.1902400217124,500,717828029.8937654,6CENTER_PNT_360533-8MAURY_TN_360050,2619,0,585626484.390625,588726986.5625,0.5294333938980378,0.9484536082474226,0.05154639175257732,0.0,0.0,3100502.171875,3800421.3010179834,721628451.1947834
8BR FERRY NP_360052,8MAURY TN_360050,125.36178566873411,500,304243636.0816846,8BR_FERRY_NP_360052-8MAURY_TN_360050,1280,0,279788647.703125,291804715.0625,4.294694390933573,0.675,0.271875,0.053125,0.0,12016067.359375,13066334.373572461,317309970.45525706
6LOOPERS FRM_360602,8MAURY TN_360050,295.9413374195062,500,735967853.3474982,6LOOPERS_FRM_360602-8MAURY_TN_360050,2682,0,600864259.3125,603964761.484375,0.5160070887595403,0.9496644295302014,0.050335570469798654,0.0,0.0,3100502.171875,3797646.294264508,739765499.6417627
8LIMESTONE_360088,8MAURY TN_360050,123.45744150775505,500,299030459.2237053,8LIMESTONE_360088-8MAURY_TN_360050,1246,0,271627468.890625,290236989.890625,6.851118951998703,0.3619582664526485,0.6123595505617978,0.025682182985553772,0.0,18609521.0,20486932.464124028,319517391.6878293
6COUNTY LINE_360013,8MAURY TN_360050,259.9528439441534,500,646752718.9512002,6COUNTY_LINE_360013-8MAURY_TN_360050,2360,0,528516217.875,530083504.578125,0.29654467547401975,0.9711864406779661,0.0288135593220339,0.0,0.0,1567286.703125,1917910.751533236,648670629.7027335
6YOUNG GA_361454,8MAURY TN_360050,216.44674011099363,500,544477775.9019734,6YOUNG_GA_361454-8MAURY_TN_360050,2034,0,462015977.859375,469183960.953125,1.5514578363633458,0.9252704031465093,0.048672566371681415,0.01376597836774828,0.012291052114060964,7167983.09375,8447343.121488024,552925119.0234613
8MADISON AL_360060,8MAURY TN_360050,126.13159082212876,500,306319245.5778132,8MADISON_AL_360060-8MAURY_TN_360050,1185,0,259147851.1875,271929706.84375,4.932263801408876,0.4962025316455696,0.5037974683544304,0.0,0.0,12781855.65625,15108473.26638324,321427718.84419644
6KENSNGTN GA_361503,8MAURY TN_360050,216.74232452326515,500,544852006.1431798,6KENSNGTN_GA_361503-8MAURY_TN_360050,2029,0,460463303.046875,467631286.140625,1.556689327101557,0.925086249383933,0.04879250862493839,0.013799901429275506,0.01232134056185313,7167983.09375,8481653.0281296,553333659.1713094
6ALPHA GA_361502,8MAURY TN_360050,281.6208959882779,500,696577316.9254651,6ALPHA_GA_361502-8MAURY_TN_360050,2841,0,632635400.40625,639626606.75,1.105092497078175,0.889475536782823,0.11052446321717704,0.0,0.0,6991206.34375,7697823.665691775,704275140.5911568
6CLOUDLANDGA_361633,8MAURY TN_360050,190.43719466804308,500,477102039.66844386,6CLOUDLANDGA_361633-8MAURY_TN_360050,1774,0,401365415.21875,405665172.859375,1.0712825464250786,0.9284103720405863,0.05580608793686584,0.015783540022547914,0.0,4299757.640625,5111110.879606094,482213150.5480499
8MAGNOL CC1_360613,8MAURY TN_360050,239.8848504560462,500,574870495.3161254,8MAGNOL_CC1_360613-8MAURY_TN_360050,2183,0,470932949.125,543816485.46875,15.47641473784509,0.2304168575355016,0.37792029317453046,0.3916628492899679,0.0,72883536.34375,88969342.0606279,663839837.3767533
6ROCK SPG GA_361500,8MAURY TN_360050,220.78062971492315,500,554109209.3801873,6ROCK_SPG_GA_361500-8MAURY_TN_360050,2066,0,468071518.3125,475239501.40625,1.5313862974598802,0.9264278799612778,0.047918683446272994,0.013552758954501452,0.012100677637947725,7167983.09375,8485552.505411465,562594761.8855988
6WID CRK FP_360068,8MAURY TN_360050,156.90977259393077,500,389306640.1774143,6WID_CRK_FP_360068-8MAURY_TN_360050,1411,0,315679426.421875,318407734.359375,0.8642653619922225,0.9319631467044649,0.060240963855421686,0.007795889440113395,0.0,2728307.9375,3364642.442989089,392671282.6204034
6WRINGOLD GA_361504,8MAURY TN_360050,268.18432447224734,500,664007629.0023992,6WRINGOLD_GA_361504-8MAURY_TN_360050,2473,0,551225536.828125,552792823.53125,0.28432766597561443,0.9725030327537404,0.027496967246259604,0.0,0.0,1567286.703125,1887957.3934425386,665895586.3958417
6BATTLFLD GA_361530,8MAURY TN_360050,199.19323363736413,500,503280301.7834175,6BATTLFLD_GA_361530-8MAURY_TN_360050,1892,0,432035101.375,436714728.25,1.083158951693175,0.9244186046511628,0.060782241014799156,0.014799154334038054,0.0,4679626.875,5451325.640875513,508731627.42429304
6S HAVEN CC_360594,8MAURY TN_360050,329.21136341605944,500,800612441.1701449,6S_HAVEN_CC_360594-8MAURY_TN_360050,3108,0,681423796.171875,854207034.609375,25.356208487019003,0.14736164736164736,0.277992277992278,0.324002574002574,0.25064350064350066,172783238.4375,203004959.7561143,1003617400.9262593
6CONCORD TN_361509,8MAURY TN_360050,287.1236881944136,500,711338398.5083181,6CONCORD_TN_361509-8MAURY_TN_360050,2898,0,646334495.609375,653675976.046875,1.1358639353727051,0.8861283643892339,0.11387163561076605,0.0,0.0,7341480.4375,8079836.327113757,719418234.8354318
8BRADLEY TN_360662,8MAURY TN_360050,250.08717523440032,500,618233510.4746234,8BRADLEY_TN_360662-8MAURY_TN_360050,2554,0,568398326.90625,575389533.25,1.2299836246532525,0.8770555990602976,0.12294440093970242,0.0,0.0,6991206.34375,7604170.940956819,625837681.4155803
8BENTON MS_360612,8MAURY TN_360050,276.9064544039961,500,670200031.5029634,8BENTON_MS_360612-8MAURY_TN_360050,2724,0,593090616.0625,733741059.21875,23.71483199144533,0.16813509544787078,0.25477239353891334,0.38839941262848754,0.18869309838472834,140650443.15625,158936811.47754145,829136842.9805049
8FRANKLIN TN_360069,8MAURY TN_360050,109.65455187831658,500,265052468.55413014,8FRANKLIN_TN_360069-8MAURY_TN_360050,1045,0,227461960.28125,228545812.0625,0.47649803945672975,0.9511961722488038,0.04880382775119617,0.0,0.0,1083851.78125,1262969.8161920952,266315438.37032223
8HAYWOOD TN_360542,8MAURY TN_360050,211.92762979144985,500,508707618.63677317,8HAYWOOD_TN_360542-8MAURY_TN_360050,2159,0,466421877.4375,560243711.078125,20.1152300479724,0.21213524779990736,0.26910606762389994,0.4256600277906438,0.09309865678554886,93821833.640625,102327707.76034905,611035326.3971223
8HIWASSEE TN_360110,8MAURY TN_360050,222.97314277697203,500,549036252.2925227,8HIWASSEE_TN_360110-8MAURY_TN_360050,2278,0,505170709.984375,512161916.328125,1.3839294728639873,0.8621597892888498,0.13784021071115013,0.0,0.0,6991206.34375,7598274.5121841,556634526.8047068
8LAG CRK CC_360615,8MAURY TN_360050,231.7713051151313,500,558796987.3812265,8LAG_CRK_CC_360615-8MAURY_TN_360050,2377,0,515745962.734375,659004403.484375,27.776938861619847,0.1047538914598233,0.1771140092553639,0.4922170803533866,0.22591501893142615,143258440.75,155216697.54545686,714013684.9266834
8JACKSON TN_360019,8MAURY TN_360050,174.3703051406402,500,419269427.0817863,8JACKSON_TN_360019-8MAURY_TN_360050,1803,0,390454202.046875,480745934.734375,23.12479471706652,0.13810316139767054,0.23349972268441485,0.5302273987798114,0.09816971713810316,90291732.6875,96955194.32408398,516224621.40587026
8ANDERSON TN_360120,8MAURY TN_360050,270.1654998597011,500,674977991.8273771,8ANDERSON_TN_360120-8MAURY_TN_360050,2652,0,596428677.359375,603419883.703125,1.1721781009429,0.8815987933634992,0.11840120663650075,0.0,0.0,6991206.34375,7911944.206384671,682889936.0337617
8BULL RUN FP_360093,8MAURY TN_360050,360.37585043053735,500,897640431.1955178,8BULL_RUN_FP_360093-8MAURY_TN_360050,3458,0,775622948.015625,783155706.296875,0.9711881656572885,0.9019664545980336,0.09803354540196646,0.0,0.0,7532758.28125,8717777.637925925,906358208.8334438
8JVILLE FP_360037,8MAURY TN_360050,106.15734408445238,500,254045339.57066175,8JVILLE_FP_360037-8MAURY_TN_360050,1002,0,215765521.53125,227806964.984375,5.5808005689087725,0.4421157684630739,0.5578842315369261,0.0,0.0,12041443.453125,14177763.756045714,268223103.32670748
8DAVIDSON TN_360048,8MAURY TN_360050,52.24916231265036,500,132425709.64032373,8DAVIDSON_TN_360048-8MAURY_TN_360050,519,0,118471110.078125,129042981.96875,8.923586420059237,0.11175337186897881,0.8882466281310212,0.0,0.0,10571871.890625,11817122.642131004,144242832.28245473
8GLEASON CT_360582,8MAURY TN_360050,172.15311678041874,500,413456485.81246775,8GLEASON_CT_360582-8MAURY_TN_360050,1657,0,358291433.625,401645872.53125,12.100328067465394,0.3832226916113458,0.3940856970428485,0.14725407362703682,0.07543753771876886,43354438.90625,50029591.199522115,463486077.0119899
8LAG CRK CT_360568,8MAURY TN_360050,193.7297271637347,500,464882494.07795393,8LAG_CRK_CT_360568-8MAURY_TN_360050,1881,0,406383138.125,464165086.5625,14.218589064521359,0.33758639021796916,0.3471557682083998,0.24880382775119617,0.06645401382243488,57781948.4375,66099731.46584211,530982225.54379606
8CUMBERLAND_360040,8MAURY TN_360050,113.20357133746822,500,278822941.19993275,8CUMBERLAND_360040-8MAURY_TN_360050,1031,0,228659129.84375,260878383.6875,14.090517122918488,0.07759456838021339,0.6770126091173618,0.24539282250242483,0.0,32219253.84375,39287594.272401474,318110535.4723342
8MARSHALL KY_360015,8MAURY TN_360050,236.390292014819,500,582347401.8831296,8MARSHALL_KY_360015-8MAURY_TN_360050,2145,0,475869114.734375,542838480.71875,14.073064191559602,0.31002331002331,0.4153846153846154,0.18787878787878787,0.08671328671328671,66969365.984375,81954123.6848924,664301525.568022
7SHAWNEE FP_360002,8MAURY TN_360050,285.4585712099237,500,681507943.5520031,7SHAWNEE_FP_360002-8MAURY_TN_360050,2626,0,564317899.59375,705206073.296875,24.966100455886608,0.2418126428027418,0.24904798172124903,0.14127951256664129,0.36785986290936784,140888173.703125,170145957.8020401,851653901.3540432
8CHOCTAW MS_360654,8MARSHALL KY_360015,473.8374283819339,500,1142749517.2008698,8CHOCTAW_MS_360654-8MARSHALL_KY_360015,4792,0,1040628734.453125,1347367431.6875,29.476285545350954,0.0,0.18614357262103506,0.6512938230383973,0.1625626043405676,306738697.234375,336840110.7582478,1479589627.9591177
8ACKERMAN CC_360627,8MARSHALL KY_360015,457.2320128197144,500,1106352328.0933852,8ACKERMAN_CC_360627-8MARSHALL_KY_360015,4663,0,1015965475.375,1314370730.609375,29.371594061720607,0.0,0.2380441775680892,0.5532918721852884,0.20866395024662235,298405255.234375,324953314.69998443,1431305642.7933698
8CLAY_360688,8MARSHALL KY_360015,441.3370972447403,500,1064526202.4550639,8CLAY_360688-8MARSHALL_KY_360015,4510,0,979366516.3125,1279704085.9375,30.666513978426345,0.0,0.21973392461197339,0.5259423503325943,0.2543237250554324,300337569.625,326453076.6798933,1390979279.1349573
8COGEN CALED_360606,8MARSHALL KY_360015,414.9834479176123,500,997596942.9845828,8COGEN_CALED_360606-8MARSHALL_KY_360015,4276,0,925455125.265625,1159769863.734375,25.318865504310306,0.0,0.4197848456501403,0.38961646398503275,0.19059869036482693,234314738.46875,252580228.26937768,1250177171.2539604
8E POINT AL_360058,8MARSHALL KY_360015,415.7195646215043,500,1001745610.2853172,8E_POINT_AL_360058-8MARSHALL_KY_360015,3836,0,831955676.203125,994441036.4375,19.530530878270437,0.1551094890510949,0.44421272158498437,0.24478623566214808,0.15589155370177268,162485360.234375,195646235.73849252,1197391846.0238097
6CENTER PNT_360533,8MARSHALL KY_360015,526.3129476752777,500,1284300567.2279158,6CENTER_PNT_360533-8MARSHALL_KY_360015,4907,0,1077572640.140625,1155238466.875,7.207479462752464,0.5137558589769716,0.39657631954350925,0.05828408396168738,0.03138373751783167,77665826.734375,92565699.62296543,1376866266.850881
8BR FERRY NP_360052,8MARSHALL KY_360015,322.3002854519085,500,775143445.1494899,8BR_FERRY_NP_360052-8MARSHALL_KY_360015,2926,0,633390132.0625,787500799.484375,24.33108121215064,0.023923444976076555,0.45010252904989745,0.32159945317840055,0.20437457279562543,154110667.421875,188600781.14998475,963744226.2994746
6LOOPERS FRM_360602,8MARSHALL KY_360015,518.5255256011653,500,1263949002.7967904,6LOOPERS_FRM_360602-8MARSHALL_KY_360015,4830,0,1059451500.59375,1137117327.328125,7.33075810368371,0.5060041407867495,0.4028985507246377,0.05921325051759834,0.03188405797101449,77665826.734375,92657043.94895515,1356606046.7457454
8LIMESTONE_360088,8MARSHALL KY_360015,344.4872529689713,500,828478173.3356792,8LIMESTONE_360088-8MARSHALL_KY_360015,3134,0,678395050.140625,831248651.296875,22.531650418817904,0.10689215060625398,0.4020421186981493,0.30025526483726867,0.190810465858328,152853601.15625,186669805.8122035,1015147979.1478827
6COUNTY LINE_360013,8MARSHALL KY_360015,494.8850450475626,500,1227976469.4837928,6COUNTY_LINE_360013-8MARSHALL_KY_360015,4482,0,1001226530.671875,1072582717.421875,7.126877341346138,0.6296296296296297,0.23873270861222667,0.09013833110218653,0.041499330655957165,71356186.75,87516376.7607027,1315492846.2444954
6YOUNG GA_361454,8MARSHALL KY_360015,451.00989575869784,500,1124869774.6572886,6YOUNG_GA_361454-8MARSHALL_KY_360015,4149,0,933255720.65625,1010212603.796875,8.246066049990052,0.5796577488551459,0.2653651482284888,0.10412147505422993,0.050855627862135454,76956883.140625,92757504.59461428,1217627279.2519028
8MADISON AL_360060,8MARSHALL KY_360015,347.1442204860341,500,844625655.7350403,8MADISON_AL_360060-8MARSHALL_KY_360015,3125,0,684877305.0625,744104096.671875,8.647795914915024,0.38944,0.52448,0.04544,0.04064,59226791.609375,73041502.95297904,917667158.6880194
6KENSNGTN GA_361503,8MARSHALL KY_360015,451.3054801709693,500,1125244004.8984947,6KENSNGTN_GA_361503-8MARSHALL_KY_360015,4144,0,931703045.84375,1008659928.984375,8.259808045484363,0.5791505791505791,0.2656853281853282,0.10424710424710425,0.05091698841698842,76956883.140625,92942994.84793633,1218186999.746431
6ALPHA GA_361502,8MARSHALL KY_360015,499.0204671726927,500,1215732089.8373084,6ALPHA_GA_361502-8MARSHALL_KY_360015,4646,0,1018491666.03125,1096157492.765625,7.625573121969165,0.48643994834266036,0.418854928971158,0.06155832974601808,0.03314679294016358,77665826.734375,92706539.4777878,1308438629.3150961
6CLOUDLANDGA_361633,8MARSHALL KY_360015,425.00035031574726,500,1057494038.4237589,6CLOUDLANDGA_361633-8MARSHALL_KY_360015,3889,0,872605158.015625,946693815.703125,8.490513379038877,0.5579840575983543,0.28310619696580097,0.11108254049884289,0.0478272049370018,74088657.6875,89786672.81490776,1147280711.2386665
8MAGNOL CC1_360613,8MARSHALL KY_360015,293.182110243017,500,708678345.3599288,8MAGNOL_CC1_360613-8MARSHALL_KY_360015,2892,0,629475499.0,852598926.359375,35.44592723844444,0.0,0.05774550484094053,0.6002766251728907,0.34197786998616875,223123427.359375,251197610.65089238,959875956.0108212
6ROCK SPG GA_361500,8MARSHALL KY_360015,455.34378536262733,500,1134501208.1355023,6ROCK_SPG_GA_361500-8MARSHALL_KY_360015,4181,0,939311261.109375,1016268144.25,8.192905411326045,0.5828749103085387,0.26333413059076777,0.10332456350155465,0.050466395599138965,76956883.140625,92948610.87289293,1227449819.0083952
6WID CRK FP_360068,8MARSHALL KY_360015,391.472928241635,500,969698638.9327295,6WID_CRK_FP_360068-8MARSHALL_KY_360015,3526,0,786919169.21875,859436377.203125,9.215331233622104,0.5212705615428247,0.30828133862733975,0.11769710720363018,0.052750992626205334,72517207.984375,89360941.54557624,1059059580.4783057
6WRINGOLD GA_361504,8MARSHALL KY_360015,497.56767496655687,500,1211689972.714531,6WRINGOLD_GA_361504-8MARSHALL_KY_360015,4634,0,1015390061.84375,1093406162.671875,7.683362656363113,0.4816573154941735,0.42339231765213636,0.06171773845489858,0.03323262839879154,78016100.828125,93098534.87444466,1304788507.5889757
6BATTLFLD GA_361530,8MARSHALL KY_360015,430.29865550740533,500,1075990841.2802465,6BATTLFLD_GA_361530-8MARSHALL_KY_360015,3940,0,886585591.65625,960705651.421875,8.360169673766027,0.5241116751269036,0.33883248730964466,0.08984771573604061,0.047208121827411166,74120059.765625,89954660.0052111,1165945501.2854576
6S HAVEN CC_360594,8MARSHALL KY_360015,382.233512781451,500,914564772.4267181,6S_HAVEN_CC_360594-8MARSHALL_KY_360015,3734,0,803481771.875,1157806091.609375,44.098613327285065,0.0,0.022228173540439208,0.24718800214247455,0.7305838243170862,354324319.734375,403310382.620023,1317875155.046741
6CONCORD TN_361509,8MARSHALL KY_360015,504.52325937882847,500,1230493171.4201612,6CONCORD_TN_361509-8MARSHALL_KY_360015,4703,0,1032190761.234375,1110206862.0625,7.5583025694617945,0.4892621730810121,0.4171805230703806,0.060812247501594724,0.032745056347012545,78016100.828125,93004396.99250196,1323497568.4126632
8BRADLEY TN_360662,8MARSHALL KY_360015,467.48674641881513,500,1137388283.3864665,8BRADLEY_TN_360662-8MARSHALL_KY_360015,4359,0,954254592.53125,1031920419.265625,8.138899968860414,0.45262674925441615,0.44643266804312914,0.06561137875659555,0.035329203945859144,77665826.734375,92570894.64236313,1229959178.0288296
8BENTON MS_360612,8MARSHALL KY_360015,281.8144413291928,500,679027125.8501843,8BENTON_MS_360612-8MARSHALL_KY_360015,2559,0,555431867.390625,779393572.265625,40.322084133766836,0.0,0.04962876123485736,0.38257131692067214,0.5677999218444705,223961704.875,273797888.97641015,952825014.8265945
8FRANKLIN TN_360069,8MARSHALL KY_360015,342.86880492381454,500,843951629.8285512,8FRANKLIN_TN_360069-8MARSHALL_KY_360015,3133,0,694341277.984375,765174353.71875,10.201478434351262,0.4762208745611235,0.33546121927864664,0.12894988828598788,0.05936801787424194,70833075.734375,86095543.51331563,930047173.3418669
8HAYWOOD TN_360542,8MARSHALL KY_360015,215.54034400792568,500,514831001.02893996,8HAYWOOD_TN_360542-8MARSHALL_KY_360015,2026,0,435543263.09375,609210472.421875,39.87369890525512,0.0,0.04096742349457058,0.4220138203356367,0.5370187561697927,173667209.328125,205282163.22119042,720113164.2501304
8HIWASSEE TN_360110,8MARSHALL KY_360015,420.2822399706946,500,1021514623.1576222,8HIWASSEE_TN_360110-8MARSHALL_KY_360015,3948,0,863714277.21875,941941394.453125,9.057059643181354,0.3893110435663627,0.4992401215805471,0.07244174265450862,0.03900709219858156,78227117.234375,92519188.68320508,1114033811.8408272
8LAG CRK CC_360615,8MARSHALL KY_360015,211.37604527714268,500,507106949.77154285,8LAG_CRK_CC_360615-8MARSHALL_KY_360015,1906,0,411660529.578125,574173915.359375,39.47752434458456,0.0,0.04354669464847849,0.43441762854144805,0.5220356768100735,162513385.78125,200193269.54914102,707300219.3206838
8JACKSON TN_360019,8MARSHALL KY_360015,178.27092198483118,500,426793374.9961066,8JACKSON_TN_360019-8MARSHALL_KY_360015,1749,0,376900303.5,524156594.765625,39.070356244917434,0.0,0.04745568896512293,0.4499714122355632,0.5025728987993139,147256291.265625,166749692.04068524,593543067.0367918
8ANDERSON TN_360120,8MARSHALL KY_360015,431.79546730023714,500,1057755920.380635,8ANDERSON_TN_360120-8MARSHALL_KY_360015,4218,0,928873499.84375,1005568516.5,8.256777340418386,0.4362256993835941,0.46301564722617355,0.06424845898530109,0.036510194404931244,76695016.65625,87336551.15092222,1145092471.5315573
8BULL RUN FP_360093,8MARSHALL KY_360015,486.27150626955824,500,1191315886.2772336,8BULL_RUN_FP_360093-8MARSHALL_KY_360015,4844,0,1067439463.71875,1141688465.421875,6.955804448568537,0.5127993393889347,0.4101981833195706,0.04521056977704377,0.031791907514450865,74249001.703125,82865603.4141755,1274181489.691409
8JVILLE FP_360037,8MARSHALL KY_360015,145.3351232923115,500,354955762.7675397,8JVILLE_FP_360037-8MARSHALL_KY_360015,1405,0,309137908.1875,347319825.71875,12.351095262018696,0.2875444839857651,0.5423487544483986,0.0797153024911032,0.0903914590747331,38181917.53125,43840924.39744391,398796687.1649836
8DAVIDSON TN_360048,8MARSHALL KY_360015,203.49688296449227,500,501243877.03368443,8DAVIDSON_TN_360048-8MARSHALL_KY_360015,1881,0,417247000.671875,477270035.109375,14.385492128366995,0.31100478468899523,0.4098883572567783,0.18022328548644337,0.09888357256778309,60023034.4375,72106398.47460221,573350275.5082866
8GLEASON CT_360582,8MARSHALL KY_360015,111.428967466045,500,267326963.2762127,8GLEASON_CT_360582-8MARSHALL_KY_360015,1073,0,231626835.859375,314917940.921875,35.95917750785473,0.0,0.07735321528424977,0.5470643056849953,0.37558247903075487,83291105.0625,96128577.25085096,363455540.52706367
8LAG CRK CT_360568,8MARSHALL KY_360015,118.53385704446568,500,286398591.77265763,8LAG_CRK_CT_360568-8MARSHALL_KY_360015,1072,0,233243473.109375,318660831.484375,36.6215428180257,0.0,0.07742537313432836,0.5121268656716418,0.41044776119402987,85417358.375,104883582.91624646,391282174.6889041
8CUMBERLAND_360040,8MARSHALL KY_360015,130.5027596466719,500,320842004.4373987,8CUMBERLAND_360040-8MARSHALL_KY_360015,1217,0,269465538.3125,312522624.453125,15.978698578773942,0.4806902218570255,0.12818405916187345,0.23829087921117503,0.15283483976992604,43057086.140625,51266376.80314845,372108381.2405471
7SHAWNEE FP_360002,8MARSHALL KY_360015,137.45085055808178,500,329845967.4194133,7SHAWNEE_FP_360002-8MARSHALL_KY_360015,1301,0,281187096.90625,392862827.703125,39.71580916250525,0.0,0.06379707916986933,0.382782475019216,0.5534204458109147,111675730.796875,131000994.95051344,460846962.36992675
