start_BusName,end_BusName,start_lat,start_lon,end_lat,end_lon,length_km,voltage,cost_before_penalty,cost_after_penalty,added_cost,pct_increase
6CENTER PNT_360533,6COUNTY LINE_360013,34.6665318,-84.97089121,34.74311084,-85.00751569,82.891,230,107809175.1072714,128074462.88580778,20265287.778536383,18.797
6ALPHA GA_361502,6COUNTY LINE_360013,34.813027,-84.853226,34.74311084,-85.00751569,62.794,230,76840465.87495142,88876741.90460463,12036276.02965321,15.664
6CLOUDLANDGA_361633,6COUNTY LINE_360013,34.81849122,-85.5353055,34.74311084,-85.00751569,78.18,230,100032820.2484853,113528680.99762467,13495860.74913937,13.491
6BATTLFLD GA_361530,6COUNTY LINE_360013,34.9555953,-85.26465286,34.74311084,-85.00751569,116.339,230,150725890.23314884,172171198.7987367,21445308.56558785,14.228
6CONCORD TN_361509,6COUNTY LINE_360013,34.99679719,-85.1610968,34.74311084,-85.00751569,43.874,230,55105524.14113958,60637385.141180895,5531861.0000413135,10.039
6CENTER PNT_360533,6WID CRK FP_360068,34.6665318,-84.97089121,34.88515896,-85.75604163,137.354,230,167716362.66795582,190536212.29604787,22819849.628092036,13.606
6LOOPERS FRM_360602,6WID CRK FP_360068,34.708916,-84.922795,34.88515896,-85.75604163,144.106,230,176751780.05019403,200198221.880211,23446441.830016967,13.265
6COUNTY LINE_360013,6WID CRK FP_360068,34.74311084,-85.00751569,34.88515896,-85.75604163,107.081,230,132582631.39150919,147609318.1126083,15026686.721099127,11.334
6KENSNGTN GA_361503,6WID CRK FP_360068,34.81265905,-85.32344844,34.88515896,-85.75604163,61.395,230,77432746.12729567,84847131.05674018,7414384.929444508,9.575
6ALPHA GA_361502,6WID CRK FP_360068,34.813027,-84.853226,34.88515896,-85.75604163,156.019,230,189598158.65589795,214459816.54497835,24861657.889080394,13.113
6CLOUDLANDGA_361633,6WID CRK FP_360068,34.81849122,-85.5353055,34.88515896,-85.75604163,38.583,230,47727409.91487699,52287420.345175885,4560010.430298892,9.554
6ROCK SPG GA_361500,6WID CRK FP_360068,34.83897801,-85.28020801,34.88515896,-85.75604163,65.284,230,81814747.52888122,90198937.77438778,8384190.245506551,10.248
6BATTLFLD GA_361530,6WID CRK FP_360068,34.9555953,-85.26465286,34.88515896,-85.75604163,54.82,230,71442468.10488304,80946702.99225509,9504234.887372045,13.303
6S HAVEN CC_360594,6WID CRK FP_360068,34.99627529,-90.0485284,34.88515896,-85.75604163,469.704,230,553842080.5704821,728321818.8480769,174479738.2775948,31.504
6CONCORD TN_361509,6WID CRK FP_360068,34.99679719,-85.1610968,34.88515896,-85.75604163,137.099,230,167863216.92208612,186389131.83079126,18525914.908705145,11.036
6CENTER PNT_360533,6WRINGOLD GA_361504,34.6665318,-84.97089121,34.89324284,-85.13750475,73.421,230,89299828.2406854,103023433.25043973,13723605.009754324,15.368
6LOOPERS FRM_360602,6WRINGOLD GA_361504,34.708916,-84.922795,34.89324284,-85.13750475,65.634,230,79235436.08145753,91195556.80564821,11960120.72419069,15.094
6COUNTY LINE_360013,6WRINGOLD GA_361504,34.74311084,-85.00751569,34.89324284,-85.13750475,24.403,230,30745062.07572098,34575010.6828716,3829948.60715062,12.457
6KENSNGTN GA_361503,6WRINGOLD GA_361504,34.81265905,-85.32344844,34.89324284,-85.13750475,69.399,230,85671506.97401667,95490381.4154508,9818874.441434134,11.461
6ALPHA GA_361502,6WRINGOLD GA_361504,34.813027,-84.853226,34.89324284,-85.13750475,46.129,230,55750650.97679189,65899416.20647364,10148765.229681754,18.204
6CLOUDLANDGA_361633,6WRINGOLD GA_361504,34.81849122,-85.5353055,34.89324284,-85.13750475,86.486,230,108001204.65547043,120151216.38083836,12150011.725367935,11.25
6ROCK SPG GA_361500,6WRINGOLD GA_361504,34.83897801,-85.28020801,34.89324284,-85.13750475,73.152,230,89510280.08249113,99672916.93976428,10162636.857273145,11.354
6WID CRK FP_360068,6WRINGOLD GA_361504,34.88515896,-85.75604163,34.89324284,-85.13750475,115.387,230,140551015.79849434,154295575.48766702,13744559.68917267,9.779
6BATTLFLD GA_361530,6WRINGOLD GA_361504,34.9555953,-85.26465286,34.89324284,-85.13750475,124.645,230,158694274.64013398,178714180.12955362,20019905.489419635,12.615
6S HAVEN CC_360594,6WRINGOLD GA_361504,34.99627529,-90.0485284,34.89324284,-85.13750475,561.422,230,667600693.2616478,835352360.870486,167751667.6088382,25.128
6CONCORD TN_361509,6WRINGOLD GA_361504,34.99679719,-85.1610968,34.89324284,-85.13750475,27.209,230,34015709.24298006,37629972.066492595,3614262.823512529,10.625
6ALPHA GA_361502,6CENTER PNT_360533,34.813027,-84.853226,34.6665318,-84.97089121,28.174,230,34648408.31792179,38386868.70197295,3738460.3840511614,10.79
6BATTLFLD GA_361530,6CENTER PNT_360533,34.9555953,-85.26465286,34.6665318,-84.97089121,146.849,230,190304938.48239684,223490142.41071278,33185203.92831595,17.438
6CENTER PNT_360533,6KENSNGTN GA_361503,34.6665318,-84.97089121,34.81265905,-85.32344844,91.603,230,117282170.81627953,140120559.87121877,22838389.05493924,19.473
6COUNTY LINE_360013,6KENSNGTN GA_361503,34.74311084,-85.00751569,34.81265905,-85.32344844,61.093,230,77703122.56703153,88873924.22086428,11170801.653832752,14.376
6ALPHA GA_361502,6KENSNGTN GA_361503,34.813027,-84.853226,34.81265905,-85.32344844,110.032,230,134718649.8314203,155680807.306046,20962157.4746257,15.56
6CLOUDLANDGA_361633,6KENSNGTN GA_361503,34.81849122,-85.5353055,34.81265905,-85.32344844,28.192,230,36072236.57035432,38282082.73426091,2209846.163906587,6.126
6BATTLFLD GA_361530,6KENSNGTN GA_361503,34.9555953,-85.26465286,34.81265905,-85.32344844,66.352,230,86765306.55501786,96911141.6372686,10145835.082250748,11.693
6CONCORD TN_361509,6KENSNGTN GA_361503,34.99679719,-85.1610968,34.81265905,-85.32344844,91.112,230,112983708.09760846,127591534.83997595,14607826.742367491,12.929
6CENTER PNT_360533,6YOUNG GA_361454,34.6665318,-84.97089121,34.75072952,-85.27349349,85.98,230,109928928.7963007,130089688.74659973,20160759.950299036,18.34
6LOOPERS FRM_360602,6YOUNG GA_361454,34.708916,-84.922795,34.75072952,-85.27349349,92.731,230,118964346.17853892,139773386.15416938,20809039.975630473,17.492
6COUNTY LINE_360013,6YOUNG GA_361454,34.74311084,-85.00751569,34.75072952,-85.27349349,55.471,230,70349880.5470527,78674224.7906533,8324344.2436006125,11.833
6KENSNGTN GA_361503,6YOUNG GA_361454,34.81265905,-85.32344844,34.75072952,-85.27349349,8.921,230,10776981.49344478,11974936.205575973,1197954.7121311924,11.116
6ALPHA GA_361502,6YOUNG GA_361454,34.813027,-84.853226,34.75072952,-85.27349349,104.409,230,127365407.81144145,145577934.61827564,18212526.806834184,14.299
6CLOUDLANDGA_361633,6YOUNG GA_361454,34.81849122,-85.5353055,34.75072952,-85.27349349,27.897,230,35939130.49763468,40781200.30762445,4842069.809989773,13.473
6ROCK SPG GA_361500,6YOUNG GA_361454,34.83897801,-85.28020801,34.75072952,-85.27349349,10.661,230,12728584.828059405,15588194.637924388,2859609.8098649834,22.466
6WID CRK FP_360068,6YOUNG GA_361454,34.88515896,-85.75604163,34.75072952,-85.27349349,61.047,230,77171201.65887958,85540979.90978934,8369778.250909755,10.846
6WRINGOLD GA_361504,6YOUNG GA_361454,34.89324284,-85.13750475,34.75072952,-85.27349349,63.777,230,78318264.95403785,85344097.0945228,7025832.140484954,8.971
6BATTLFLD GA_361530,6YOUNG GA_361454,34.9555953,-85.26465286,34.75072952,-85.27349349,66.056,230,86632200.48229823,99417316.7431715,12785116.260873275,14.758
6S HAVEN CC_360594,6YOUNG GA_361454,34.99627529,-90.0485284,34.75072952,-85.27349349,519.271,230,616887067.7062453,782603831.6729258,165716763.9666805,26.863
6CONCORD TN_361509,6YOUNG GA_361454,34.99679719,-85.1610968,34.75072952,-85.27349349,85.489,230,105630466.07762961,117460137.80015524,11829671.72252563,11.199
6CENTER PNT_360533,6ROCK SPG GA_361500,34.6665318,-84.97089121,34.83897801,-85.28020801,95.356,230,121120943.92475398,144328763.07700256,23207819.152248576,19.161
6LOOPERS FRM_360602,6ROCK SPG GA_361500,34.708916,-84.922795,34.83897801,-85.28020801,102.107,230,130156361.3069922,154032314.25834906,23875952.951356873,18.344
6COUNTY LINE_360013,6ROCK SPG GA_361500,34.74311084,-85.00751569,34.83897801,-85.28020801,64.846,230,81541895.675506,93060315.75082597,11518420.075319974,14.126
6KENSNGTN GA_361503,6ROCK SPG GA_361500,34.81265905,-85.32344844,34.83897801,-85.28020801,6.115,230,7720996.85919515,8527267.70965522,806270.85046007,10.443
6ALPHA GA_361502,6ROCK SPG GA_361500,34.813027,-84.853226,34.83897801,-85.28020801,113.784,230,138557422.93989474,159897489.81654325,21340066.87664852,15.402
6CLOUDLANDGA_361633,6ROCK SPG GA_361500,34.81849122,-85.5353055,34.83897801,-85.28020801,32.231,230,40481017.54117789,43657887.85708572,3176870.315907828,7.848
6BATTLFLD GA_361530,6ROCK SPG GA_361500,34.9555953,-85.26465286,34.83897801,-85.28020801,70.39,230,91174087.52584143,102293928.65529576,11119841.129454324,12.196
6CONCORD TN_361509,6ROCK SPG GA_361500,34.99679719,-85.1610968,34.83897801,-85.28020801,94.865,230,116822481.20608291,131801445.42923339,14978964.22315048,12.822
6CENTER PNT_360533,6CLOUDLANDGA_361633,34.6665318,-84.97089121,34.81849122,-85.5353055,108.689,230,139611868.49773327,164808512.7377964,25196644.24006314,18.048
6ALPHA GA_361502,6CLOUDLANDGA_361633,34.813027,-84.853226,34.81849122,-85.5353055,127.118,230,157048347.51287404,180347315.2164941,23298967.703620087,14.836
6BATTLFLD GA_361530,6CLOUDLANDGA_361633,34.9555953,-85.26465286,34.81849122,-85.5353055,40.046,230,53391034.48107455,60607090.16496706,7216055.683892515,13.515
6CENTER PNT_360533,6CONCORD TN_361509,34.6665318,-84.97089121,34.99679719,-85.1610968,80.377,230,98680129.76076284,112776271.74294251,14096141.982179666,14.285
6ALPHA GA_361502,6CONCORD TN_361509,34.813027,-84.853226,34.99679719,-85.1610968,53.084,230,65130952.496869326,75626277.85928427,10495325.362414943,16.114
6CLOUDLANDGA_361633,6CONCORD TN_361509,34.81849122,-85.5353055,34.99679719,-85.1610968,108.198,230,135313405.7790622,152258347.99570844,16944942.21664623,12.523
6BATTLFLD GA_361530,6CONCORD TN_361509,34.9555953,-85.26465286,34.99679719,-85.1610968,146.358,230,186006475.76372576,210864223.42358288,24857747.659857124,13.364
6CENTER PNT_360533,6LOOPERS FRM_360602,34.6665318,-84.97089121,34.708916,-84.922795,9.104,230,12361159.351459209,13330141.70909659,968982.3576373816,7.839
6COUNTY LINE_360013,6LOOPERS FRM_360602,34.74311084,-85.00751569,34.708916,-84.922795,82.299,230,100325250.97961704,114190347.95671363,13865096.977096591,13.82
6KENSNGTN GA_361503,6LOOPERS FRM_360602,34.81265905,-85.32344844,34.708916,-84.922795,98.354,230,126317588.19851774,149828673.29993895,23511085.101421203,18.613
6ALPHA GA_361502,6LOOPERS FRM_360602,34.813027,-84.853226,34.708916,-84.922795,20.387,230,24584016.158693902,26536454.17599358,1952438.0172996775,7.942
6CLOUDLANDGA_361633,6LOOPERS FRM_360602,34.81849122,-85.5353055,34.708916,-84.922795,115.441,230,148647285.8799715,174506585.6358051,25859299.755833607,17.396
6BATTLFLD GA_361530,6LOOPERS FRM_360602,34.9555953,-85.26465286,34.708916,-84.922795,153.6,230,199340355.86463505,233178997.43001783,33838641.56538278,16.975
6CONCORD TN_361509,6LOOPERS FRM_360602,34.99679719,-85.1610968,34.708916,-84.922795,72.589,230,88615737.60153496,100944055.84674592,12328318.245210957,13.912
6ALPHA GA_361502,6BATTLFLD GA_361530,34.813027,-84.853226,34.9555953,-85.26465286,146.512,230,200865249.65331694,219232251.43072784,18367001.77741091,9.144
6CENTER PNT_360533,6S HAVEN CC_360594,34.6665318,-84.97089121,34.99627529,-90.0485284,578.085,230,688095777.2618825,867139729.0947657,179043951.83288306,26.02
6LOOPERS FRM_360602,6S HAVEN CC_360594,34.708916,-84.922795,34.99627529,-90.0485284,584.836,230,697131194.6441207,876928546.616528,179797351.9724073,25.791
6COUNTY LINE_360013,6S HAVEN CC_360594,34.74311084,-85.00751569,34.99627529,-90.0485284,553.116,230,659632308.8546627,829236091.4369012,169603782.58223855,25.712
6KENSNGTN GA_361503,6S HAVEN CC_360594,34.81265905,-85.32344844,34.99627529,-90.0485284,519.62,230,617148612.1762794,782112505.8616353,164963893.6853559,26.73
6ALPHA GA_361502,6S HAVEN CC_360594,34.813027,-84.853226,34.99627529,-90.0485284,603.907,230,719437829.9263601,902149945.6106068,182712115.68424666,25.397
6CLOUDLANDGA_361633,6S HAVEN CC_360594,34.81849122,-85.5353055,34.99627529,-90.0485284,499.693,230,592088864.3455495,751235319.0596688,159146454.71411934,26.879
6ROCK SPG GA_361500,6S HAVEN CC_360594,34.83897801,-85.28020801,34.99627529,-90.0485284,523.509,230,621530613.576247,787458122.8994312,165927509.32318422,26.697
6BATTLFLD GA_361530,6S HAVEN CC_360594,34.9555953,-85.26465286,34.99627529,-90.0485284,511.785,230,610595521.7539045,794527332.4338641,183931810.6799596,30.123
6CONCORD TN_361509,6S HAVEN CC_360594,34.99679719,-85.1610968,34.99627529,-90.0485284,583.134,230,694912894.3852396,867766924.6282359,172854030.2429963,24.874
6CENTER PNT_360533,7SHAWNEE FP_360002,34.6665318,-84.97089121,37.150267,-88.778122,570.42,345,1095355640.9955368,1286306735.6723125,190951094.67677578,17.433
6LOOPERS FRM_360602,7SHAWNEE FP_360002,34.708916,-84.922795,37.150267,-88.778122,577.171,345,1109817437.8273346,1301715203.6139307,191897765.78659594,17.291
6COUNTY LINE_360013,7SHAWNEE FP_360002,34.74311084,-85.00751569,37.150267,-88.778122,541.161,345,1039274338.9466575,1212343529.9058099,173069190.95915246,16.653
6YOUNG GA_361454,7SHAWNEE FP_360002,34.75072952,-85.27349349,37.150267,-88.778122,499.478,345,962768444.9978719,1136717250.1635191,173948805.16564733,18.068
6KENSNGTN GA_361503,7SHAWNEE FP_360002,34.81265905,-85.32344844,37.150267,-88.778122,499.774,345,963034138.1814778,1132692788.5663807,169658650.38490304,17.617
6ALPHA GA_361502,7SHAWNEE FP_360002,34.813027,-84.853226,37.150267,-88.778122,558.102,345,1075351697.3693104,1268504409.8532188,193152712.48390839,17.962
6CLOUDLANDGA_361633,7SHAWNEE FP_360002,34.81849122,-85.5353055,37.150267,-88.778122,473.468,345,909249010.6263747,1074341734.1563547,165092723.52997994,18.157
6ROCK SPG GA_361500,7SHAWNEE FP_360002,34.83897801,-85.28020801,37.150267,-88.778122,503.812,345,970290443.0728117,1141557611.991445,171267168.91863334,17.651
6WID CRK FP_360068,7SHAWNEE FP_360002,34.88515896,-85.75604163,37.150267,-88.778122,439.888,345,839437296.3808048,994282048.4154482,154844752.03464338,18.446
6WRINGOLD GA_361504,7SHAWNEE FP_360002,34.89324284,-85.13750475,37.150267,-88.778122,549.392,345,1052652531.4848341,1222983263.2841291,170330731.7992951,16.181
6BATTLFLD GA_361530,7SHAWNEE FP_360002,34.9555953,-85.26465286,37.150267,-88.778122,482.172,345,930329705.998009,1103335767.5641856,173006061.56617677,18.596
6S HAVEN CC_360594,7SHAWNEE FP_360002,34.99627529,-90.0485284,37.150267,-88.778122,324.405,345,610537336.9028168,696378632.4139302,85841295.51111339,14.06
6CONCORD TN_361509,7SHAWNEE FP_360002,34.99679719,-85.1610968,37.150267,-88.778122,563.732,345,1087110966.459806,1287573494.149916,200462527.69010994,18.44
8CHOCTAW MS_360654,8DAVIDSON TN_360048,33.2984397,-89.4127739,36.06703747,-86.9841046,418.796,500,1015865242.668355,1436489447.7084794,420624205.0401243,41.406
8ACKERMAN CC_360627,8DAVIDSON TN_360048,33.38593855,-89.20997726,36.06703747,-86.9841046,399.992,500,966709897.1056943,1304422557.590696,337712660.4850018,34.934
8CLAY_360688,8DAVIDSON TN_360048,33.47863869,-88.74043971,36.06703747,-86.9841046,362.257,500,873356187.442822,1168191091.4946532,294834904.0518311,33.759
8COGEN CALED_360606,8DAVIDSON TN_360048,33.64779158,-88.31593565,36.06703747,-86.9841046,324.436,500,781511930.8814071,1021136720.266967,239624789.38555995,30.662
6CENTER PNT_360533,8DAVIDSON TN_360048,34.6665318,-84.97089121,36.06703747,-86.9841046,331.107,500,833371735.2335594,964545685.3373823,131173950.10382293,15.74
8BR FERRY NP_360052,8DAVIDSON TN_360048,34.70520875,-87.11705751,36.06703747,-86.9841046,169.22,500,415033001.81862473,497219466.62036586,82186464.80174115,19.802
6LOOPERS FRM_360602,8DAVIDSON TN_360048,34.708916,-84.922795,36.06703747,-86.9841046,322.479,500,806157974.243211,914975185.143816,108817210.90060493,13.498
6COUNTY LINE_360013,8DAVIDSON TN_360048,34.74311084,-85.00751569,36.06703747,-86.9841046,300.886,500,760646029.3622322,875065702.7006648,114419673.3384325,15.042
6YOUNG GA_361454,8DAVIDSON TN_360048,34.75072952,-85.27349349,36.06703747,-86.9841046,258.46,500,657052837.8623157,751055691.3570921,94002853.49477643,14.307
6KENSNGTN GA_361503,8DAVIDSON TN_360048,34.81265905,-85.32344844,36.06703747,-86.9841046,258.756,500,657427068.1035221,745936843.8521258,88509775.74860373,13.463
6ALPHA GA_361502,8DAVIDSON TN_360048,34.813027,-84.853226,36.06703747,-86.9841046,302.974,500,757941061.2837288,862807010.0441852,104865948.76045631,13.836
6CLOUDLANDGA_361633,8DAVIDSON TN_360048,34.81849122,-85.5353055,36.06703747,-86.9841046,232.45,500,589677101.6287861,672362044.0379003,82684942.40911426,14.022
6ROCK SPG GA_361500,8DAVIDSON TN_360048,34.83897801,-85.28020801,36.06703747,-86.9841046,262.794,500,666684271.3405297,757234367.576385,90550096.23585537,13.582
6WID CRK FP_360068,8DAVIDSON TN_360048,34.88515896,-85.75604163,36.06703747,-86.9841046,198.765,500,502197190.16748047,586141933.6001444,83944743.43266398,16.715
6WRINGOLD GA_361504,8DAVIDSON TN_360048,34.89324284,-85.13750475,36.06703747,-86.9841046,301.521,500,753898944.1609515,867105559.5299183,113206615.36896679,15.016
6BATTLFLD GA_361530,8DAVIDSON TN_360048,34.9555953,-85.26465286,36.06703747,-86.9841046,236.487,500,600823711.2178811,699222348.7155863,98398637.49770527,16.377
6S HAVEN CC_360594,8DAVIDSON TN_360048,34.99627529,-90.0485284,36.06703747,-86.9841046,350.142,500,860320514.7134149,1253071427.837875,392750913.12446,45.652
6CONCORD TN_361509,8DAVIDSON TN_360048,34.99679719,-85.1610968,36.06703747,-86.9841046,308.477,500,772702142.8665819,886728751.9811041,114026609.11452228,14.757
8BRADLEY TN_360662,8DAVIDSON TN_360048,35.0367008,-84.963798,36.06703747,-86.9841046,271.44,500,679597254.8328873,776452661.7154315,96855406.88254412,14.252
8BENTON MS_360612,8DAVIDSON TN_360048,35.17466126,-89.74553609,36.06703747,-86.9841046,295.774,500,721541769.9293933,1028016605.7795422,306474835.850149,42.475
8ANDERSON TN_360120,8DAVIDSON TN_360048,35.94503289,-84.38856432,36.06703747,-86.9841046,291.519,500,736341736.1856409,824084461.6484978,87742725.4628569,11.916
8BULL RUN FP_360093,8DAVIDSON TN_360048,36.01895969,-84.15785445,36.06703747,-86.9841046,381.729,500,959004175.5537817,1065054211.8636954,106050036.30991362,11.058
8CUMBERLAND_360040,8DAVIDSON TN_360048,36.3921331,-87.65747953,36.06703747,-86.9841046,80.31,500,197719416.35048756,288777082.41969734,91057666.06920978,46.054
7SHAWNEE FP_360002,8DAVIDSON TN_360048,37.150267,-88.778122,36.06703747,-86.9841046,277.736,500,671210840.7063993,863448862.9282385,192238022.22183922,28.64
8ACKERMAN CC_360627,8BR FERRY NP_360052,33.38593855,-89.20997726,34.70520875,-87.11705751,279.995,500,682223902.7658104,855765952.2289486,173542049.46313816,25.438
6CENTER PNT_360533,8BR FERRY NP_360052,34.6665318,-84.97089121,34.70520875,-87.11705751,272.518,500,680961955.0832074,749249387.1303295,68287432.04712208,10.028
6LOOPERS FRM_360602,8BR FERRY NP_360052,34.708916,-84.922795,34.70520875,-87.11705751,279.27,500,699101778.5369401,768620783.4333295,69519004.89638934,9.944
6COUNTY LINE_360013,8BR FERRY NP_360052,34.74311084,-85.00751569,34.70520875,-87.11705751,245.763,500,617119648.4527452,663378580.5672241,46258932.11447889,7.496
6YOUNG GA_361454,8BR FERRY NP_360052,34.75072952,-85.27349349,34.70520875,-87.11705751,211.866,500,530240910.73846656,569290016.3211352,39049105.58266859,7.364
6KENSNGTN GA_361503,8BR FERRY NP_360052,34.81265905,-85.32344844,34.70520875,-87.11705751,212.065,500,530769591.76954836,567678509.5714318,36908917.80188343,6.954
6ALPHA GA_361502,8BR FERRY NP_360052,34.813027,-84.853226,34.70520875,-87.11705751,298.34,500,745196572.2623761,820516994.8994813,75320422.63710529,10.107
6CLOUDLANDGA_361633,8BR FERRY NP_360052,34.81849122,-85.5353055,34.70520875,-87.11705751,185.968,500,464174271.8617565,490586152.0760357,26411880.214279152,5.69
6ROCK SPG GA_361500,8BR FERRY NP_360052,34.83897801,-85.28020801,34.70520875,-87.11705751,216.104,500,539982407.9764328,579013883.0942413,39031475.11780846,7.228
6WID CRK FP_360068,8BR FERRY NP_360052,34.88515896,-85.75604163,34.70520875,-87.11705751,160.673,500,400843599.66358525,417508305.12725425,16664705.46366899,4.157
6WRINGOLD GA_361504,8BR FERRY NP_360052,34.89324284,-85.13750475,34.70520875,-87.11705751,253.995,500,634374558.5039443,678341204.4333543,43966645.92940995,6.931
6BATTLFLD GA_361530,8BR FERRY NP_360052,34.9555953,-85.26465286,34.70520875,-87.11705751,203.209,500,518633298.6355768,560144526.432142,41511227.7965652,8.004
6S HAVEN CC_360594,8BR FERRY NP_360052,34.99627529,-90.0485284,34.70520875,-87.11705751,320.826,500,782372833.9810385,1081351100.0468404,298978266.0658019,38.214
6CONCORD TN_361509,8BR FERRY NP_360052,34.99679719,-85.1610968,34.70520875,-87.11705751,275.782,500,689945607.6100473,743714843.4469086,53769235.83686123,7.793
8BENTON MS_360612,8BR FERRY NP_360052,35.17466126,-89.74553609,34.70520875,-87.11705751,281.047,500,681505956.3236476,944552538.8372884,263046582.51364076,38.598
8ANDERSON TN_360120,8BR FERRY NP_360052,35.94503289,-84.38856432,34.70520875,-87.11705751,322.53,500,793303512.7463707,837548955.0096389,44245442.26326826,5.577
7SHAWNEE FP_360002,8BR FERRY NP_360052,37.150267,-88.778122,34.70520875,-87.11705751,354.632,500,848091553.6458982,1086175289.7528708,238083736.1069726,28.073
8CHOCTAW MS_360654,8CUMBERLAND_360040,33.2984397,-89.4127739,36.3921331,-87.65747953,422.223,500,1014271767.6210799,1421361662.7582607,407089895.1371807,40.136
8ACKERMAN CC_360627,8CUMBERLAND_360040,33.38593855,-89.20997726,36.3921331,-87.65747953,402.881,500,969901437.4944185,1356714199.6764016,386812762.1819832,39.882
8CLAY_360688,8CUMBERLAND_360040,33.47863869,-88.74043971,36.3921331,-87.65747953,374.384,500,901460429.5376737,1250441404.6362479,348980975.0985742,38.713
8COGEN CALED_360606,8CUMBERLAND_360040,33.64779158,-88.31593565,36.3921331,-87.65747953,339.784,500,819264877.9633045,1118454267.9779608,299189390.01465625,36.519
6CENTER PNT_360533,8CUMBERLAND_360040,34.6665318,-84.97089121,36.3921331,-87.65747953,400.936,500,995527319.7431612,1192411296.6076913,196883976.8645302,19.777
8BR FERRY NP_360052,8CUMBERLAND_360040,34.70520875,-87.11705751,36.3921331,-87.65747953,213.723,500,517459439.35818696,662805894.7238955,145346455.36570853,28.088
6LOOPERS FRM_360602,8CUMBERLAND_360040,34.708916,-84.922795,36.3921331,-87.65747953,393.104,500,977800643.6223795,1163497909.809004,185697266.1866245,18.991
6COUNTY LINE_360013,8CUMBERLAND_360040,34.74311084,-85.00751569,36.3921331,-87.65747953,371.698,500,924452008.8005961,1098660443.0756898,174208434.27509364,18.845
6YOUNG GA_361454,8CUMBERLAND_360040,34.75072952,-85.27349349,36.3921331,-87.65747953,327.823,500,821345313.9740916,992353941.006697,171008627.03260538,20.821
6KENSNGTN GA_361503,8CUMBERLAND_360040,34.81265905,-85.32344844,36.3921331,-87.65747953,328.119,500,821719544.2152979,987345289.8464942,165625745.6311962,20.156
6ALPHA GA_361502,8CUMBERLAND_360040,34.813027,-84.853226,36.3921331,-87.65747953,373.599,500,929583730.6628973,1111271593.296657,181687862.63375962,19.545
6CLOUDLANDGA_361633,8CUMBERLAND_360040,34.81849122,-85.5353055,36.3921331,-87.65747953,301.814,500,753969577.7405622,913998977.7972293,160029400.05666706,21.225
6ROCK SPG GA_361500,8CUMBERLAND_360040,34.83897801,-85.28020801,36.3921331,-87.65747953,332.157,500,830976747.4523056,998655998.1312084,167679250.67890286,20.179
6WID CRK FP_360068,8CUMBERLAND_360040,34.88515896,-85.75604163,36.3921331,-87.65747953,268.286,500,666174178.2495325,813902751.3853568,147728573.13582432,22.176
6WRINGOLD GA_361504,8CUMBERLAND_360040,34.89324284,-85.13750475,36.3921331,-87.65747953,372.146,500,925541613.5401199,1115647098.5243647,190105484.98424473,20.54
6BATTLFLD GA_361530,8CUMBERLAND_360040,34.9555953,-85.26465286,36.3921331,-87.65747953,307.112,500,772466380.5970496,950932312.6454394,178465932.04838973,23.103
6S HAVEN CC_360594,8CUMBERLAND_360040,34.99627529,-90.0485284,36.3921331,-87.65747953,324.533,500,793260142.974673,1076036491.4817095,282776348.50703657,35.647
6CONCORD TN_361509,8CUMBERLAND_360040,34.99679719,-85.1610968,36.3921331,-87.65747953,379.102,500,944344812.2457504,1135230304.6498382,190885492.40408784,20.214
8BRADLEY TN_360662,8CUMBERLAND_360040,35.0367008,-84.963798,36.3921331,-87.65747953,342.065,500,851239924.2120557,1024633528.106057,173393603.89400136,20.37
8BENTON MS_360612,8CUMBERLAND_360040,35.17466126,-89.74553609,36.3921331,-87.65747953,259.462,500,630783213.7351975,821894818.0191278,191111604.28393036,30.298
8ANDERSON TN_360120,8CUMBERLAND_360040,35.94503289,-84.38856432,36.3921331,-87.65747953,367.387,500,902784303.565125,1049255398.7649413,146471095.19981638,16.224
8BULL RUN FP_360093,8CUMBERLAND_360040,36.01895969,-84.15785445,36.3921331,-87.65747953,421.863,500,1036710850.3847916,1184082104.4388459,147371254.0540542,14.215
7SHAWNEE FP_360002,8CUMBERLAND_360040,37.150267,-88.778122,36.3921331,-87.65747953,213.122,500,510284161.2643982,635039298.6538166,124755137.38941838,24.448
8CHOCTAW MS_360654,8WID CRK FP_360065,33.2984397,-89.4127739,34.88726197,-85.75423778,412.691,500,1001168029.1461052,1230163815.83539,228995786.68928486,22.873
8ACKERMAN CC_360627,8WID CRK FP_360065,33.38593855,-89.20997726,34.88726197,-85.75423778,391.086,500,947651821.633821,1152657855.0149038,205006033.3810828,21.633
8CLAY_360688,8WID CRK FP_360065,33.47863869,-88.74043971,34.88726197,-85.75423778,344.376,500,835428955.7798676,985754735.1989584,150325779.4190907,17.994
8WEST POINT_360035,8WID CRK FP_360065,33.63551392,-88.65363834,34.88726197,-85.75423778,327.072,500,789215754.6662996,921500859.0356454,132285104.36934578,16.762
8COGEN CALED_360606,8WID CRK FP_360065,33.64779158,-88.31593565,34.88726197,-85.75423778,297.192,500,720378169.2790447,830736746.2075875,110358576.92854276,15.32
8E POINT AL_360058,8WID CRK FP_360065,34.19181783,-86.74805975,34.88726197,-85.75423778,150.303,500,364243734.65739083,372593915.0211486,8350180.363757777,2.292
8UNION MS_360033,8WID CRK FP_360065,34.37783096,-88.85850114,34.88726197,-85.75423778,333.05,500,805646757.1802783,971404730.8781922,165757973.69791383,20.575
8TRICO STEEL_360014,8WID CRK FP_360065,34.60872576,-87.05506218,34.88726197,-85.75423778,176.874,500,431219590.7415358,451705862.88786083,20486272.146325067,4.751
6CENTER PNT_360533,8WID CRK FP_360065,34.6665318,-84.97089121,34.88726197,-85.75423778,137.842,500,344654676.97418,391664077.4913812,47009400.517201245,13.64
8BR FERRY NP_360052,8WID CRK FP_360065,34.70520875,-87.11705751,34.88726197,-85.75423778,158.965,500,400861793.9029729,424463538.6040975,23601744.701124586,5.888
6LOOPERS FRM_360602,8WID CRK FP_360065,34.708916,-84.922795,34.88726197,-85.75423778,144.593,500,362794500.42791283,411039951.1645245,48245450.73661167,13.298
8LIMESTONE_360088,8WID CRK FP_360065,34.71890958,-86.84630969,34.88726197,-85.75423778,133.591,500,338925824.76646876,362618804.43445325,23692979.667984504,6.991
6COUNTY LINE_360013,8WID CRK FP_360065,34.74311084,-85.00751569,34.88726197,-85.75423778,107.621,500,271928971.1028528,302568137.204864,30639166.10201122,11.267
6YOUNG GA_361454,8WID CRK FP_360065,34.75072952,-85.27349349,34.88726197,-85.75423778,61.587,500,158156265.43714514,175138047.13632837,16981781.699183214,10.737
8MADISON AL_360060,8WID CRK FP_360065,34.79577878,-86.52158584,34.88726197,-85.75423778,96.607,500,250734950.1892407,272777036.0574756,22042085.86823494,8.791
6KENSNGTN GA_361503,8WID CRK FP_360065,34.81265905,-85.32344844,34.88726197,-85.75423778,61.786,500,158684946.4682269,173607766.87309644,14922820.404869534,9.404
6ALPHA GA_361502,8WID CRK FP_360065,34.813027,-84.853226,34.88726197,-85.75423778,156.559,500,389852814.99667215,440765164.8645088,50912349.86783665,13.059
6CLOUDLANDGA_361633,8WID CRK FP_360065,34.81849122,-85.5353055,34.88726197,-85.75423778,39.123,500,98790748.84868428,108069347.31491834,9278598.466234053,9.392
8MAGNOL CC1_360613,8WID CRK FP_360065,34.8287922,-89.20041124,34.88726197,-85.75423778,353.783,500,859350244.3706262,1105623994.9659448,246273750.59531856,28.658
6ROCK SPG GA_361500,8WID CRK FP_360065,34.83897801,-85.28020801,34.88726197,-85.75423778,65.824,500,167897762.6751113,184939438.71903184,17041676.043920554,10.15
6WID CRK FP_360068,8WID CRK FP_360065,34.88515896,-85.75604163,34.88726197,-85.75423778,0.307,500,786029.4753755697,786029.4753755697,0.0,0.0
6WRINGOLD GA_361504,8WID CRK FP_360065,34.89324284,-85.13750475,34.88726197,-85.75423778,115.852,500,289183881.15405184,317304035.3682882,28120154.2142364,9.724
6BATTLFLD GA_361530,8WID CRK FP_360065,34.9555953,-85.26465286,34.88726197,-85.75423778,54.438,500,143373551.48848137,162543031.15483028,19169479.66634892,13.37
6S HAVEN CC_360594,8WID CRK FP_360065,34.99627529,-90.0485284,34.88726197,-85.75423778,446.231,500,1091600335.161301,1434609637.4189289,343009302.25762796,31.423
6CONCORD TN_361509,8WID CRK FP_360065,34.99679719,-85.1610968,34.88726197,-85.75423778,137.639,500,344754930.26015496,382630349.43058896,37875419.170434006,10.986
8BRADLEY TN_360662,8WID CRK FP_360065,35.0367008,-84.963798,34.88726197,-85.75423778,126.099,500,346995108.1220062,368362681.6878951,21367573.565888945,6.158
8RACCOON MTN_360079,8WID CRK FP_360065,35.05681146,-85.38724619,34.88726197,-85.75423778,41.567,500,105956913.63802293,112713287.05045299,6756373.412430064,6.377
8BENTON MS_360612,8WID CRK FP_360065,35.17466126,-89.74553609,34.88726197,-85.75423778,402.379,500,983047310.4373488,1270151254.177995,287103943.74064606,29.206
8SEQUOYAH NP_360081,8WID CRK FP_360065,35.22706031,-85.09419774,34.88726197,-85.75423778,101.193,500,263243129.75941718,276756642.3884381,13513512.62902094,5.133
8FRANKLIN TN_360069,8WID CRK FP_360065,35.33506701,-86.11727644,34.88726197,-85.75423778,66.626,500,169869186.6135804,179442371.8493539,9573185.235773496,5.636
8SHELBY TN_360021,8WID CRK FP_360065,35.38606284,-89.80340294,34.88726197,-85.75423778,402.305,500,978990058.2015281,1261542575.237873,282552517.036345,28.862
8HAYWOOD TN_360542,8WID CRK FP_360065,35.54308246,-89.19654872,34.88726197,-85.75423778,346.672,500,843144719.4794753,1045881727.2676289,202737007.78815368,24.045
8HIWASSEE TN_360110,8WID CRK FP_360065,35.60032498,-84.78911434,34.88726197,-85.75423778,139.815,500,350209862.7646098,368982066.4618649,18772203.69725507,5.36
8LAG CRK CC_360615,8WID CRK FP_360065,35.65702785,-89.39460044,34.88726197,-85.75423778,369.546,500,897897998.3691957,1109580360.7072048,211682362.338009,23.575
8MAURY TN_360050,8WID CRK FP_360065,35.672863,-87.01861625,34.88726197,-85.75423778,156.624,500,388574785.49695444,420408229.3369327,31833443.83997828,8.192
8JACKSON TN_360019,8WID CRK FP_360065,35.70901203,-88.79407261,34.88726197,-85.75423778,317.609,500,771538686.6699092,934588882.259782,163050195.5898727,21.133
8RUTHERFORD_360010,8WID CRK FP_360065,35.82791498,-86.59841524,34.88726197,-85.75423778,146.24,500,364437747.82011926,397833334.30386406,33395586.483744826,9.164
8ANDERSON TN_360120,8WID CRK FP_360065,35.94503289,-84.38856432,34.88726197,-85.75423778,189.131,500,478819006.14947563,502799639.3845415,23980633.2350659,5.008
8BULL RUN FP_360093,8WID CRK FP_360065,36.01895969,-84.15785445,34.88726197,-85.75423778,284.329,500,723033600.3002422,762007172.4510401,38973572.15079797,5.39
8JVILLE FP_360037,8WID CRK FP_360065,36.02382902,-87.98154082,34.88726197,-85.75423778,260.302,500,636200814.8302734,730352040.5458614,94151225.715588,14.799
8PIN HOOK TN_360581,8WID CRK FP_360065,36.04646628,-86.60595108,34.88726197,-85.75423778,177.801,500,450831754.25288725,504589386.26056063,53757632.00767341,11.924
8PLATEAU TN_360077,8WID CRK FP_360065,36.05858036,-85.14194112,34.88726197,-85.75423778,158.23,500,390351413.97369564,413778753.27286917,23427339.29917354,6.002
8DAVIDSON TN_360048,8WID CRK FP_360065,36.06703747,-86.9841046,34.88726197,-85.75423778,198.479,500,501465335.4870207,585477918.5403888,84012583.05336815,16.753
8VOLUNTEER_360097,8WID CRK FP_360065,36.1219789,-83.81482256,34.88726197,-85.75423778,314.373,500,799304264.299973,841773164.7602135,42468900.46024045,5.313
8GLEASON CT_360582,8WID CRK FP_360065,36.24522988,-88.6114255,34.88726197,-85.75423778,325.065,500,790138989.6333573,961737802.0072274,171598812.37387007,21.718
8LAG CRK CT_360568,8WID CRK FP_360065,36.27534882,-88.83423675,34.88726197,-85.75423778,345.97,500,839378270.413089,1017267232.8224553,177888962.40936625,21.193
8CUMBERLAND_360040,8WID CRK FP_360065,36.3921331,-87.65747953,34.88726197,-85.75423778,268.001,500,665442323.5690726,813260821.6452951,147818498.0762226,22.214
8PHIPPS B NP_360102,8WID CRK FP_360065,36.46070569,-82.80788409,34.88726197,-85.75423778,373.819,500,952529499.3783004,994029579.7881896,41500080.40988923,4.357
8MONTGOMERY_360044,8WID CRK FP_360065,36.59438524,-87.25325857,34.88726197,-85.75423778,270.198,500,678941038.8350954,839418145.535169,160477106.7000736,23.636
8MARSHALL KY_360015,8WID CRK FP_360065,37.02455006,-88.39384277,34.88726197,-85.75423778,391.187,500,968966784.2522695,1168561961.7106738,199595177.45840424,20.599
7SHAWNEE FP_360002,8WID CRK FP_360065,37.150267,-88.778122,34.88726197,-85.75423778,439.603,500,1063663418.8116148,1260076359.2030768,196412940.3914621,18.466
8PARADISE CC_360117,8WID CRK FP_360065,37.259697,-86.976991,34.88726197,-85.75423778,319.954,500,782911165.3093916,856037455.8473166,73126290.53792499,9.34
8PARADISE CC_360117,8WID CRK FP_360065,37.259697,-86.976991,34.88726197,-85.75423778,319.954,500,782911165.3093916,856037455.8473166,73126290.53792499,9.34
6CENTER PNT_360533,8ACKERMAN CC_360627,34.6665318,-84.97089121,33.38593855,-89.20997726,476.579,500,1167597680.4071276,1431285578.7359767,263687898.32884896,22.584
6LOOPERS FRM_360602,8ACKERMAN CC_360627,34.708916,-84.922795,33.38593855,-89.20997726,483.33,500,1185737503.8608603,1450697860.2065246,264960356.34566426,22.346
6COUNTY LINE_360013,8ACKERMAN CC_360627,34.74311084,-85.00751569,33.38593855,-89.20997726,467.061,500,1144055694.2554905,1376240149.9050412,232184455.6495507,20.295
6YOUNG GA_361454,8ACKERMAN CC_360627,34.75072952,-85.27349349,33.38593855,-89.20997726,433.164,500,1057176956.5412118,1282748005.317675,225571048.7764632,21.337
6KENSNGTN GA_361503,8ACKERMAN CC_360627,34.81265905,-85.32344844,33.38593855,-89.20997726,433.363,500,1057705637.5722938,1281294477.0444324,223588839.4721387,21.139
6ALPHA GA_361502,8ACKERMAN CC_360627,34.813027,-84.853226,33.38593855,-89.20997726,502.401,500,1231832297.586296,1502550071.3791096,270717773.79281354,21.977
6CLOUDLANDGA_361633,8ACKERMAN CC_360627,34.81849122,-85.5353055,33.38593855,-89.20997726,413.639,500,1006840568.4719126,1218758869.2456996,211918300.77378696,21.048
6ROCK SPG GA_361500,8ACKERMAN CC_360627,34.83897801,-85.28020801,33.38593855,-89.20997726,437.402,500,1066918453.7791783,1292686336.9785058,225767883.19932762,21.161
6WID CRK FP_360068,8ACKERMAN CC_360627,34.88515896,-85.75604163,33.38593855,-89.20997726,390.546,500,946274450.8640825,1151351337.507977,205076886.6438945,21.672
6WRINGOLD GA_361504,8ACKERMAN CC_360627,34.89324284,-85.13750475,33.38593855,-89.20997726,475.293,500,1161310604.3066897,1389770122.7559,228459518.4492102,19.673
6BATTLFLD GA_361530,8ACKERMAN CC_360627,34.9555953,-85.26465286,33.38593855,-89.20997726,444.984,500,1087893192.8813162,1313159219.5140157,225266026.63269937,20.707
6S HAVEN CC_360594,8ACKERMAN CC_360627,34.99627529,-90.0485284,33.38593855,-89.20997726,217.517,500,533395861.98225963,716821571.2239571,183425709.2416975,34.388
6CONCORD TN_361509,8ACKERMAN CC_360627,34.99679719,-85.1610968,33.38593855,-89.20997726,497.08,500,1216881653.4127927,1455406107.9950225,238524454.5822299,19.601
7SHAWNEE FP_360002,8ACKERMAN CC_360627,37.150267,-88.778122,33.38593855,-89.20997726,464.712,500,1122319506.5957265,1528515934.405703,406196427.8099765,36.193
8CHOCTAW MS_360654,8MADISON AL_360060,33.2984397,-89.4127739,34.79577878,-86.52158584,364.905,500,891559809.126301,1095704479.5517755,204144670.42547444,22.897
8ACKERMAN CC_360627,8MADISON AL_360060,33.38593855,-89.20997726,34.79577878,-86.52158584,343.299,500,838043601.6140168,1018054183.7162355,180010582.10221872,21.48
8CLAY_360688,8MADISON AL_360060,33.47863869,-88.74043971,34.79577878,-86.52158584,305.564,500,743925560.5684766,882403840.7643582,138478280.1958816,18.615
8COGEN CALED_360606,8MADISON AL_360060,33.64779158,-88.31593565,34.79577878,-86.52158584,266.5,500,645751951.8287047,740540227.73333,94788275.90462528,14.679
8E POINT AL_360058,8MADISON AL_360060,34.19181783,-86.74805975,34.79577878,-86.52158584,134.05,500,335416290.738361,345798280.40516603,10381989.666805005,3.095
6CENTER PNT_360533,8MADISON AL_360060,34.6665318,-84.97089121,34.79577878,-86.52158584,209.638,500,529431032.6157511,597103834.6431432,67672802.02739203,12.782
8BR FERRY NP_360052,8MADISON AL_360060,34.70520875,-87.11705751,34.79577878,-86.52158584,77.988,500,192656584.3675347,194577787.9383096,1921203.5707749224,0.997
6LOOPERS FRM_360602,8MADISON AL_360060,34.708916,-84.922795,34.79577878,-86.52158584,216.389,500,547570856.0694838,616479091.8676527,68908235.7981689,12.584
8LIMESTONE_360088,8MADISON AL_360060,34.71890958,-86.84630969,34.79577878,-86.52158584,52.614,500,130720615.23103061,132641058.44674286,1920443.2157122504,1.469
6COUNTY LINE_360013,8MADISON AL_360060,34.74311084,-85.00751569,34.79577878,-86.52158584,182.883,500,465588725.985289,511165022.15019834,45576296.16490939,9.789
6YOUNG GA_361454,8MADISON AL_360060,34.75072952,-85.27349349,34.79577878,-86.52158584,148.986,500,378709988.27101034,417124198.78726614,38414210.51625579,10.143
6KENSNGTN GA_361503,8MADISON AL_360060,34.81265905,-85.32344844,34.79577878,-86.52158584,149.185,500,379238669.30209213,415530936.1943965,36292266.89230434,9.57
6ALPHA GA_361502,8MADISON AL_360060,34.813027,-84.853226,34.79577878,-86.52158584,235.46,500,593665649.7949198,668330512.1143811,74664862.31946129,12.577
6CLOUDLANDGA_361633,8MADISON AL_360060,34.81849122,-85.5353055,34.79577878,-86.52158584,123.61,500,313986783.2972389,339357282.57278836,25370499.27554945,8.08
6ROCK SPG GA_361500,8MADISON AL_360060,34.83897801,-85.28020801,34.79577878,-86.52158584,153.223,500,388451485.5089766,426891642.3401288,38440156.83115223,9.896
6WID CRK FP_360068,8MADISON AL_360060,34.88515896,-85.75604163,34.79577878,-86.52158584,98.315,500,250656111.0990676,266334668.26628256,15678557.167214965,6.255
6WRINGOLD GA_361504,8MADISON AL_360060,34.89324284,-85.13750475,34.79577878,-86.52158584,191.114,500,482843636.03648806,525908430.040301,43064794.00381297,8.919
6BATTLFLD GA_361530,8MADISON AL_360060,34.9555953,-85.26465286,34.79577878,-86.52158584,140.851,500,368506454.9218446,408135448.71227086,39628993.79042628,10.754
6S HAVEN CC_360594,8MADISON AL_360060,34.99627529,-90.0485284,34.79577878,-86.52158584,369.599,500,902372030.4970436,1212770937.5202966,310398907.0232529,34.398
6CONCORD TN_361509,8MADISON AL_360060,34.99679719,-85.1610968,34.79577878,-86.52158584,212.901,500,538414685.1425911,591304609.8159014,52889924.67331027,9.823
8BRADLEY TN_360662,8MADISON AL_360060,35.0367008,-84.963798,34.79577878,-86.52158584,218.89,500,550963128.0860326,615176501.1803856,64213373.0943529,11.655
8BENTON MS_360612,8MADISON AL_360060,35.17466126,-89.74553609,34.79577878,-86.52158584,329.819,500,801505152.8396529,1076113736.9511433,274608584.1114905,34.262
8FRANKLIN TN_360069,8MADISON AL_360060,35.33506701,-86.11727644,34.79577878,-86.52158584,82.48,500,199949367.74287796,202823930.62311837,2874562.8802404064,1.438
8HAYWOOD TN_360542,8MADISON AL_360060,35.54308246,-89.19654872,34.79577878,-86.52158584,279.929,500,675256553.1731087,898394494.1436405,223137940.97053185,33.045
8HIWASSEE TN_360110,8MADISON AL_360060,35.60032498,-84.78911434,34.79577878,-86.52158584,204.403,500,516214127.87605166,553108288.4998515,36894160.623799816,7.147
8LAG CRK CC_360615,8MADISON AL_360060,35.65702785,-89.39460044,34.79577878,-86.52158584,303.324,500,731141529.4619634,968809076.0588367,237667546.59687325,32.506
8JACKSON TN_360019,8MADISON AL_360060,35.70901203,-88.79407261,34.79577878,-86.52158584,257.83,500,619060748.0023853,816022619.1387385,196961871.13635322,31.816
8ANDERSON TN_360120,8MADISON AL_360060,35.94503289,-84.38856432,34.79577878,-86.52158584,253.72,500,644823271.2609174,687043298.1575655,42220026.89664802,6.548
8BULL RUN FP_360093,8MADISON AL_360060,36.01895969,-84.15785445,34.79577878,-86.52158584,349.783,500,887561714.868312,945209488.8040677,57647773.9357557,6.495
8JVILLE FP_360037,8MADISON AL_360060,36.02382902,-87.98154082,34.79577878,-86.52158584,206.695,500,502240315.14788973,590884816.3229365,88644501.17504677,17.65
8DAVIDSON TN_360048,8MADISON AL_360060,36.06703747,-86.9841046,34.79577878,-86.52158584,177.69,500,439517153.1814312,512147017.4064039,72629864.22497274,16.525
8GLEASON CT_360582,8MADISON AL_360060,36.24522988,-88.6114255,34.79577878,-86.52158584,269.067,500,647622719.4422946,795216132.6855474,147593413.24325272,22.79
8LAG CRK CT_360568,8MADISON AL_360060,36.27534882,-88.83423675,34.79577878,-86.52158584,289.142,500,696197734.5677059,849409520.5116451,153211785.94393915,22.007
8CUMBERLAND_360040,8MADISON AL_360060,36.3921331,-87.65747953,34.79577878,-86.52158584,228.256,500,554478073.0393418,682424699.1445117,127946626.1051699,23.075
7SHAWNEE FP_360002,8MADISON AL_360060,37.150267,-88.778122,34.79577878,-86.52158584,385.996,500,929702919.1292312,1121729269.8124685,192026350.68323725,20.655
8CHOCTAW MS_360654,8PIN HOOK TN_360581,33.2984397,-89.4127739,36.04646628,-86.60595108,445.49,500,1092659755.9103777,1355472464.487364,262812708.57698634,24.053
8ACKERMAN CC_360627,8PIN HOOK TN_360581,33.38593855,-89.20997726,36.04646628,-86.60595108,423.884,500,1039143548.3980935,1277889822.4161782,238746274.01808476,22.975
8CLAY_360688,8PIN HOOK TN_360581,33.47863869,-88.74043971,36.04646628,-86.60595108,386.149,500,945025507.3525532,1142137176.7523618,197111669.3998086,20.858
8COGEN CALED_360606,8PIN HOOK TN_360581,33.64779158,-88.31593565,36.04646628,-86.60595108,347.085,500,846851898.6127814,999830163.083761,152978264.47097954,18.064
8E POINT AL_360058,8PIN HOOK TN_360581,34.19181783,-86.74805975,36.04646628,-86.60595108,259.041,500,645700458.649508,709146799.4005685,63446340.751060516,9.826
6CENTER PNT_360533,8PIN HOOK TN_360581,34.6665318,-84.97089121,36.04646628,-86.60595108,302.925,500,758624058.2104893,844886573.6913129,86262515.4808236,11.371
8BR FERRY NP_360052,8PIN HOOK TN_360581,34.70520875,-87.11705751,36.04646628,-86.60595108,179.084,500,444372021.9090576,503794399.5080898,59422377.599032134,13.372
6LOOPERS FRM_360602,8PIN HOOK TN_360581,34.708916,-84.922795,36.04646628,-86.60595108,295.138,500,738272493.7793639,821013159.0112398,82740665.23187591,11.207
8LIMESTONE_360088,8PIN HOOK TN_360581,34.71890958,-86.84630969,36.04646628,-86.60595108,171.556,500,423674234.3608166,461387257.7295571,37713023.3687405,8.901
6COUNTY LINE_360013,8PIN HOOK TN_360581,34.74311084,-85.00751569,36.04646628,-86.60595108,280.471,500,710291680.5980208,794736034.801537,84444354.20351619,11.889
6YOUNG GA_361454,8PIN HOOK TN_360581,34.75072952,-85.27349349,36.04646628,-86.60595108,233.433,500,592884182.4607918,668505614.9007177,75621432.43992595,12.755
8MADISON AL_360060,8PIN HOOK TN_360581,34.79577878,-86.52158584,36.04646628,-86.60595108,163.897,500,407051751.5528941,444713481.4933833,37661729.94048916,9.252
6KENSNGTN GA_361503,8PIN HOOK TN_360581,34.81265905,-85.32344844,36.04646628,-86.60595108,233.728,500,593258412.701998,663341157.1381358,70082744.43613777,11.813
6ALPHA GA_361502,8PIN HOOK TN_360581,34.813027,-84.853226,36.04646628,-86.60595108,275.633,500,690055580.8198817,768867655.0365493,78812074.21666762,11.421
6CLOUDLANDGA_361633,8PIN HOOK TN_360581,34.81849122,-85.5353055,36.04646628,-86.60595108,207.423,500,525508446.22726214,589805911.6057737,64297465.378511555,12.235
8MAGNOL CC1_360613,8PIN HOOK TN_360581,34.8287922,-89.20041124,36.04646628,-86.60595108,309.395,500,761680156.9256791,1039540682.0437152,277860525.1180361,36.48
6ROCK SPG GA_361500,8PIN HOOK TN_360581,34.83897801,-85.28020801,36.04646628,-86.60595108,237.767,500,602515615.9390056,674637591.4705594,72121975.53155376,11.97
6WID CRK FP_360068,8PIN HOOK TN_360581,34.88515896,-85.75604163,36.04646628,-86.60595108,178.086,500,451563608.93334705,505221511.4561547,53657902.52280766,11.883
6WRINGOLD GA_361504,8PIN HOOK TN_360581,34.89324284,-85.13750475,36.04646628,-86.60595108,274.18,500,686013463.6971042,773196419.7084267,87182956.01132244,12.709
6BATTLFLD GA_361530,8PIN HOOK TN_360581,34.9555953,-85.26465286,36.04646628,-86.60595108,209.146,500,532938230.7540339,603975046.7483846,71036815.99435066,13.329
6S HAVEN CC_360594,8PIN HOOK TN_360581,34.99627529,-90.0485284,36.04646628,-86.60595108,398.219,500,985411220.7609174,1359386687.963222,373975467.20230454,37.951
6CONCORD TN_361509,8PIN HOOK TN_360581,34.99679719,-85.1610968,36.04646628,-86.60595108,281.135,500,704816662.4027348,792797666.5151954,87981004.11246061,12.483
8BRADLEY TN_360662,8PIN HOOK TN_360581,35.0367008,-84.963798,36.04646628,-86.60595108,244.099,500,611711774.3690401,682673801.9948231,70962027.62578297,11.601
8BENTON MS_360612,8PIN HOOK TN_360581,35.17466126,-89.74553609,36.04646628,-86.60595108,345.915,500,854894082.3223746,1158454830.0542111,303560747.73183656,35.509
8FRANKLIN TN_360069,8PIN HOOK TN_360581,35.33506701,-86.11727644,36.04646628,-86.60595108,127.748,500,320517558.0464975,362390837.94893855,41873279.90244102,13.064
8HAYWOOD TN_360542,8PIN HOOK TN_360581,35.54308246,-89.19654872,36.04646628,-86.60595108,280.936,500,693401669.4561841,942547288.9026701,249145619.44648597,35.931
8HIWASSEE TN_360110,8PIN HOOK TN_360581,35.60032498,-84.78911434,36.04646628,-86.60595108,216.717,500,542336241.8412024,592971214.1179898,50634972.27678735,9.336
8LAG CRK CC_360615,8PIN HOOK TN_360581,35.65702785,-89.39460044,36.04646628,-86.60595108,296.69,500,735274212.9936647,997314715.0737293,262040502.0800646,35.638
8MAURY TN_360050,8PIN HOOK TN_360581,35.672863,-87.01861625,36.04646628,-86.60595108,76.711,500,204259243.35779563,246361826.26163608,42102582.90384044,20.612
8JACKSON TN_360019,8PIN HOOK TN_360581,35.70901203,-88.79407261,36.04646628,-86.60595108,239.289,500,595746652.6942245,816463918.0668999,220717265.37267545,37.049
8ANDERSON TN_360120,8PIN HOOK TN_360581,35.94503289,-84.38856432,36.04646628,-86.60595108,264.155,500,667684505.3475764,727397268.2253053,59712762.87772895,8.943
8BULL RUN FP_360093,8PIN HOOK TN_360581,36.01895969,-84.15785445,36.04646628,-86.60595108,353.642,500,889251807.2088945,966177710.2865002,76925903.07760574,8.651
8JVILLE FP_360037,8PIN HOOK TN_360581,36.02382902,-87.98154082,36.04646628,-86.60595108,159.839,500,406856507.9323126,523290651.6108341,116434143.67852151,28.618
8DAVIDSON TN_360048,8PIN HOOK TN_360581,36.06703747,-86.9841046,36.04646628,-86.60595108,83.494,500,225891516.3962533,293428401.7540388,67536885.35778555,29.898
8GLEASON CT_360582,8PIN HOOK TN_360581,36.24522988,-88.6114255,36.04646628,-86.60595108,225.835,500,566267654.1741185,711931722.0612608,145664067.8871423,25.724
8LAG CRK CT_360568,8PIN HOOK TN_360581,36.27534882,-88.83423675,36.04646628,-86.60595108,247.412,500,617693662.4396048,768121306.2311033,150427643.79149854,24.353
8CUMBERLAND_360040,8PIN HOOK TN_360581,36.3921331,-87.65747953,36.04646628,-86.60595108,154.119,500,397534185.77542174,544905879.2316782,147371693.45625657,37.071
8PHIPPS B NP_360102,8PIN HOOK TN_360581,36.46070569,-82.80788409,36.04646628,-86.60595108,443.133,500,1118747706.286953,1198131919.9976974,79384213.71074432,7.096
8MONTGOMERY_360044,8PIN HOOK TN_360581,36.59438524,-87.25325857,36.04646628,-86.60595108,155.213,500,403367219.744328,546037667.4647319,142670447.72040385,35.37
8MARSHALL KY_360015,8PIN HOOK TN_360581,37.02455006,-88.39384277,36.04646628,-86.60595108,277.306,500,701058646.4586186,900810814.8538586,199752168.39523995,28.493
7SHAWNEE FP_360002,8PIN HOOK TN_360581,37.150267,-88.778122,36.04646628,-86.60595108,339.141,500,834319111.9136541,1054003575.0618706,219684463.14821643,26.331
8PARADISE CC_360117,8PIN HOOK TN_360581,37.259697,-86.976991,36.04646628,-86.60595108,229.916,500,581465736.5366757,741731471.461438,160265734.92476222,27.562
8PARADISE CC_360117,8PIN HOOK TN_360581,37.259697,-86.976991,36.04646628,-86.60595108,229.916,500,581465736.5366757,741731471.461438,160265734.92476222,27.562
8ACKERMAN CC_360627,8BRADLEY TN_360662,33.38593855,-89.20997726,35.0367008,-84.963798,503.068,500,1229430096.356234,1479872142.3633263,250442046.0070922,20.371
6CENTER PNT_360533,8BRADLEY TN_360662,34.6665318,-84.97089121,35.0367008,-84.963798,65.472,500,163218383.89607537,190800725.43852544,27582341.54245008,16.899
8BR FERRY NP_360052,8BRADLEY TN_360662,34.70520875,-87.11705751,35.0367008,-84.963798,281.77,500,702494050.5534887,767406132.4589624,64912081.90547374,9.24
6LOOPERS FRM_360602,8BRADLEY TN_360662,34.708916,-84.922795,35.0367008,-84.963798,57.684,500,142866819.46495003,166899081.91707203,24032262.452122003,16.821
6COUNTY LINE_360013,8BRADLEY TN_360662,34.74311084,-85.00751569,35.0367008,-84.963798,49.862,500,124653280.81465751,147537907.6903343,22884626.875676773,18.359
6YOUNG GA_361454,8BRADLEY TN_360662,34.75072952,-85.27349349,35.0367008,-84.963798,90.789,500,227903520.8494054,264483204.2484343,36579683.3990289,16.051
6KENSNGTN GA_361503,8BRADLEY TN_360662,34.81265905,-85.32344844,35.0367008,-84.963798,96.411,500,242736183.94967613,284850799.2525588,42114615.30288271,17.35
6ALPHA GA_361502,8BRADLEY TN_360662,34.813027,-84.853226,35.0367008,-84.963798,38.179,500,94649906.50546783,114989632.16978928,20339725.664321445,21.489
6CLOUDLANDGA_361633,8BRADLEY TN_360662,34.81849122,-85.5353055,35.0367008,-84.963798,113.498,500,287785617.018439,334611456.3189235,46825839.30048449,16.271
6ROCK SPG GA_361500,8BRADLEY TN_360662,34.83897801,-85.28020801,35.0367008,-84.963798,100.164,500,250925647.88971516,293839527.4570682,42913879.56735303,17.102
6WID CRK FP_360068,8BRADLEY TN_360662,34.88515896,-85.75604163,35.0367008,-84.963798,126.608,500,348297457.2817356,369677266.09578556,21379808.814049963,6.138
6WRINGOLD GA_361504,8BRADLEY TN_360662,34.89324284,-85.13750475,35.0367008,-84.963798,33.197,500,81817760.55531013,100927822.3436889,19110061.78837877,23.357
6BATTLFLD GA_361530,8BRADLEY TN_360662,34.9555953,-85.26465286,35.0367008,-84.963798,115.053,500,323413981.356887,352386328.60312414,28972347.24623719,8.958
6S HAVEN CC_360594,8BRADLEY TN_360662,34.99627529,-90.0485284,35.0367008,-84.963798,567.466,500,1381870232.3259828,1725120839.43439,343250607.1084074,24.84
6CONCORD TN_361509,8BRADLEY TN_360662,34.99679719,-85.1610968,35.0367008,-84.963798,40.153,500,100620959.26094061,120318572.11663651,19697612.8556959,19.576
8BENTON MS_360612,8BRADLEY TN_360662,35.17466126,-89.74553609,35.0367008,-84.963798,520.768,500,1267541919.7782001,1554630661.337788,287088741.55958796,22.649
8ANDERSON TN_360120,8BRADLEY TN_360662,35.94503289,-84.38856432,35.0367008,-84.963798,132.051,500,321344501.57247174,342404707.43533385,21060205.86286208,6.554
7SHAWNEE FP_360002,8BRADLEY TN_360662,37.150267,-88.778122,35.0367008,-84.963798,526.568,500,1283895546.3750057,1520385066.5916305,236489520.21662468,18.42
8ACKERMAN CC_360627,8BULL RUN FP_360093,33.38593855,-89.20997726,36.01895969,-84.15785445,665.314,500,1640241913.7697291,1890457031.6159842,250215117.846255,15.255
6CENTER PNT_360533,8BULL RUN FP_360093,34.6665318,-84.97089121,36.01895969,-84.15785445,284.263,500,719726744.2097101,756940234.8008853,37213490.59117518,5.171
8BR FERRY NP_360052,8BULL RUN FP_360093,34.70520875,-87.11705751,36.01895969,-84.15785445,413.641,500,1028141969.2015262,1085760262.9591587,57618293.75763245,5.604
6LOOPERS FRM_360602,8BULL RUN FP_360093,34.708916,-84.922795,36.01895969,-84.15785445,276.475,500,699375179.778585,732929971.360296,33554791.581711024,4.798
6COUNTY LINE_360013,8BULL RUN FP_360093,34.74311084,-85.00751569,36.01895969,-84.15785445,276.285,500,692156211.1572448,742963845.683915,50807634.52667019,7.34
6YOUNG GA_361454,8BULL RUN FP_360093,34.75072952,-85.27349349,36.01895969,-84.15785445,317.211,500,795406451.1919928,860547456.0260429,65141004.83405014,8.19
6KENSNGTN GA_361503,8BULL RUN FP_360093,34.81265905,-85.32344844,36.01895969,-84.15785445,313.062,500,797102189.618088,849431300.7610883,52329111.14300029,6.565
6ALPHA GA_361502,8BULL RUN FP_360093,34.813027,-84.853226,36.01895969,-84.15785445,256.97,500,651158266.8191026,680883550.2995253,29725283.48042267,4.565
6CLOUDLANDGA_361633,8BULL RUN FP_360093,34.81849122,-85.5353055,36.01895969,-84.15785445,286.757,500,729352223.143352,775629128.4200714,46276905.27671931,6.345
6ROCK SPG GA_361500,8BULL RUN FP_360093,34.83897801,-85.28020801,36.01895969,-84.15785445,317.1,500,806359392.8550955,860761375.5442768,54401982.68918136,6.747
6WID CRK FP_360068,8BULL RUN FP_360093,34.88515896,-85.75604163,36.01895969,-84.15785445,284.838,500,724335949.4599717,763373047.2525617,39037097.79259007,5.389
6WRINGOLD GA_361504,8BULL RUN FP_360093,34.89324284,-85.13750475,36.01895969,-84.15785445,259.62,500,649320690.8978975,696235900.8154782,46915209.91758074,7.225
6BATTLFLD GA_361530,8BULL RUN FP_360093,34.9555953,-85.26465286,36.01895969,-84.15785445,281.56,500,718420621.5612993,768353249.3186059,49932627.75730657,6.95
6S HAVEN CC_360594,8BULL RUN FP_360093,34.99627529,-90.0485284,36.01895969,-84.15785445,678.523,500,1669931777.5965433,2027150973.3237348,357219195.7271914,21.391
6CONCORD TN_361509,8BULL RUN FP_360093,34.99679719,-85.1610968,36.01895969,-84.15785445,266.575,500,668123889.6035279,715837142.9146005,47713253.31107258,7.141
8BRADLEY TN_360662,8BULL RUN FP_360093,35.0367008,-84.963798,36.01895969,-84.15785445,229.539,500,575019001.5698333,605412206.2438799,30393204.674046632,5.286
8BENTON MS_360612,8BULL RUN FP_360093,35.17466126,-89.74553609,36.01895969,-84.15785445,631.824,500,1555603465.0487604,1856112034.46672,300508569.4179598,19.318
8ANDERSON TN_360120,8BULL RUN FP_360093,35.94503289,-84.38856432,36.01895969,-84.15785445,114.909,500,294782030.6384865,306896413.1404165,12114382.501929974,4.11
7SHAWNEE FP_360002,8BULL RUN FP_360093,37.150267,-88.778122,36.01895969,-84.15785445,604.762,500,1474556114.2390757,1668449006.7481964,193892892.5091208,13.149
8ACKERMAN CC_360627,8CHOCTAW MS_360654,33.38593855,-89.20997726,33.2984397,-89.4127739,22.787,500,54555149.45859781,80898757.18480402,26343607.72620622,48.288
6CENTER PNT_360533,8CHOCTAW MS_360654,34.6665318,-84.97089121,33.2984397,-89.4127739,498.185,500,1221113887.9194117,1508174819.5332046,287060931.6137929,23.508
8BR FERRY NP_360052,8CHOCTAW MS_360654,34.70520875,-87.11705751,33.2984397,-89.4127739,301.6,500,735740110.2780946,933694821.186749,197954710.90865433,26.906
6LOOPERS FRM_360602,8CHOCTAW MS_360654,34.708916,-84.922795,33.2984397,-89.4127739,504.936,500,1239253711.3731446,1527574338.7913585,288320627.41821396,23.266
6COUNTY LINE_360013,8CHOCTAW MS_360654,34.74311084,-85.00751569,33.2984397,-89.4127739,488.667,500,1197571901.7677748,1453415532.4390867,255843630.6713118,21.364
6YOUNG GA_361454,8CHOCTAW MS_360654,34.75072952,-85.27349349,33.2984397,-89.4127739,454.77,500,1110693164.0534964,1360026236.0334833,249333071.97998688,22.448
6KENSNGTN GA_361503,8CHOCTAW MS_360654,34.81265905,-85.32344844,33.2984397,-89.4127739,454.969,500,1111221845.084578,1358583180.480637,247361335.39605895,22.26
6ALPHA GA_361502,8CHOCTAW MS_360654,34.813027,-84.853226,33.2984397,-89.4127739,524.006,500,1285348505.0985806,1579428627.8969414,294080122.7983609,22.879
6CLOUDLANDGA_361633,8CHOCTAW MS_360654,34.81849122,-85.5353055,33.2984397,-89.4127739,435.244,500,1060356775.9841968,1296082654.5134127,235725878.52921584,22.231
6ROCK SPG GA_361500,8CHOCTAW MS_360654,34.83897801,-85.28020801,33.2984397,-89.4127739,459.007,500,1120434661.2914624,1369975677.9962764,249541016.70481408,22.272
6WID CRK FP_360068,8CHOCTAW MS_360654,34.88515896,-85.75604163,33.2984397,-89.4127739,412.151,500,999790658.3763667,1228862839.4325862,229072181.05621952,22.912
6WRINGOLD GA_361504,8CHOCTAW MS_360654,34.89324284,-85.13750475,33.2984397,-89.4127739,496.898,500,1214826811.8189738,1466805837.2839675,251979025.46499383,20.742
6BATTLFLD GA_361530,8CHOCTAW MS_360654,34.9555953,-85.26465286,33.2984397,-89.4127739,466.589,500,1141409400.3936005,1390595439.9117715,249186039.51817113,21.831
6S HAVEN CC_360594,8CHOCTAW MS_360654,34.99627529,-90.0485284,33.2984397,-89.4127739,219.997,500,541255369.1243911,736698356.5517809,195442987.42738983,36.109
6CONCORD TN_361509,8CHOCTAW MS_360654,34.99679719,-85.1610968,33.2984397,-89.4127739,518.685,500,1270397860.925077,1532442901.6863894,262045040.76131245,20.627
8BRADLEY TN_360662,8CHOCTAW MS_360654,35.0367008,-84.963798,33.2984397,-89.4127739,524.674,500,1282946303.8685184,1556976450.916955,274030147.04843676,21.359
8BENTON MS_360612,8CHOCTAW MS_360654,35.17466126,-89.74553609,33.2984397,-89.4127739,245.38,500,605010858.3522846,844648083.3510388,239637224.99875426,39.609
8ANDERSON TN_360120,8CHOCTAW MS_360654,35.94503289,-84.38856432,33.2984397,-89.4127739,598.889,500,1463466550.8721447,1704272881.347237,240806330.47509238,16.455
8BULL RUN FP_360093,8CHOCTAW MS_360654,36.01895969,-84.15785445,33.2984397,-89.4127739,686.919,500,1693758121.2820134,1967980665.9965901,274222544.7145768,16.19
7SHAWNEE FP_360002,8CHOCTAW MS_360654,37.150267,-88.778122,33.2984397,-89.4127739,477.941,500,1153955063.915276,1569756491.0528102,415801427.137534,36.033
8CHOCTAW MS_360654,8E POINT AL_360058,33.2984397,-89.4127739,34.19181783,-86.74805975,306.602,500,746754039.005126,965285082.9446424,218531043.93951643,29.264
8ACKERMAN CC_360627,8E POINT AL_360058,33.38593855,-89.20997726,34.19181783,-86.74805975,284.996,500,693237831.4928417,888047006.3398294,194809174.84698772,28.101
8CLAY_360688,8E POINT AL_360058,33.47863869,-88.74043971,34.19181783,-86.74805975,236.568,500,575874344.1502419,718800468.5867045,142926124.4364626,24.819
8COGEN CALED_360606,8E POINT AL_360058,33.64779158,-88.31593565,34.19181783,-86.74805975,189.399,500,458553753.4191532,553545233.5547363,94991480.13558307,20.715
6CENTER PNT_360533,8E POINT AL_360058,34.6665318,-84.97089121,34.19181783,-86.74805975,223.402,500,549750354.1170638,613951738.4954784,64201384.37841464,11.678
8BR FERRY NP_360052,8E POINT AL_360058,34.70520875,-87.11705751,34.19181783,-86.74805975,144.919,500,352768907.8222916,368912944.0753445,16144036.253052898,4.576
6LOOPERS FRM_360602,8E POINT AL_360058,34.708916,-84.922795,34.19181783,-86.74805975,230.153,500,567890177.5707965,633317284.9664809,65427107.39568432,11.521
6COUNTY LINE_360013,8E POINT AL_360058,34.74311084,-85.00751569,34.19181783,-86.74805975,212.165,500,529943341.0266801,573112571.9509917,43169230.92431159,8.146
6YOUNG GA_361454,8E POINT AL_360058,34.75072952,-85.27349349,34.19181783,-86.74805975,182.597,500,454037633.0759281,486643464.62250304,32605831.546574928,7.181
6KENSNGTN GA_361503,8E POINT AL_360058,34.81265905,-85.32344844,34.19181783,-86.74805975,182.796,500,454566314.10700995,484879782.765948,30313468.65893803,6.669
6ALPHA GA_361502,8E POINT AL_360058,34.813027,-84.853226,34.19181783,-86.74805975,249.224,500,613984971.2962325,685170477.3877125,71185506.09148002,11.594
6CLOUDLANDGA_361633,8E POINT AL_360058,34.81849122,-85.5353055,34.19181783,-86.74805975,164.293,500,405240325.6063286,425314760.29112095,20074434.68479232,4.954
6ROCK SPG GA_361500,8E POINT AL_360058,34.83897801,-85.28020801,34.19181783,-86.74805975,186.835,500,463779130.3138944,496315283.3826496,32536153.0687552,7.015
6WID CRK FP_360068,8E POINT AL_360058,34.88515896,-85.75604163,34.19181783,-86.74805975,149.763,500,362866363.8876523,371223587.14104265,8357223.253390389,2.303
6WRINGOLD GA_361504,8E POINT AL_360058,34.89324284,-85.13750475,34.19181783,-86.74805975,220.396,500,547198251.0778792,587886386.0283613,40688134.95048219,7.436
6BATTLFLD GA_361530,8E POINT AL_360058,34.9555953,-85.26465286,34.19181783,-86.74805975,200.763,500,502365436.0638157,533677250.2649461,31311814.201130394,6.233
6S HAVEN CC_360594,8E POINT AL_360058,34.99627529,-90.0485284,34.19181783,-86.74805975,397.298,500,973161311.0698358,1283613409.6040626,310452098.53422666,31.901
6CONCORD TN_361509,8E POINT AL_360058,34.99679719,-85.1610968,34.19181783,-86.74805975,242.183,500,602769300.1839823,653401506.0942681,50632205.91028582,8.4
8BRADLEY TN_360662,8E POINT AL_360058,35.0367008,-84.963798,34.19181783,-86.74805975,248.172,500,615317743.1274238,677499227.652659,62181484.525235265,10.106
8BENTON MS_360612,8E POINT AL_360058,35.17466126,-89.74553609,34.19181783,-86.74805975,365.249,500,890442268.4166932,1165520188.009538,275077919.5928447,30.892
8ANDERSON TN_360120,8E POINT AL_360058,35.94503289,-84.38856432,34.19181783,-86.74805975,338.894,500,839930560.5658803,873386646.3447789,33456085.7788986,3.983
8BULL RUN FP_360093,8E POINT AL_360058,36.01895969,-84.15785445,34.19181783,-86.74805975,434.092,500,1084145154.7166467,1132593099.3905244,48447944.673877746,4.469
8DAVIDSON TN_360048,8E POINT AL_360058,36.06703747,-86.9841046,34.19181783,-86.74805975,273.598,500,680459075.3905928,755625859.153209,75166783.7626161,11.046
8CUMBERLAND_360040,8E POINT AL_360058,36.3921331,-87.65747953,34.19181783,-86.74805975,308.246,500,744198103.0029671,909847522.1908005,165649419.18783346,22.259
7SHAWNEE FP_360002,8E POINT AL_360058,37.150267,-88.778122,34.19181783,-86.74805975,448.051,500,1074693718.7817254,1327110088.7984362,252416370.01671067,23.487
8CHOCTAW MS_360654,8MONTGOMERY_360044,33.2984397,-89.4127739,36.59438524,-87.25325857,471.817,500,1136461397.570704,1591546969.9185162,455085572.3478123,40.044
8ACKERMAN CC_360627,8MONTGOMERY_360044,33.38593855,-89.20997726,36.59438524,-87.25325857,452.475,500,1091112955.9511542,1531236792.7178135,440123836.76665926,40.337
8CLAY_360688,8MONTGOMERY_360044,33.47863869,-88.74043971,36.59438524,-87.25325857,422.834,500,1021001211.4593531,1394081277.1615226,373080065.7021695,36.541
8COGEN CALED_360606,8MONTGOMERY_360044,33.64779158,-88.31593565,36.59438524,-87.25325857,385.014,500,929156954.897938,1246726433.4696622,317569478.5717243,34.178
8E POINT AL_360058,8MONTGOMERY_360044,34.19181783,-86.74805975,36.59438524,-87.25325857,346.315,500,857096046.8874743,1003426414.46995,146330367.58247563,17.073
6CENTER PNT_360533,8MONTGOMERY_360044,34.6665318,-84.97089121,36.59438524,-87.25325857,397.971,500,972906303.884117,1104819549.1573224,131913245.2732055,13.559
8BR FERRY NP_360052,8MONTGOMERY_360044,34.70520875,-87.11705751,36.59438524,-87.25325857,236.786,500,578961733.363728,721712148.2199187,142750414.85619074,24.656
6LOOPERS FRM_360602,8MONTGOMERY_360044,34.708916,-84.922795,36.59438524,-87.25325857,390.183,500,952554739.4529917,1080867720.2911732,128312980.83818156,13.47
8LIMESTONE_360088,8MONTGOMERY_360044,34.71890958,-86.84630969,36.59438524,-87.25325857,242.477,500,594107080.7731702,735147072.4863257,141039991.71315545,23.74
6COUNTY LINE_360013,8MONTGOMERY_360044,34.74311084,-85.00751569,36.59438524,-87.25325857,372.605,500,938121732.7103069,1128969285.9460018,190847553.23569497,20.344
6YOUNG GA_361454,8MONTGOMERY_360044,34.75072952,-85.27349349,36.59438524,-87.25325857,330.179,500,834528541.2103904,1003782354.8604219,169253813.65003142,20.281
8MADISON AL_360060,8MONTGOMERY_360044,34.79577878,-86.52158584,36.59438524,-87.25325857,247.636,500,607773100.5780978,751642023.5572996,143868922.97920173,23.671
6KENSNGTN GA_361503,8MONTGOMERY_360044,34.81265905,-85.32344844,36.59438524,-87.25325857,330.475,500,834902771.4515967,998812940.2943865,163910168.84278974,19.632
6ALPHA GA_361502,8MONTGOMERY_360044,34.813027,-84.853226,36.59438524,-87.25325857,370.678,500,904337826.4935094,1028886380.9278278,124548554.43431845,13.772
6CLOUDLANDGA_361633,8MONTGOMERY_360044,34.81849122,-85.5353055,36.59438524,-87.25325857,304.17,500,767152804.9768609,925369047.5698235,158216242.59296265,20.624
8MAGNOL CC1_360613,8MONTGOMERY_360044,34.8287922,-89.20041124,36.59438524,-87.25325857,295.546,500,717618456.0674679,1006575655.467289,288957199.399821,40.266
6ROCK SPG GA_361500,8MONTGOMERY_360044,34.83897801,-85.28020801,36.59438524,-87.25325857,334.513,500,844159974.6886044,1010120822.7880795,165960848.09947518,19.66
6WID CRK FP_360068,8MONTGOMERY_360044,34.88515896,-85.75604163,36.59438524,-87.25325857,270.484,500,679672893.5155551,840057727.5717208,160384834.05616572,23.597
6WRINGOLD GA_361504,8MONTGOMERY_360044,34.89324284,-85.13750475,36.59438524,-87.25325857,369.226,500,900295709.3707321,1033840411.6626728,133544702.29194063,14.833
6BATTLFLD GA_361530,8MONTGOMERY_360044,34.9555953,-85.26465286,36.59438524,-87.25325857,308.206,500,778299414.5659559,952528296.6564574,174228882.0905015,22.386
6S HAVEN CC_360594,8MONTGOMERY_360044,34.99627529,-90.0485284,36.59438524,-87.25325857,382.276,500,938986809.162966,1322878038.3071349,383891229.1441688,40.884
6CONCORD TN_361509,8MONTGOMERY_360044,34.99679719,-85.1610968,36.59438524,-87.25325857,376.181,500,919098908.0763626,1053321926.3417094,134223018.26534683,14.604
8BRADLEY TN_360662,8MONTGOMERY_360044,35.0367008,-84.963798,36.59438524,-87.25325857,339.145,500,825994020.0426679,942736822.3730668,116742802.33039889,14.134
8BENTON MS_360612,8MONTGOMERY_360044,35.17466126,-89.74553609,36.59438524,-87.25325857,324.019,500,789334546.1302536,1086982984.4060714,297648438.2758179,37.709
8FRANKLIN TN_360069,8MONTGOMERY_360044,35.33506701,-86.11727644,36.59438524,-87.25325857,220.527,500,549000464.0531058,687889475.4857423,138889011.4326365,25.299
8HAYWOOD TN_360542,8MONTGOMERY_360044,35.54308246,-89.19654872,36.59438524,-87.25325857,250.42,500,607424102.4940085,795201350.1775987,187777247.6835901,30.914
8HIWASSEE TN_360110,8MONTGOMERY_360044,35.60032498,-84.78911434,36.59438524,-87.25325857,291.94,500,710120359.8138236,811655442.1564358,101535082.34261231,14.298
8LAG CRK CC_360615,8MONTGOMERY_360044,35.65702785,-89.39460044,36.59438524,-87.25325857,262.852,500,635388114.5902771,823487475.6142302,188099361.02395302,29.604
8MAURY TN_360050,8MONTGOMERY_360044,35.672863,-87.01861625,36.59438524,-87.25325857,122.03,500,305512444.8926126,425264464.7019777,119752019.80936518,39.197
8JACKSON TN_360019,8MONTGOMERY_360044,35.70901203,-88.79407261,36.59438524,-87.25325857,205.13,500,498345043.08853185,657306766.5371355,158961723.44860363,31.898
8ANDERSON TN_360120,8MONTGOMERY_360044,35.94503289,-84.38856432,36.59438524,-87.25325857,311.634,500,766142114.7461004,850758139.1409616,84616024.39486128,11.044
8BULL RUN FP_360093,8MONTGOMERY_360044,36.01895969,-84.15785445,36.59438524,-87.25325857,366.11,500,900068661.5657669,986972445.344826,86903783.77905907,9.655
8JVILLE FP_360037,8MONTGOMERY_360044,36.02382902,-87.98154082,36.59438524,-87.25325857,116.677,500,284640600.7375314,370775083.37972903,86134482.64219762,30.261
8DAVIDSON TN_360048,8MONTGOMERY_360044,36.06703747,-86.9841046,36.59438524,-87.25325857,79.568,500,199393207.33279482,276204526.8857779,76811319.55298308,38.523
8GLEASON CT_360582,8MONTGOMERY_360044,36.24522988,-88.6114255,36.59438524,-87.25325857,174.477,500,425469161.9038136,546316141.7167524,120846979.81293876,28.403
8LAG CRK CT_360568,8MONTGOMERY_360044,36.27534882,-88.83423675,36.59438524,-87.25325857,196.053,500,476895170.16929984,602302258.0384414,125407087.8691416,26.297
8CUMBERLAND_360040,8MONTGOMERY_360044,36.3921331,-87.65747953,36.59438524,-87.25325857,79.851,500,195477185.14547628,270801279.23478013,75324094.08930384,38.533
8MARSHALL KY_360015,8MONTGOMERY_360044,37.02455006,-88.39384277,36.59438524,-87.25325857,199.698,500,482101461.53462267,580452724.3516101,98351262.81698738,20.401
7SHAWNEE FP_360002,8MONTGOMERY_360044,37.150267,-88.778122,36.59438524,-87.25325857,287.782,500,693520619.643349,889051518.532231,195530898.88888195,28.194
8CHOCTAW MS_360654,8UNION MS_360033,33.2984397,-89.4127739,34.37783096,-88.85850114,148.247,500,357920828.85484767,502804028.490798,144883199.63595036,40.479
8ACKERMAN CC_360627,8UNION MS_360033,33.38593855,-89.20997726,34.37783096,-88.85850114,130.554,500,316575998.4747325,448624284.3347341,132048285.86000156,41.711
8CLAY_360688,8UNION MS_360033,33.47863869,-88.74043971,34.37783096,-88.85850114,112.096,500,269049170.86370087,361773127.6789347,92723956.81523383,34.464
8COGEN CALED_360606,8UNION MS_360033,33.64779158,-88.31593565,34.37783096,-88.85850114,107.446,500,259962650.49464163,347663728.5424659,87701078.04782426,33.736
8E POINT AL_360058,8UNION MS_360033,34.19181783,-86.74805975,34.37783096,-88.85850114,247.682,500,609323914.1202267,741530773.79261,132206859.6723833,21.697
8TRICO STEEL_360014,8UNION MS_360033,34.60872576,-87.05506218,34.37783096,-88.85850114,188.834,500,458403267.25997096,589335752.660892,130932485.40092108,28.563
6CENTER PNT_360533,8UNION MS_360033,34.6665318,-84.97089121,34.37783096,-88.85850114,433.995,500,1061214624.3631444,1274966049.5237408,213751425.16059646,20.142
8BR FERRY NP_360052,8UNION MS_360033,34.70520875,-87.11705751,34.37783096,-88.85850114,196.061,500,478579301.5209838,604220844.8888272,125641543.36784342,26.253
6LOOPERS FRM_360602,8UNION MS_360033,34.708916,-84.922795,34.37783096,-88.85850114,440.746,500,1079354447.8168771,1294435159.821224,215080712.00434685,19.927
8LIMESTONE_360088,8UNION MS_360033,34.71890958,-86.84630969,34.37783096,-88.85850114,219.808,500,535536688.8471298,660403599.4569123,124866910.60978249,23.316
6COUNTY LINE_360013,8UNION MS_360033,34.74311084,-85.00751569,34.37783096,-88.85850114,409.026,500,1002050629.801948,1195976280.2339532,193925650.4320053,19.353
6YOUNG GA_361454,8UNION MS_360033,34.75072952,-85.27349349,34.37783096,-88.85850114,375.129,500,915171892.0876693,1101787231.9386277,186615339.8509584,20.391
8MADISON AL_360060,8UNION MS_360033,34.79577878,-86.52158584,34.37783096,-88.85850114,259.366,500,634399000.3691902,768691494.3447351,134292493.97554496,21.168
6KENSNGTN GA_361503,8UNION MS_360033,34.81265905,-85.32344844,34.37783096,-88.85850114,375.328,500,915700573.1187512,1100452128.3758469,184751555.2570957,20.176
6ALPHA GA_361502,8UNION MS_360033,34.813027,-84.853226,34.37783096,-88.85850114,459.817,500,1125449241.542313,1346395279.0002058,220946037.4578926,19.632
6CLOUDLANDGA_361633,8UNION MS_360033,34.81849122,-85.5353055,34.37783096,-88.85850114,355.603,500,864835504.0183699,1037982000.6514648,173146496.63309494,20.021
8MAGNOL CC1_360613,8UNION MS_360033,34.8287922,-89.20041124,34.37783096,-88.85850114,65.281,500,158219992.21730244,234355028.19499052,76135035.97768809,48.12
6ROCK SPG GA_361500,8UNION MS_360033,34.83897801,-85.28020801,34.37783096,-88.85850114,379.366,500,924913389.3256356,1111823610.5506384,186910221.22500288,20.208
6WID CRK FP_360068,8UNION MS_360033,34.88515896,-85.75604163,34.37783096,-88.85850114,332.51,500,804269386.4105399,970069929.3177451,165800542.90720522,20.615
6WRINGOLD GA_361504,8UNION MS_360033,34.89324284,-85.13750475,34.37783096,-88.85850114,417.257,500,1019305539.853147,1210010344.5922194,190704804.73907235,18.709
6BATTLFLD GA_361530,8UNION MS_360033,34.9555953,-85.26465286,34.37783096,-88.85850114,386.948,500,945888128.4277735,1132453610.3052876,186565481.87751403,19.724
6S HAVEN CC_360594,8UNION MS_360033,34.99627529,-90.0485284,34.37783096,-88.85850114,162.05,500,402532307.13367826,570790881.4413447,168258574.30766645,41.8
6CONCORD TN_361509,8UNION MS_360033,34.99679719,-85.1610968,34.37783096,-88.85850114,439.044,500,1074876588.95925,1275658815.4869692,200782226.52771926,18.68
8BRADLEY TN_360662,8UNION MS_360033,35.0367008,-84.963798,34.37783096,-88.85850114,445.033,500,1087425031.9026916,1299571575.0139072,212146543.11121556,19.509
8RACCOON MTN_360079,8UNION MS_360033,35.05681146,-85.38724619,34.37783096,-88.85850114,374.077,500,908471490.5773151,1083311972.544269,174840481.96695393,19.246
8BENTON MS_360612,8UNION MS_360033,35.17466126,-89.74553609,34.37783096,-88.85850114,140.053,500,346214273.449098,498591526.1351954,152377252.6860974,44.012
8SEQUOYAH NP_360081,8UNION MS_360033,35.22706031,-85.09419774,34.37783096,-88.85850114,420.716,500,1036133914.7782531,1213714147.80542,177580233.02716675,17.139
8FRANKLIN TN_360069,8UNION MS_360033,35.33506701,-86.11727644,34.37783096,-88.85850114,308.09,500,745343062.5050654,899159172.8209494,153816110.31588402,20.637
8SHELBY TN_360021,8UNION MS_360033,35.38606284,-89.80340294,34.37783096,-88.85850114,159.769,500,389587746.538424,553238008.9617988,163650262.42337477,42.006
8HAYWOOD TN_360542,8UNION MS_360033,35.54308246,-89.19654872,34.37783096,-88.85850114,146.58,500,357720541.75946474,519546239.2851068,161825697.52564207,45.238
8HIWASSEE TN_360110,8UNION MS_360033,35.60032498,-84.78911434,34.37783096,-88.85850114,444.033,500,1077696598.7301679,1244683738.8279235,166987140.0977556,15.495
8LAG CRK CC_360615,8UNION MS_360033,35.65702785,-89.39460044,34.37783096,-88.85850114,165.594,500,402931626.20004827,577595405.6559727,174663779.45592445,43.348
8MAURY TN_360050,8UNION MS_360033,35.672863,-87.01861625,34.37783096,-88.85850114,246.872,500,594754848.2598523,814283574.8134148,219528726.55356255,36.911
8JACKSON TN_360019,8UNION MS_360033,35.70901203,-88.79407261,34.37783096,-88.85850114,161.605,500,394933859.681777,569818946.9997141,174885087.31793714,44.282
8RUTHERFORD_360010,8UNION MS_360033,35.82791498,-86.59841524,34.37783096,-88.85850114,295.771,500,717376210.9331001,961908548.0568459,244532337.12374583,34.087
8ANDERSON TN_360120,8UNION MS_360033,35.94503289,-84.38856432,34.37783096,-88.85850114,493.35,500,1206305742.1150336,1380379807.744836,174074065.62980253,14.43
8BULL RUN FP_360093,8UNION MS_360033,36.01895969,-84.15785445,34.37783096,-88.85850114,581.38,500,1436597312.5249026,1644017611.2188318,207420298.69392917,14.438
8JVILLE FP_360037,8UNION MS_360033,36.02382902,-87.98154082,34.37783096,-88.85850114,221.676,500,529244441.2131594,737591590.5636289,208347149.35046956,39.367
8PIN HOOK TN_360581,8UNION MS_360033,36.04646628,-86.60595108,34.37783096,-88.85850114,318.569,500,785669180.66322,1056000588.750968,270331408.087748,34.408
8PLATEAU TN_360077,8UNION MS_360033,36.05858036,-85.14194112,34.37783096,-88.85850114,433.6,500,1052621980.0921426,1235938718.5345485,183316738.44240597,17.415
8DAVIDSON TN_360048,8UNION MS_360033,36.06703747,-86.9841046,34.37783096,-88.85850114,276.442,500,671684480.3005226,967634769.9673784,295950289.6668559,44.061
8GLEASON CT_360582,8UNION MS_360033,36.24522988,-88.6114255,34.37783096,-88.85850114,225.635,500,546427538.517455,773772717.3630449,227345178.84558988,41.606
8LAG CRK CT_360568,8UNION MS_360033,36.27534882,-88.83423675,34.37783096,-88.85850114,230.05,500,559450731.827967,774814374.2668164,215363642.4388493,38.496
8CUMBERLAND_360040,8UNION MS_360033,36.3921331,-87.65747953,34.37783096,-88.85850114,278.129,500,667170254.2300239,926881736.6394117,259711482.40938783,38.927
8PHIPPS B NP_360102,8UNION MS_360033,36.46070569,-82.80788409,34.37783096,-88.85850114,670.871,500,1666093211.602961,1874130948.051776,208037736.4488149,12.487
8MONTGOMERY_360044,8UNION MS_360033,36.59438524,-87.25325857,34.37783096,-88.85850114,327.723,500,789359884.1796482,1096743060.048183,307383175.8685347,38.941
8MARSHALL KY_360015,8UNION MS_360033,37.02455006,-88.39384277,34.37783096,-88.85850114,331.554,500,801262383.7817258,1120280214.602034,319017830.8203082,39.814
7SHAWNEE FP_360002,8UNION MS_360033,37.150267,-88.778122,34.37783096,-88.85850114,347.605,500,838021771.9615982,1132273480.0509193,294251708.0893212,35.113
8PARADISE CC_360117,8UNION MS_360033,37.259697,-86.976991,34.37783096,-88.85850114,400.092,500,961384297.5534619,1307034910.6182506,345650613.06478876,35.953
8PARADISE CC_360117,8UNION MS_360033,37.259697,-86.976991,34.37783096,-88.85850114,400.092,500,961384297.5534619,1307034910.6182506,345650613.06478876,35.953
8CHOCTAW MS_360654,8LAG CRK CT_360568,33.2984397,-89.4127739,36.27534882,-88.83423675,362.692,500,879421955.2599002,1215464572.2777083,336042617.01780814,38.212
8ACKERMAN CC_360627,8LAG CRK CT_360568,33.38593855,-89.20997726,36.27534882,-88.83423675,349.463,500,847786397.9403503,1174196143.994655,326409746.05430454,38.501
8CLAY_360688,8LAG CRK CT_360568,33.47863869,-88.74043971,36.27534882,-88.83423675,339.833,500,822714550.5013051,1128282750.650521,305568200.1492159,37.141
8COGEN CALED_360606,8LAG CRK CT_360568,33.64779158,-88.31593565,36.27534882,-88.83423675,323.61,500,780094190.7901232,1089480784.8807359,309386594.09061253,39.66
8E POINT AL_360058,8LAG CRK CT_360568,34.19181783,-86.74805975,36.27534882,-88.83423675,340.704,500,821431330.2655921,1013417881.4472642,191986551.1816721,23.372
6CENTER PNT_360533,8LAG CRK CT_360568,34.6665318,-84.97089121,36.27534882,-88.83423675,476.616,500,1163492981.3503313,1386793121.3468,223300139.9964688,19.192
8BR FERRY NP_360052,8LAG CRK CT_360568,34.70520875,-87.11705751,36.27534882,-88.83423675,253.23,500,609360597.7131052,769888030.9678377,160527433.2547325,26.344
6LOOPERS FRM_360602,8LAG CRK CT_360568,34.708916,-84.922795,36.27534882,-88.83423675,483.367,500,1181632804.8040643,1406144445.1313436,224511640.32727936,19.0
6COUNTY LINE_360013,8LAG CRK CT_360568,34.74311084,-85.00751569,36.27534882,-88.83423675,447.379,500,1092417670.407766,1293282874.1314104,200865203.72364423,18.387
6YOUNG GA_361454,8LAG CRK CT_360568,34.75072952,-85.27349349,36.27534882,-88.83423675,405.793,500,995281260.818108,1196876802.452757,201595541.6346489,20.255
6KENSNGTN GA_361503,8LAG CRK CT_360568,34.81265905,-85.32344844,36.27534882,-88.83423675,406.088,500,995655491.0593143,1192033265.0331378,196377773.97382346,19.723
6ALPHA GA_361502,8LAG CRK CT_360568,34.813027,-84.853226,36.27534882,-88.83423675,466.373,500,1145613903.351798,1324664352.3696237,179050449.01782563,15.629
6CLOUDLANDGA_361633,8LAG CRK CT_360568,34.81849122,-85.5353055,36.27534882,-88.83423675,379.783,500,927905524.5845784,1118395369.5090833,190489844.924505,20.529
6ROCK SPG GA_361500,8LAG CRK CT_360568,34.83897801,-85.28020801,36.27534882,-88.83423675,410.126,500,1004912694.2963219,1203336123.6036308,198423429.30730885,19.745
6WID CRK FP_360068,8LAG CRK CT_360568,34.88515896,-85.75604163,36.27534882,-88.83423675,346.256,500,840110125.0935488,1017924054.907298,177813929.81374922,21.166
6WRINGOLD GA_361504,8LAG CRK CT_360568,34.89324284,-85.13750475,36.27534882,-88.83423675,455.61,500,1109672580.4589653,1307109269.4068592,197436688.94789386,17.792
6BATTLFLD GA_361530,8LAG CRK CT_360568,34.9555953,-85.26465286,36.27534882,-88.83423675,388.539,500,954083786.6995519,1154113046.6512773,200029259.9517254,20.966
6S HAVEN CC_360594,8LAG CRK CT_360568,34.99627529,-90.0485284,36.27534882,-88.83423675,243.656,500,599916023.6842606,787049491.467902,187133467.7836414,31.193
6CONCORD TN_361509,8LAG CRK CT_360568,34.99679719,-85.1610968,36.27534882,-88.83423675,471.876,500,1160374984.934651,1348544244.4628294,188169259.52817845,16.216
8BRADLEY TN_360662,8LAG CRK CT_360568,35.0367008,-84.963798,36.27534882,-88.83423675,434.84,500,1067270096.9009564,1238109953.888462,170839856.98750576,16.007
8BENTON MS_360612,8LAG CRK CT_360568,35.17466126,-89.74553609,36.27534882,-88.83423675,165.606,500,399922693.46158206,508262913.67830265,108340220.21672057,27.09
8FRANKLIN TN_360069,8LAG CRK CT_360568,35.33506701,-86.11727644,36.27534882,-88.83423675,300.913,500,724333038.7954308,892593073.71632,168260034.9208893,23.23
8HAYWOOD TN_360542,8LAG CRK CT_360568,35.54308246,-89.19654872,36.27534882,-88.83423675,99.332,500,235726568.6403377,294321470.9547194,58594902.31438171,24.857
8HIWASSEE TN_360110,8LAG CRK CT_360568,35.60032498,-84.78911434,36.27534882,-88.83423675,407.726,500,998072838.7188556,1150874105.2844667,152801266.56561106,15.31
8LAG CRK CC_360615,8LAG CRK CT_360568,35.65702785,-89.39460044,36.27534882,-88.83423675,95.168,500,228002517.38294053,281407629.81436,53405112.431419514,23.423
8JACKSON TN_360019,8LAG CRK CT_360568,35.70901203,-88.79407261,36.27534882,-88.83423675,71.253,500,169299535.77017918,209174541.18485877,39875005.41467959,23.553
8ANDERSON TN_360120,8LAG CRK CT_360568,35.94503289,-84.38856432,36.27534882,-88.83423675,454.918,500,1124014578.2537103,1286685958.1569386,162671379.90322837,14.472
8BULL RUN FP_360093,8LAG CRK CT_360568,36.01895969,-84.15785445,36.27534882,-88.83423675,538.065,500,1318128835.408615,1516868106.472191,198739271.06357598,15.077
8JVILLE FP_360037,8LAG CRK CT_360568,36.02382902,-87.98154082,36.27534882,-88.83423675,90.453,500,215070241.18433407,254766500.78638202,39696259.602047965,18.457
8DAVIDSON TN_360048,8LAG CRK CT_360568,36.06703747,-86.9841046,36.27534882,-88.83423675,186.008,500,454585391.2323502,576760113.064383,122174721.8320328,26.876
8GLEASON CT_360582,8LAG CRK CT_360568,36.24522988,-88.6114255,36.27534882,-88.83423675,21.853,500,52037292.671555884,57241023.25516352,5203730.583607636,10.0
8CUMBERLAND_360040,8LAG CRK CT_360568,36.3921331,-87.65747953,36.27534882,-88.83423675,121.393,500,293658711.79034907,349752298.4436149,56093586.65326585,19.102
7SHAWNEE FP_360002,8LAG CRK CT_360568,37.150267,-88.778122,36.27534882,-88.83423675,122.338,500,291023407.73408747,373158940.15784144,82135532.42375395,28.223
8CHOCTAW MS_360654,8RUTHERFORD_360010,33.2984397,-89.4127739,35.82791498,-86.59841524,416.122,500,1010896816.2907419,1262733379.4112492,251836563.12050715,24.912
8ACKERMAN CC_360627,8RUTHERFORD_360010,33.38593855,-89.20997726,35.82791498,-86.59841524,394.517,500,957380608.7784576,1185019379.3524213,227638770.57396367,23.777
8CLAY_360688,8RUTHERFORD_360010,33.47863869,-88.74043971,35.82791498,-86.59841524,356.782,500,863262567.7329174,1048972651.7305095,185710083.99759206,21.513
8COGEN CALED_360606,8RUTHERFORD_360010,33.64779158,-88.31593565,35.82791498,-86.59841524,317.718,500,765088958.9931456,906364967.0767493,141276008.08360377,18.465
8E POINT AL_360058,8RUTHERFORD_360010,34.19181783,-86.74805975,35.82791498,-86.59841524,226.826,500,557474997.8519726,600459015.9410927,42984018.089120194,7.71
6CENTER PNT_360533,8RUTHERFORD_360010,34.6665318,-84.97089121,35.82791498,-86.59841524,271.364,500,672230051.7777214,739033178.066868,66803126.28914649,9.938
8BR FERRY NP_360052,8RUTHERFORD_360010,34.70520875,-87.11705751,35.82791498,-86.59841524,149.716,500,362609082.2894218,410102601.07010156,47493518.78067976,13.098
6LOOPERS FRM_360602,8RUTHERFORD_360010,34.708916,-84.922795,35.82791498,-86.59841524,263.577,500,651878487.346596,715143408.3819964,63264921.03540041,9.705
8LIMESTONE_360088,8RUTHERFORD_360010,34.71890958,-86.84630969,35.82791498,-86.59841524,139.956,500,337396444.4727608,357791762.8502383,20395318.37747751,6.045
6COUNTY LINE_360013,8RUTHERFORD_360010,34.74311084,-85.00751569,35.82791498,-86.59841524,248.91,500,623897674.1652528,688114765.3370745,64217091.17182167,10.293
6YOUNG GA_361454,8RUTHERFORD_360010,34.75072952,-85.27349349,35.82791498,-86.59841524,201.872,500,506490176.02802384,562014024.5247794,55523848.49675556,10.962
8MADISON AL_360060,8RUTHERFORD_360010,34.79577878,-86.52158584,35.82791498,-86.59841524,131.682,500,318826290.7553588,336116635.287832,17290344.532473207,5.423
6KENSNGTN GA_361503,8RUTHERFORD_360010,34.81265905,-85.32344844,35.82791498,-86.59841524,202.168,500,506864406.2692301,556802179.4156271,49937773.14639698,9.852
6ALPHA GA_361502,8RUTHERFORD_360010,34.813027,-84.853226,35.82791498,-86.59841524,244.072,500,603661574.3871138,663049973.4740688,59388399.08695492,9.838
6CLOUDLANDGA_361633,8RUTHERFORD_360010,34.81849122,-85.5353055,35.82791498,-86.59841524,175.862,500,439114439.7944943,483095075.31309116,43980635.51859692,10.016
8MAGNOL CC1_360613,8RUTHERFORD_360010,34.8287922,-89.20041124,35.82791498,-86.59841524,288.784,500,697491857.9893732,935418420.4120187,237926562.42264545,34.112
6ROCK SPG GA_361500,8RUTHERFORD_360010,34.83897801,-85.28020801,35.82791498,-86.59841524,206.206,500,516121609.5062377,568096956.4608942,51975346.95465651,10.07
6WID CRK FP_360068,8RUTHERFORD_360010,34.88515896,-85.75604163,35.82791498,-86.59841524,146.526,500,365169602.50057906,398528855.7080038,33359253.20742475,9.135
6WRINGOLD GA_361504,8RUTHERFORD_360010,34.89324284,-85.13750475,35.82791498,-86.59841524,242.619,500,599619457.2643363,667295722.5913452,67676265.32700889,11.287
6BATTLFLD GA_361530,8RUTHERFORD_360010,34.9555953,-85.26465286,35.82791498,-86.59841524,177.585,500,446544224.32126606,497252588.19564474,50708363.87437868,11.356
6S HAVEN CC_360594,8RUTHERFORD_360010,34.99627529,-90.0485284,35.82791498,-86.59841524,378.111,500,923233803.8433927,1262048585.6960092,338814781.8526164,36.699
6CONCORD TN_361509,8RUTHERFORD_360010,34.99679719,-85.1610968,35.82791498,-86.59841524,249.574,500,618422655.9699669,686932621.2598552,68509965.28988828,11.078
8BRADLEY TN_360662,8RUTHERFORD_360010,35.0367008,-84.963798,35.82791498,-86.59841524,212.538,500,525317767.93627226,576940614.0964524,51622846.1601801,9.827
8RACCOON MTN_360079,8RUTHERFORD_360010,35.05681146,-85.38724619,35.82791498,-86.59841524,159.988,500,396637454.8288584,434624476.12448174,37987021.295623355,9.577
8BENTON MS_360612,8RUTHERFORD_360010,35.17466126,-89.74553609,35.82791498,-86.59841524,325.806,500,792821394.1762114,1063004929.3750865,270183535.19887525,34.079
8FRANKLIN TN_360069,8RUTHERFORD_360010,35.33506701,-86.11727644,35.82791498,-86.59841524,96.187,500,234123551.6137296,256095085.94224387,21971534.328514293,9.385
8HAYWOOD TN_360542,8RUTHERFORD_360010,35.54308246,-89.19654872,35.82791498,-86.59841524,260.827,500,631328981.3100209,847332640.3375548,216003659.02753392,34.214
8HIWASSEE TN_360110,8RUTHERFORD_360010,35.60032498,-84.78911434,35.82791498,-86.59841524,185.157,500,455942235.40843445,487416056.7589292,31473821.350494754,6.903
8LAG CRK CC_360615,8RUTHERFORD_360010,35.65702785,-89.39460044,35.82791498,-86.59841524,277.135,500,678483426.6658773,926521920.0730355,248038493.40715808,36.558
8MAURY TN_360050,8RUTHERFORD_360010,35.672863,-87.01861625,35.82791498,-86.59841524,50.48,500,126704812.551005,152440199.50978333,25735386.958778307,20.311
8JACKSON TN_360019,8RUTHERFORD_360010,35.70901203,-88.79407261,35.82791498,-86.59841524,219.734,500,538955866.366437,745601767.507971,206645901.1415341,38.342
8ANDERSON TN_360120,8RUTHERFORD_360010,35.94503289,-84.38856432,35.82791498,-86.59841524,232.594,500,581290498.9148084,621325930.4103267,40035431.49551836,6.887
8BULL RUN FP_360093,8RUTHERFORD_360010,36.01895969,-84.15785445,35.82791498,-86.59841524,322.081,500,802857800.7761266,859887112.7313259,57029311.95519925,7.103
8JVILLE FP_360037,8RUTHERFORD_360010,36.02382902,-87.98154082,35.82791498,-86.59841524,140.284,500,350065721.6045251,452725379.6686392,102659658.06411411,29.326
8PIN HOOK TN_360581,8RUTHERFORD_360010,36.04646628,-86.60595108,35.82791498,-86.59841524,33.234,500,90607090.20961078,111089599.79608019,20482509.586469416,22.606
8PLATEAU TN_360077,8RUTHERFORD_360010,36.05858036,-85.14194112,35.82791498,-86.59841524,163.712,500,401535478.28132087,436471534.4818276,34936056.200506724,8.701
8DAVIDSON TN_360048,8RUTHERFORD_360010,36.06703747,-86.9841046,35.82791498,-86.59841524,63.939,500,169100730.06846583,223072118.91892093,53971388.850455105,31.917
8GLEASON CT_360582,8RUTHERFORD_360010,36.24522988,-88.6114255,35.82791498,-86.59841524,206.28,500,509476867.8463311,641596810.3220726,132119942.47574146,25.932
8LAG CRK CT_360568,8RUTHERFORD_360010,36.27534882,-88.83423675,35.82791498,-86.59841524,227.857,500,560902876.1118174,697844395.237686,136941519.1258687,24.414
8CUMBERLAND_360040,8RUTHERFORD_360010,36.3921331,-87.65747953,35.82791498,-86.59841524,134.564,500,340743399.4476343,474526371.4891635,133782972.04152924,39.262
8PHIPPS B NP_360102,8RUTHERFORD_360010,36.46070569,-82.80788409,35.82791498,-86.59841524,411.572,500,1032353699.8541849,1092036118.8903427,59682419.036157876,5.781
8MONTGOMERY_360044,8RUTHERFORD_360010,36.59438524,-87.25325857,35.82791498,-86.59841524,135.658,500,346576433.41654056,475592468.82534635,129016035.4088058,37.226
8MARSHALL KY_360015,8RUTHERFORD_360010,37.02455006,-88.39384277,35.82791498,-86.59841524,257.751,500,644267860.1308311,830580615.0098001,186312754.87896892,28.919
7SHAWNEE FP_360002,8RUTHERFORD_360010,37.150267,-88.778122,35.82791498,-86.59841524,319.586,500,777528325.5858666,983713812.2180847,206185486.63221812,26.518
8PARADISE CC_360117,8RUTHERFORD_360010,37.259697,-86.976991,35.82791498,-86.59841524,210.361,500,524674950.20888823,671344293.045105,146669342.83621672,27.954
8PARADISE CC_360117,8RUTHERFORD_360010,37.259697,-86.976991,35.82791498,-86.59841524,210.361,500,524674950.20888823,671344293.045105,146669342.83621672,27.954
8CHOCTAW MS_360654,8SEQUOYAH NP_360081,33.2984397,-89.4127739,35.22706031,-85.09419774,513.344,500,1261278978.6645362,1505114342.4350686,243835363.77053243,19.332
8ACKERMAN CC_360627,8SEQUOYAH NP_360081,33.38593855,-89.20997726,35.22706031,-85.09419774,491.738,500,1207762771.1522517,1427725871.8836453,219963100.73139355,18.212
8CLAY_360688,8SEQUOYAH NP_360081,33.47863869,-88.74043971,35.22706031,-85.09419774,445.028,500,1095539905.2982984,1260539553.04308,164999647.7447818,15.061
8COGEN CALED_360606,8SEQUOYAH NP_360081,33.64779158,-88.31593565,35.22706031,-85.09419774,397.845,500,980489118.7974757,1105405767.5385714,124916648.74109562,12.74
8E POINT AL_360058,8SEQUOYAH NP_360081,34.19181783,-86.74805975,35.22706031,-85.09419774,250.955,500,624354684.1758218,647377738.693357,23023054.517535266,3.687
6CENTER PNT_360533,8SEQUOYAH NP_360081,34.6665318,-84.97089121,35.22706031,-85.09419774,133.443,500,337803936.52551085,369294822.3035457,31490885.77803484,9.322
8BR FERRY NP_360052,8SEQUOYAH NP_360081,34.70520875,-87.11705751,35.22706031,-85.09419774,238.033,500,605016233.0401196,645442197.9808831,40425964.940763414,6.682
6LOOPERS FRM_360602,8SEQUOYAH NP_360081,34.708916,-84.922795,35.22706031,-85.09419774,125.656,500,317452372.0943855,345323031.5990746,27870659.504689112,8.779
8LIMESTONE_360088,8SEQUOYAH NP_360081,34.71890958,-86.84630969,35.22706031,-85.09419774,212.659,500,543080263.9036155,583631294.6252244,40551030.72160892,7.467
6COUNTY LINE_360013,8SEQUOYAH NP_360081,34.74311084,-85.00751569,35.22706031,-85.09419774,121.363,500,308028862.27147317,344718781.53746855,36689919.26599536,11.911
6YOUNG GA_361454,8SEQUOYAH NP_360081,34.75072952,-85.27349349,35.22706031,-85.09419774,127.667,500,332656043.3151497,366011556.4687088,33355513.15355907,10.027
8MADISON AL_360060,8SEQUOYAH NP_360081,34.79577878,-86.52158584,35.22706031,-85.09419774,175.569,500,455056243.19054013,495059230.1962202,40002987.00568011,8.791
6KENSNGTN GA_361503,8SEQUOYAH NP_360081,34.81265905,-85.32344844,35.22706031,-85.09419774,127.962,500,333030273.556356,360897875.9682505,27867602.411894474,8.368
6ALPHA GA_361502,8SEQUOYAH NP_360081,34.813027,-84.853226,35.22706031,-85.09419774,106.151,500,269235459.1349033,293273602.3642607,24038143.229357377,8.928
6CLOUDLANDGA_361633,8SEQUOYAH NP_360081,34.81849122,-85.5353055,35.22706031,-85.09419774,101.657,500,265280307.08162016,287115522.3025461,21835215.220925905,8.231
8MAGNOL CC1_360613,8SEQUOYAH NP_360081,34.8287922,-89.20041124,35.22706031,-85.09419774,429.054,500,1050837784.623246,1309340786.5960145,258503001.97276863,24.6
6ROCK SPG GA_361500,8SEQUOYAH NP_360081,34.83897801,-85.28020801,35.22706031,-85.09419774,132.001,500,342287476.79336363,372141978.7695844,29854501.976220798,8.722
6WID CRK FP_360068,8SEQUOYAH NP_360081,34.88515896,-85.75604163,35.22706031,-85.09419774,101.702,500,264545478.9191466,278067051.9894911,13521573.070344506,5.111
6WRINGOLD GA_361504,8SEQUOYAH NP_360081,34.89324284,-85.13750475,35.22706031,-85.09419774,104.698,500,265193342.01212585,297988322.6462198,32794980.634093944,12.366
6BATTLFLD GA_361530,8SEQUOYAH NP_360081,34.9555953,-85.26465286,35.22706031,-85.09419774,96.461,500,254348705.4995674,279761344.4648733,25412638.965305947,9.991
6S HAVEN CC_360594,8SEQUOYAH NP_360081,34.99627529,-90.0485284,35.22706031,-85.09419774,521.502,500,1283087875.4139206,1638850812.5814488,355762937.16752815,27.727
6CONCORD TN_361509,8SEQUOYAH NP_360081,34.99679719,-85.1610968,35.22706031,-85.09419774,111.654,500,283996540.71775633,317551503.52806425,33554962.810307905,11.815
8BRADLEY TN_360662,8SEQUOYAH NP_360081,35.0367008,-84.963798,35.22706031,-85.09419774,74.617,500,190891652.68406168,207196861.34297892,16305208.658917248,8.542
8RACCOON MTN_360079,8SEQUOYAH NP_360081,35.05681146,-85.38724619,35.22706031,-85.09419774,65.751,500,171820025.96655458,182620904.3289978,10800878.362443209,6.286
8BENTON MS_360612,8SEQUOYAH NP_360081,35.17466126,-89.74553609,35.22706031,-85.09419774,479.586,500,1174525157.1302829,1455932124.873363,281406967.7430801,23.959
8FRANKLIN TN_360069,8SEQUOYAH NP_360081,35.33506701,-86.11727644,35.22706031,-85.09419774,121.875,500,309360284.56921655,325861677.326831,16501392.757614406,5.334
8HAYWOOD TN_360542,8SEQUOYAH NP_360081,35.54308246,-89.19654872,35.22706031,-85.09419774,418.693,500,1024724792.780934,1239033989.1129043,214309196.33197024,20.914
8HIWASSEE TN_360110,8SEQUOYAH NP_360081,35.60032498,-84.78911434,35.22706031,-85.09419774,79.9,500,206938017.14629632,211062664.92725927,4124647.7809629375,1.993
8LAG CRK CC_360615,8SEQUOYAH NP_360081,35.65702785,-89.39460044,35.22706031,-85.09419774,441.567,500,1079478071.6706543,1302576301.009626,223098229.33897153,20.667
8MAURY TN_360050,8SEQUOYAH NP_360081,35.672863,-87.01861625,35.22706031,-85.09419774,211.899,500,530743267.9898773,577427959.9170455,46684691.92716819,8.796
8JACKSON TN_360019,8SEQUOYAH NP_360081,35.70901203,-88.79407261,35.22706031,-85.09419774,384.689,500,945929245.1939063,1154205718.0129411,208276472.81903484,22.018
8RUTHERFORD_360010,8SEQUOYAH NP_360081,35.82791498,-86.59841524,35.22706031,-85.09419774,174.35,500,437827525.45152605,475645196.03144187,37817670.579915814,8.638
8ANDERSON TN_360120,8SEQUOYAH NP_360081,35.94503289,-84.38856432,35.22706031,-85.09419774,129.216,500,336061423.7009705,344015289.88771224,7953866.186741755,2.367
8BULL RUN FP_360093,8SEQUOYAH NP_360081,36.01895969,-84.15785445,35.22706031,-85.09419774,224.414,500,580276017.851737,603352317.3257595,23076299.474022456,3.977
8JVILLE FP_360037,8SEQUOYAH NP_360081,36.02382902,-87.98154082,35.22706031,-85.09419774,309.079,500,768942699.9089179,892354759.3646053,123412059.45568737,16.05
8PIN HOOK TN_360581,8SEQUOYAH NP_360081,36.04646628,-86.60595108,35.22706031,-85.09419774,205.911,500,524221531.88429403,581558969.904109,57337438.019815,10.938
8PLATEAU TN_360077,8SEQUOYAH NP_360081,36.05858036,-85.14194112,35.22706031,-85.09419774,107.143,500,271138404.66885877,278037898.183619,6899493.514760237,2.545
8DAVIDSON TN_360048,8SEQUOYAH NP_360081,36.06703747,-86.9841046,35.22706031,-85.09419774,233.252,500,592107012.3481412,675673211.94055,83566199.59240878,14.113
8GLEASON CT_360582,8SEQUOYAH NP_360081,36.24522988,-88.6114255,35.22706031,-85.09419774,375.075,500,928353846.1507239,1081091828.56713,152737982.41640607,16.453
8LAG CRK CT_360568,8SEQUOYAH NP_360081,36.27534882,-88.83423675,35.22706031,-85.09419774,396.651,500,979779854.4162102,1137531965.3679073,157752110.95169714,16.101
8CUMBERLAND_360040,8SEQUOYAH NP_360081,36.3921331,-87.65747953,35.22706031,-85.09419774,303.877,500,763749681.7273096,924692603.8968508,160942922.16954118,21.073
8PHIPPS B NP_360102,8SEQUOYAH NP_360081,36.46070569,-82.80788409,35.22706031,-85.09419774,313.905,500,809771916.9297953,835590530.5911641,25818613.661368866,3.188
8MONTGOMERY_360044,8SEQUOYAH NP_360081,36.59438524,-87.25325857,35.22706031,-85.09419774,304.238,500,747171455.1103703,849647079.308074,102475624.19770378,13.715
8MARSHALL KY_360015,8SEQUOYAH NP_360081,37.02455006,-88.39384277,35.22706031,-85.09419774,432.58,500,1058565718.4541689,1217396219.267242,158830500.81307316,15.004
7SHAWNEE FP_360002,8SEQUOYAH NP_360081,37.150267,-88.778122,35.22706031,-85.09419774,488.38,500,1196405303.8902593,1420176399.5436869,223771095.65342763,18.704
8PARADISE CC_360117,8SEQUOYAH NP_360081,37.259697,-86.976991,35.22706031,-85.09419774,312.549,500,768369709.6631105,846933207.6444912,78563497.98138067,10.225
8PARADISE CC_360117,8SEQUOYAH NP_360081,37.259697,-86.976991,35.22706031,-85.09419774,312.549,500,768369709.6631105,846933207.6444912,78563497.98138067,10.225
8CHOCTAW MS_360654,8JVILLE FP_360037,33.2984397,-89.4127739,36.02382902,-87.98154082,365.77,500,876345954.6042153,1231917398.8203976,355571444.21618235,40.574
8ACKERMAN CC_360627,8JVILLE FP_360037,33.38593855,-89.20997726,36.02382902,-87.98154082,348.002,500,835716360.0783381,1176022924.3900745,340306564.3117363,40.72
8CLAY_360688,8JVILLE FP_360037,33.47863869,-88.74043971,36.02382902,-87.98154082,322.511,500,779367441.2198372,1081168303.2786293,301800862.058792,38.724
8COGEN CALED_360606,8JVILLE FP_360037,33.64779158,-88.31593565,36.02382902,-87.98154082,290.604,500,706031951.1955439,1007787270.3340186,301755319.1384747,42.74
8E POINT AL_360058,8JVILLE FP_360037,34.19181783,-86.74805975,36.02382902,-87.98154082,282.869,500,680607927.5526316,811052269.9665347,130444342.41390312,19.166
6CENTER PNT_360533,8JVILLE FP_360037,34.6665318,-84.97089121,36.02382902,-87.98154082,391.097,500,960575422.1092708,1100139080.4887266,139563658.37945586,14.529
8BR FERRY NP_360052,8JVILLE FP_360037,34.70520875,-87.11705751,36.02382902,-87.98154082,189.449,500,454005762.4168043,567882504.183337,113876741.76653267,25.083
6LOOPERS FRM_360602,8JVILLE FP_360037,34.708916,-84.922795,36.02382902,-87.98154082,397.848,500,978715245.5630035,1119463100.7355657,140747855.17256224,14.381
6COUNTY LINE_360013,8JVILLE FP_360037,34.74311084,-85.00751569,36.02382902,-87.98154082,361.859,500,889500111.1667056,1006529786.0645599,117029674.89785428,13.157
6YOUNG GA_361454,8JVILLE FP_360037,34.75072952,-85.27349349,36.02382902,-87.98154082,320.124,500,792103805.2352923,910931904.3996518,118828099.16435951,15.002
6KENSNGTN GA_361503,8JVILLE FP_360037,34.81265905,-85.32344844,36.02382902,-87.98154082,320.42,500,792478035.4764986,905879907.7875731,113401872.31107454,14.31
6ALPHA GA_361502,8JVILLE FP_360037,34.813027,-84.853226,36.02382902,-87.98154082,378.801,500,934776748.8445058,1079462377.086899,144685628.24239317,15.478
6CLOUDLANDGA_361633,8JVILLE FP_360037,34.81849122,-85.5353055,36.02382902,-87.98154082,294.114,500,724728069.0017629,832263136.2935283,107535067.2917655,14.838
6ROCK SPG GA_361500,8JVILLE FP_360037,34.83897801,-85.28020801,36.02382902,-87.98154082,324.458,500,801735238.7135062,917172334.2072383,115437095.49373205,14.398
6WID CRK FP_360068,8JVILLE FP_360037,34.88515896,-85.75604163,36.02382902,-87.98154082,260.587,500,636932669.5107332,731027119.6288817,94094450.11814846,14.773
6WRINGOLD GA_361504,8JVILLE FP_360037,34.89324284,-85.13750475,36.02382902,-87.98154082,370.091,500,906755021.2179046,1020753203.1620073,113998181.94410276,12.572
6BATTLFLD GA_361530,8JVILLE FP_360037,34.9555953,-85.26465286,36.02382902,-87.98154082,302.871,500,750906331.1167364,868573029.6491092,117666698.53237283,15.67
6S HAVEN CC_360594,8JVILLE FP_360037,34.99627529,-90.0485284,36.02382902,-87.98154082,272.224,500,666247975.5329964,921841290.6093287,255593315.07633233,38.363
6CONCORD TN_361509,8JVILLE FP_360037,34.99679719,-85.1610968,36.02382902,-87.98154082,384.304,500,949537830.4273589,1103272342.0319433,153734511.60458452,16.19
8BRADLEY TN_360662,8JVILLE FP_360037,35.0367008,-84.963798,36.02382902,-87.98154082,347.267,500,856432942.3936641,992938906.989849,136505964.59618482,15.939
8BENTON MS_360612,8JVILLE FP_360037,35.17466126,-89.74553609,36.02382902,-87.98154082,209.29,500,508985201.52114594,689123430.4325118,180138228.91136593,35.392
8FRANKLIN TN_360069,8JVILLE FP_360037,35.33506701,-86.11727644,36.02382902,-87.98154082,215.183,500,520076428.24767315,601370308.9220953,81293880.67442212,15.631
8HAYWOOD TN_360542,8JVILLE FP_360037,35.54308246,-89.19654872,36.02382902,-87.98154082,135.56,500,325891496.53862107,427681172.5091052,101789675.97048411,31.234
8HIWASSEE TN_360110,8JVILLE FP_360037,35.60032498,-84.78911434,36.02382902,-87.98154082,320.153,500,787235684.2115633,905712521.6692703,118476837.45770699,15.05
8JACKSON TN_360019,8JVILLE FP_360037,35.70901203,-88.79407261,36.02382902,-87.98154082,90.269,500,216812437.13314444,289835557.96840584,73023120.83526139,33.68
8ANDERSON TN_360120,8JVILLE FP_360037,35.94503289,-84.38856432,36.02382902,-87.98154082,367.346,500,913177423.746418,1041352760.1152139,128175336.36879586,14.036
8BULL RUN FP_360093,8JVILLE FP_360037,36.01895969,-84.15785445,36.02382902,-87.98154082,458.689,500,1125874265.9768467,1280875252.2870986,155000986.310252,13.767
8DAVIDSON TN_360048,8JVILLE FP_360037,36.06703747,-86.9841046,36.02382902,-87.98154082,99.106,500,244488584.5661227,331205490.7671876,86716906.20106491,35.469
8GLEASON CT_360582,8JVILLE FP_360037,36.24522988,-88.6114255,36.02382902,-87.98154082,69.547,500,165830960.4046023,199018798.44563457,33187838.041032292,20.013
8CUMBERLAND_360040,8JVILLE FP_360037,36.3921331,-87.65747953,36.02382902,-87.98154082,59.212,500,142907589.43490082,167822889.65202245,24915300.217121623,17.435
7SHAWNEE FP_360002,8JVILLE FP_360037,37.150267,-88.778122,36.02382902,-87.98154082,184.187,500,440033026.16173065,542761681.5896192,102728655.42788853,23.346
8CHOCTAW MS_360654,8HIWASSEE TN_360110,33.2984397,-89.4127739,35.60032498,-84.78911434,549.573,500,1334857407.487279,1568816967.1055114,233959559.61823246,17.527
8ACKERMAN CC_360627,8HIWASSEE TN_360110,33.38593855,-89.20997726,35.60032498,-84.78911434,527.967,500,1281341199.9749944,1491480644.3439837,210139444.3689891,16.4
8CLAY_360688,8HIWASSEE TN_360110,33.47863869,-88.74043971,35.60032498,-84.78911434,483.65,500,1182506638.303491,1351485148.962505,168978510.6590139,14.29
8COGEN CALED_360606,8HIWASSEE TN_360110,33.64779158,-88.31593565,35.60032498,-84.78911434,436.467,500,1067455851.8026683,1196632071.4222605,129176219.61959213,12.101
8E POINT AL_360058,8HIWASSEE TN_360110,34.19181783,-86.74805975,35.60032498,-84.78911434,289.578,500,711321417.1810145,739774725.6889377,28453308.50792308,4.0
6CENTER PNT_360533,8HIWASSEE TN_360110,34.6665318,-84.97089121,35.60032498,-84.78911434,132.629,500,326223611.9149683,357488132.74532175,31264520.830353428,9.584
8BR FERRY NP_360052,8HIWASSEE TN_360110,34.70520875,-87.11705751,35.60032498,-84.78911434,273.214,500,664694369.3615049,703672851.8444581,38978482.482953206,5.864
6LOOPERS FRM_360602,8HIWASSEE TN_360110,34.708916,-84.922795,35.60032498,-84.78911434,124.841,500,305872047.48384297,333471225.7851618,27599178.301318802,9.023
6COUNTY LINE_360013,8HIWASSEE TN_360110,34.74311084,-85.00751569,35.60032498,-84.78911434,120.548,500,296448537.66093063,332710036.81471384,36261499.15378318,12.232
6YOUNG GA_361454,8HIWASSEE TN_360110,34.75072952,-85.27349349,35.60032498,-84.78911434,161.474,500,399698777.6956786,449963499.07833964,50264721.38266107,12.576
6KENSNGTN GA_361503,8HIWASSEE TN_360110,34.81265905,-85.32344844,35.60032498,-84.78911434,167.097,500,414531440.7959493,470474125.4505578,55942684.65460852,13.495
6ALPHA GA_361502,8HIWASSEE TN_360110,34.813027,-84.853226,35.60032498,-84.78911434,105.336,500,257655134.52436078,281412060.41391695,23756925.889556173,9.22
6CLOUDLANDGA_361633,8HIWASSEE TN_360110,34.81849122,-85.5353055,35.60032498,-84.78911434,142.243,500,356528485.6077198,382134665.13578266,25606179.52806289,7.182
6ROCK SPG GA_361500,8HIWASSEE TN_360110,34.83897801,-85.28020801,35.60032498,-84.78911434,170.85,500,422720904.7359883,479422590.3929974,56701685.65700906,13.414
6WID CRK FP_360068,8HIWASSEE TN_360110,34.88515896,-85.75604163,35.60032498,-84.78911434,140.324,500,351512211.9243393,370295171.9740099,18782960.049670603,5.343
6WRINGOLD GA_361504,8HIWASSEE TN_360110,34.89324284,-85.13750475,35.60032498,-84.78911434,103.883,500,253613017.4015833,285953597.0767567,32340579.67517343,12.752
6BATTLFLD GA_361530,8HIWASSEE TN_360110,34.9555953,-85.26465286,35.60032498,-84.78911434,137.047,500,345596884.025667,374651191.4303631,29054307.404696126,8.407
6S HAVEN CC_360594,8HIWASSEE TN_360110,34.99627529,-90.0485284,35.60032498,-84.78911434,540.638,500,1313047017.442637,1638202502.204274,325155484.761637,24.763
6CONCORD TN_361509,8HIWASSEE TN_360110,34.99679719,-85.1610968,35.60032498,-84.78911434,110.839,500,272416216.1072138,305542428.7369304,33126212.629716545,12.16
8BRADLEY TN_360662,8HIWASSEE TN_360110,35.0367008,-84.963798,35.60032498,-84.78911434,73.802,500,179311328.07351917,195337887.40800276,16026559.334483601,8.938
8BENTON MS_360612,8HIWASSEE TN_360110,35.17466126,-89.74553609,35.60032498,-84.78911434,493.939,500,1198718704.894854,1467724943.0216973,269006238.1268432,22.441
8FRANKLIN TN_360069,8HIWASSEE TN_360110,35.33506701,-86.11727644,35.60032498,-84.78911434,141.397,500,344926173.72615206,358091041.71207416,13164867.985922122,3.817
8HAYWOOD TN_360542,8HIWASSEE TN_360110,35.54308246,-89.19654872,35.60032498,-84.78911434,430.053,500,1043391820.3823342,1252414842.1845598,209023021.8022257,20.033
8ANDERSON TN_360120,8HIWASSEE TN_360110,35.94503289,-84.38856432,35.60032498,-84.78911434,63.552,500,155787997.39958036,159765782.5841455,3977785.184565135,2.553
8BULL RUN FP_360093,8HIWASSEE TN_360110,36.01895969,-84.15785445,35.60032498,-84.78911434,160.504,500,408806560.51586014,423500603.76299995,14694043.247139838,3.594
8DAVIDSON TN_360048,8HIWASSEE TN_360110,36.06703747,-86.9841046,35.60032498,-84.78911434,244.326,500,610399996.6507864,689085706.7638414,78685710.11305495,12.891
8GLEASON CT_360582,8HIWASSEE TN_360110,36.24522988,-88.6114255,35.60032498,-84.78911434,386.149,500,946646830.4533694,1094389104.9460566,147742274.49268714,15.607
8CUMBERLAND_360040,8HIWASSEE TN_360110,36.3921331,-87.65747953,35.60032498,-84.78911434,314.951,500,782042666.029955,937292639.9674042,155249973.93744922,19.852
7SHAWNEE FP_360002,8HIWASSEE TN_360110,37.150267,-88.778122,35.60032498,-84.78911434,499.454,500,1214698288.192905,1432965082.6311007,218266794.43819574,17.969
8CHOCTAW MS_360654,8PLATEAU TN_360077,33.2984397,-89.4127739,36.05858036,-85.14194112,539.139,500,1309782788.8492534,1561556521.6316195,251773732.78236616,19.223
8ACKERMAN CC_360627,8PLATEAU TN_360077,33.38593855,-89.20997726,36.05858036,-85.14194112,517.533,500,1256266581.3369691,1483763800.9547935,227497219.61782438,18.109
8CLAY_360688,8PLATEAU TN_360077,33.47863869,-88.74043971,36.05858036,-85.14194112,479.798,500,1162148540.2914288,1348006218.6094673,185857678.31803837,15.993
8COGEN CALED_360606,8PLATEAU TN_360077,33.64779158,-88.31593565,36.05858036,-85.14194112,440.734,500,1063974931.551657,1205570688.4427457,141595756.89108875,13.308
8E POINT AL_360058,8PLATEAU TN_360077,34.19181783,-86.74805975,36.05858036,-85.14194112,303.038,500,744809464.645329,782912006.599486,38102541.95415697,5.116
6CENTER PNT_360533,8PLATEAU TN_360077,34.6665318,-84.97089121,36.05858036,-85.14194112,196.409,500,485139568.62861496,522862249.4607478,37722680.832132794,7.776
8BR FERRY NP_360052,8PLATEAU TN_360077,34.70520875,-87.11705751,36.05858036,-85.14194112,265.86,500,644166636.768766,677054854.7674983,32888217.998732258,5.106
6LOOPERS FRM_360602,8PLATEAU TN_360077,34.708916,-84.922795,36.05858036,-85.14194112,188.622,500,464788004.1974896,498920985.4583212,34132981.26083157,7.344
8LIMESTONE_360088,8PLATEAU TN_360077,34.71890958,-86.84630969,36.05858036,-85.14194112,245.147,500,604343287.3355511,630051466.8610678,25708179.52551665,4.254
6COUNTY LINE_360013,8PLATEAU TN_360077,34.74311084,-85.00751569,36.05858036,-85.14194112,184.329,500,455364494.3745774,498110095.8757877,42745601.501210295,9.387
6YOUNG GA_361454,8PLATEAU TN_360077,34.75072952,-85.27349349,36.05858036,-85.14194112,187.851,500,473319826.5038908,515514103.0886282,42194276.584737346,8.915
8MADISON AL_360060,8PLATEAU TN_360077,34.79577878,-86.52158584,36.05858036,-85.14194112,208.456,500,523620973.1437378,565227895.5226184,41606922.37888064,7.946
6KENSNGTN GA_361503,8PLATEAU TN_360077,34.81265905,-85.32344844,36.05858036,-85.14194112,188.147,500,473694056.74509716,510667119.62234455,36973062.8772474,7.805
6ALPHA GA_361502,8PLATEAU TN_360077,34.813027,-84.853226,36.05858036,-85.14194112,169.117,500,416571091.2380075,446879536.2611774,30308445.02316994,7.276
6CLOUDLANDGA_361633,8PLATEAU TN_360077,34.81849122,-85.5353055,36.05858036,-85.14194112,161.842,500,405944090.27036124,436951069.485343,31006979.214981712,7.638
8MAGNOL CC1_360613,8PLATEAU TN_360077,34.8287922,-89.20041124,36.05858036,-85.14194112,433.958,500,1046744987.9702561,1288880969.2395892,242135981.26933303,23.132
6ROCK SPG GA_361500,8PLATEAU TN_360077,34.83897801,-85.28020801,36.05858036,-85.14194112,192.185,500,482951259.9821047,521865447.0605429,38914187.078438185,8.058
6WID CRK FP_360068,8PLATEAU TN_360077,34.88515896,-85.75604163,36.05858036,-85.14194112,158.739,500,391653763.133425,415096598.4536489,23442835.32022391,5.986
6WRINGOLD GA_361504,8PLATEAU TN_360077,34.89324284,-85.13750475,36.05858036,-85.14194112,167.664,500,412528974.11523,451381607.8398887,38852633.72465868,9.418
6BATTLFLD GA_361530,8PLATEAU TN_360077,34.9555953,-85.26465286,36.05858036,-85.14194112,156.645,500,395012488.6883085,429309767.80108434,34297279.11277587,8.683
6S HAVEN CC_360594,8PLATEAU TN_360077,34.99627529,-90.0485284,36.05858036,-85.14194112,526.406,500,1278995078.760931,1620283285.4935594,341288206.7326283,26.684
6CONCORD TN_361509,8PLATEAU TN_360077,34.99679719,-85.1610968,36.05858036,-85.14194112,174.619,500,431332172.8208605,470991781.2173052,39659608.3964447,9.195
8BRADLEY TN_360662,8PLATEAU TN_360077,35.0367008,-84.963798,36.05858036,-85.14194112,137.583,500,338227284.7871659,360913975.98591757,22686691.198751688,6.708
8BENTON MS_360612,8PLATEAU TN_360077,35.17466126,-89.74553609,36.05858036,-85.14194112,476.118,500,1157044148.7445576,1436322173.7015097,279278024.9569521,24.137
8FRANKLIN TN_360069,8PLATEAU TN_360077,35.33506701,-86.11727644,36.05858036,-85.14194112,138.542,500,344317862.5916493,366876325.6340876,22558463.04243832,6.552
8HAYWOOD TN_360542,8PLATEAU TN_360077,35.54308246,-89.19654872,36.05858036,-85.14194112,412.276,500,998879897.4475602,1224971568.4686546,226091671.02109432,22.635
8HIWASSEE TN_360110,8PLATEAU TN_360077,35.60032498,-84.78911434,36.05858036,-85.14194112,76.932,500,189547281.13847566,197610339.50611588,8063058.36764022,4.254
8LAG CRK CC_360615,8PLATEAU TN_360077,35.65702785,-89.39460044,36.05858036,-85.14194112,432.198,500,1051031646.2041814,1302911674.8121912,251880028.60800987,23.965
8MAURY TN_360050,8PLATEAU TN_360077,35.672863,-87.01861625,36.05858036,-85.14194112,202.007,500,496318108.7007121,542327209.9353657,46009101.23465357,9.27
8JACKSON TN_360019,8PLATEAU TN_360077,35.70901203,-88.79407261,36.05858036,-85.14194112,374.797,500,911504085.9047412,1122002150.3939142,210498064.48917317,23.093
8ANDERSON TN_360120,8PLATEAU TN_360077,35.94503289,-84.38856432,36.05858036,-85.14194112,92.816,500,236361404.76691854,243580143.73222065,7218738.965302097,3.054
8BULL RUN FP_360093,8PLATEAU TN_360077,36.01895969,-84.15785445,36.05858036,-85.14194112,160.689,500,406947368.9160129,426265180.6109906,19317811.694977727,4.747
8JVILLE FP_360037,8PLATEAU TN_360077,36.02382902,-87.98154082,36.05858036,-85.14194112,299.187,500,734517540.6197529,858968970.378907,124451429.75915402,16.943
8PIN HOOK TN_360581,8PLATEAU TN_360077,36.04646628,-86.60595108,36.05858036,-85.14194112,195.273,500,487929484.7140888,543032857.3742838,55103372.66019504,11.293
8DAVIDSON TN_360048,8PLATEAU TN_360077,36.06703747,-86.9841046,36.05858036,-85.14194112,223.36,500,557681853.0589759,642000584.278723,84318731.21974702,15.12
8GLEASON CT_360582,8PLATEAU TN_360077,36.24522988,-88.6114255,36.05858036,-85.14194112,365.182,500,893928686.8615588,1047772923.2038512,153844236.34229237,17.21
8LAG CRK CT_360568,8PLATEAU TN_360077,36.27534882,-88.83423675,36.05858036,-85.14194112,386.759,500,945354695.127045,1104104475.8096771,158749780.68263212,16.793
8CUMBERLAND_360040,8PLATEAU TN_360077,36.3921331,-87.65747953,36.05858036,-85.14194112,290.529,500,707806042.6367252,870676971.2311101,162870928.5943849,23.011
8PHIPPS B NP_360102,8PLATEAU TN_360077,36.46070569,-82.80788409,36.05858036,-85.14194112,250.18,500,636443267.9940711,658868843.2226489,22425575.228577696,3.524
8MONTGOMERY_360044,8PLATEAU TN_360077,36.59438524,-87.25325857,36.05858036,-85.14194112,234.776,500,571163853.8177006,670911688.8388839,99747835.0211833,17.464
8MARSHALL KY_360015,8PLATEAU TN_360077,37.02455006,-88.39384277,36.05858036,-85.14194112,356.285,500,864048093.9444871,996102204.2871463,132054110.34265926,15.283
7SHAWNEE FP_360002,8PLATEAU TN_360077,37.150267,-88.778122,36.05858036,-85.14194112,474.776,500,1147288321.9063296,1351083671.9944427,203795350.0881131,17.763
8PARADISE CC_360117,8PLATEAU TN_360077,37.259697,-86.976991,36.05858036,-85.14194112,235.071,500,570991668.4108336,631573682.5936246,60582014.182790965,10.61
8PARADISE CC_360117,8PLATEAU TN_360077,37.259697,-86.976991,36.05858036,-85.14194112,235.071,500,570991668.4108336,631573682.5936246,60582014.182790965,10.61
8CHOCTAW MS_360654,8PHIPPS B NP_360102,33.2984397,-89.4127739,36.46070569,-82.80788409,776.41,500,1923254020.3600717,2196640111.76583,273386091.40575856,14.215
8ACKERMAN CC_360627,8PHIPPS B NP_360102,33.38593855,-89.20997726,36.46070569,-82.80788409,754.805,500,1869737812.8477874,2119444630.892866,249706818.04507852,13.355
8CLAY_360688,8PHIPPS B NP_360102,33.47863869,-88.74043971,36.46070569,-82.80788409,717.07,500,1775619771.802247,1985052441.2044716,209432669.40222442,11.795
8COGEN CALED_360606,8PHIPPS B NP_360102,33.64779158,-88.31593565,36.46070569,-82.80788409,670.472,500,1669775488.416359,1820876825.664234,151101337.24787495,9.049
8E POINT AL_360058,8PHIPPS B NP_360102,34.19181783,-86.74805975,36.46070569,-82.80788409,523.582,500,1313641053.794705,1364743862.1815152,51102808.38681031,3.89
6CENTER PNT_360533,8PHIPPS B NP_360102,34.6665318,-84.97089121,36.46070569,-82.80788409,373.753,500,949222643.2877684,989301613.7913945,40078970.5036261,4.222
8BR FERRY NP_360052,8PHIPPS B NP_360102,34.70520875,-87.11705751,36.46070569,-82.80788409,503.131,500,1257637868.2795844,1317666057.8464723,60028189.56688797,4.773
6LOOPERS FRM_360602,8PHIPPS B NP_360102,34.708916,-84.922795,36.46070569,-82.80788409,365.966,500,928871078.8566431,965324432.9954671,36453354.13882399,3.924
8LIMESTONE_360088,8PHIPPS B NP_360102,34.71890958,-86.84630969,36.46070569,-82.80788409,480.474,500,1203390991.4466243,1246209818.5574682,42818827.11084401,3.558
6COUNTY LINE_360013,8PHIPPS B NP_360102,34.74311084,-85.00751569,36.46070569,-82.80788409,365.775,500,921652110.2353032,975012614.4644282,53360504.22912505,5.79
6YOUNG GA_361454,8PHIPPS B NP_360102,34.75072952,-85.27349349,36.46070569,-82.80788409,406.702,500,1024902350.270051,1092576345.5203538,67673995.25030288,6.603
8MADISON AL_360060,8PHIPPS B NP_360102,34.79577878,-86.52158584,36.46070569,-82.80788409,439.273,500,1117057613.9463704,1176703503.279167,59645889.33279648,5.34
6KENSNGTN GA_361503,8PHIPPS B NP_360102,34.81265905,-85.32344844,36.46070569,-82.80788409,402.553,500,1026598088.6961465,1081400740.449706,54802651.7535596,5.338
6ALPHA GA_361502,8PHIPPS B NP_360102,34.813027,-84.853226,36.46070569,-82.80788409,346.461,500,880654165.8971609,913309219.3918207,32655053.494659748,3.708
6CLOUDLANDGA_361633,8PHIPPS B NP_360102,34.81849122,-85.5353055,36.46070569,-82.80788409,376.248,500,958848122.2214105,1007549488.2709701,48701366.049559556,5.079
8MAGNOL CC1_360613,8PHIPPS B NP_360102,34.8287922,-89.20041124,36.46070569,-82.80788409,675.565,500,1667177585.8839269,1925114511.9199705,257936926.03604373,15.471
6ROCK SPG GA_361500,8PHIPPS B NP_360102,34.83897801,-85.28020801,36.46070569,-82.80788409,406.591,500,1035855291.9331539,1092670881.8312523,56815589.89809838,5.485
6WID CRK FP_360068,8PHIPPS B NP_360102,34.88515896,-85.75604163,36.46070569,-82.80788409,374.328,500,953831848.5380299,995340247.6172796,41508399.079249755,4.352
6WRINGOLD GA_361504,8PHIPPS B NP_360102,34.89324284,-85.13750475,36.46070569,-82.80788409,349.11,500,878816589.9759557,928307179.3786315,49490589.40267576,5.632
6BATTLFLD GA_361530,8PHIPPS B NP_360102,34.9555953,-85.26465286,36.46070569,-82.80788409,371.051,500,947916520.6393576,1000232838.4594233,52316317.820065714,5.519
6S HAVEN CC_360594,8PHIPPS B NP_360102,34.99627529,-90.0485284,36.46070569,-82.80788409,768.014,500,1899427676.6746016,2257909752.0292993,358482075.35469764,18.873
6CONCORD TN_361509,8PHIPPS B NP_360102,34.99679719,-85.1610968,36.46070569,-82.80788409,356.066,500,897619788.6815863,947929638.3579735,50309849.676387176,5.605
8BRADLEY TN_360662,8PHIPPS B NP_360102,35.0367008,-84.963798,36.46070569,-82.80788409,319.029,500,804514900.6478915,837746319.7168274,33231419.068935875,4.131
8BENTON MS_360612,8PHIPPS B NP_360102,35.17466126,-89.74553609,36.46070569,-82.80788409,721.315,500,1785099364.1268187,2087524691.1507156,302425327.0238969,16.942
8FRANKLIN TN_360069,8PHIPPS B NP_360102,35.33506701,-86.11727644,36.46070569,-82.80788409,371.89,500,939866641.3791465,980159910.0029337,40293268.62378724,4.287
8HAYWOOD TN_360542,8PHIPPS B NP_360102,35.54308246,-89.19654872,36.46070569,-82.80788409,659.101,500,1617267979.9135327,1886264856.3086038,268996876.39507097,16.633
8HIWASSEE TN_360110,8PHIPPS B NP_360102,35.60032498,-84.78911434,36.46070569,-82.80788409,249.994,500,638302459.5939186,655981682.7864085,17679223.19248998,2.77
8LAG CRK CC_360615,8PHIPPS B NP_360102,35.65702785,-89.39460044,36.46070569,-82.80788409,671.533,500,1645231992.0098014,1916989758.1061158,271757766.0963145,16.518
8MAURY TN_360050,8PHIPPS B NP_360102,35.672863,-87.01861625,36.46070569,-82.80788409,449.866,500,1127136330.2735763,1198162374.0829444,71026043.80936807,6.301
8JACKSON TN_360019,8PHIPPS B NP_360102,35.70901203,-88.79407261,36.46070569,-82.80788409,613.811,500,1508188920.5080562,1748779505.0200427,240590584.5119865,15.952
8ANDERSON TN_360120,8PHIPPS B NP_360102,35.94503289,-84.38856432,36.46070569,-82.80788409,204.399,500,524277929.7165448,539381923.5916281,15103993.87508321,2.881
8BULL RUN FP_360093,8PHIPPS B NP_360102,36.01895969,-84.15785445,36.46070569,-82.80788409,151.648,500,386586835.87620956,390320916.5605711,3734080.684361505,0.966
8JVILLE FP_360037,8PHIPPS B NP_360102,36.02382902,-87.98154082,36.46070569,-82.80788409,525.358,500,1294484478.1570559,1465580109.9331937,171095631.7761378,13.217
8DAVIDSON TN_360048,8PHIPPS B NP_360102,36.06703747,-86.9841046,36.46070569,-82.80788409,471.22,500,1188500074.63184,1296738464.3286963,108238389.69685638,9.107
8GLEASON CT_360582,8PHIPPS B NP_360102,36.24522988,-88.6114255,36.46070569,-82.80788409,583.158,500,1435313039.3233378,1645002857.2943542,209689817.9710165,14.609
8LAG CRK CT_360568,8PHIPPS B NP_360102,36.27534882,-88.83423675,36.46070569,-82.80788409,604.734,500,1486739047.588824,1701481415.730071,214742368.14124703,14.444
8CUMBERLAND_360040,8PHIPPS B NP_360102,36.3921331,-87.65747953,36.46070569,-82.80788409,488.532,500,1205321062.5650005,1368844980.3287768,163523917.76377642,13.567
8MONTGOMERY_360044,8PHIPPS B NP_360102,36.59438524,-87.25325857,36.46070569,-82.80788409,432.779,500,1068678873.745976,1172482491.2528293,103803617.50685328,9.713
8MARSHALL KY_360015,8PHIPPS B NP_360102,37.02455006,-88.39384277,36.46070569,-82.80788409,547.812,500,1343501450.1593156,1477132114.181271,133630664.02195543,9.946
7SHAWNEE FP_360002,8PHIPPS B NP_360102,37.150267,-88.778122,36.46070569,-82.80788409,666.303,500,1626741678.1211576,1829597010.9629452,202855332.8417876,12.47
8PARADISE CC_360117,8PHIPPS B NP_360102,37.259697,-86.976991,36.46070569,-82.80788409,415.655,500,1021807747.5634205,1079797805.0457401,57990057.48231968,5.675
8PARADISE CC_360117,8PHIPPS B NP_360102,37.259697,-86.976991,36.46070569,-82.80788409,415.655,500,1021807747.5634205,1079797805.0457401,57990057.48231968,5.675
8CHOCTAW MS_360654,8WEST POINT_360035,33.2984397,-89.4127739,33.63551392,-88.65363834,87.045,500,215977165.3433323,316401051.5569864,100423886.21365409,46.497
8ACKERMAN CC_360627,8WEST POINT_360035,33.38593855,-89.20997726,33.63551392,-88.65363834,65.439,500,162460957.83104804,237997739.33062902,75536781.49958098,46.495
8CLAY_360688,8WEST POINT_360035,33.47863869,-88.74043971,33.63551392,-88.65363834,22.205,500,56444938.78096882,82879431.25417294,26434492.473204117,46.832
8COGEN CALED_360606,8WEST POINT_360035,33.64779158,-88.31593565,33.63551392,-88.65363834,35.178,500,85508528.91876927,115270632.79711482,29762103.878345545,34.806
8E POINT AL_360058,8WEST POINT_360035,34.19181783,-86.74805975,33.63551392,-88.65363834,220.609,500,533542219.8800087,653652211.6268348,120109991.74682602,22.512
8UNION MS_360033,8WEST POINT_360035,34.37783096,-88.85850114,33.63551392,-88.65363834,94.006,500,224461276.81175816,293306413.88860816,68845137.07684998,30.671
8TRICO STEEL_360014,8WEST POINT_360035,34.60872576,-87.05506218,33.63551392,-88.65363834,199.477,500,481362162.8813026,594657859.5192565,113295696.63795383,23.536
6CENTER PNT_360533,8WEST POINT_360035,34.6665318,-84.97089121,33.63551392,-88.65363834,411.851,500,1006889611.028507,1197804745.0849812,190915134.05647415,18.961
8BR FERRY NP_360052,8WEST POINT_360035,34.70520875,-87.11705751,33.63551392,-88.65363834,220.871,500,533610431.377274,640298375.4799435,106687944.1026696,19.994
6LOOPERS FRM_360602,8WEST POINT_360035,34.708916,-84.922795,33.63551392,-88.65363834,418.602,500,1025029434.4822398,1217221603.6273606,192192169.1451207,18.75
8LIMESTONE_360088,8WEST POINT_360035,34.71890958,-86.84630969,33.63551392,-88.65363834,244.618,500,590567818.7034199,695873477.3038106,105305658.60039064,17.831
6COUNTY LINE_360013,8WEST POINT_360035,34.74311084,-85.00751569,33.63551392,-88.65363834,403.048,500,985619627.287969,1146093742.713055,160474115.42508596,16.282
6YOUNG GA_361454,8WEST POINT_360035,34.75072952,-85.27349349,33.63551392,-88.65363834,369.151,500,898740889.5736904,1052409076.6046101,153668187.03091967,17.098
8MADISON AL_360060,8WEST POINT_360035,34.79577878,-86.52158584,33.63551392,-88.65363834,284.176,500,689430130.2254803,803468823.2227875,114038692.99730721,16.541
6KENSNGTN GA_361503,8WEST POINT_360035,34.81265905,-85.32344844,33.63551392,-88.65363834,369.35,500,899269570.6047722,1050881074.3160341,151611503.71126193,16.859
6ALPHA GA_361502,8WEST POINT_360035,34.813027,-84.853226,33.63551392,-88.65363834,437.672,500,1071124228.2076757,1269110711.2673259,197986483.05965024,18.484
6CLOUDLANDGA_361633,8WEST POINT_360035,34.81849122,-85.5353055,33.63551392,-88.65363834,349.625,500,848404501.5043911,988202249.8586222,139797748.35423112,16.478
8MAGNOL CC1_360613,8WEST POINT_360035,34.8287922,-89.20041124,33.63551392,-88.65363834,156.441,500,373860377.4994772,513769370.64538395,139908993.14590678,37.423
6ROCK SPG GA_361500,8WEST POINT_360035,34.83897801,-85.28020801,33.63551392,-88.65363834,373.388,500,908482386.8116566,1062272961.7739519,153790574.96229526,16.928
6WID CRK FP_360068,8WEST POINT_360035,34.88515896,-85.75604163,33.63551392,-88.65363834,326.532,500,787838383.8965609,920179587.8215353,132341203.9249745,16.798
6WRINGOLD GA_361504,8WEST POINT_360035,34.89324284,-85.13750475,33.63551392,-88.65363834,411.279,500,1002874537.3391681,1160034495.5410995,157159958.20193145,15.671
6BATTLFLD GA_361530,8WEST POINT_360035,34.9555953,-85.26465286,33.63551392,-88.65363834,380.97,500,929457125.9137945,1082106191.132081,152649065.21828654,16.423
6S HAVEN CC_360594,8WEST POINT_360035,34.99627529,-90.0485284,33.63551392,-88.65363834,226.201,500,554283394.3794141,765247061.7196817,210963667.34026763,38.061
6CONCORD TN_361509,8WEST POINT_360035,34.99679719,-85.1610968,33.63551392,-88.65363834,433.066,500,1058445586.445271,1225641737.5253067,167196151.08003575,15.796
8BRADLEY TN_360662,8WEST POINT_360035,35.0367008,-84.963798,33.63551392,-88.65363834,439.055,500,1070994029.3887126,1249986642.8709745,178992613.48226196,16.713
8RACCOON MTN_360079,8WEST POINT_360035,35.05681146,-85.38724619,33.63551392,-88.65363834,368.099,500,892040488.0633361,1032490118.1920809,140449630.1287447,15.745
8BENTON MS_360612,8WEST POINT_360035,35.17466126,-89.74553609,33.63551392,-88.65363834,229.226,500,554447497.9317167,768179932.7023125,213732434.77059585,38.549
8SEQUOYAH NP_360081,8WEST POINT_360035,35.22706031,-85.09419774,33.63551392,-88.65363834,427.725,500,1049326704.1847304,1196416246.5225954,147089542.3378649,14.018
8FRANKLIN TN_360069,8WEST POINT_360035,35.33506701,-86.11727644,33.63551392,-88.65363834,332.9,500,800374192.3613554,933406707.930369,133032515.56901355,16.621
8SHELBY TN_360021,8WEST POINT_360035,35.38606284,-89.80340294,33.63551392,-88.65363834,248.942,500,597820971.0210426,823045051.3510408,225224080.32999828,37.674
8HAYWOOD TN_360542,8WEST POINT_360035,35.54308246,-89.19654872,33.63551392,-88.65363834,239.957,500,577929357.1767237,814919445.7310522,236990088.5543285,41.007
8HIWASSEE TN_360110,8WEST POINT_360035,35.60032498,-84.78911434,33.63551392,-88.65363834,468.844,500,1132727728.586458,1277562735.172248,144835006.58578992,12.786
8LAG CRK CC_360615,8WEST POINT_360035,35.65702785,-89.39460044,33.63551392,-88.65363834,258.405,500,622107071.9337766,868603763.4457245,246496691.5119478,39.623
8MAURY TN_360050,8WEST POINT_360035,35.672863,-87.01861625,33.63551392,-88.65363834,300.276,500,717964909.9525678,936641770.6185979,218676860.66603008,30.458
8JACKSON TN_360019,8WEST POINT_360035,35.70901203,-88.79407261,33.63551392,-88.65363834,250.451,500,612258653.9219296,838767584.6100421,226508930.68811244,36.996
8RUTHERFORD_360010,8WEST POINT_360035,35.82791498,-86.59841524,33.63551392,-88.65363834,335.393,500,808767137.3899212,970116705.9387189,161349568.54879773,19.95
8ANDERSON TN_360120,8WEST POINT_360035,35.94503289,-84.38856432,33.63551392,-88.65363834,518.16,500,1261336871.9713237,1412473679.0377727,151136807.06644893,11.982
8BULL RUN FP_360093,8WEST POINT_360035,36.01895969,-84.15785445,33.63551392,-88.65363834,606.19,500,1491628442.3811927,1675992884.5286522,184364442.1474596,12.36
8JVILLE FP_360037,8WEST POINT_360035,36.02382902,-87.98154082,33.63551392,-88.65363834,301.321,500,726910903.7822914,1002261394.8925289,275350491.1102375,37.88
8PIN HOOK TN_360581,8WEST POINT_360035,36.04646628,-86.60595108,33.63551392,-88.65363834,364.761,500,890530077.009557,1063381653.5675817,172851576.5580246,19.41
8PLATEAU TN_360077,8WEST POINT_360035,36.05858036,-85.14194112,33.63551392,-88.65363834,458.41,500,1107653109.9484327,1268558321.2166731,160905211.26824045,14.527
8DAVIDSON TN_360048,8WEST POINT_360035,36.06703747,-86.9841046,33.63551392,-88.65363834,340.921,500,819035548.2073789,1087813891.0335414,268778342.8261625,32.816
8VOLUNTEER_360097,8WEST POINT_360035,36.1219789,-83.81482256,33.63551392,-88.65363834,636.235,500,1567899106.3809237,1754995879.2438216,187096772.8628979,11.933
8GLEASON CT_360582,8WEST POINT_360035,36.24522988,-88.6114255,33.63551392,-88.65363834,314.482,500,763752332.7576075,1042857811.1015055,279105478.34389806,36.544
8LAG CRK CT_360568,8WEST POINT_360035,36.27534882,-88.83423675,33.63551392,-88.65363834,318.897,500,776775526.0681195,1043634346.3049566,266858820.236837,34.355
8CUMBERLAND_360040,8WEST POINT_360035,36.3921331,-87.65747953,33.63551392,-88.65363834,353.194,500,849003892.1001279,1171407925.2437842,322404033.14365625,37.974
8PHIPPS B NP_360102,8WEST POINT_360035,36.46070569,-82.80788409,33.63551392,-88.65363834,695.681,500,1721124341.459251,1905943872.0413547,184819530.58210385,10.738
8MONTGOMERY_360044,8WEST POINT_360035,36.59438524,-87.25325857,33.63551392,-88.65363834,401.499,500,966680572.2239099,1313895363.5986807,347214791.3747709,35.918
8MARSHALL KY_360015,8WEST POINT_360035,37.02455006,-88.39384277,33.63551392,-88.65363834,422.096,500,1013659535.2132379,1374544595.8518622,360885060.63862437,35.602
7SHAWNEE FP_360002,8WEST POINT_360035,37.150267,-88.778122,33.63551392,-88.65363834,436.452,500,1055346566.2017508,1400996604.6389637,345650038.437213,32.752
8PARADISE CC_360117,8WEST POINT_360035,37.259697,-86.976991,33.63551392,-88.65363834,475.157,500,1143217935.4235659,1552450439.6981921,409232504.2746263,35.797
8PARADISE CC_360117,8WEST POINT_360035,37.259697,-86.976991,33.63551392,-88.65363834,475.157,500,1143217935.4235659,1552450439.6981921,409232504.2746263,35.797
8ACKERMAN CC_360627,8BENTON MS_360612,33.38593855,-89.20997726,35.17466126,-89.74553609,238.367,500,582698781.8027761,830307310.6838795,247608528.8811034,42.493
6CENTER PNT_360533,8BENTON MS_360612,34.6665318,-84.97089121,35.17466126,-89.74553609,525.579,500,1289493801.8335848,1646243427.7578766,356749625.9242919,27.666
6LOOPERS FRM_360602,8BENTON MS_360612,34.708916,-84.922795,35.17466126,-89.74553609,532.33,500,1307633625.2873175,1665827081.291504,358193456.00418645,27.392
6COUNTY LINE_360013,8BENTON MS_360612,34.74311084,-85.00751569,35.17466126,-89.74553609,497.981,500,1222621843.4013727,1559026427.1861043,336404583.78473157,27.515
6YOUNG GA_361454,8BENTON MS_360612,34.75072952,-85.27349349,35.17466126,-89.74553609,464.084,500,1135743105.687094,1464257439.4383361,328514333.75124216,28.925
6KENSNGTN GA_361503,8BENTON MS_360612,34.81265905,-85.32344844,35.17466126,-89.74553609,464.283,500,1136271786.718176,1463119925.861671,326848139.1434952,28.765
6ALPHA GA_361502,8BENTON MS_360612,34.813027,-84.853226,35.17466126,-89.74553609,546.919,500,1340545687.295192,1697515789.13223,356970101.8370381,26.629
6CLOUDLANDGA_361633,8BENTON MS_360612,34.81849122,-85.5353055,35.17466126,-89.74553609,436.117,500,1071824827.4015039,1369244391.1520343,297419563.7505303,27.749
6ROCK SPG GA_361500,8BENTON MS_360612,34.83897801,-85.28020801,35.17466126,-89.74553609,468.321,500,1145484602.9250603,1474555712.9884815,329071110.06342113,28.728
6WID CRK FP_360068,8BENTON MS_360612,34.88515896,-85.75604163,35.17466126,-89.74553609,402.664,500,983779165.1178086,1270802425.2710352,287023260.1532267,29.176
6WRINGOLD GA_361504,8BENTON MS_360612,34.89324284,-85.13750475,35.17466126,-89.74553609,506.212,500,1239876753.4525719,1572603657.3316085,332726903.8790367,26.835
6BATTLFLD GA_361530,8BENTON MS_360612,34.9555953,-85.26465286,35.17466126,-89.74553609,444.873,500,1098003089.5164776,1404255798.7040803,306252709.18760276,27.892
6S HAVEN CC_360594,8BENTON MS_360612,34.99627529,-90.0485284,35.17466126,-89.74553609,104.139,500,269137168.6313381,372221149.92743707,103083981.29609896,38.302
6CONCORD TN_361509,8BENTON MS_360612,34.99679719,-85.1610968,35.17466126,-89.74553609,528.0,500,1295447802.5586748,1638673005.1331644,343225202.57448953,26.495
8ANDERSON TN_360120,8BENTON MS_360612,35.94503289,-84.38856432,35.17466126,-89.74553609,542.048,500,1326436732.3319235,1607525623.5233684,281088891.19144475,21.191
7SHAWNEE FP_360002,8BENTON MS_360612,37.150267,-88.778122,35.17466126,-89.74553609,270.874,500,649974688.6481798,803188083.3388613,153213394.69068155,23.572
8CHOCTAW MS_360654,8JACKSON TN_360019,33.2984397,-89.4127739,35.70901203,-88.79407261,302.051,500,734491127.0740902,1060471203.4302537,325980076.35616356,44.382
8ACKERMAN CC_360627,8JACKSON TN_360019,33.38593855,-89.20997726,35.70901203,-88.79407261,287.282,500,700023803.9934365,1005670579.6718779,305646775.6784414,43.662
8CLAY_360688,8JACKSON TN_360019,33.47863869,-88.74043971,35.70901203,-88.79407261,271.387,500,658197678.3551152,923546769.7352607,265349091.38014558,40.314
8COGEN CALED_360606,8JACKSON TN_360019,33.64779158,-88.31593565,35.70901203,-88.79407261,258.923,500,625976086.3472543,902818578.631912,276842492.2846577,44.226
8E POINT AL_360058,8JACKSON TN_360019,34.19181783,-86.74805975,35.70901203,-88.79407261,291.306,500,707724893.6788943,880721512.3902944,172996618.71140015,24.444
6CENTER PNT_360533,8JACKSON TN_360019,34.6665318,-84.97089121,35.70901203,-88.79407261,446.476,500,1092638900.605557,1309527402.4435081,216888501.83795112,19.85
8BR FERRY NP_360052,8JACKSON TN_360019,34.70520875,-87.11705751,35.70901203,-88.79407261,212.73,500,509922660.8850688,682393907.2095127,172471246.32444394,33.823
6LOOPERS FRM_360602,8JACKSON TN_360019,34.708916,-84.922795,35.70901203,-88.79407261,453.227,500,1110778724.05929,1328958598.8229227,218179874.76363274,19.642
6COUNTY LINE_360013,8JACKSON TN_360019,34.74311084,-85.00751569,35.70901203,-88.79407261,419.22,500,1024508273.2689834,1214656363.2329924,190148089.96400905,18.56
6YOUNG GA_361454,8JACKSON TN_360019,34.75072952,-85.27349349,35.70901203,-88.79407261,377.357,500,927691939.867594,1112643375.8835285,184951436.01593456,19.937
6KENSNGTN GA_361503,8JACKSON TN_360019,34.81265905,-85.32344844,35.70901203,-88.79407261,377.653,500,928066170.1088004,1108037616.0482197,179971445.9394193,19.392
6ALPHA GA_361502,8JACKSON TN_360019,34.813027,-84.853226,35.70901203,-88.79407261,454.411,500,1111763294.1294942,1341472838.9552364,229709544.82574221,20.662
6CLOUDLANDGA_361633,8JACKSON TN_360019,34.81849122,-85.5353055,35.70901203,-88.79407261,351.348,500,860316203.6340644,1034037016.954913,173720813.3208486,20.193
6ROCK SPG GA_361500,8JACKSON TN_360019,34.83897801,-85.28020801,35.70901203,-88.79407261,381.691,500,937323373.3458079,1119327700.9639215,182004327.6181136,19.417
6WID CRK FP_360068,8JACKSON TN_360019,34.88515896,-85.75604163,35.70901203,-88.79407261,317.895,500,772270541.3503691,935258393.6225758,162987852.27220663,21.105
6WRINGOLD GA_361504,8JACKSON TN_360019,34.89324284,-85.13750475,35.70901203,-88.79407261,427.451,500,1041763183.3201826,1228734775.4780364,186971592.15785372,17.948
6BATTLFLD GA_361530,8JACKSON TN_360019,34.9555953,-85.26465286,35.70901203,-88.79407261,360.104,500,886494465.749038,1069629201.4011365,183134735.65209854,20.658
6S HAVEN CC_360594,8JACKSON TN_360019,34.99627529,-90.0485284,35.70901203,-88.79407261,195.371,500,488198496.90963995,665686546.3261324,177488049.41649243,36.356
6CONCORD TN_361509,8JACKSON TN_360019,34.99679719,-85.1610968,35.70901203,-88.79407261,449.238,500,1097334232.4262855,1294355010.523651,197020778.0973654,17.954
8BRADLEY TN_360662,8JACKSON TN_360019,35.0367008,-84.963798,35.70901203,-88.79407261,422.877,500,1033419487.6786525,1254334126.7192545,220914639.04060188,21.377
8BENTON MS_360612,8JACKSON TN_360019,35.17466126,-89.74553609,35.70901203,-88.79407261,125.986,500,308252460.80860436,408415798.7399928,100163337.93138844,32.494
8FRANKLIN TN_360069,8JACKSON TN_360019,35.33506701,-86.11727644,35.70901203,-88.79407261,273.789,500,660227880.7555835,824622908.1872381,164395027.4316546,24.9
8HAYWOOD TN_360542,8JACKSON TN_360019,35.54308246,-89.19654872,35.70901203,-88.79407261,49.976,500,121737912.64442536,158917437.07867503,37179524.434249684,30.541
8HIWASSEE TN_360110,8JACKSON TN_360019,35.60032498,-84.78911434,35.70901203,-88.79407261,395.763,500,964222229.4965518,1167176336.173114,202954106.6765623,21.048
8ANDERSON TN_360120,8JACKSON TN_360019,35.94503289,-84.38856432,35.70901203,-88.79407261,442.956,500,1090163969.0314064,1304557780.93852,214393811.9071135,19.666
8BULL RUN FP_360093,8JACKSON TN_360019,36.01895969,-84.15785445,35.70901203,-88.79407261,533.166,500,1312826408.3995469,1547419092.595914,234592684.19636708,17.869
8DAVIDSON TN_360048,8JACKSON TN_360019,36.06703747,-86.9841046,35.70901203,-88.79407261,188.801,500,458270440.5734465,664264765.4382532,205994324.86480668,44.95
8GLEASON CT_360582,8JACKSON TN_360019,36.24522988,-88.6114255,35.70901203,-88.79407261,68.3,500,164485382.45920047,205726544.662291,41241162.20309051,25.073
8CUMBERLAND_360040,8JACKSON TN_360019,36.3921331,-87.65747953,35.70901203,-88.79407261,139.13,500,336189006.78142214,432045142.6039512,95856135.8225291,28.513
7SHAWNEE FP_360002,8JACKSON TN_360019,37.150267,-88.778122,35.70901203,-88.79407261,190.094,500,451885146.87847745,572270052.2432683,120384905.3647908,26.641
8CHOCTAW MS_360654,8SHELBY TN_360021,33.2984397,-89.4127739,35.38606284,-89.80340294,265.096,500,648384331.4416106,900006157.2585676,251621825.81695706,38.808
8ACKERMAN CC_360627,8SHELBY TN_360021,33.38593855,-89.20997726,35.38606284,-89.80340294,258.083,500,626072254.8921021,885606312.6428462,259534057.75074413,41.454
8CLAY_360688,8SHELBY TN_360021,33.47863869,-88.74043971,35.38606284,-89.80340294,263.624,500,635326125.1738216,910795479.811514,275469354.63769245,43.359
8COGEN CALED_360606,8SHELBY TN_360021,33.64779158,-88.31593565,35.38606284,-89.80340294,264.285,500,637359436.5588925,881529605.63373,244170169.07483754,38.31
8E POINT AL_360058,8SHELBY TN_360021,34.19181783,-86.74805975,35.38606284,-89.80340294,378.173,500,912821298.2921131,1174754522.7809145,261933224.4888015,28.695
6CENTER PNT_360533,8SHELBY TN_360021,34.6665318,-84.97089121,35.38606284,-89.80340294,525.505,500,1285436549.597764,1637668232.332377,352231682.7346128,27.402
8BR FERRY NP_360052,8SHELBY TN_360021,34.70520875,-87.11705751,35.38606284,-89.80340294,285.918,500,687508378.3890121,930336806.4668374,242828428.07782525,35.32
6LOOPERS FRM_360602,8SHELBY TN_360021,34.708916,-84.922795,35.38606284,-89.80340294,532.256,500,1303576373.051497,1657268749.333045,353692376.2815481,27.132
8LIMESTONE_360088,8SHELBY TN_360021,34.71890958,-86.84630969,35.38606284,-89.80340294,309.001,500,743576118.6524065,986922757.0768194,243346638.4244129,32.727
6COUNTY LINE_360013,8SHELBY TN_360021,34.74311084,-85.00751569,35.38606284,-89.80340294,497.907,500,1218564591.1655521,1550501551.51319,331936960.34763783,27.24
6YOUNG GA_361454,8SHELBY TN_360021,34.75072952,-85.27349349,35.38606284,-89.80340294,464.01,500,1131685853.4512734,1455641676.5256,323955823.07432646,28.626
8MADISON AL_360060,8SHELBY TN_360021,34.79577878,-86.52158584,35.38606284,-89.80340294,334.333,500,807337693.7525306,1073664195.9834377,266326502.23090705,32.988
6KENSNGTN GA_361503,8SHELBY TN_360021,34.81265905,-85.32344844,35.38606284,-89.80340294,464.209,500,1132214534.482355,1454510981.7399588,322296447.2576036,28.466
6ALPHA GA_361502,8SHELBY TN_360021,34.813027,-84.853226,35.38606284,-89.80340294,546.845,500,1336488435.0593715,1689044214.4393957,352555779.38002425,26.379
6CLOUDLANDGA_361633,8SHELBY TN_360021,34.81849122,-85.5353055,35.38606284,-89.80340294,436.043,500,1067767575.1656833,1360758767.636607,292991192.47092366,27.44
8MAGNOL CC1_360613,8SHELBY TN_360021,34.8287922,-89.20041124,35.38606284,-89.80340294,95.142,500,232702130.56456694,320997139.0942421,88295008.52967513,37.943
6ROCK SPG GA_361500,8SHELBY TN_360021,34.83897801,-85.28020801,35.38606284,-89.80340294,468.247,500,1141427350.6892397,1465946761.1304386,324519410.44119877,28.431
6WID CRK FP_360068,8SHELBY TN_360021,34.88515896,-85.75604163,35.38606284,-89.80340294,402.59,500,979721912.881988,1262196832.8876657,282474920.0056778,28.832
6WRINGOLD GA_361504,8SHELBY TN_360021,34.89324284,-85.13750475,35.38606284,-89.80340294,506.138,500,1235819501.216751,1564148783.8104093,328329282.5936582,26.568
6BATTLFLD GA_361530,8SHELBY TN_360021,34.9555953,-85.26465286,35.38606284,-89.80340294,444.799,500,1093945837.2806568,1395780842.9383245,301835005.6576676,27.591
6S HAVEN CC_360594,8SHELBY TN_360021,34.99627529,-90.0485284,35.38606284,-89.80340294,123.855,500,312510641.72066414,427277036.1355185,114766394.41485435,36.724
6CONCORD TN_361509,8SHELBY TN_360021,34.99679719,-85.1610968,35.38606284,-89.80340294,527.925,500,1291390550.3228543,1630228503.6254783,338837953.30262387,26.238
8BRADLEY TN_360662,8SHELBY TN_360021,35.0367008,-84.963798,35.38606284,-89.80340294,519.037,500,1262391677.04884,1537901512.5328054,275509835.4839655,21.824
8RACCOON MTN_360079,8SHELBY TN_360021,35.05681146,-85.38724619,35.38606284,-89.80340294,431.357,500,1054569610.0995089,1345531502.905509,290961892.806,27.591
8BENTON MS_360612,8SHELBY TN_360021,35.17466126,-89.74553609,35.38606284,-89.80340294,32.82,500,82933228.98008704,110116132.48852289,27182903.50843585,32.777
8SEQUOYAH NP_360081,8SHELBY TN_360021,35.22706031,-85.09419774,35.38606284,-89.80340294,479.512,500,1170467904.894462,1447684365.8294144,277216460.9349522,23.684
8FRANKLIN TN_360069,8SHELBY TN_360021,35.33506701,-86.11727644,35.38606284,-89.80340294,363.844,500,876238110.2366593,1133221229.6445358,256983119.4078764,29.328
8HAYWOOD TN_360542,8SHELBY TN_360021,35.54308246,-89.19654872,35.38606284,-89.80340294,80.977,500,194527904.51039505,254808774.8396116,60280870.329216555,30.988
8HIWASSEE TN_360110,8SHELBY TN_360021,35.60032498,-84.78911434,35.38606284,-89.80340294,492.208,500,1193568462.1654944,1451028155.4969773,257459693.33148298,21.571
8LAG CRK CC_360615,8SHELBY TN_360021,35.65702785,-89.39460044,35.38606284,-89.80340294,57.69,500,137700184.66181225,179603703.95788115,41903519.2960689,30.431
8MAURY TN_360050,8SHELBY TN_360021,35.672863,-87.01861625,35.38606284,-89.80340294,274.083,500,658884260.4199333,897749973.088511,238865712.66857773,36.253
8JACKSON TN_360019,8SHELBY TN_360021,35.70901203,-88.79407261,35.38606284,-89.80340294,115.201,500,277825479.40620524,363615867.63075167,85790388.22454645,30.879
8RUTHERFORD_360010,8SHELBY TN_360021,35.82791498,-86.59841524,35.38606284,-89.80340294,322.982,500,781505623.0931811,1047167304.1190205,265661681.0258394,33.994
8ANDERSON TN_360120,8SHELBY TN_360021,35.94503289,-84.38856432,35.38606284,-89.80340294,540.317,500,1321286489.6025636,1590671048.4147067,269384558.812143,20.388
8BULL RUN FP_360093,8SHELBY TN_360021,36.01895969,-84.15785445,35.38606284,-89.80340294,632.8,500,1550378861.725526,1849449454.3780823,299070592.65255606,19.29
8JVILLE FP_360037,8SHELBY TN_360021,36.02382902,-87.98154082,35.38606284,-89.80340294,200.784,500,481979063.300401,632332748.6756697,150353685.37526864,31.195
8PIN HOOK TN_360581,8SHELBY TN_360021,36.04646628,-86.60595108,35.38606284,-89.80340294,343.091,500,843578311.2393444,1142395551.511042,298817240.27169776,35.423
8PLATEAU TN_360077,8SHELBY TN_360021,36.05858036,-85.14194112,35.38606284,-89.80340294,474.431,500,1149056539.2307205,1424282355.790575,275225816.55985445,23.952
8DAVIDSON TN_360048,8SHELBY TN_360021,36.06703747,-86.9841046,35.38606284,-89.80340294,292.95,500,710225998.8463632,1010909547.3725109,300683548.52614766,42.336
8GLEASON CT_360582,8SHELBY TN_360021,36.24522988,-88.6114255,35.38606284,-89.80340294,158.511,500,379956118.33234644,479460688.46277046,99504570.13042402,26.188
8LAG CRK CT_360568,8SHELBY TN_360021,36.27534882,-88.83423675,35.38606284,-89.80340294,151.769,500,362916398.424189,456645662.0957232,93729263.67153426,25.827
8CUMBERLAND_360040,8SHELBY TN_360021,36.3921331,-87.65747953,35.38606284,-89.80340294,248.243,500,598176210.5848299,762861845.8170131,164685635.23218322,27.531
8PHIPPS B NP_360102,8SHELBY TN_360021,36.46070569,-82.80788409,35.38606284,-89.80340294,724.325,500,1773355546.6753125,2090873101.3186002,317517554.6432877,17.905
8MONTGOMERY_360044,8SHELBY TN_360021,36.59438524,-87.25325857,35.38606284,-89.80340294,315.644,500,763511669.2557883,999830573.2271425,236318903.9713541,30.952
8MARSHALL KY_360015,8SHELBY TN_360021,37.02455006,-88.39384277,35.38606284,-89.80340294,267.977,500,642020830.8127912,810587360.7027808,168566529.8899896,26.256
7SHAWNEE FP_360002,8SHELBY TN_360021,37.150267,-88.778122,35.38606284,-89.80340294,254.757,500,607901714.9290818,746314803.8658841,138413088.93680227,22.769
8PARADISE CC_360117,8SHELBY TN_360021,37.259697,-86.976991,35.38606284,-89.80340294,371.751,500,896133496.0903473,1115465280.2312195,219331784.1408723,24.475
8PARADISE CC_360117,8SHELBY TN_360021,37.259697,-86.976991,35.38606284,-89.80340294,371.751,500,896133496.0903473,1115465280.2312195,219331784.1408723,24.475
6CENTER PNT_360533,8SHAWNEE FP_360001,34.6665318,-84.97089121,37.150267,-88.778122,570.398,500,1388038026.090612,1629953372.538754,241915346.44814202,17.429
6LOOPERS FRM_360602,8SHAWNEE FP_360001,34.708916,-84.922795,37.150267,-88.778122,577.149,500,1406177849.544345,1649261118.4312835,243083268.88693866,17.287
6COUNTY LINE_360013,8SHAWNEE FP_360001,34.74311084,-85.00751569,37.150267,-88.778122,541.161,500,1316962715.148047,1536275040.1930897,219312325.04504272,16.653
6YOUNG GA_361454,8SHAWNEE FP_360001,34.75072952,-85.27349349,37.150267,-88.778122,499.425,500,1219566409.2166338,1439943531.6411397,220377122.4245059,18.07
6KENSNGTN GA_361503,8SHAWNEE FP_360001,34.81265905,-85.32344844,37.150267,-88.778122,499.721,500,1219940639.4578402,1434889214.1943865,214948574.73654625,17.62
6ALPHA GA_361502,8SHAWNEE FP_360001,34.813027,-84.853226,37.150267,-88.778122,558.102,500,1362239352.8258471,1606922303.2450645,244682950.4192174,17.962
6CLOUDLANDGA_361633,8SHAWNEE FP_360001,34.81849122,-85.5353055,37.150267,-88.778122,473.416,500,1152190672.9831042,1361425890.028953,209235217.04584873,18.16
6ROCK SPG GA_361500,8SHAWNEE FP_360001,34.83897801,-85.28020801,37.150267,-88.778122,503.759,500,1229197842.6948478,1446195599.1555462,216997756.4606983,17.654
6WID CRK FP_360068,8SHAWNEE FP_360001,34.88515896,-85.75604163,37.150267,-88.778122,439.888,500,1064395273.4920746,1260736349.7122085,196341076.2201339,18.446
6WRINGOLD GA_361504,8SHAWNEE FP_360001,34.89324284,-85.13750475,37.150267,-88.778122,549.392,500,1334217625.1992462,1550108679.1628394,215891053.96359313,16.181
6BATTLFLD GA_361530,8SHAWNEE FP_360001,34.9555953,-85.26465286,37.150267,-88.778122,482.172,500,1178368935.0980778,1397500891.4560149,219131956.35793713,18.596
6S HAVEN CC_360594,8SHAWNEE FP_360001,34.99627529,-90.0485284,37.150267,-88.778122,324.277,500,775201635.838223,884193437.2350917,108991801.39686869,14.06
6CONCORD TN_361509,8SHAWNEE FP_360001,34.99679719,-85.1610968,37.150267,-88.778122,563.605,500,1377000434.4087002,1630920886.6352131,253920452.22651282,18.44
6CENTER PNT_360533,8BHAM STEEL_360075,34.6665318,-84.97089121,34.99627529,-90.0485284,576.883,500,1415931625.4860106,1784720339.877765,368788714.3917544,26.046
6LOOPERS FRM_360602,8BHAM STEEL_360075,34.708916,-84.922795,34.99627529,-90.0485284,583.634,500,1434071448.9397433,1804297750.5753293,370226301.63558596,25.816
6COUNTY LINE_360013,8BHAM STEEL_360075,34.74311084,-85.00751569,34.99627529,-90.0485284,551.914,500,1356767630.9248142,1705983803.186541,349216172.261727,25.739
6YOUNG GA_361454,8BHAM STEEL_360075,34.75072952,-85.27349349,34.99627529,-90.0485284,518.017,500,1269888893.2105355,1611426690.1853898,341537796.97485423,26.895
6KENSNGTN GA_361503,8BHAM STEEL_360075,34.81265905,-85.32344844,34.99627529,-90.0485284,518.216,500,1270417574.2416172,1610237998.6287432,339820424.38712585,26.749
6ALPHA GA_361502,8BHAM STEEL_360075,34.813027,-84.853226,34.99627529,-90.0485284,602.705,500,1480166242.6651793,1856448356.3775754,376282113.712396,25.422
6CLOUDLANDGA_361633,8BHAM STEEL_360075,34.81849122,-85.5353055,34.99627529,-90.0485284,498.491,500,1219552505.141236,1547699706.4580739,328147201.31683785,26.907
6ROCK SPG GA_361500,8BHAM STEEL_360075,34.83897801,-85.28020801,34.99627529,-90.0485284,522.254,500,1279630390.4485016,1621653991.2976794,342023600.84917796,26.728
6WID CRK FP_360068,8BHAM STEEL_360075,34.88515896,-85.75604163,34.99627529,-90.0485284,446.517,500,1092332189.8417606,1435249998.1578364,342917808.3160759,31.393
6WRINGOLD GA_361504,8BHAM STEEL_360075,34.89324284,-85.13750475,34.99627529,-90.0485284,560.145,500,1374022540.9760132,1719620425.1147983,345597884.1387852,25.152
6BATTLFLD GA_361530,8BHAM STEEL_360075,34.9555953,-85.26465286,34.99627529,-90.0485284,488.726,500,1206556114.2404296,1568195183.1395462,361639068.8991165,29.973
6CONCORD TN_361509,8BHAM STEEL_360075,34.99679719,-85.1610968,34.99627529,-90.0485284,581.932,500,1429593590.0821161,1785572317.9032977,355978727.82118154,24.901
8CHOCTAW MS_360654,8WILSON TN_360071,33.2984397,-89.4127739,36.2052377,-86.46506033,496.333,500,1206953264.6899242,1473896024.2287407,266942759.53881636,22.117
8ACKERMAN CC_360627,8WILSON TN_360071,33.38593855,-89.20997726,36.2052377,-86.46506033,474.727,500,1153437057.17764,1396130561.1631453,242693503.9855054,21.041
8CLAY_360688,8WILSON TN_360071,33.47863869,-88.74043971,36.2052377,-86.46506033,436.993,500,1059319016.1320996,1260161991.1615083,200842975.0294087,18.96
8WEST POINT_360035,8WILSON TN_360071,33.63551392,-88.65363834,36.2052377,-86.46506033,415.604,500,1004823585.7891034,1181022450.8348308,176198865.04572743,17.535
8COGEN CALED_360606,8WILSON TN_360071,33.64779158,-88.31593565,36.2052377,-86.46506033,397.928,500,961145407.3923277,1117541561.6902945,156396154.2979669,16.272
8E POINT AL_360058,8WILSON TN_360071,34.19181783,-86.74805975,36.2052377,-86.46506033,279.284,500,689832724.5671699,748477751.54377,58645026.976600096,8.501
8UNION MS_360033,8WILSON TN_360071,34.37783096,-88.85850114,36.2052377,-86.46506033,390.957,500,945502772.935587,1194315692.4679954,248812919.5324083,26.315
8TRICO STEEL_360014,8WILSON TN_360071,34.60872576,-87.05506218,36.2052377,-86.46506033,268.457,500,652128387.5474705,721225703.9890059,69097316.44153543,10.596
6CENTER PNT_360533,8WILSON TN_360071,34.6665318,-84.97089121,36.2052377,-86.46506033,289.414,500,715487308.1744928,786446230.4909207,70958922.31642783,9.918
8BR FERRY NP_360052,8WILSON TN_360071,34.70520875,-87.11705751,36.2052377,-86.46506033,223.625,500,542309267.6279855,595345370.7149523,53036103.08696688,9.78
6LOOPERS FRM_360602,8WILSON TN_360071,34.708916,-84.922795,36.2052377,-86.46506033,281.627,500,695135743.7433674,762468113.114747,67332369.37137966,9.686
8LIMESTONE_360088,8WILSON TN_360071,34.71890958,-86.84630969,36.2052377,-86.46506033,208.9,500,506904284.22873837,547465822.229986,40561538.00124762,8.002
6COUNTY LINE_360013,8WILSON TN_360071,34.74311084,-85.00751569,36.2052377,-86.46506033,277.334,500,685712233.9204551,761940728.6833812,76228494.76292615,11.117
6YOUNG GA_361454,8WILSON TN_360071,34.75072952,-85.27349349,36.2052377,-86.46506033,230.197,500,574542602.129514,630376073.0742755,55833470.94476151,9.718
8MADISON AL_360060,8WILSON TN_360071,34.79577878,-86.52158584,36.2052377,-86.46506033,190.394,500,464157237.4332082,497472451.8789469,33315214.445738643,7.178
6KENSNGTN GA_361503,8WILSON TN_360071,34.81265905,-85.32344844,36.2052377,-86.46506033,230.493,500,574916832.3707204,625002540.5795188,50085708.20879843,8.712
6ALPHA GA_361502,8WILSON TN_360071,34.813027,-84.853226,36.2052377,-86.46506033,262.122,500,646918830.7838852,710425021.967033,63506191.18314783,9.817
6CLOUDLANDGA_361633,8WILSON TN_360071,34.81849122,-85.5353055,36.2052377,-86.46506033,204.188,500,507166865.8959844,551253516.1397564,44086650.24377199,8.693
8MAGNOL CC1_360613,8WILSON TN_360071,34.8287922,-89.20041124,36.2052377,-86.46506033,383.969,500,925635478.7762628,1168523597.6222372,242888118.84597436,26.24
6ROCK SPG GA_361500,8WILSON TN_360071,34.83897801,-85.28020801,36.2052377,-86.46506033,234.531,500,584174035.607728,636324242.7060035,52150207.09827559,8.927
6WID CRK FP_360068,8WILSON TN_360071,34.88515896,-85.75604163,36.2052377,-86.46506033,182.785,500,452761826.97901094,487032431.080747,34270604.1017361,7.569
8WID CRK FP_360065,8WILSON TN_360071,34.88726197,-85.75423778,36.2052377,-86.46506033,182.499,500,451851719.4804871,486153255.5348561,34301536.05436898,7.591
6WRINGOLD GA_361504,8WILSON TN_360071,34.89324284,-85.13750475,36.2052377,-86.46506033,260.669,500,642876713.6611078,715219830.6835521,72343117.02244434,11.253
6BATTLFLD GA_361530,8WILSON TN_360071,34.9555953,-85.26465286,36.2052377,-86.46506033,205.91,500,514596650.42275625,565442437.6915106,50845787.26875431,9.881
6S HAVEN CC_360594,8WILSON TN_360071,34.99627529,-90.0485284,36.2052377,-86.46506033,476.418,500,1157885569.5669374,1499257642.336237,341372072.76929945,29.482
6CONCORD TN_361509,8WILSON TN_360071,34.99679719,-85.1610968,36.2052377,-86.46506033,267.624,500,661679912.3667383,734778101.4761894,73098189.10945103,11.047
8BRADLEY TN_360662,8WILSON TN_360071,35.0367008,-84.963798,36.2052377,-86.46506033,230.588,500,568575024.3330436,624312002.351712,55736978.01866844,9.803
8RACCOON MTN_360079,8WILSON TN_360071,35.05681146,-85.38724619,36.2052377,-86.46506033,188.313,500,464689880.93034863,502617343.51804686,37927462.58769823,8.162
8BENTON MS_360612,8WILSON TN_360071,35.17466126,-89.74553609,36.2052377,-86.46506033,426.13,500,1035934639.5505643,1314717475.130135,278782835.57957083,26.911
8SEQUOYAH NP_360081,8WILSON TN_360071,35.22706031,-85.09419774,36.2052377,-86.46506033,192.623,500,482068407.6120094,523526836.9443059,41458429.3322965,8.6
8FRANKLIN TN_360069,8WILSON TN_360071,35.33506701,-86.11727644,36.2052377,-86.46506033,142.972,500,348926325.058542,374363484.74643934,25437159.687897336,7.29
8SHELBY TN_360021,8WILSON TN_360071,35.38606284,-89.80340294,36.2052377,-86.46506033,424.442,500,1027947030.036727,1302329110.7098444,274382080.67311746,26.692
8HAYWOOD TN_360542,8WILSON TN_360071,35.54308246,-89.19654872,36.2052377,-86.46506033,341.196,500,837514783.454361,1065644117.0469682,228129333.59260726,27.239
8HIWASSEE TN_360110,8WILSON TN_360071,35.60032498,-84.78911434,36.2052377,-86.46506033,185.779,500,456319674.744532,490063904.20600855,33744229.461476535,7.395
8LAG CRK CC_360615,8WILSON TN_360071,35.65702785,-89.39460044,36.2052377,-86.46506033,353.628,500,865478795.5506294,1094572540.968932,229093745.41830257,26.47
8MAURY TN_360050,8WILSON TN_360071,35.672863,-87.01861625,36.2052377,-86.46506033,152.018,500,375208599.50671875,421491030.66059345,46282431.15387468,12.335
8JACKSON TN_360019,8WILSON TN_360071,35.70901203,-88.79407261,36.2052377,-86.46506033,295.905,500,728435724.0488843,927603145.3746874,199167421.32580316,27.342
8RUTHERFORD_360010,8WILSON TN_360071,35.82791498,-86.59841524,36.2052377,-86.46506033,113.521,500,279705958.4670384,317100563.5819942,37394605.11495579,13.369
8ANDERSON TN_360120,8WILSON TN_360071,35.94503289,-84.38856432,36.2052377,-86.46506033,224.65,500,560841921.9145532,606474856.6693438,45632934.75479071,8.137
8BULL RUN FP_360093,8WILSON TN_360071,36.01895969,-84.15785445,36.2052377,-86.46506033,295.71,500,739504797.369339,799891968.8742287,60387171.50488977,8.166
8JVILLE FP_360037,8WILSON TN_360071,36.02382902,-87.98154082,36.2052377,-86.46506033,207.452,500,514731281.6978839,641212013.3086162,126480731.61073227,24.572
8PIN HOOK TN_360581,8WILSON TN_360071,36.04646628,-86.60595108,36.2052377,-86.46506033,145.082,500,366099964.8998064,423689104.16664517,57589139.26683882,15.73
8PLATEAU TN_360077,8WILSON TN_360071,36.05858036,-85.14194112,36.2052377,-86.46506033,138.743,500,341208820.97997797,379861535.5486659,38652714.56868791,11.328
8DAVIDSON TN_360048,8WILSON TN_360071,36.06703747,-86.9841046,36.2052377,-86.46506033,173.371,500,436572343.8649826,521650700.3669795,85078356.5019969,19.488
8VOLUNTEER_360097,8WILSON TN_360071,36.1219789,-83.81482256,36.2052377,-86.46506033,325.754,500,815775461.3690698,879603363.9469554,63827902.57788566,7.824
8GLEASON CT_360582,8WILSON TN_360071,36.24522988,-88.6114255,36.2052377,-86.46506033,265.252,500,655559842.864166,818266106.0223045,162706263.15813857,24.819
8LAG CRK CT_360568,8WILSON TN_360071,36.27534882,-88.83423675,36.2052377,-86.46506033,286.828,500,706985851.1296523,874232154.4929414,167246303.36328912,23.656
8CUMBERLAND_360040,8WILSON TN_360071,36.3921331,-87.65747953,36.2052377,-86.46506033,170.626,500,425567866.10582876,542509127.3743088,116941261.26848005,27.479
8PHIPPS B NP_360102,8WILSON TN_360071,36.46070569,-82.80788409,36.2052377,-86.46506033,380.493,500,950723274.7134392,1038957320.9829683,88234046.26952906,9.281
8MONTGOMERY_360044,8WILSON TN_360071,36.59438524,-87.25325857,36.2052377,-86.46506033,119.43,500,298950617.0580286,357471656.7674726,58521039.709444076,19.575
8MARSHALL KY_360015,8WILSON TN_360071,37.02455006,-88.39384277,36.2052377,-86.46506033,257.06,500,631516676.9902648,738084343.514847,106567666.5245823,16.875
7SHAWNEE FP_360002,8WILSON TN_360071,37.150267,-88.778122,36.2052377,-86.46506033,375.55,500,914756904.9521071,1093367976.0255637,178611071.07345653,19.526
8PARADISE CC_360117,8WILSON TN_360071,37.259697,-86.976991,36.2052377,-86.46506033,145.419,500,360660797.21202517,402266809.60092604,41606012.38890089,11.536
8PARADISE CC_360117,8WILSON TN_360071,37.259697,-86.976991,36.2052377,-86.46506033,145.419,500,360660797.21202517,402266809.60092604,41606012.38890089,11.536
8CHOCTAW MS_360654,8MAGNOL CC1_360613,33.2984397,-89.4127739,34.8287922,-89.20041124,185.758,500,449558313.64306045,639096934.6755913,189538621.03253087,42.161
8ACKERMAN CC_360627,8MAGNOL CC1_360613,33.38593855,-89.20997726,34.8287922,-89.20041124,172.529,500,417922756.32351065,597751784.8405875,179829028.51707688,43.029
8CLAY_360688,8MAGNOL CC1_360613,33.47863869,-88.74043971,34.8287922,-89.20041124,173.435,500,417128922.3787303,585005058.8084811,167876136.42975083,40.246
8COGEN CALED_360606,8MAGNOL CC1_360613,33.64779158,-88.31593565,34.8287922,-89.20041124,171.155,500,413113193.6855227,573733890.6823864,160620696.99686366,38.881
8E POINT AL_360058,8MAGNOL CC1_360613,34.19181783,-86.74805975,34.8287922,-89.20041124,291.265,500,704552530.9818298,901516594.2328284,196964063.25099865,27.956
6CENTER PNT_360533,8MAGNOL CC1_360613,34.6665318,-84.97089121,34.8287922,-89.20041124,470.85,500,1147322845.3980048,1401420453.0654924,254097607.66748756,22.147
8BR FERRY NP_360052,8MAGNOL CC1_360613,34.70520875,-87.11705751,34.8287922,-89.20041124,228.378,500,550122743.1903636,753188723.9831486,203065980.79278496,36.913
6LOOPERS FRM_360602,8MAGNOL CC1_360613,34.708916,-84.922795,34.8287922,-89.20041124,477.601,500,1165462668.8517373,1420909406.1395555,255446737.28781807,21.918
8LIMESTONE_360088,8MAGNOL CC1_360613,34.71890958,-86.84630969,34.8287922,-89.20041124,251.461,500,606190483.4537582,809424930.9340822,203234447.48032394,33.526
6COUNTY LINE_360013,8MAGNOL CC1_360613,34.74311084,-85.00751569,34.8287922,-89.20041124,445.88,500,1088158850.8368082,1322498586.846517,234339736.00970897,21.535
6YOUNG GA_361454,8MAGNOL CC1_360613,34.75072952,-85.27349349,34.8287922,-89.20041124,411.983,500,1001280113.1225295,1228270600.8741655,226990487.7516359,22.67
8MADISON AL_360060,8MAGNOL CC1_360613,34.79577878,-86.52158584,34.8287922,-89.20041124,277.15,500,670121939.7063689,884369802.1272955,214247862.4209265,31.971
6KENSNGTN GA_361503,8MAGNOL CC1_360613,34.81265905,-85.32344844,34.8287922,-89.20041124,412.182,500,1001808794.1536113,1226976175.4878347,225167381.33422345,22.476
6ALPHA GA_361502,8MAGNOL CC1_360613,34.813027,-84.853226,34.8287922,-89.20041124,496.671,500,1211557462.5771732,1472903961.178286,261346498.6011128,21.571
6CLOUDLANDGA_361633,8MAGNOL CC1_360613,34.81849122,-85.5353055,34.8287922,-89.20041124,387.521,500,948127761.3347813,1204403945.0963423,256276183.76156098,27.03
6ROCK SPG GA_361500,8MAGNOL CC1_360613,34.83897801,-85.28020801,34.8287922,-89.20041124,416.221,500,1011021610.3604957,1238361120.115071,227339509.7545753,22.486
6WID CRK FP_360068,8MAGNOL CC1_360613,34.88515896,-85.75604163,34.8287922,-89.20041124,354.069,500,860082099.0510861,1106269078.4988637,246186979.44777763,28.624
6WRINGOLD GA_361504,8MAGNOL CC1_360613,34.89324284,-85.13750475,34.8287922,-89.20041124,454.112,500,1105413760.8880072,1336355241.8806236,230941480.99261642,20.892
6BATTLFLD GA_361530,8MAGNOL CC1_360613,34.9555953,-85.26465286,34.8287922,-89.20041124,396.278,500,974306023.449755,1239504000.627235,265197977.17747986,27.219
6S HAVEN CC_360594,8MAGNOL CC1_360613,34.99627529,-90.0485284,34.8287922,-89.20041124,115.209,500,289282510.902915,406157515.62637246,116875004.72345743,40.402
6CONCORD TN_361509,8MAGNOL CC1_360613,34.99679719,-85.1610968,34.8287922,-89.20041124,475.899,500,1160984809.99411,1402086777.4999158,241101967.50580582,20.767
8BRADLEY TN_360662,8MAGNOL CC1_360613,35.0367008,-84.963798,34.8287922,-89.20041124,475.018,500,1149620141.5353081,1395002113.975318,245381972.44000995,21.345
8BENTON MS_360612,8MAGNOL CC1_360613,35.17466126,-89.74553609,34.8287922,-89.20041124,75.426,500,189328657.47524092,266240135.64285892,76911478.16761802,40.623
8FRANKLIN TN_360069,8MAGNOL CC1_360613,35.33506701,-86.11727644,34.8287922,-89.20041124,315.94,500,758469364.7800584,991078506.1193191,232609141.33926067,30.668
8HAYWOOD TN_360542,8MAGNOL CC1_360613,35.54308246,-89.19654872,34.8287922,-89.20041124,86.93,500,214074863.80730832,304265483.25480825,90190619.44749995,42.13
8HIWASSEE TN_360110,8MAGNOL CC1_360613,35.60032498,-84.78911434,34.8287922,-89.20041124,448.189,500,1080796926.6519623,1307993538.8246403,227196612.17267787,21.021
8LAG CRK CC_360615,8MAGNOL CC1_360613,35.65702785,-89.39460044,34.8287922,-89.20041124,103.528,500,254704114.87144405,353601896.76471704,98897781.89327301,38.828
8JACKSON TN_360019,8MAGNOL CC1_360613,35.70901203,-88.79407261,34.8287922,-89.20041124,121.385,500,297110874.218235,433923645.13158214,136812770.9133471,46.048
8ANDERSON TN_360120,8MAGNOL CC1_360613,35.94503289,-84.38856432,34.8287922,-89.20041124,496.298,500,1208514954.0890317,1446990578.7431061,238475624.6540744,19.733
8BULL RUN FP_360093,8MAGNOL CC1_360613,36.01895969,-84.15785445,34.8287922,-89.20041124,586.075,500,1437681686.8058686,1694513093.6634495,256831406.857581,17.864
8JVILLE FP_360037,8MAGNOL CC1_360613,36.02382902,-87.98154082,34.8287922,-89.20041124,188.4,500,453812353.00964105,644903155.7163613,191090802.7067202,42.108
8DAVIDSON TN_360048,8MAGNOL CC1_360613,36.06703747,-86.9841046,34.8287922,-89.20041124,261.445,500,637694005.8572925,936587538.4795458,298893532.62225324,46.871
8GLEASON CT_360582,8MAGNOL CC1_360613,36.24522988,-88.6114255,34.8287922,-89.20041124,182.746,500,443730162.5731895,594703435.4182485,150973272.845059,34.024
8LAG CRK CT_360568,8MAGNOL CC1_360613,36.27534882,-88.83423675,34.8287922,-89.20041124,177.061,500,430153618.678203,576758448.4327446,146604829.75454167,34.082
8CUMBERLAND_360040,8MAGNOL CC1_360613,36.3921331,-87.65747953,34.8287922,-89.20041124,245.899,500,594690202.0673816,836759413.3733032,242069211.30592158,40.705
7SHAWNEE FP_360002,8MAGNOL CC1_360613,37.150267,-88.778122,34.8287922,-89.20041124,292.31,500,704686727.3335788,931334886.0059439,226648158.67236504,32.163
8CHOCTAW MS_360654,8LAG CRK CC_360615,33.2984397,-89.4127739,35.65702785,-89.39460044,286.899,500,702659604.5724417,996668970.3544645,294009365.78202283,41.842
8ACKERMAN CC_360627,8LAG CRK CC_360615,33.38593855,-89.20997726,35.65702785,-89.39460044,275.93,500,672152050.3436222,950954557.4677043,278802507.1240821,41.479
8CLAY_360688,8LAG CRK CC_360615,33.47863869,-88.74043971,35.65702785,-89.39460044,275.399,500,665375616.8130298,939569337.7627869,274193720.94975704,41.209
8COGEN CALED_360606,8LAG CRK CC_360615,33.64779158,-88.31593565,35.65702785,-89.39460044,267.981,500,656403712.003859,925812024.1412525,269408312.1373935,41.043
8E POINT AL_360058,8LAG CRK CC_360615,34.19181783,-86.74805975,35.65702785,-89.39460044,329.086,500,795224932.2732928,1003138774.773497,207913842.50020424,26.145
6CENTER PNT_360533,8LAG CRK CC_360615,34.6665318,-84.97089121,35.65702785,-89.39460044,494.495,500,1209240385.3071969,1531785775.0607948,322545389.75359803,26.673
8BR FERRY NP_360052,8LAG CRK CC_360615,34.70520875,-87.11705751,35.65702785,-89.39460044,258.276,500,619888615.890897,833061973.3614281,213173357.47053108,34.389
6LOOPERS FRM_360602,8LAG CRK CC_360615,34.708916,-84.922795,35.65702785,-89.39460044,501.246,500,1227380208.7609298,1551330962.0814793,323950753.3205495,26.394
6COUNTY LINE_360013,8LAG CRK CC_360615,34.74311084,-85.00751569,35.65702785,-89.39460044,466.897,500,1142368426.874985,1444695184.2919908,302326757.4170058,26.465
6YOUNG GA_361454,8LAG CRK CC_360615,34.75072952,-85.27349349,35.65702785,-89.39460044,429.294,500,1054051251.5668805,1287640950.9161532,233589699.3492727,22.161
6KENSNGTN GA_361503,8LAG CRK CC_360615,34.81265905,-85.32344844,35.65702785,-89.39460044,429.589,500,1054425481.8080869,1283142270.0669487,228716788.2588618,21.691
6ALPHA GA_361502,8LAG CRK CC_360615,34.813027,-84.853226,35.65702785,-89.39460044,511.289,500,1245312120.6062422,1489720205.9883652,244408085.38212287,19.626
6CLOUDLANDGA_361633,8LAG CRK CC_360615,34.81849122,-85.5353055,35.65702785,-89.39460044,403.284,500,986675515.3333509,1208980331.4652073,222304816.13185638,22.531
6ROCK SPG GA_361500,8LAG CRK CC_360615,34.83897801,-85.28020801,35.65702785,-89.39460044,433.628,500,1063682685.0450944,1294450703.318925,230768018.27383065,21.695
6WID CRK FP_360068,8LAG CRK CC_360615,34.88515896,-85.75604163,35.65702785,-89.39460044,369.831,500,898629853.0496556,1110246323.472913,211616470.42325747,23.549
6WRINGOLD GA_361504,8LAG CRK CC_360615,34.89324284,-85.13750475,35.65702785,-89.39460044,475.129,500,1159623336.926184,1458294690.6011364,298671353.67495245,25.756
6BATTLFLD GA_361530,8LAG CRK CC_360615,34.9555953,-85.26465286,35.65702785,-89.39460044,412.04,500,1012853777.4483246,1244362210.6080942,231508433.1597697,22.857
6S HAVEN CC_360594,8LAG CRK CC_360615,34.99627529,-90.0485284,35.65702785,-89.39460044,150.836,500,382709151.63029456,524131637.3766717,141422485.7463771,36.953
6CONCORD TN_361509,8LAG CRK CC_360615,34.99679719,-85.1610968,35.65702785,-89.39460044,496.916,500,1215194386.0322871,1524281531.3321805,309087145.29989344,25.435
8BRADLEY TN_360662,8LAG CRK CC_360615,35.0367008,-84.963798,35.65702785,-89.39460044,479.755,500,1166968314.1554005,1402781272.8563144,235812958.70091382,20.207
8BENTON MS_360612,8LAG CRK CC_360615,35.17466126,-89.74553609,35.65702785,-89.39460044,71.527,500,174706479.69920537,231086448.11545193,56379968.41624656,32.271
8FRANKLIN TN_360069,8LAG CRK CC_360615,35.33506701,-86.11727644,35.65702785,-89.39460044,327.633,500,790745123.6167183,1003685501.2533122,212940377.6365939,26.929
8HAYWOOD TN_360542,8LAG CRK CC_360615,35.54308246,-89.19654872,35.65702785,-89.39460044,29.711,500,71189792.19916175,90658666.19436291,19468873.99520115,27.348
8HIWASSEE TN_360110,8LAG CRK CC_360615,35.60032498,-84.78911434,35.65702785,-89.39460044,452.926,500,1098145099.2720547,1315929291.7587996,217784192.48674476,19.832
8JACKSON TN_360019,8LAG CRK CC_360615,35.70901203,-88.79407261,35.65702785,-89.39460044,61.89,500,150002542.14646265,193406089.1544848,43403547.008022174,28.935
8ANDERSON TN_360120,8LAG CRK CC_360615,35.94503289,-84.38856432,35.65702785,-89.39460044,501.035,500,1225863126.709124,1455122137.1200814,229259010.41095725,18.702
8BULL RUN FP_360093,8LAG CRK CC_360615,36.01895969,-84.15785445,35.65702785,-89.39460044,590.567,500,1452353968.6989872,1728438517.19312,276084548.49413264,19.009
8JVILLE FP_360037,8LAG CRK CC_360615,36.02382902,-87.98154082,35.65702785,-89.39460044,147.992,500,353855508.63488966,456142469.7235429,102286961.08865324,28.906
8DAVIDSON TN_360048,8LAG CRK CC_360615,36.06703747,-86.9841046,35.65702785,-89.39460044,246.202,500,597798000.8728869,844265792.7733252,246467791.90043834,41.229
8GLEASON CT_360582,8LAG CRK CC_360615,36.24522988,-88.6114255,35.65702785,-89.39460044,101.911,500,245042237.291098,304013161.81961846,58970924.528520495,24.066
8CUMBERLAND_360040,8LAG CRK CC_360615,36.3921331,-87.65747953,35.65702785,-89.39460044,192.929,500,464114859.616242,587611360.7620133,123496501.14577128,26.609
7SHAWNEE FP_360002,8LAG CRK CC_360615,37.150267,-88.778122,35.65702785,-89.39460044,200.994,500,477036636.7811957,578475217.8504465,101438581.06925079,21.264
8ACKERMAN CC_360627,8ANDERSON TN_360120,33.38593855,-89.20997726,35.94503289,-84.38856432,577.283,500,1409950343.3598604,1626781002.289119,216830658.9292585,15.379
6CENTER PNT_360533,8ANDERSON TN_360120,34.6665318,-84.97089121,35.94503289,-84.38856432,185.58,500,461873023.1887902,486015815.8547536,24142792.665963434,5.227
6LOOPERS FRM_360602,8ANDERSON TN_360120,34.708916,-84.922795,35.94503289,-84.38856432,177.793,500,441521458.7576648,462000874.0399766,20479415.282311775,4.638
6COUNTY LINE_360013,8ANDERSON TN_360120,34.74311084,-85.00751569,35.94503289,-84.38856432,178.797,500,438481711.15988326,480018364.6851346,41536653.525251344,9.473
6YOUNG GA_361454,8ANDERSON TN_360120,34.75072952,-85.27349349,35.94503289,-84.38856432,219.723,500,541731951.1946312,597467336.1773202,55735384.98268897,10.288
6KENSNGTN GA_361503,8ANDERSON TN_360120,34.81265905,-85.32344844,35.94503289,-84.38856432,217.864,500,552887595.4673214,590168874.5258478,37281279.058526404,6.743
6ALPHA GA_361502,8ANDERSON TN_360120,34.813027,-84.853226,35.94503289,-84.38856432,158.288,500,393304545.7981826,409951105.02984846,16646559.231665866,4.232
6CLOUDLANDGA_361633,8ANDERSON TN_360120,34.81849122,-85.5353055,35.94503289,-84.38856432,191.559,500,485137628.99258554,516354716.31934345,31217087.32675793,6.435
6ROCK SPG GA_361500,8ANDERSON TN_360120,34.83897801,-85.28020801,35.94503289,-84.38856432,221.903,500,562144798.704329,601459353.7496026,39314555.045273535,6.994
6WID CRK FP_360068,8ANDERSON TN_360120,34.88515896,-85.75604163,35.94503289,-84.38856432,189.64,500,480121355.30920506,504109657.8340288,23988302.5248237,4.996
6WRINGOLD GA_361504,8ANDERSON TN_360120,34.89324284,-85.13750475,35.94503289,-84.38856432,162.132,500,395646190.90053594,433295041.8328806,37648850.93234465,9.516
6BATTLFLD GA_361530,8ANDERSON TN_360120,34.9555953,-85.26465286,35.94503289,-84.38856432,186.363,500,474206027.41053283,509042114.77494276,34836087.364409916,7.346
6S HAVEN CC_360594,8ANDERSON TN_360120,34.99627529,-90.0485284,35.94503289,-84.38856432,588.747,500,1440765044.8797064,1778317522.1976645,337552477.31795806,23.429
6CONCORD TN_361509,8ANDERSON TN_360120,34.99679719,-85.1610968,35.94503289,-84.38856432,169.087,500,414449389.60616636,452869275.76409805,38419886.157931656,9.27
7SHAWNEE FP_360002,8ANDERSON TN_360120,37.150267,-88.778122,35.94503289,-84.38856432,546.647,500,1340640027.7277594,1569031722.0135179,228391694.28575858,17.036
8CHOCTAW MS_360654,8VOLUNTEER_360097,33.2984397,-89.4127739,36.1219789,-83.81482256,716.964,500,1770028785.2817445,2046520926.2049499,276492140.92320544,15.621
8ACKERMAN CC_360627,8VOLUNTEER_360097,33.38593855,-89.20997726,36.1219789,-83.81482256,695.358,500,1716512577.7694602,1969114318.843945,252601741.0744849,14.716
8CLAY_360688,8VOLUNTEER_360097,33.47863869,-88.74043971,36.1219789,-83.81482256,657.623,500,1622394536.7239199,1834247266.9324043,211852730.20848435,13.058
8COGEN CALED_360606,8VOLUNTEER_360097,33.64779158,-88.31593565,36.1219789,-83.81482256,611.025,500,1516550253.3380315,1669589312.9192264,153039059.58119485,10.091
8E POINT AL_360058,8VOLUNTEER_360097,34.19181783,-86.74805975,36.1219789,-83.81482256,464.136,500,1160415818.7163777,1212385385.759201,51969567.0428232,4.479
8UNION MS_360033,8VOLUNTEER_360097,34.37783096,-88.85850114,36.1219789,-83.81482256,611.424,500,1512867976.5246334,1723005996.0911293,210138019.56649587,13.89
8TRICO STEEL_360014,8VOLUNTEER_360097,34.60872576,-87.05506218,36.1219789,-83.81482256,489.088,500,1215203908.1392908,1296476575.8774729,81272667.73818216,6.688
6CENTER PNT_360533,8VOLUNTEER_360097,34.6665318,-84.97089121,36.1219789,-83.81482256,285.364,500,728921506.5027522,771609083.7035488,42687577.20079666,5.856
8BR FERRY NP_360052,8VOLUNTEER_360097,34.70520875,-87.11705751,36.1219789,-83.81482256,443.685,500,1104412633.201257,1165457958.3728523,61045325.17159545,5.527
6LOOPERS FRM_360602,8VOLUNTEER_360097,34.708916,-84.922795,36.1219789,-83.81482256,277.576,500,708569942.0716269,747550027.4023042,38980085.330677226,5.501
8LIMESTONE_360088,8VOLUNTEER_360097,34.71890958,-86.84630969,36.1219789,-83.81482256,421.027,500,1050165756.3682969,1093854243.5260668,43688487.157769874,4.16
6COUNTY LINE_360013,8VOLUNTEER_360097,34.74311084,-85.00751569,36.1219789,-83.81482256,306.329,500,768426875.1569757,822599653.9279141,54172778.77093834,7.05
6YOUNG GA_361454,8VOLUNTEER_360097,34.75072952,-85.27349349,36.1219789,-83.81482256,347.255,500,871677115.1917236,940158704.6808937,68481589.48917012,7.856
8MADISON AL_360060,8VOLUNTEER_360097,34.79577878,-86.52158584,36.1219789,-83.81482256,379.827,500,963832378.868043,1024796004.80854,60963625.94049701,6.325
6KENSNGTN GA_361503,8VOLUNTEER_360097,34.81265905,-85.32344844,36.1219789,-83.81482256,343.106,500,873372853.6178188,929108011.6115421,55735157.99372322,6.382
6ALPHA GA_361502,8VOLUNTEER_360097,34.813027,-84.853226,36.1219789,-83.81482256,258.071,500,660353029.1121447,695474605.6368133,35121576.52466852,5.319
6CLOUDLANDGA_361633,8VOLUNTEER_360097,34.81849122,-85.5353055,36.1219789,-83.81482256,316.801,500,805622887.143083,855286850.9674078,49663963.82432487,6.165
8MAGNOL CC1_360613,8VOLUNTEER_360097,34.8287922,-89.20041124,36.1219789,-83.81482256,616.119,500,1513952350.8055995,1773581736.919743,259629386.11414352,17.149
6ROCK SPG GA_361500,8VOLUNTEER_360097,34.83897801,-85.28020801,36.1219789,-83.81482256,347.144,500,882630056.8548265,940397002.2334042,57766945.37857777,6.545
6WID CRK FP_360068,8VOLUNTEER_360097,34.88515896,-85.75604163,36.1219789,-83.81482256,314.882,500,800606613.4597025,843084683.4449484,42478069.98524593,5.306
6WRINGOLD GA_361504,8VOLUNTEER_360097,34.89324284,-85.13750475,36.1219789,-83.81482256,289.664,500,725591354.8976284,775878254.7290351,50286899.83140666,6.93
6BATTLFLD GA_361530,8VOLUNTEER_360097,34.9555953,-85.26465286,36.1219789,-83.81482256,311.604,500,794691285.5610303,847973017.7650908,53281732.204060525,6.705
6S HAVEN CC_360594,8VOLUNTEER_360097,34.99627529,-90.0485284,36.1219789,-83.81482256,708.567,500,1746202441.596274,2106215589.089828,360013147.493554,20.617
6CONCORD TN_361509,8VOLUNTEER_360097,34.99679719,-85.1610968,36.1219789,-83.81482256,296.619,500,744394553.6032588,795486532.1096932,51091978.506434344,6.864
8BRADLEY TN_360662,8VOLUNTEER_360097,35.0367008,-84.963798,36.1219789,-83.81482256,259.583,500,651289665.5695641,685158940.1925391,33869274.622975,5.2
8RACCOON MTN_360079,8VOLUNTEER_360097,35.05681146,-85.38724619,36.1219789,-83.81482256,280.895,500,712162606.0280175,750718468.7630072,38555862.73498969,5.414
8BENTON MS_360612,8VOLUNTEER_360097,35.17466126,-89.74553609,36.1219789,-83.81482256,661.868,500,1631874129.0484915,1935396284.78228,303522155.73378855,18.6
8SEQUOYAH NP_360081,8VOLUNTEER_360097,35.22706031,-85.09419774,36.1219789,-83.81482256,254.458,500,656546681.8514678,683185564.9386603,26638883.08719236,4.057
8FRANKLIN TN_360069,8VOLUNTEER_360097,35.33506701,-86.11727644,36.1219789,-83.81482256,312.444,500,786641406.3008192,827975457.8670368,41334051.56621765,5.254
8SHELBY TN_360021,8VOLUNTEER_360097,35.38606284,-89.80340294,36.1219789,-83.81482256,662.844,500,1626649525.725257,1928900106.6505551,302250580.9252982,18.581
8HAYWOOD TN_360542,8VOLUNTEER_360097,35.54308246,-89.19654872,36.1219789,-83.81482256,600.689,500,1476472883.9420967,1729692884.5678453,253220000.6257486,17.15
8HIWASSEE TN_360110,8VOLUNTEER_360097,35.60032498,-84.78911434,36.1219789,-83.81482256,190.548,500,485077224.515591,503341390.36128306,18264165.84569206,3.765
8LAG CRK CC_360615,8VOLUNTEER_360097,35.65702785,-89.39460044,36.1219789,-83.81482256,620.611,500,1528624632.698718,1807949747.729741,279325115.03102297,18.273
8MAURY TN_360050,8VOLUNTEER_360097,35.672863,-87.01861625,36.1219789,-83.81482256,390.42,500,973911095.1952486,1045590324.6794273,71679229.48417863,7.36
8JACKSON TN_360019,8VOLUNTEER_360097,35.70901203,-88.79407261,36.1219789,-83.81482256,563.21,500,1389097072.3992777,1626939970.2194068,237842897.82012925,17.122
8RUTHERFORD_360010,8VOLUNTEER_360097,35.82791498,-86.59841524,36.1219789,-83.81482256,352.125,500,879128464.7758574,939550616.1323497,60422151.3564923,6.873
8ANDERSON TN_360120,8VOLUNTEER_360097,35.94503289,-84.38856432,36.1219789,-83.81482256,144.953,500,371052694.6382174,386702380.95327574,15649686.31505835,4.218
8BULL RUN FP_360093,8VOLUNTEER_360097,36.01895969,-84.15785445,36.1219789,-83.81482256,90.701,500,230685008.69919848,234933334.53511617,4248325.835917679,1.842
8JVILLE FP_360037,8VOLUNTEER_360097,36.02382902,-87.98154082,36.1219789,-83.81482256,488.733,500,1202144929.9765775,1360349356.1067622,158204426.1301847,13.16
8PIN HOOK TN_360581,8VOLUNTEER_360097,36.04646628,-86.60595108,36.1219789,-83.81482256,383.686,500,965522471.2086253,1045763928.6383929,80241457.42976762,8.311
8PLATEAU TN_360077,8VOLUNTEER_360097,36.05858036,-85.14194112,36.1219789,-83.81482256,190.733,500,483218032.91574377,506042387.37800485,22824354.462261084,4.723
8DAVIDSON TN_360048,8VOLUNTEER_360097,36.06703747,-86.9841046,36.1219789,-83.81482256,411.773,500,1035274839.5535126,1144525817.5850775,109250978.03156489,10.553
8GLEASON CT_360582,8VOLUNTEER_360097,36.24522988,-88.6114255,36.1219789,-83.81482256,546.532,500,1342973491.1428595,1540028273.2217562,197054782.07889676,14.673
8LAG CRK CT_360568,8VOLUNTEER_360097,36.27534882,-88.83423675,36.1219789,-83.81482256,568.109,500,1394399499.408346,1596476678.6852138,202077179.27686787,14.492
8CUMBERLAND_360040,8VOLUNTEER_360097,36.3921331,-87.65747953,36.1219789,-83.81482256,451.907,500,1112981514.3845224,1263688500.7822146,150706986.39769208,13.541
8PHIPPS B NP_360102,8VOLUNTEER_360097,36.46070569,-82.80788409,36.1219789,-83.81482256,111.633,500,288941349.6350915,299105281.85331434,10163932.218222879,3.518
8MONTGOMERY_360044,8VOLUNTEER_360097,36.59438524,-87.25325857,36.1219789,-83.81482256,396.154,500,976339325.5654979,1066721162.9315898,90381837.366092,9.257
8MARSHALL KY_360015,8VOLUNTEER_360097,37.02455006,-88.39384277,36.1219789,-83.81482256,516.316,500,1267586550.2769642,1394609487.493446,127022937.21648197,10.021
7SHAWNEE FP_360002,8VOLUNTEER_360097,37.150267,-88.778122,36.1219789,-83.81482256,634.806,500,1550826778.2388067,1748055098.1511464,197228319.91233975,12.718
8PARADISE CC_360117,8VOLUNTEER_360097,37.259697,-86.976991,36.1219789,-83.81482256,387.91,500,954619308.3001201,1006378277.5112324,51758969.21111228,5.422
8PARADISE CC_360117,8VOLUNTEER_360097,37.259697,-86.976991,36.1219789,-83.81482256,387.91,500,954619308.3001201,1006378277.5112324,51758969.21111228,5.422
8CHOCTAW MS_360654,8COGEN CALED_360606,33.2984397,-89.4127739,33.64779158,-88.31593565,121.775,500,299385453.2611393,431770790.1400162,132385336.8788769,44.219
8ACKERMAN CC_360627,8COGEN CALED_360606,33.38593855,-89.20997726,33.64779158,-88.31593565,99.116,500,245233100.28834864,351599173.95274323,106366073.6643946,43.373
8CLAY_360688,8COGEN CALED_360606,33.47863869,-88.74043971,33.64779158,-88.31593565,49.969,500,124764975.78648047,170763330.7710246,45998354.984544136,36.868
6CENTER PNT_360533,8COGEN CALED_360606,34.6665318,-84.97089121,33.64779158,-88.31593565,380.118,500,930950104.8637742,1089879788.531091,158929683.66731673,17.072
8BR FERRY NP_360052,8COGEN CALED_360606,34.70520875,-87.11705751,33.64779158,-88.31593565,203.196,500,489932252.9804983,576549648.1578386,86617395.17734031,17.679
6LOOPERS FRM_360602,8COGEN CALED_360606,34.708916,-84.922795,33.64779158,-88.31593565,386.87,500,949089928.3175068,1109277937.9675882,160188009.6500814,16.878
6COUNTY LINE_360013,8COGEN CALED_360606,34.74311084,-85.00751569,33.64779158,-88.31593565,373.168,500,916782041.9007143,1055614620.6940902,138832578.79337597,15.143
6YOUNG GA_361454,8COGEN CALED_360606,34.75072952,-85.27349349,33.64779158,-88.31593565,339.271,500,829903304.1864357,961932692.2670118,132029388.08057609,15.909
6KENSNGTN GA_361503,8COGEN CALED_360606,34.81265905,-85.32344844,33.64779158,-88.31593565,339.47,500,830431985.2175175,960363699.6151756,129931714.39765812,15.646
6ALPHA GA_361502,8COGEN CALED_360606,34.813027,-84.853226,33.64779158,-88.31593565,405.94,500,995184722.0429428,1161145647.9781623,165960925.93521962,16.676
6CLOUDLANDGA_361633,8COGEN CALED_360606,34.81849122,-85.5353055,33.64779158,-88.31593565,319.745,500,779566916.1171362,897603764.8767462,118036848.75960998,15.141
6ROCK SPG GA_361500,8COGEN CALED_360606,34.83897801,-85.28020801,33.64779158,-88.31593565,343.508,500,839644801.4244018,971762472.9659529,132117671.54155107,15.735
6WID CRK FP_360068,8COGEN CALED_360606,34.88515896,-85.75604163,33.64779158,-88.31593565,296.652,500,719000798.5093062,829414108.6345764,110413310.12527023,15.356
6WRINGOLD GA_361504,8COGEN CALED_360606,34.89324284,-85.13750475,33.64779158,-88.31593565,381.4,500,934036951.9519134,1069627607.2860588,135590655.33414546,14.517
6BATTLFLD GA_361530,8COGEN CALED_360606,34.9555953,-85.26465286,33.64779158,-88.31593565,351.091,500,860619540.5265399,991370526.6814055,130750986.15486565,15.193
6S HAVEN CC_360594,8COGEN CALED_360606,34.99627529,-90.0485284,33.64779158,-88.31593565,255.84,500,623216217.4320049,858056868.6648074,234840651.2328025,37.682
6CONCORD TN_361509,8COGEN CALED_360606,34.99679719,-85.1610968,33.64779158,-88.31593565,403.187,500,989608001.0580165,1135239291.7627208,145631290.70470425,14.716
8BRADLEY TN_360662,8COGEN CALED_360606,35.0367008,-84.963798,33.64779158,-88.31593565,409.175,500,1002156444.0014579,1159620381.6026888,157463937.60123098,15.713
8BENTON MS_360612,8COGEN CALED_360606,35.17466126,-89.74553609,33.64779158,-88.31593565,244.569,500,593985963.4695666,826812340.2497244,232826376.78015777,39.197
8ANDERSON TN_360120,8COGEN CALED_360606,35.94503289,-84.38856432,33.64779158,-88.31593565,485.784,500,1196064995.187534,1331415882.345486,135350887.15795192,11.316
8BULL RUN FP_360093,8COGEN CALED_360606,36.01895969,-84.15785445,33.64779158,-88.31593565,580.981,500,1440279589.3383007,1590382087.488982,150102498.15068126,10.422
7SHAWNEE FP_360002,8COGEN CALED_360606,37.150267,-88.778122,33.64779158,-88.31593565,441.082,500,1058565409.8838928,1463863937.590824,405298527.70693105,38.288
8CHOCTAW MS_360654,8TRICO STEEL_360014,33.2984397,-89.4127739,34.60872576,-87.05506218,281.05,500,685308377.4621753,891154180.8953454,205845803.43317014,30.037
8ACKERMAN CC_360627,8TRICO STEEL_360014,33.38593855,-89.20997726,34.60872576,-87.05506218,259.445,500,631792169.9498911,813073609.2015362,181281439.25164506,28.693
8CLAY_360688,8TRICO STEEL_360014,33.47863869,-88.74043971,34.60872576,-87.05506218,217.892,500,535358278.6078358,666017914.2369654,130659635.6291296,24.406
8COGEN CALED_360606,8TRICO STEEL_360014,33.64779158,-88.31593565,34.60872576,-87.05506218,176.232,500,426749416.43162024,516828933.1114636,90079516.67984338,21.108
8E POINT AL_360058,8TRICO STEEL_360014,34.19181783,-86.74805975,34.60872576,-87.05506218,73.007,500,180480152.1829149,191771959.81721097,11291807.634296052,6.257
6CENTER PNT_360533,8TRICO STEEL_360014,34.6665318,-84.97089121,34.60872576,-87.05506218,277.819,500,686787457.9244018,757652368.2420588,70864910.31765704,10.318
8BR FERRY NP_360052,8TRICO STEEL_360014,34.70520875,-87.11705751,34.60872576,-87.05506218,73.725,500,180915233.13564098,181786414.06549987,871180.9298589063,0.482
6LOOPERS FRM_360602,8TRICO STEEL_360014,34.708916,-84.922795,34.60872576,-87.05506218,284.571,500,704927281.3781346,777026888.7472138,72099607.36907923,10.228
8LIMESTONE_360088,8TRICO STEEL_360014,34.71890958,-86.84630969,34.60872576,-87.05506218,97.471,500,237872620.461787,238729644.51898184,857024.0571948648,0.36
6COUNTY LINE_360013,8TRICO STEEL_360014,34.74311084,-85.00751569,34.60872576,-87.05506218,252.85,500,627623463.3632053,678026033.5880532,50402570.224847905,8.031
6YOUNG GA_361454,8TRICO STEEL_360014,34.75072952,-85.27349349,34.60872576,-87.05506218,218.953,500,540744725.6489267,583944814.5418838,43200088.89295704,7.989
8MADISON AL_360060,8TRICO STEEL_360014,34.79577878,-86.52158584,34.60872576,-87.05506218,137.029,500,336734931.9838474,346143878.24982274,9408946.265975367,2.794
6KENSNGTN GA_361503,8TRICO STEEL_360014,34.81265905,-85.32344844,34.60872576,-87.05506218,219.152,500,541273406.6800085,582342872.5513214,41069465.871312864,7.588
6ALPHA GA_361502,8TRICO STEEL_360014,34.813027,-84.853226,34.60872576,-87.05506218,303.641,500,751022075.0873903,828841077.7111927,77819002.62380241,10.362
6CLOUDLANDGA_361633,8TRICO STEEL_360014,34.81849122,-85.5353055,34.60872576,-87.05506218,199.427,500,490408337.57962734,519670873.9464078,29262536.366780475,5.967
8MAGNOL CC1_360613,8TRICO STEEL_360014,34.8287922,-89.20041124,34.60872576,-87.05506218,225.688,500,544511488.2948313,715686817.9281149,171175329.63328364,31.436
6ROCK SPG GA_361500,8TRICO STEEL_360014,34.83897801,-85.28020801,34.60872576,-87.05506218,223.19,500,550486222.8868929,593680970.1129189,43194747.22602588,7.847
6WID CRK FP_360068,8TRICO STEEL_360014,34.88515896,-85.75604163,34.60872576,-87.05506218,176.334,500,429842219.9717972,450341859.79144186,20499639.81964462,4.769
6WRINGOLD GA_361504,8TRICO STEEL_360014,34.89324284,-85.13750475,34.60872576,-87.05506218,261.081,500,644878373.4144044,692938842.7140808,48060469.29967648,7.453
6BATTLFLD GA_361530,8TRICO STEEL_360014,34.9555953,-85.26465286,34.60872576,-87.05506218,230.772,500,571460961.9890308,612280947.1236658,40819985.13463503,7.143
6S HAVEN CC_360594,8TRICO STEEL_360014,34.99627529,-90.0485284,34.60872576,-87.05506218,331.722,500,813120268.3828373,1096870431.9524348,283750163.5695974,34.896
6CONCORD TN_361509,8TRICO STEEL_360014,34.99679719,-85.1610968,34.60872576,-87.05506218,282.868,500,700449422.5043273,758250254.3970758,57800831.89274846,8.252
8BRADLEY TN_360662,8TRICO STEEL_360014,35.0367008,-84.963798,34.60872576,-87.05506218,288.857,500,712997865.463949,782041259.6264423,69043394.16249338,9.684
8RACCOON MTN_360079,8TRICO STEEL_360014,35.05681146,-85.38724619,34.60872576,-87.05506218,217.901,500,534044324.1385725,562448148.4483423,28403824.30976976,5.319
8BENTON MS_360612,8TRICO STEEL_360014,35.17466126,-89.74553609,34.60872576,-87.05506218,286.442,500,695535259.0561125,925746621.0046256,230211361.94851306,33.098
8SEQUOYAH NP_360081,8TRICO STEEL_360014,35.22706031,-85.09419774,34.60872576,-87.05506218,277.527,500,691330540.2599666,726533400.5672435,35202860.30727685,5.092
8FRANKLIN TN_360069,8TRICO STEEL_360014,35.33506701,-86.11727644,34.60872576,-87.05506218,185.753,500,447678994.1197225,474648161.31123024,26969167.19150775,6.024
8SHELBY TN_360021,8TRICO STEEL_360014,35.38606284,-89.80340294,34.60872576,-87.05506218,291.387,500,702949812.0819459,914631797.3118038,211681985.22985798,30.113
8HAYWOOD TN_360542,8TRICO STEEL_360014,35.54308246,-89.19654872,34.60872576,-87.05506218,240.816,500,580707498.1126403,743891513.0877755,163184014.97513527,28.101
8HIWASSEE TN_360110,8TRICO STEEL_360014,35.60032498,-84.78911434,34.60872576,-87.05506218,321.697,500,780032530.344825,820197301.9811244,40164771.63629933,5.149
8LAG CRK CC_360615,8TRICO STEEL_360014,35.65702785,-89.39460044,34.60872576,-87.05506218,264.404,500,636649373.1529586,813750163.0602584,177100789.90729973,27.818
8MAURY TN_360050,8TRICO STEEL_360014,35.672863,-87.01861625,34.60872576,-87.05506218,158.611,500,383768852.6962213,420764342.54083484,36995489.84461356,9.64
8JACKSON TN_360019,8TRICO STEEL_360014,35.70901203,-88.79407261,34.60872576,-87.05506218,223.69,500,539344751.5125043,710694676.1864173,171349924.67391297,31.77
8RUTHERFORD_360010,8TRICO STEEL_360014,35.82791498,-86.59841524,34.60872576,-87.05506218,188.246,500,456071939.14828825,511138510.7349206,55066571.58663235,12.074
8ANDERSON TN_360120,8TRICO STEEL_360014,35.94503289,-84.38856432,34.60872576,-87.05506218,371.013,500,908641673.7296909,953948102.2098606,45306428.48016971,4.986
8BULL RUN FP_360093,8TRICO STEEL_360014,36.01895969,-84.15785445,34.60872576,-87.05506218,459.044,500,1138933244.1395597,1216898375.4176104,77965131.27805075,6.845
8JVILLE FP_360037,8TRICO STEEL_360014,36.02382902,-87.98154082,34.60872576,-87.05506218,211.674,500,508754252.865981,624215265.5553936,115461012.6894126,22.695
8PIN HOOK TN_360581,8TRICO STEEL_360014,36.04646628,-86.60595108,34.60872576,-87.05506218,217.614,500,537834878.7679241,604937147.1716045,67102268.403680496,12.476
8PLATEAU TN_360077,8TRICO STEEL_360014,36.05858036,-85.14194112,34.60872576,-87.05506218,311.263,500,754957911.7067996,808342052.7647667,53384141.057967044,7.071
8DAVIDSON TN_360048,8TRICO STEEL_360014,36.06703747,-86.9841046,34.60872576,-87.05506218,202.564,500,493273315.8679782,575344993.8091607,82071677.94118246,16.638
8GLEASON CT_360582,8TRICO STEEL_360014,36.24522988,-88.6114255,34.60872576,-87.05506218,255.38,500,615534073.0368705,771466517.0237894,155932443.98691887,25.333
8LAG CRK CT_360568,8TRICO STEEL_360014,36.27534882,-88.83423675,34.60872576,-87.05506218,269.509,500,649577655.5789413,828371982.6508998,178794327.0719584,27.525
8CUMBERLAND_360040,8TRICO STEEL_360014,36.3921331,-87.65747953,34.60872576,-87.05506218,237.051,500,572344428.3163164,721918156.281851,149573727.96553463,26.134
8PHIPPS B NP_360102,8TRICO STEEL_360014,36.46070569,-82.80788409,34.60872576,-87.05506218,548.534,500,1368429143.217618,1448436786.905636,80007643.68801807,5.847
8MONTGOMERY_360044,8TRICO STEEL_360014,36.59438524,-87.25325857,34.60872576,-87.05506218,267.821,500,653619544.1099107,798378554.8124487,144759010.70253807,22.147
8MARSHALL KY_360015,8TRICO STEEL_360014,37.02455006,-88.39384277,34.60872576,-87.05506218,344.525,500,829891935.5986664,1051782596.6982375,221890661.0995711,26.737
7SHAWNEE FP_360002,8TRICO STEEL_360014,37.150267,-88.778122,34.60872576,-87.05506218,376.857,500,902840044.0950748,1141636274.1213331,238796230.02625823,26.449
8PARADISE CC_360117,8TRICO STEEL_360014,37.259697,-86.976991,34.60872576,-87.05506218,343.406,500,834871714.4189138,1007703850.7379749,172832136.319061,20.702
8PARADISE CC_360117,8TRICO STEEL_360014,37.259697,-86.976991,34.60872576,-87.05506218,343.406,500,834871714.4189138,1007703850.7379749,172832136.319061,20.702
8CHOCTAW MS_360654,8LIMESTONE_360088,33.2984397,-89.4127739,34.71890958,-86.84630969,325.347,500,792697497.6042407,988467421.1128151,195769923.50857446,24.697
8ACKERMAN CC_360627,8LIMESTONE_360088,33.38593855,-89.20997726,34.71890958,-86.84630969,303.742,500,739181290.0919564,910720640.1907701,171539350.09881383,23.207
8CLAY_360688,8LIMESTONE_360088,33.47863869,-88.74043971,34.71890958,-86.84630969,266.007,500,645063249.0464162,774783971.6895391,129720722.64312287,20.11
8COGEN CALED_360606,8LIMESTONE_360088,33.64779158,-88.31593565,34.71890958,-86.84630969,226.943,500,546889640.3066443,632703900.3429557,85814260.03631134,15.691
8E POINT AL_360058,8LIMESTONE_360088,34.19181783,-86.74805975,34.71890958,-86.84630969,171.557,500,425011244.0693131,436440217.88273466,11428973.81342153,2.689
6CENTER PNT_360533,8LIMESTONE_360088,34.6665318,-84.97089121,34.71890958,-86.84630969,247.144,500,619025985.9467032,687381446.0826757,68355460.13597244,11.042
8BR FERRY NP_360052,8LIMESTONE_360088,34.70520875,-87.11705751,34.71890958,-86.84630969,26.978,500,65816537.995169066,65816537.995169066,0.0,0.0
6LOOPERS FRM_360602,8LIMESTONE_360088,34.708916,-84.922795,34.71890958,-86.84630969,253.895,500,637165809.4004359,706756807.3175392,69590997.91710328,10.922
6COUNTY LINE_360013,8LIMESTONE_360088,34.74311084,-85.00751569,34.71890958,-86.84630969,220.389,500,555183679.316241,601522834.076431,46339154.76019,8.347
6YOUNG GA_361454,8LIMESTONE_360088,34.75072952,-85.27349349,34.71890958,-86.84630969,186.492,500,468304941.60196245,507390428.05869335,39085486.4567309,8.346
6KENSNGTN GA_361503,8LIMESTONE_360088,34.81265905,-85.32344844,34.71890958,-86.84630969,186.691,500,468833622.63304424,505792456.8808983,36958834.24785407,7.883
6ALPHA GA_361502,8LIMESTONE_360088,34.813027,-84.853226,34.71890958,-86.84630969,272.966,500,683260603.1258719,758601803.3113514,75341200.18547954,11.027
6CLOUDLANDGA_361633,8LIMESTONE_360088,34.81849122,-85.5353055,34.71890958,-86.84630969,160.594,500,402238302.72525245,428547965.73301274,26309663.0077603,6.541
6ROCK SPG GA_361500,8LIMESTONE_360088,34.83897801,-85.28020801,34.71890958,-86.84630969,190.729,500,478046438.8399286,517132960.70498514,39086521.86505653,8.176
6WID CRK FP_360068,8LIMESTONE_360088,34.88515896,-85.75604163,34.71890958,-86.84630969,135.299,500,338907630.52708113,355520480.10449016,16612849.577409022,4.902
6WRINGOLD GA_361504,8LIMESTONE_360088,34.89324284,-85.13750475,34.71890958,-86.84630969,228.621,500,572438589.3674402,616414128.6440032,43975539.27656296,7.682
6BATTLFLD GA_361530,8LIMESTONE_360088,34.9555953,-85.26465286,34.71890958,-86.84630969,177.835,500,456697329.4990727,498130362.54469484,41433033.04562217,9.072
6S HAVEN CC_360594,8LIMESTONE_360088,34.99627529,-90.0485284,34.71890958,-86.84630969,343.91,500,838440574.2444329,1137930489.845163,299489915.6007302,35.72
6CONCORD TN_361509,8LIMESTONE_360088,34.99679719,-85.1610968,34.71890958,-86.84630969,250.408,500,628009638.4735432,681750508.5717722,53740870.098229095,8.557
8BRADLEY TN_360662,8LIMESTONE_360088,35.0367008,-84.963798,34.71890958,-86.84630969,256.396,500,640558081.4169847,705521125.8122531,64963044.395268396,10.142
8BENTON MS_360612,8LIMESTONE_360088,35.17466126,-89.74553609,34.71890958,-86.84630969,304.131,500,737573696.5870421,1001217295.5645626,263643598.97752044,35.745
8FRANKLIN TN_360069,8LIMESTONE_360088,35.33506701,-86.11727644,34.71890958,-86.84630969,116.992,500,283434011.48690856,287425968.5737077,3991957.0867991527,1.408
8HAYWOOD TN_360542,8LIMESTONE_360088,35.54308246,-89.19654872,34.71890958,-86.84630969,257.964,500,620071379.8654369,818643552.9449235,198572173.0794866,32.024
8HIWASSEE TN_360110,8LIMESTONE_360088,35.60032498,-84.78911434,34.71890958,-86.84630969,241.177,500,603965872.1504638,641388112.8753299,37422240.72486604,6.196
8LAG CRK CC_360615,8LIMESTONE_360088,35.65702785,-89.39460044,34.71890958,-86.84630969,281.359,500,675956356.1542915,888908331.4150057,212951975.26071414,31.504
8JACKSON TN_360019,8LIMESTONE_360088,35.70901203,-88.79407261,34.71890958,-86.84630969,235.813,500,565990401.1484634,737025571.6119887,171035170.46352527,30.219
8ANDERSON TN_360120,8LIMESTONE_360088,35.94503289,-84.38856432,34.71890958,-86.84630969,290.493,500,732575015.5353298,775256887.9948806,42681872.45955069,5.826
8BULL RUN FP_360093,8LIMESTONE_360088,36.01895969,-84.15785445,34.71890958,-86.84630969,390.983,500,973895092.3685658,1014031666.7944413,40136574.42587549,4.121
8JVILLE FP_360037,8LIMESTONE_360088,36.02382902,-87.98154082,34.71890958,-86.84630969,201.536,500,488574295.342962,574963769.1006577,86389473.75769566,17.682
8DAVIDSON TN_360048,8LIMESTONE_360088,36.06703747,-86.9841046,34.71890958,-86.84630969,175.679,500,430124636.9340714,507419151.7480439,77294514.81397246,17.97
8GLEASON CT_360582,8LIMESTONE_360088,36.24522988,-88.6114255,34.71890958,-86.84630969,255.342,500,614120310.7738831,767769879.4381597,153649568.66427663,25.019
8LAG CRK CT_360568,8LIMESTONE_360088,36.27534882,-88.83423675,34.71890958,-86.84630969,275.417,500,662695325.8992945,821682062.2149578,158986736.3156633,23.991
8CUMBERLAND_360040,8LIMESTONE_360088,36.3921331,-87.65747953,34.71890958,-86.84630969,223.097,500,540812053.2344141,666003965.1683826,125191911.93396859,23.149
7SHAWNEE FP_360002,8LIMESTONE_360088,37.150267,-88.778122,34.71890958,-86.84630969,376.819,500,901426281.8320875,1138072426.672241,236646144.84015343,26.252
8CHOCTAW MS_360654,8HAYWOOD TN_360542,33.2984397,-89.4127739,35.54308246,-89.19654872,272.56,500,663343200.3890057,942960419.8682313,279617219.47922564,42.153
8ACKERMAN CC_360627,8HAYWOOD TN_360542,33.38593855,-89.20997726,35.54308246,-89.19654872,259.332,500,631707643.0694557,901610824.9240534,269903181.8545977,42.726
8CLAY_360688,8HAYWOOD TN_360542,33.47863869,-88.74043971,35.54308246,-89.19654872,256.95,500,621197902.0559767,885535584.7958717,264337682.739895,42.553
8COGEN CALED_360606,8HAYWOOD TN_360542,33.64779158,-88.31593565,35.54308246,-89.19654872,249.076,500,610847685.0056615,867073609.4783062,256225924.47264472,41.946
8E POINT AL_360058,8HAYWOOD TN_360542,34.19181783,-86.74805975,35.54308246,-89.19654872,305.498,500,739283057.2329743,933248217.2649717,193965160.0319974,26.237
6CENTER PNT_360533,8HAYWOOD TN_360542,34.6665318,-84.97089121,35.54308246,-89.19654872,471.1,500,1153355409.0183425,1461715732.0212855,308360323.00294304,26.736
8BR FERRY NP_360052,8HAYWOOD TN_360542,34.70520875,-87.11705751,35.54308246,-89.19654872,234.881,500,564003639.6020424,762675345.5469819,198671705.9449395,35.225
6LOOPERS FRM_360602,8HAYWOOD TN_360542,34.708916,-84.922795,35.54308246,-89.19654872,477.851,500,1171495232.472075,1481276066.725895,309780834.2538198,26.443
6COUNTY LINE_360013,8HAYWOOD TN_360542,34.74311084,-85.00751569,35.54308246,-89.19654872,443.502,500,1086483450.5861301,1374628335.0108237,288144884.42469347,26.521
6YOUNG GA_361454,8HAYWOOD TN_360542,34.75072952,-85.27349349,35.54308246,-89.19654872,406.42,500,999297972.67716,1224003549.5523958,224705576.87523574,22.486
6KENSNGTN GA_361503,8HAYWOOD TN_360542,34.81265905,-85.32344844,35.54308246,-89.19654872,406.716,500,999672202.9183663,1219538054.605283,219865851.68691674,21.994
6ALPHA GA_361502,8HAYWOOD TN_360542,34.813027,-84.853226,35.54308246,-89.19654872,488.415,500,1190558841.7165217,1426235030.1224825,235676188.40596086,19.795
6CLOUDLANDGA_361633,8HAYWOOD TN_360542,34.81849122,-85.5353055,35.54308246,-89.19654872,380.411,500,931922236.4436305,1145316280.6781383,213394044.23450786,22.898
6ROCK SPG GA_361500,8HAYWOOD TN_360542,34.83897801,-85.28020801,35.54308246,-89.19654872,410.754,500,1008929406.1553739,1230849186.5050256,221919780.34965178,21.996
6WID CRK FP_360068,8HAYWOOD TN_360542,34.88515896,-85.75604163,35.54308246,-89.19654872,346.958,500,843876574.1599351,1046547865.4787688,202671291.31883374,24.017
6WRINGOLD GA_361504,8HAYWOOD TN_360542,34.89324284,-85.13750475,35.54308246,-89.19654872,451.734,500,1103738360.6373293,1388267642.4873893,284529281.8500599,25.779
6BATTLFLD GA_361530,8HAYWOOD TN_360542,34.9555953,-85.26465286,35.54308246,-89.19654872,389.167,500,958100498.558604,1180652865.1712623,222552366.61265838,23.228
6S HAVEN CC_360594,8HAYWOOD TN_360542,34.99627529,-90.0485284,35.54308246,-89.19654872,154.271,500,388621660.81051505,533139197.9433456,144517537.13283056,37.187
6CONCORD TN_361509,8HAYWOOD TN_360542,34.99679719,-85.1610968,35.54308246,-89.19654872,473.521,500,1159309409.7434325,1454274863.020291,294965453.27685857,25.443
8BRADLEY TN_360662,8HAYWOOD TN_360542,35.0367008,-84.963798,35.54308246,-89.19654872,456.882,500,1112215035.26568,1339246686.195818,227031650.9301378,20.413
8BENTON MS_360612,8HAYWOOD TN_360542,35.17466126,-89.74553609,35.54308246,-89.19654872,84.892,500,212689627.61649477,284831691.10639817,72142063.48990338,33.919
8FRANKLIN TN_360069,8HAYWOOD TN_360542,35.33506701,-86.11727644,35.54308246,-89.19654872,304.76,500,735991844.7269977,939678992.937699,203687148.21070126,27.675
8ANDERSON TN_360120,8HAYWOOD TN_360542,35.94503289,-84.38856432,35.54308246,-89.19654872,478.162,500,1171109847.8194034,1391715599.979379,220605752.1599755,18.837
8BULL RUN FP_360093,8HAYWOOD TN_360542,36.01895969,-84.15785445,35.54308246,-89.19654872,570.645,500,1400202219.942366,1650184989.2719758,249982769.32960987,17.853
8DAVIDSON TN_360048,8HAYWOOD TN_360542,36.06703747,-86.9841046,35.54308246,-89.19654872,230.519,500,558634510.7960148,808496731.9634962,249862221.16748142,44.727
8GLEASON CT_360582,8HAYWOOD TN_360542,36.24522988,-88.6114255,35.54308246,-89.19654872,105.104,500,250767645.9120061,309899571.3900646,59131925.47805851,23.58
8CUMBERLAND_360040,8HAYWOOD TN_360542,36.3921331,-87.65747953,35.54308246,-89.19654872,183.453,500,444268665.5710186,572184970.6987171,127916305.12769857,28.793
7SHAWNEE FP_360002,8HAYWOOD TN_360542,37.150267,-88.778122,35.54308246,-89.19654872,212.563,500,506493784.0301517,646076825.2265214,139583041.19636968,27.559
8CHOCTAW MS_360654,8CLAY_360688,33.2984397,-89.4127739,33.47863869,-88.74043971,79.829,500,194718920.87022147,286343355.2389871,91624434.36876565,47.055
8ACKERMAN CC_360627,8CLAY_360688,33.38593855,-89.20997726,33.47863869,-88.74043971,57.169,500,140566567.89743084,206085792.54659045,65519224.649159595,46.611
6CENTER PNT_360533,8CLAY_360688,34.6665318,-84.97089121,33.47863869,-88.74043971,427.287,500,1048270695.5948627,1254801134.7980478,206530439.2031851,19.702
8BR FERRY NP_360052,8CLAY_360688,34.70520875,-87.11705751,33.47863869,-88.74043971,242.26,500,588105861.7202702,719287744.4527767,131181882.73250648,22.306
6LOOPERS FRM_360602,8CLAY_360688,34.708916,-84.922795,33.47863869,-88.74043971,434.038,500,1066410519.0485955,1274196651.2817903,207786132.23319465,19.485
6COUNTY LINE_360013,8CLAY_360688,34.74311084,-85.00751569,33.47863869,-88.74043971,420.351,500,1031832828.4015372,1210051986.8769162,178219158.47537896,17.272
6YOUNG GA_361454,8CLAY_360688,34.75072952,-85.27349349,33.47863869,-88.74043971,386.454,500,944954090.6872586,1116464276.084417,171510185.3971585,18.15
6KENSNGTN GA_361503,8CLAY_360688,34.81265905,-85.32344844,33.47863869,-88.74043971,386.653,500,945482771.7183404,1114942075.8416946,169459304.12335423,17.923
6ALPHA GA_361502,8CLAY_360688,34.813027,-84.853226,33.47863869,-88.74043971,453.109,500,1112505312.7740316,1326057118.6239579,213551805.8499263,19.196
6CLOUDLANDGA_361633,8CLAY_360688,34.81849122,-85.5353055,33.47863869,-88.74043971,366.928,500,894617702.617959,1052282766.8506033,157665064.23264438,17.624
6ROCK SPG GA_361500,8CLAY_360688,34.83897801,-85.28020801,33.47863869,-88.74043971,390.692,500,954695587.9252248,1126337011.6409714,171641423.71574658,17.979
6WID CRK FP_360068,8CLAY_360688,34.88515896,-85.75604163,33.47863869,-88.74043971,343.836,500,834051585.010129,984439294.7197001,150387709.70957106,18.031
6WRINGOLD GA_361504,8CLAY_360688,34.89324284,-85.13750475,33.47863869,-88.74043971,428.583,500,1049087738.4527361,1223856873.9271262,174769135.47439003,16.659
6BATTLFLD GA_361530,8CLAY_360688,34.9555953,-85.26465286,33.47863869,-88.74043971,398.274,500,975670327.0273627,1146301902.8816764,170631575.85431376,17.489
6S HAVEN CC_360594,8CLAY_360688,34.99627529,-90.0485284,33.47863869,-88.74043971,233.364,500,574394120.3982632,804336064.9546012,229941944.55633792,40.032
6CONCORD TN_361509,8CLAY_360688,34.99679719,-85.1610968,33.47863869,-88.74043971,450.37,500,1104658787.558839,1289475882.8407812,184817095.28194213,16.731
8BRADLEY TN_360662,8CLAY_360688,35.0367008,-84.963798,33.47863869,-88.74043971,456.358,500,1117207230.5022807,1313900149.3971062,196692918.89482534,17.606
8BENTON MS_360612,8CLAY_360688,35.17466126,-89.74553609,33.47863869,-88.74043971,243.908,500,591952652.0844955,856014230.104339,264061578.01984346,44.609
8ANDERSON TN_360120,8CLAY_360688,35.94503289,-84.38856432,33.47863869,-88.74043971,532.967,500,1311115781.6883569,1486639126.028724,175523344.34036714,13.387
8BULL RUN FP_360093,8CLAY_360688,36.01895969,-84.15785445,33.47863869,-88.74043971,627.579,500,1546123872.7241888,1755343006.9480395,209219134.22385076,13.532
7SHAWNEE FP_360002,8CLAY_360688,37.150267,-88.778122,33.47863869,-88.74043971,457.388,500,1101285590.6349363,1485570379.5066698,384284788.8717334,34.894
8CHOCTAW MS_360654,8RACCOON MTN_360079,33.2984397,-89.4127739,35.05681146,-85.38724619,453.718,500,1103992762.5431418,1341249866.74793,237257104.2047881,21.491
8ACKERMAN CC_360627,8RACCOON MTN_360079,33.38593855,-89.20997726,35.05681146,-85.38724619,432.113,500,1050476555.0308577,1263772391.269241,213295836.23838332,20.305
8CLAY_360688,8RACCOON MTN_360079,33.47863869,-88.74043971,35.05681146,-85.38724619,385.403,500,938253689.1769042,1096711413.5594249,158457724.3825207,16.889
8COGEN CALED_360606,8RACCOON MTN_360079,33.64779158,-88.31593565,35.05681146,-85.38724619,338.219,500,823202902.6760814,941616906.094666,118414003.41858456,14.385
8E POINT AL_360058,8RACCOON MTN_360079,34.19181783,-86.74805975,35.05681146,-85.38724619,191.33,500,467068468.0544275,483313606.5386499,16245138.484222401,3.478
6CENTER PNT_360533,8RACCOON MTN_360079,34.6665318,-84.97089121,35.05681146,-85.38724619,142.836,500,371310620.7944863,435088473.30116075,63777852.50667445,17.176
8BR FERRY NP_360052,8RACCOON MTN_360079,34.70520875,-87.11705751,35.05681146,-85.38724619,189.285,500,479288928.1879753,511059023.6992178,31770095.51124248,6.629
6LOOPERS FRM_360602,8RACCOON MTN_360079,34.708916,-84.922795,35.05681146,-85.38724619,136.045,500,368464413.6169311,394591424.85130876,26127011.234377705,7.091
8LIMESTONE_360088,8RACCOON MTN_360079,34.71890958,-86.84630969,35.05681146,-85.38724619,163.911,500,417352959.05147123,449054976.1375007,31702017.086029444,7.596
6COUNTY LINE_360013,8RACCOON MTN_360079,34.74311084,-85.00751569,35.05681146,-85.38724619,111.637,500,291045775.46047896,332211463.9756704,41165688.51519142,14.144
6YOUNG GA_361454,8RACCOON MTN_360079,34.75072952,-85.27349349,35.05681146,-85.38724619,62.043,500,161356710.5208645,183786905.49214762,22430194.971283153,13.901
8MADISON AL_360060,8RACCOON MTN_360079,34.79577878,-86.52158584,35.05681146,-85.38724619,126.927,500,329162084.47424316,358945262.6960802,29783178.22183703,9.048
6KENSNGTN GA_361503,8RACCOON MTN_360079,34.81265905,-85.32344844,35.05681146,-85.38724619,62.339,500,161730940.7620708,178773774.1813059,17042833.419235073,10.538
6ALPHA GA_361502,8RACCOON MTN_360079,34.813027,-84.853226,35.05681146,-85.38724619,116.54,500,320247500.6574489,342542275.05168456,22294774.394235674,6.962
6CLOUDLANDGA_361633,8RACCOON MTN_360079,34.81849122,-85.5353055,35.05681146,-85.38724619,36.034,500,93980974.28733489,105069829.64073108,11088855.353396194,11.799
8MAGNOL CC1_360613,8RACCOON MTN_360079,34.8287922,-89.20041124,35.05681146,-85.38724619,382.836,500,934929796.2686071,1189250933.8546655,254321137.58605847,27.202
6ROCK SPG GA_361500,8RACCOON MTN_360079,34.83897801,-85.28020801,35.05681146,-85.38724619,66.377,500,170988143.99907836,190046120.32965717,19057976.330578808,11.146
6WID CRK FP_360068,8RACCOON MTN_360079,34.88515896,-85.75604163,35.05681146,-85.38724619,42.076,500,107259262.79775232,114024818.18741292,6765555.389660594,6.308
6WRINGOLD GA_361504,8RACCOON MTN_360079,34.89324284,-85.13750475,35.05681146,-85.38724619,119.869,500,308300685.5116781,346703377.71241176,38402692.20073369,12.456
6BATTLFLD GA_361530,8RACCOON MTN_360079,34.9555953,-85.26465286,35.05681146,-85.38724619,30.837,500,83049372.70528215,97527083.88843796,14477711.1831558,17.433
6S HAVEN CC_360594,8RACCOON MTN_360079,34.99627529,-90.0485284,35.05681146,-85.38724619,475.284,500,1167179887.0592818,1517960982.280603,350781095.22132117,30.054
6CONCORD TN_361509,8RACCOON MTN_360079,34.99679719,-85.1610968,35.05681146,-85.38724619,122.043,500,335008582.24030185,366865475.96901155,31856893.728709713,9.509
8BRADLEY TN_360662,8RACCOON MTN_360079,35.0367008,-84.963798,35.05681146,-85.38724619,85.007,500,241903694.20660728,256530729.1412224,14627034.934615092,6.047
8BENTON MS_360612,8RACCOON MTN_360079,35.17466126,-89.74553609,35.05681146,-85.38724619,431.431,500,1058626862.3353295,1354006577.246482,295379714.9111523,27.902
8FRANKLIN TN_360069,8RACCOON MTN_360079,35.33506701,-86.11727644,35.05681146,-85.38724619,86.673,500,219101871.32337523,229887634.35875732,10785763.035382094,4.923
8HAYWOOD TN_360542,8RACCOON MTN_360079,35.54308246,-89.19654872,35.05681146,-85.38724619,375.725,500,918724271.3774561,1130408665.133571,211684393.75611493,23.041
8HIWASSEE TN_360110,8RACCOON MTN_360079,35.60032498,-84.78911434,35.05681146,-85.38724619,106.337,500,263068204.4926542,277847410.3010155,14779205.808361275,5.618
8LAG CRK CC_360615,8RACCOON MTN_360079,35.65702785,-89.39460044,35.05681146,-85.38724619,398.598,500,973477550.2671766,1194106525.8006976,220628975.53352088,22.664
8MAURY TN_360050,8RACCOON MTN_360079,35.672863,-87.01861625,35.05681146,-85.38724619,185.751,500,463904074.60226953,509273038.35880244,45368963.75653288,9.78
8JACKSON TN_360019,8RACCOON MTN_360079,35.70901203,-88.79407261,35.05681146,-85.38724619,346.662,500,847118238.56789,1019338430.9949093,172220192.42701927,20.33
8ANDERSON TN_360120,8RACCOON MTN_360079,35.94503289,-84.38856432,35.05681146,-85.38724619,155.653,500,391677347.87752,411763782.17768854,20086434.300168503,5.128
8BULL RUN FP_360093,8RACCOON MTN_360079,36.01895969,-84.15785445,35.05681146,-85.38724619,250.851,500,635891942.0282865,671003790.3996797,35111848.37139318,5.522
8JVILLE FP_360037,8RACCOON MTN_360079,36.02382902,-87.98154082,35.05681146,-85.38724619,289.429,500,711530103.9355884,817990145.5382023,106460041.60261397,14.962
8PIN HOOK TN_360581,8RACCOON MTN_360079,36.04646628,-86.60595108,35.05681146,-85.38724619,191.549,500,483031461.26162636,541510259.2812059,58478798.01957951,12.107
8PLATEAU TN_360077,8RACCOON MTN_360079,36.05858036,-85.14194112,35.05681146,-85.38724619,125.935,500,312483809.1552957,332798061.60520947,20314252.449913718,6.501
8DAVIDSON TN_360048,8RACCOON MTN_360079,36.06703747,-86.9841046,35.05681146,-85.38724619,218.89,500,550916941.7254735,636660221.6708382,85743279.9453647,15.564
8GLEASON CT_360582,8RACCOON MTN_360079,36.24522988,-88.6114255,35.05681146,-85.38724619,354.191,500,865468278.7386723,1048053467.1293504,182585188.3906781,21.097
8LAG CRK CT_360568,8RACCOON MTN_360079,36.27534882,-88.83423675,35.05681146,-85.38724619,375.097,500,914707559.518404,1103736847.872593,189029288.3541888,20.666
8CUMBERLAND_360040,8RACCOON MTN_360079,36.3921331,-87.65747953,35.05681146,-85.38724619,289.515,500,722559611.1046419,888282515.0965846,165722903.9919426,22.936
8PHIPPS B NP_360102,8RACCOON MTN_360079,36.46070569,-82.80788409,35.05681146,-85.38724619,340.341,500,865387841.1063448,903059652.9096022,37671811.80325739,4.353
8MONTGOMERY_360044,8RACCOON MTN_360079,36.59438524,-87.25325857,35.05681146,-85.38724619,290.609,500,728392645.0735482,889896453.4950911,161503808.42154288,22.173
8MARSHALL KY_360015,8RACCOON MTN_360079,37.02455006,-88.39384277,35.05681146,-85.38724619,412.702,500,1026084071.7878388,1243870690.2985888,217786618.5107499,21.225
7SHAWNEE FP_360002,8RACCOON MTN_360079,37.150267,-88.778122,35.05681146,-85.38724619,468.73,500,1138992707.9169297,1346958501.046937,207965793.13000736,18.259
8PARADISE CC_360117,8RACCOON MTN_360079,37.259697,-86.976991,35.05681146,-85.38724619,318.677,500,779021297.218743,856762395.9236585,77741098.70491557,9.979
8PARADISE CC_360117,8RACCOON MTN_360079,37.259697,-86.976991,35.05681146,-85.38724619,318.677,500,779021297.218743,856762395.9236585,77741098.70491557,9.979
8CHOCTAW MS_360654,8PARADISE CC_360117,33.2984397,-89.4127739,37.259697,-86.976991,544.187,500,1308485810.9445179,1801739333.7773652,493253522.83284724,37.697
8CHOCTAW MS_360654,8PARADISE CC_360117,33.2984397,-89.4127739,37.259697,-86.976991,544.187,500,1308485810.9445179,1801739333.7773652,493253522.83284724,37.697
8ACKERMAN CC_360627,8PARADISE CC_360117,33.38593855,-89.20997726,37.259697,-86.976991,524.844,500,1264115480.8178566,1737351233.6675146,473235752.84965795,37.436
8ACKERMAN CC_360627,8PARADISE CC_360117,33.38593855,-89.20997726,37.259697,-86.976991,524.844,500,1264115480.8178566,1737351233.6675146,473235752.84965795,37.436
8CLAY_360688,8PARADISE CC_360117,33.47863869,-88.74043971,37.259697,-86.976991,496.347,500,1195674472.8611116,1631535280.9389608,435860808.07784915,36.453
8CLAY_360688,8PARADISE CC_360117,33.47863869,-88.74043971,37.259697,-86.976991,496.347,500,1195674472.8611116,1631535280.9389608,435860808.07784915,36.453
8COGEN CALED_360606,8PARADISE CC_360117,33.64779158,-88.31593565,37.259697,-86.976991,461.274,500,1110882809.3513947,1451515294.1736937,340632484.82229906,30.663
8COGEN CALED_360606,8PARADISE CC_360117,33.64779158,-88.31593565,37.259697,-86.976991,461.274,500,1110882809.3513947,1451515294.1736937,340632484.82229906,30.663
8E POINT AL_360058,8PARADISE CC_360117,34.19181783,-86.74805975,37.259697,-86.976991,420.09,500,1027877098.3409328,1131850216.0831995,103973117.74226674,10.115
8E POINT AL_360058,8PARADISE CC_360117,34.19181783,-86.74805975,37.259697,-86.976991,420.09,500,1027877098.3409328,1131850216.0831995,103973117.74226674,10.115
6CENTER PNT_360533,8PARADISE CC_360117,34.6665318,-84.97089121,37.259697,-86.976991,406.282,500,994104558.4368572,1102768567.594794,108664009.15793692,10.931
6CENTER PNT_360533,8PARADISE CC_360117,34.6665318,-84.97089121,37.259697,-86.976991,406.282,500,994104558.4368572,1102768567.594794,108664009.15793692,10.931
8BR FERRY NP_360052,8PARADISE CC_360117,34.70520875,-87.11705751,37.259697,-86.976991,312.372,500,760213903.6727314,930871236.7673308,170657333.09459937,22.449
8BR FERRY NP_360052,8PARADISE CC_360117,34.70520875,-87.11705751,37.259697,-86.976991,312.372,500,760213903.6727314,930871236.7673308,170657333.09459937,22.449
6LOOPERS FRM_360602,8PARADISE CC_360117,34.708916,-84.922795,37.259697,-86.976991,398.495,500,973752994.0057318,1078729527.1807585,104976533.17502674,10.781
6LOOPERS FRM_360602,8PARADISE CC_360117,34.708916,-84.922795,37.259697,-86.976991,398.495,500,973752994.0057318,1078729527.1807585,104976533.17502674,10.781
8LIMESTONE_360088,8PARADISE CC_360117,34.71890958,-86.84630969,37.259697,-86.976991,318.063,500,775359251.0821735,943972099.3748851,168612848.29271162,21.746
8LIMESTONE_360088,8PARADISE CC_360117,34.71890958,-86.84630969,37.259697,-86.976991,318.063,500,775359251.0821735,943972099.3748851,168612848.29271162,21.746
6COUNTY LINE_360013,8PARADISE CC_360117,34.74311084,-85.00751569,37.259697,-86.976991,394.202,500,964329484.1828195,1078720553.6258821,114391069.44306277,11.862
6COUNTY LINE_360013,8PARADISE CC_360117,34.74311084,-85.00751569,37.259697,-86.976991,394.202,500,964329484.1828195,1078720553.6258821,114391069.44306277,11.862
6YOUNG GA_361454,8PARADISE CC_360117,34.75072952,-85.27349349,37.259697,-86.976991,365.938,500,900485413.4440565,992670166.5841691,92184753.1401126,10.237
6YOUNG GA_361454,8PARADISE CC_360117,34.75072952,-85.27349349,37.259697,-86.976991,365.938,500,900485413.4440565,992670166.5841691,92184753.1401126,10.237
8MADISON AL_360060,8PARADISE CC_360117,34.79577878,-86.52158584,37.259697,-86.976991,323.222,500,789025270.8871012,960294604.3666462,171269333.47954503,21.706
8MADISON AL_360060,8PARADISE CC_360117,34.79577878,-86.52158584,37.259697,-86.976991,323.222,500,789025270.8871012,960294604.3666462,171269333.47954503,21.706
6KENSNGTN GA_361503,8PARADISE CC_360117,34.81265905,-85.32344844,37.259697,-86.976991,366.233,500,900859643.6852628,987345588.5402099,86485944.85494705,9.6
6KENSNGTN GA_361503,8PARADISE CC_360117,34.81265905,-85.32344844,37.259697,-86.976991,366.233,500,900859643.6852628,987345588.5402099,86485944.85494705,9.6
6ALPHA GA_361502,8PARADISE CC_360117,34.813027,-84.853226,37.259697,-86.976991,378.99,500,925536081.0462497,1026765332.800643,101229251.75439322,10.937
6ALPHA GA_361502,8PARADISE CC_360117,34.813027,-84.853226,37.259697,-86.976991,378.99,500,925536081.0462497,1026765332.800643,101229251.75439322,10.937
6CLOUDLANDGA_361633,8PARADISE CC_360117,34.81849122,-85.5353055,37.259697,-86.976991,339.928,500,833109677.210527,913638020.7340004,80528343.52347352,9.666
6CLOUDLANDGA_361633,8PARADISE CC_360117,34.81849122,-85.5353055,37.259697,-86.976991,339.928,500,833109677.210527,913638020.7340004,80528343.52347352,9.666
8MAGNOL CC1_360613,8PARADISE CC_360117,34.8287922,-89.20041124,37.259697,-86.976991,367.862,500,888904245.3908195,1215043481.2028751,326139235.8120555,36.69
8MAGNOL CC1_360613,8PARADISE CC_360117,34.8287922,-89.20041124,37.259697,-86.976991,367.862,500,888904245.3908195,1215043481.2028751,326139235.8120555,36.69
6ROCK SPG GA_361500,8PARADISE CC_360117,34.83897801,-85.28020801,37.259697,-86.976991,370.272,500,910116846.9222704,998659297.6027116,88542450.68044113,9.729
6ROCK SPG GA_361500,8PARADISE CC_360117,34.83897801,-85.28020801,37.259697,-86.976991,370.272,500,910116846.9222704,998659297.6027116,88542450.68044113,9.729
6WID CRK FP_360068,8PARADISE CC_360117,34.88515896,-85.75604163,37.259697,-86.976991,320.239,500,783821272.8079156,856859921.8679489,73038649.06003334,9.318
6WID CRK FP_360068,8PARADISE CC_360117,34.88515896,-85.75604163,37.259697,-86.976991,320.239,500,783821272.8079156,856859921.8679489,73038649.06003334,9.318
6WRINGOLD GA_361504,8PARADISE CC_360117,34.89324284,-85.13750475,37.259697,-86.976991,377.537,500,921493963.9234722,1032067000.9780842,110573037.05461203,11.999
6WRINGOLD GA_361504,8PARADISE CC_360117,34.89324284,-85.13750475,37.259697,-86.976991,377.537,500,921493963.9234722,1032067000.9780842,110573037.05461203,11.999
6BATTLFLD GA_361530,8PARADISE CC_360117,34.9555953,-85.26465286,37.259697,-86.976991,341.65,500,840539461.7372987,927857483.0975236,87318021.36022486,10.388
6BATTLFLD GA_361530,8PARADISE CC_360117,34.9555953,-85.26465286,37.259697,-86.976991,341.65,500,840539461.7372987,927857483.0975236,87318021.36022486,10.388
6S HAVEN CC_360594,8PARADISE CC_360117,34.99627529,-90.0485284,37.259697,-86.976991,448.041,500,1091217428.4801903,1429017147.8169017,337799719.3367113,30.956
6S HAVEN CC_360594,8PARADISE CC_360117,34.99627529,-90.0485284,37.259697,-86.976991,448.041,500,1091217428.4801903,1429017147.8169017,337799719.3367113,30.956
6CONCORD TN_361509,8PARADISE CC_360117,34.99679719,-85.1610968,37.259697,-86.976991,384.492,500,940297162.6291027,1051535230.2356788,111238067.60657609,11.83
6CONCORD TN_361509,8PARADISE CC_360117,34.99679719,-85.1610968,37.259697,-86.976991,384.492,500,940297162.6291027,1051535230.2356788,111238067.60657609,11.83
8BRADLEY TN_360662,8PARADISE CC_360117,35.0367008,-84.963798,37.259697,-86.976991,347.456,500,847192274.5954081,940671629.3020709,93479354.70666274,11.034
8BRADLEY TN_360662,8PARADISE CC_360117,35.0367008,-84.963798,37.259697,-86.976991,347.456,500,847192274.5954081,940671629.3020709,93479354.70666274,11.034
8BENTON MS_360612,8PARADISE CC_360117,35.17466126,-89.74553609,37.259697,-86.976991,382.97,500,928740499.240715,1174437693.7141654,245697194.47345042,26.455
8BENTON MS_360612,8PARADISE CC_360117,35.17466126,-89.74553609,37.259697,-86.976991,382.97,500,928740499.240715,1174437693.7141654,245697194.47345042,26.455
8FRANKLIN TN_360069,8PARADISE CC_360117,35.33506701,-86.11727644,37.259697,-86.976991,281.822,500,681678872.6684508,742779018.368679,61100145.700228155,8.963
8FRANKLIN TN_360069,8PARADISE CC_360117,35.33506701,-86.11727644,37.259697,-86.976991,281.822,500,681678872.6684508,742779018.368679,61100145.700228155,8.963
8HAYWOOD TN_360542,8PARADISE CC_360117,35.54308246,-89.19654872,37.259697,-86.976991,306.961,500,742225951.0765359,924346937.2850243,182120986.20848835,24.537
8HAYWOOD TN_360542,8PARADISE CC_360117,35.54308246,-89.19654872,37.259697,-86.976991,306.961,500,742225951.0765359,924346937.2850243,182120986.20848835,24.537
8HIWASSEE TN_360110,8PARADISE CC_360117,35.60032498,-84.78911434,37.259697,-86.976991,300.251,500,731318614.3665638,809729962.5100462,78411348.14348239,10.722
8HIWASSEE TN_360110,8PARADISE CC_360117,35.60032498,-84.78911434,37.259697,-86.976991,300.251,500,731318614.3665638,809729962.5100462,78411348.14348239,10.722
8LAG CRK CC_360615,8PARADISE CC_360117,35.65702785,-89.39460044,37.259697,-86.976991,316.437,500,762072145.1217594,940139389.854924,178067244.73316455,23.366
8LAG CRK CC_360615,8PARADISE CC_360117,35.65702785,-89.39460044,37.259697,-86.976991,316.437,500,762072145.1217594,940139389.854924,178067244.73316455,23.366
8MAURY TN_360050,8PARADISE CC_360117,35.672863,-87.01861625,37.259697,-86.976991,196.732,500,483610961.68496025,622480082.8572121,138869121.17225185,28.715
8MAURY TN_360050,8PARADISE CC_360117,35.672863,-87.01861625,37.259697,-86.976991,196.732,500,483610961.68496025,622480082.8572121,138869121.17225185,28.715
8JACKSON TN_360019,8PARADISE CC_360117,35.70901203,-88.79407261,37.259697,-86.976991,262.638,500,634146292.2869395,784152831.959945,150006539.67300546,23.655
8JACKSON TN_360019,8PARADISE CC_360117,35.70901203,-88.79407261,37.259697,-86.976991,262.638,500,634146292.2869395,784152831.959945,150006539.67300546,23.655
8ANDERSON TN_360120,8PARADISE CC_360117,35.94503289,-84.38856432,37.259697,-86.976991,310.581,500,764699494.8469815,823682200.7101021,58982705.86312058,7.713
8ANDERSON TN_360120,8PARADISE CC_360117,35.94503289,-84.38856432,37.259697,-86.976991,310.581,500,764699494.8469815,823682200.7101021,58982705.86312058,7.713
8BULL RUN FP_360093,8PARADISE CC_360117,36.01895969,-84.15785445,37.259697,-86.976991,357.866,500,878348644.3003893,926620562.1256448,48271917.82525552,5.496
8BULL RUN FP_360093,8PARADISE CC_360117,36.01895969,-84.15785445,37.259697,-86.976991,357.866,500,878348644.3003893,926620562.1256448,48271917.82525552,5.496
8JVILLE FP_360037,8PARADISE CC_360117,36.02382902,-87.98154082,37.259697,-86.976991,180.853,500,437245324.93763995,560084222.5909812,122838897.65334125,28.094
8JVILLE FP_360037,8PARADISE CC_360117,36.02382902,-87.98154082,37.259697,-86.976991,180.853,500,437245324.93763995,560084222.5909812,122838897.65334125,28.094
8DAVIDSON TN_360048,8PARADISE CC_360117,36.06703747,-86.9841046,37.259697,-86.976991,154.271,500,377491724.1251425,473325752.7548487,95834028.6297062,25.387
8DAVIDSON TN_360048,8PARADISE CC_360117,36.06703747,-86.9841046,37.259697,-86.976991,154.271,500,377491724.1251425,473325752.7548487,95834028.6297062,25.387
8GLEASON CT_360582,8PARADISE CC_360117,36.24522988,-88.6114255,37.259697,-86.976991,223.325,500,540189989.0303802,646228648.3937602,106038659.36338,19.63
8GLEASON CT_360582,8PARADISE CC_360117,36.24522988,-88.6114255,37.259697,-86.976991,223.325,500,540189989.0303802,646228648.3937602,106038659.36338,19.63
8LAG CRK CT_360568,8PARADISE CC_360117,36.27534882,-88.83423675,37.259697,-86.976991,240.859,500,580248561.6392677,726072937.7118105,145824376.0725428,25.131
8LAG CRK CT_360568,8PARADISE CC_360117,36.27534882,-88.83423675,37.259697,-86.976991,240.859,500,580248561.6392677,726072937.7118105,145824376.0725428,25.131
8CUMBERLAND_360040,8PARADISE CC_360117,36.3921331,-87.65747953,37.259697,-86.976991,125.382,500,302795420.1871104,390976271.8838993,88180851.69678885,29.122
8CUMBERLAND_360040,8PARADISE CC_360117,36.3921331,-87.65747953,37.259697,-86.976991,125.382,500,302795420.1871104,390976271.8838993,88180851.69678885,29.122
8MONTGOMERY_360044,8PARADISE CC_360117,36.59438524,-87.25325857,37.259697,-86.976991,92.728,500,222586199.6629209,259437148.536958,36850948.874037124,16.556
8MONTGOMERY_360044,8PARADISE CC_360117,36.59438524,-87.25325857,37.259697,-86.976991,92.728,500,222586199.6629209,259437148.536958,36850948.874037124,16.556
8MARSHALL KY_360015,8PARADISE CC_360117,37.02455006,-88.39384277,37.259697,-86.976991,140.264,500,338710367.8713596,432518318.40303135,93807950.53167175,27.696
8MARSHALL KY_360015,8PARADISE CC_360117,37.02455006,-88.39384277,37.259697,-86.976991,140.264,500,338710367.8713596,432518318.40303135,93807950.53167175,27.696
7SHAWNEE FP_360002,8PARADISE CC_360117,37.150267,-88.778122,37.259697,-86.976991,259.776,500,623695937.2860234,785103440.2849045,161407502.99888104,25.879
7SHAWNEE FP_360002,8PARADISE CC_360117,37.150267,-88.778122,37.259697,-86.976991,259.776,500,623695937.2860234,785103440.2849045,161407502.99888104,25.879
8CHOCTAW MS_360654,8FRANKLIN TN_360069,33.2984397,-89.4127739,35.33506701,-86.11727644,413.629,500,1002503871.2621762,1226034111.9983847,223530240.7362085,22.297
8ACKERMAN CC_360627,8FRANKLIN TN_360069,33.38593855,-89.20997726,35.33506701,-86.11727644,392.023,500,948987663.749892,1148311049.5640075,199323385.8141156,21.004
8CLAY_360688,8FRANKLIN TN_360069,33.47863869,-88.74043971,35.33506701,-86.11727644,354.288,500,854869622.7043517,1012502481.339139,157632858.63478726,18.439
8COGEN CALED_360606,8FRANKLIN TN_360069,33.64779158,-88.31593565,35.33506701,-86.11727644,315.224,500,756696013.9645799,870271256.1555618,113575242.19098186,15.009
8E POINT AL_360058,8FRANKLIN TN_360069,34.19181783,-86.74805975,35.33506701,-86.11727644,170.476,500,423932453.90137136,454086273.9726572,30153820.071285825,7.113
6CENTER PNT_360533,8FRANKLIN TN_360069,34.6665318,-84.97089121,35.33506701,-86.11727644,202.297,500,508969203.6975322,566053634.2182775,57084430.52074527,11.216
8BR FERRY NP_360052,8FRANKLIN TN_360069,34.70520875,-87.11705751,35.33506701,-86.11727644,137.27,500,332340833.13640237,358107866.61416,25767033.47775761,7.753
6LOOPERS FRM_360602,8FRANKLIN TN_360069,34.708916,-84.922795,35.33506701,-86.11727644,209.048,500,527109027.1512649,585396721.9882694,58287694.83700452,11.058
6COUNTY LINE_360013,8FRANKLIN TN_360069,34.74311084,-85.00751569,35.33506701,-86.11727644,172.076,500,436243497.8262049,476698559.27188754,40455061.44568263,9.274
6YOUNG GA_361454,8FRANKLIN TN_360069,34.75072952,-85.27349349,35.33506701,-86.11727644,120.258,500,307228554.49436337,328897439.57780635,21668885.08344297,7.053
6KENSNGTN GA_361503,8FRANKLIN TN_360069,34.81265905,-85.32344844,35.33506701,-86.11727644,120.554,500,307602784.73556966,323487024.41296256,15884239.677392872,5.164
6ALPHA GA_361502,8FRANKLIN TN_360069,34.813027,-84.853226,35.33506701,-86.11727644,196.18,500,485546779.97325397,526456914.5681446,40910134.59489068,8.426
6CLOUDLANDGA_361633,8FRANKLIN TN_360069,34.81849122,-85.5353055,35.33506701,-86.11727644,94.249,500,239852818.26083377,249535570.64511362,9682752.384279855,4.037
6ROCK SPG GA_361500,8FRANKLIN TN_360069,34.83897801,-85.28020801,35.33506701,-86.11727644,124.592,500,316859987.9725772,334804524.17036027,17944536.19778306,5.663
6WID CRK FP_360068,8FRANKLIN TN_360069,34.88515896,-85.75604163,35.33506701,-86.11727644,66.911,500,170601041.29404023,180150719.63401553,9549678.339975286,5.598
6WRINGOLD GA_361504,8FRANKLIN TN_360069,34.89324284,-85.13750475,35.33506701,-86.11727644,180.308,500,453498407.877404,491385835.0254733,37887427.14806932,8.354
6BATTLFLD GA_361530,8FRANKLIN TN_360069,34.9555953,-85.26465286,35.33506701,-86.11727644,103.005,500,266031080.37580737,287145707.39689916,21114627.021091808,7.937
6S HAVEN CC_360594,8FRANKLIN TN_360069,34.99627529,-90.0485284,35.33506701,-86.11727644,408.389,500,990719455.5707331,1319753396.6862488,329033941.1155156,33.212
6CONCORD TN_361509,8FRANKLIN TN_360069,34.99679719,-85.1610968,35.33506701,-86.11727644,201.683,500,500307861.556107,550602339.2368048,50294477.68069785,10.053
8BRADLEY TN_360662,8FRANKLIN TN_360069,35.0367008,-84.963798,35.33506701,-86.11727644,164.646,500,407202973.5224123,440416846.2211168,33213872.69870448,8.157
8BENTON MS_360612,8FRANKLIN TN_360069,35.17466126,-89.74553609,35.33506701,-86.11727644,363.918,500,880295362.47248,1141833856.4540179,261538493.98153773,29.71
8ANDERSON TN_360120,8FRANKLIN TN_360069,35.94503289,-84.38856432,35.33506701,-86.11727644,190.713,500,473535317.1110178,491589194.0378805,18053876.92686264,3.813
8BULL RUN FP_360093,8FRANKLIN TN_360069,36.01895969,-84.15785445,35.33506701,-86.11727644,282.4,500,710370742.3010881,748263274.362479,37892532.06139088,5.334
8DAVIDSON TN_360048,8FRANKLIN TN_360069,36.06703747,-86.9841046,35.33506701,-86.11727644,148.808,500,371524760.70503104,434911095.19497,63386334.48993898,17.061
8CUMBERLAND_360040,8FRANKLIN TN_360069,36.3921331,-87.65747953,35.33506701,-86.11727644,219.682,500,540427169.1453544,666651672.7360986,126224503.59074423,23.356
7SHAWNEE FP_360002,8FRANKLIN TN_360069,37.150267,-88.778122,35.33506701,-86.11727644,394.484,500,947539032.2290145,1130603591.8167818,183064559.5877672,19.32
8CHOCTAW MS_360654,8GLEASON CT_360582,33.2984397,-89.4127739,36.24522988,-88.6114255,367.691,500,887891956.2786036,1256057150.5745022,368165194.2958986,41.465
8ACKERMAN CC_360627,8GLEASON CT_360582,33.38593855,-89.20997726,36.24522988,-88.6114255,351.313,500,851517482.8291144,1209442382.144096,357924899.3149814,42.034
8CLAY_360688,8GLEASON CT_360582,33.47863869,-88.74043971,36.24522988,-88.6114255,335.418,500,809691357.1907932,1127488235.4345765,317796878.2437834,39.249
8COGEN CALED_360606,8GLEASON CT_360582,33.64779158,-88.31593565,36.24522988,-88.6114255,314.191,500,755782273.4816582,1080198889.6322494,324416616.15059114,42.925
8E POINT AL_360058,8GLEASON CT_360582,34.19181783,-86.74805975,36.24522988,-88.6114255,326.574,500,787387747.7235212,956704787.758086,169317040.03456467,21.504
6CENTER PNT_360533,8GLEASON CT_360582,34.6665318,-84.97089121,36.24522988,-88.6114255,455.711,500,1114253700.5705996,1331120964.8039224,216867264.23332283,19.463
8BR FERRY NP_360052,8GLEASON CT_360582,34.70520875,-87.11705751,36.24522988,-88.6114255,233.155,500,560785582.5876939,716248108.1926973,155462525.6050034,27.722
6LOOPERS FRM_360602,8GLEASON CT_360582,34.708916,-84.922795,36.24522988,-88.6114255,462.462,500,1132393524.0243325,1350456539.5106912,218063015.4863586,19.257
6COUNTY LINE_360013,8GLEASON CT_360582,34.74311084,-85.00751569,36.24522988,-88.6114255,426.473,500,1043178389.6280344,1237566033.7720163,194387644.14398184,18.634
6YOUNG GA_361454,8GLEASON CT_360582,34.75072952,-85.27349349,36.24522988,-88.6114255,384.887,500,946041980.0383762,1141181044.7045002,195139064.66612396,20.627
6KENSNGTN GA_361503,8GLEASON CT_360582,34.81265905,-85.32344844,36.24522988,-88.6114255,385.183,500,946416210.2795825,1136336400.2763772,189920189.9967948,20.067
6ALPHA GA_361502,8GLEASON CT_360582,34.813027,-84.853226,36.24522988,-88.6114255,444.797,500,1094187895.0863116,1268275705.40484,174087810.3185284,15.91
6CLOUDLANDGA_361633,8GLEASON CT_360582,34.81849122,-85.5353055,36.24522988,-88.6114255,358.877,500,878666243.8048465,1062730806.6889772,184064562.88413072,20.948
6ROCK SPG GA_361500,8GLEASON CT_360582,34.83897801,-85.28020801,36.24522988,-88.6114255,389.221,500,955673413.5165901,1147617204.514374,191943790.99778393,20.085
6WID CRK FP_360068,8GLEASON CT_360582,34.88515896,-85.75604163,36.24522988,-88.6114255,325.35,500,790870844.313817,962390700.1310166,171519855.81719962,21.687
6WRINGOLD GA_361504,8GLEASON CT_360582,34.89324284,-85.13750475,36.24522988,-88.6114255,434.705,500,1060433299.6792336,1251325003.6520796,190891703.97284606,18.001
6BATTLFLD GA_361530,8GLEASON CT_360582,34.9555953,-85.26465286,36.24522988,-88.6114255,367.633,500,904844505.9198202,1098434957.8975592,193590451.97773898,21.395
6S HAVEN CC_360594,8GLEASON CT_360582,34.99627529,-90.0485284,36.24522988,-88.6114255,250.399,500,616955743.592418,810382769.3679261,193427025.77550817,31.352
6CONCORD TN_361509,8GLEASON CT_360582,34.99679719,-85.1610968,36.24522988,-88.6114255,450.3,500,1108948976.6691647,1292093634.1024704,183144657.43330583,16.515
8BRADLEY TN_360662,8GLEASON CT_360582,35.0367008,-84.963798,36.24522988,-88.6114255,413.263,500,1015844088.6354702,1181634420.4351351,165790331.79966494,16.32
8BENTON MS_360612,8GLEASON CT_360582,35.17466126,-89.74553609,36.24522988,-88.6114255,172.349,500,416962413.36973953,531209216.9331678,114246803.56342831,27.4
8FRANKLIN TN_360069,8GLEASON CT_360582,35.33506701,-86.11727644,36.24522988,-88.6114255,280.008,500,675093758.0156989,837056473.2846029,161962715.2689039,23.991
8ANDERSON TN_360120,8GLEASON CT_360582,35.94503289,-84.38856432,36.24522988,-88.6114255,433.341,500,1072588569.9882238,1230245194.991367,157656625.0031433,14.699
8BULL RUN FP_360093,8GLEASON CT_360582,36.01895969,-84.15785445,36.24522988,-88.6114255,516.488,500,1266702827.1431289,1460439256.6081107,193736429.46498176,15.295
8DAVIDSON TN_360048,8GLEASON CT_360582,36.06703747,-86.9841046,36.24522988,-88.6114255,164.431,500,403159382.96686393,520555232.53524375,117395849.5683798,29.119
8CUMBERLAND_360040,8GLEASON CT_360582,36.3921331,-87.65747953,36.24522988,-88.6114255,99.817,500,242232703.5248628,293512724.2766676,51280020.7518048,21.17
7SHAWNEE FP_360002,8GLEASON CT_360582,37.150267,-88.778122,36.24522988,-88.6114255,128.791,500,306002574.9272279,388242251.9101427,82239676.98291482,26.875
8CHOCTAW MS_360654,8MAURY TN_360050,33.2984397,-89.4127739,35.672863,-87.01861625,380.952,500,919155466.3631675,1231046340.7028408,311890874.3396732,33.932
8ACKERMAN CC_360627,8MAURY TN_360050,33.38593855,-89.20997726,35.672863,-87.01861625,359.347,500,865639258.8508832,1153287370.1375299,287648111.2866465,33.23
8CLAY_360688,8MAURY TN_360050,33.47863869,-88.74043971,35.672863,-87.01861625,321.612,500,772285549.1880109,1017203880.345918,244918331.15790713,31.713
8COGEN CALED_360606,8MAURY TN_360050,33.64779158,-88.31593565,35.672863,-87.01861625,283.791,500,680441292.626596,870359492.4887831,189918199.8621871,27.911
8E POINT AL_360058,8MAURY TN_360050,34.19181783,-86.74805975,35.672863,-87.01861625,226.625,500,557158499.862853,584595608.6846781,27437108.82182498,4.924
6CENTER PNT_360533,8MAURY TN_360050,34.6665318,-84.97089121,35.672863,-87.01861625,289.19,500,717828029.8937654,799361746.6616572,81533716.7678918,11.358
8BR FERRY NP_360052,8MAURY TN_360050,34.70520875,-87.11705751,35.672863,-87.01861625,125.362,500,304243636.0816846,338336581.30990434,34092945.228219755,11.206
6LOOPERS FRM_360602,8MAURY TN_360050,34.708916,-84.922795,35.672863,-87.01861625,295.941,500,735967853.3474982,818695254.8003664,82727401.45286821,11.241
8LIMESTONE_360088,8MAURY TN_360050,34.71890958,-86.84630969,35.672863,-87.01861625,123.457,500,299030459.2237053,326833545.0090929,27803085.785387646,9.298
6COUNTY LINE_360013,8MAURY TN_360050,34.74311084,-85.00751569,35.672863,-87.01861625,259.953,500,646752718.9512002,705727290.1633966,58974571.21219632,9.119
6YOUNG GA_361454,8MAURY TN_360050,34.75072952,-85.27349349,35.672863,-87.01861625,216.447,500,544477775.9019734,602097310.421056,57619534.519082636,10.583
8MADISON AL_360060,8MAURY TN_360050,34.79577878,-86.52158584,35.672863,-87.01861625,126.132,500,306319245.5778132,328760199.67768914,22440954.099875912,7.326
6KENSNGTN GA_361503,8MAURY TN_360050,34.81265905,-85.32344844,35.672863,-87.01861625,216.742,500,544852006.1431798,596940534.4578927,52088528.31471289,9.56
6ALPHA GA_361502,8MAURY TN_360050,34.813027,-84.853226,35.672863,-87.01861625,281.621,500,696577316.9254651,764736741.4700657,68159424.54460064,9.785
6CLOUDLANDGA_361633,8MAURY TN_360050,34.81849122,-85.5353055,35.672863,-87.01861625,190.437,500,477102039.66844386,523216454.17065674,46114414.502212875,9.666
8MAGNOL CC1_360613,8MAURY TN_360050,34.8287922,-89.20041124,35.672863,-87.01861625,239.885,500,574870495.3161254,787556658.5738106,212686163.25768524,36.997
6ROCK SPG GA_361500,8MAURY TN_360050,34.83897801,-85.28020801,35.672863,-87.01861625,220.781,500,554109209.3801873,608222068.0262061,54112858.64601885,9.766
6WID CRK FP_360068,8MAURY TN_360050,34.88515896,-85.75604163,35.672863,-87.01861625,156.91,500,389306640.1774143,421048355.4328043,31741715.255389985,8.153
6WRINGOLD GA_361504,8MAURY TN_360050,34.89324284,-85.13750475,35.672863,-87.01861625,268.184,500,664007629.0023992,720354407.0840245,56346778.08162535,8.486
6BATTLFLD GA_361530,8MAURY TN_360050,34.9555953,-85.26465286,35.672863,-87.01861625,199.193,500,503280301.7834175,559996647.836998,56716346.05358045,11.269
6S HAVEN CC_360594,8MAURY TN_360050,34.99627529,-90.0485284,35.672863,-87.01861625,329.211,500,800612441.1701449,1113582181.492105,312969740.32196,39.091
6CONCORD TN_361509,8MAURY TN_360050,34.99679719,-85.1610968,35.672863,-87.01861625,287.124,500,711338398.5083181,788524217.2569369,77185818.74861886,10.851
8BRADLEY TN_360662,8MAURY TN_360050,35.0367008,-84.963798,35.672863,-87.01861625,250.087,500,618233510.4746234,678632603.6610711,60399093.186447576,9.77
8BENTON MS_360612,8MAURY TN_360050,35.17466126,-89.74553609,35.672863,-87.01861625,276.906,500,670200031.5029634,913912699.18831,243712667.6853466,36.364
8FRANKLIN TN_360069,8MAURY TN_360050,35.33506701,-86.11727644,35.672863,-87.01861625,109.655,500,265052468.55413014,275600847.0818697,10548378.52773959,3.98
8HAYWOOD TN_360542,8MAURY TN_360050,35.54308246,-89.19654872,35.672863,-87.01861625,211.928,500,508707618.63677317,697693555.2822324,188985936.64545926,37.15
8HIWASSEE TN_360110,8MAURY TN_360050,35.60032498,-84.78911434,35.672863,-87.01861625,222.973,500,549036252.2925227,591512115.1949599,42475862.9024372,7.736
8LAG CRK CC_360615,8MAURY TN_360050,35.65702785,-89.39460044,35.672863,-87.01861625,231.771,500,558796987.3812265,760236370.8746641,201439383.4934376,36.049
8JACKSON TN_360019,8MAURY TN_360050,35.70901203,-88.79407261,35.672863,-87.01861625,174.37,500,419269427.0817863,579029612.5461956,159760185.46440938,38.104
8ANDERSON TN_360120,8MAURY TN_360050,35.94503289,-84.38856432,35.672863,-87.01861625,270.165,500,674977991.8273771,725511112.2457542,50533120.41837713,7.487
8BULL RUN FP_360093,8MAURY TN_360050,36.01895969,-84.15785445,35.672863,-87.01861625,360.376,500,897640431.1955178,965920969.614137,68280538.41861926,7.607
8JVILLE FP_360037,8MAURY TN_360050,36.02382902,-87.98154082,35.672863,-87.01861625,106.157,500,254045339.57066175,302048344.60449255,48003005.03383082,18.895
8DAVIDSON TN_360048,8MAURY TN_360050,36.06703747,-86.9841046,35.672863,-87.01861625,52.249,500,132425709.64032373,178961322.70865652,46535613.0683328,35.141
8GLEASON CT_360582,8MAURY TN_360050,36.24522988,-88.6114255,35.672863,-87.01861625,172.153,500,413456485.81246775,490853552.4652585,77397066.65279074,18.72
8LAG CRK CT_360568,8MAURY TN_360050,36.27534882,-88.83423675,35.672863,-87.01861625,193.73,500,464882494.07795393,547109257.9225395,82226763.84458552,17.688
8CUMBERLAND_360040,8MAURY TN_360050,36.3921331,-87.65747953,35.672863,-87.01861625,113.204,500,278822941.19993275,391165607.4893301,112342666.28939736,40.292
8MARSHALL KY_360015,8MAURY TN_360050,37.02455006,-88.39384277,35.672863,-87.01861625,236.39,500,582347401.8831296,746762117.407449,164414715.52431938,28.233
7SHAWNEE FP_360002,8MAURY TN_360050,37.150267,-88.778122,35.672863,-87.01861625,285.459,500,681507943.5520031,831716197.36685,150208253.81484687,22.041
8CHOCTAW MS_360654,8MARSHALL KY_360015,33.2984397,-89.4127739,37.02455006,-88.39384277,473.837,500,1142749517.2008698,1601230081.1648076,458480563.9639378,40.121
8ACKERMAN CC_360627,8MARSHALL KY_360015,33.38593855,-89.20997726,37.02455006,-88.39384277,457.232,500,1106352328.0933852,1555865000.6320727,449512672.5386875,40.63
8CLAY_360688,8MARSHALL KY_360015,33.47863869,-88.74043971,37.02455006,-88.39384277,441.337,500,1064526202.4550639,1473781283.6269314,409255081.17186743,38.445
8COGEN CALED_360606,8MARSHALL KY_360015,33.64779158,-88.31593565,37.02455006,-88.39384277,414.983,500,997596942.9845828,1388236988.5191083,390640045.53452545,39.158
8E POINT AL_360058,8MARSHALL KY_360015,34.19181783,-86.74805975,37.02455006,-88.39384277,415.72,500,1001745610.2853172,1238083509.042635,236337898.75731784,23.593
6CENTER PNT_360533,8MARSHALL KY_360015,34.6665318,-84.97089121,37.02455006,-88.39384277,526.313,500,1284300567.2279158,1472452165.426135,188151598.1982192,14.65
8BR FERRY NP_360052,8MARSHALL KY_360015,34.70520875,-87.11705751,37.02455006,-88.39384277,322.3,500,775143445.1494899,995900502.6113316,220757057.46184167,28.48
6LOOPERS FRM_360602,8MARSHALL KY_360015,34.708916,-84.922795,37.02455006,-88.39384277,518.526,500,1263949002.7967904,1448522877.6835437,184573874.88675344,14.603
8LIMESTONE_360088,8MARSHALL KY_360015,34.71890958,-86.84630969,37.02455006,-88.39384277,344.487,500,828478173.3356792,1048295150.4673665,219816977.13168734,26.533
6COUNTY LINE_360013,8MARSHALL KY_360015,34.74311084,-85.00751569,37.02455006,-88.39384277,494.885,500,1227976469.4837928,1454030645.7304869,226054176.24669403,18.409
6YOUNG GA_361454,8MARSHALL KY_360015,34.75072952,-85.27349349,37.02455006,-88.39384277,451.01,500,1124869774.6572886,1347926280.271409,223056505.6141204,19.83
8MADISON AL_360060,8MARSHALL KY_360015,34.79577878,-86.52158584,37.02455006,-88.39384277,347.144,500,844625655.7350403,980232248.290298,135606592.55525774,16.055
6KENSNGTN GA_361503,8MARSHALL KY_360015,34.81265905,-85.32344844,37.02455006,-88.39384277,451.305,500,1125244004.8984947,1342862361.564987,217618356.6664923,19.34
6ALPHA GA_361502,8MARSHALL KY_360015,34.813027,-84.853226,37.02455006,-88.39384277,499.02,500,1215732089.8373084,1396518878.7257009,180786788.88839245,14.871
6CLOUDLANDGA_361633,8MARSHALL KY_360015,34.81849122,-85.5353055,37.02455006,-88.39384277,425.0,500,1057494038.4237589,1269526524.7912693,212032486.36751035,20.05
8MAGNOL CC1_360613,8MARSHALL KY_360015,34.8287922,-89.20041124,37.02455006,-88.39384277,293.182,500,708678345.3599288,929478422.3484626,220800076.98853368,31.157
6ROCK SPG GA_361500,8MARSHALL KY_360015,34.83897801,-85.28020801,37.02455006,-88.39384277,455.344,500,1134501208.1355023,1354173631.087011,219672422.9515088,19.363
6WID CRK FP_360068,8MARSHALL KY_360015,34.88515896,-85.75604163,37.02455006,-88.39384277,391.473,500,969698638.9327295,1169210817.0731528,199512178.1404232,20.575
6WRINGOLD GA_361504,8MARSHALL KY_360015,34.89324284,-85.13750475,37.02455006,-88.39384277,497.568,500,1211689972.714531,1401363620.5998917,189673647.88536084,15.654
6BATTLFLD GA_361530,8MARSHALL KY_360015,34.9555953,-85.26465286,37.02455006,-88.39384277,430.299,500,1075990841.2802465,1306507676.8692632,230516835.58901668,21.424
6S HAVEN CC_360594,8MARSHALL KY_360015,34.99627529,-90.0485284,37.02455006,-88.39384277,382.234,500,914564772.4267181,1081071982.8676422,166507210.440924,18.206
6CONCORD TN_361509,8MARSHALL KY_360015,34.99679719,-85.1610968,37.02455006,-88.39384277,504.523,500,1230493171.4201612,1420857184.1729188,190364012.75275743,15.471
8BRADLEY TN_360662,8MARSHALL KY_360015,35.0367008,-84.963798,37.02455006,-88.39384277,467.487,500,1137388283.3864665,1310315222.6767378,172926939.29027137,15.204
8BENTON MS_360612,8MARSHALL KY_360015,35.17466126,-89.74553609,37.02455006,-88.39384277,281.814,500,679027125.8501843,862193761.1695664,183166635.31938207,26.975
8FRANKLIN TN_360069,8MARSHALL KY_360015,35.33506701,-86.11727644,37.02455006,-88.39384277,342.869,500,843951629.8285512,1022207401.0102558,178255771.1817047,21.122
8HAYWOOD TN_360542,8MARSHALL KY_360015,35.54308246,-89.19654872,37.02455006,-88.39384277,215.54,500,514831001.02893996,648086460.4377885,133255459.40884858,25.883
8HIWASSEE TN_360110,8MARSHALL KY_360015,35.60032498,-84.78911434,37.02455006,-88.39384277,420.282,500,1021514623.1576222,1179128081.0793135,157613457.9216913,15.429
8LAG CRK CC_360615,8MARSHALL KY_360015,35.65702785,-89.39460044,37.02455006,-88.39384277,211.376,500,507106949.77154285,635591911.912154,128484962.14061105,25.337
8JACKSON TN_360019,8MARSHALL KY_360015,35.70901203,-88.79407261,37.02455006,-88.39384277,178.271,500,426793374.9961066,552156394.6319103,125363019.63580374,29.373
8ANDERSON TN_360120,8MARSHALL KY_360015,35.94503289,-84.38856432,37.02455006,-88.39384277,431.795,500,1057755920.380635,1188832066.959598,131076146.57896303,12.392
8BULL RUN FP_360093,8MARSHALL KY_360015,36.01895969,-84.15785445,37.02455006,-88.39384277,486.272,500,1191315886.2772336,1314892380.6635094,123576494.38627575,10.373
8JVILLE FP_360037,8MARSHALL KY_360015,36.02382902,-87.98154082,37.02455006,-88.39384277,145.335,500,354955762.7675397,403207883.2279974,48252120.46045771,13.594
8DAVIDSON TN_360048,8MARSHALL KY_360015,36.06703747,-86.9841046,37.02455006,-88.39384277,203.497,500,501243877.03368443,646038782.3821975,144794905.34851304,28.887
8GLEASON CT_360582,8MARSHALL KY_360015,36.24522988,-88.6114255,37.02455006,-88.39384277,111.429,500,267326963.2762127,336454397.4075418,69127434.13132912,25.859
8LAG CRK CT_360568,8MARSHALL KY_360015,36.27534882,-88.83423675,37.02455006,-88.39384277,118.534,500,286398591.77265763,362671358.70898324,76272766.93632561,26.632
8CUMBERLAND_360040,8MARSHALL KY_360015,36.3921331,-87.65747953,37.02455006,-88.39384277,130.503,500,320842004.4373987,382958901.25815195,62116896.82075328,19.361
7SHAWNEE FP_360002,8MARSHALL KY_360015,37.150267,-88.778122,37.02455006,-88.39384277,137.451,500,329845967.4194133,421533450.38410634,91687482.96469302,27.797
