start_BusName,end_BusName,length_km,voltage,cost,rid,n_cells,cells_outside_region,orig_cost_sum,adj_cost_sum,pct_increase,frac_none,frac_low,frac_medium,frac_high,added_cost,added_cost_pipeline_basis,adj_cost_pipeline_basis
6CENTER PNT_360533,6COUNTY LINE_360013,82.89083112443906,230,107809175.1072714,6CENTER_PNT_360533-6COUNTY_LINE_360013,811,0,191748288.15625,227791920.21875,18.79736836718413,0.055487053020961775,0.4907521578298397,0.4401972872996301,0.013563501849568433,36043632.0625,20265287.778536383,128074462.88580778
6ALPHA GA_361502,6COUNTY LINE_360013,62.79369475732421,230,76840465.87495142,6ALPHA_GA_361502-6COUNTY_LINE_360013,579,0,130458622.421875,150893636.34375,15.663981071172572,0.012089810017271158,0.696027633851468,0.2918825561312608,0.0,20435013.921875,12036276.02965321,88876741.90460463
6CLOUDLANDGA_361633,6COUNTY LINE_360013,78.17994800689338,230,100032820.2484853,6CLOUDLANDGA_361633-6COUNTY_LINE_360013,757,0,176764596.25,200612673.015625,13.491432827361205,0.083223249669749,0.702774108322325,0.21400264200792601,0.0,23848076.765625,13495860.74913937,113528680.99762467
6BATTLFLD GA_361530,6COUNTY LINE_360013,116.33903889279436,230,150725890.23314884,6BATTLFLD_GA_361530-6COUNTY_LINE_360013,1123,0,264804261.859375,302480663.015625,14.228019176012419,0.1834372217275156,0.5832591273374889,0.16295636687444345,0.07034728406055209,37676401.15625,21445308.56558785,172171198.7987367
6CONCORD TN_361509,6COUNTY LINE_360013,43.87386360737625,230,55105524.14113958,6CONCORD_TN_361509-6COUNTY_LINE_360013,416,0,95703870.796875,105311265.3125,10.038668692947695,0.18269230769230768,0.7211538461538461,0.09615384615384616,0.0,9607394.515625,5531861.0000413135,60637385.141180895
6CENTER PNT_360533,6WID CRK FP_360068,137.35445445501392,230,167716362.66795582,6CENTER_PNT_360533-6WID_CRK_FP_360068,1301,0,292683922.625,332507127.6875,13.606215437232372,0.23981552651806304,0.48962336664104533,0.24135280553420446,0.029208301306687164,39823205.0625,22819849.628092036,190536212.29604787
6LOOPERS FRM_360602,6WID CRK FP_360068,144.1055518528077,230,176751780.05019403,6LOOPERS_FRM_360602-6WID_CRK_FP_360068,1364,0,307921697.546875,348768065.078125,13.265180030073044,0.2565982404692082,0.47873900293255134,0.2368035190615836,0.02785923753665689,40846367.53125,23446441.830016967,200198221.880211
6COUNTY LINE_360013,6WID CRK FP_360068,107.08073370113638,230,132582631.39150919,6COUNTY_LINE_360013-6WID_CRK_FP_360068,1028,0,233504125.671875,259969080.453125,11.333827488101477,0.2801556420233463,0.5145914396887159,0.20525291828793774,0.0,26464954.78125,15026686.721099127,147609318.1126083
6KENSNGTN GA_361503,6WID CRK FP_360068,61.39517528541813,230,77432746.12729567,6KENSNGTN_GA_361503-6WID_CRK_FP_360068,585,0,135243196.625,148193081.125,9.575257627122792,0.40512820512820513,0.4205128205128205,0.17435897435897435,0.0,12949884.5,7414384.929444508,84847131.05674018
6ALPHA GA_361502,6WID CRK FP_360068,156.01908432299044,230,189598158.65589795,6ALPHA_GA_361502-6WID_CRK_FP_360068,1503,0,336719217.0625,380872588.796875,13.112816108199588,0.21423819028609448,0.5209580838323353,0.2648037258815702,0.0,44153371.734375,24861657.889080394,214459816.54497835
6CLOUDLANDGA_361633,6WID CRK FP_360068,38.58305191657993,230,47727409.91487699,6CLOUDLANDGA_361633-6WID_CRK_FP_360068,351,0,79830295.234375,87457505.25,9.554280105356195,0.396011396011396,0.4358974358974359,0.16809116809116809,0.0,7627210.015625,4560010.430298892,52287420.345175885
6ROCK SPG GA_361500,6WID CRK FP_360068,65.28436359462181,230,81814747.52888122,6ROCK_SPG_GA_361500-6WID_CRK_FP_360068,622,0,143083022.09375,157745846.515625,10.247773780083925,0.37138263665594856,0.43569131832797425,0.19292604501607716,0.0,14662824.421875,8384190.245506551,90198937.77438778
6BATTLFLD GA_361530,6WID CRK FP_360068,54.819876580144005,230,71442468.10488304,6BATTLFLD_GA_361530-6WID_CRK_FP_360068,502,0,119091540.15625,134934693.40625,13.303340631260241,0.40836653386454186,0.35258964143426297,0.10956175298804781,0.1294820717131474,15843153.25,9504234.887372045,80946702.99225509
6S HAVEN CC_360594,6WID CRK FP_360068,469.7035582116471,230,553842080.5704821,6S_HAVEN_CC_360594-6WID_CRK_FP_360068,4645,0,1017525166.203125,1338081387.765625,31.50351777132443,0.077502691065662,0.22734122712594187,0.2643702906350915,0.4307857911733046,320556221.5625,174479738.2775948,728321818.8480769
6CONCORD TN_361509,6WID CRK FP_360068,137.09925317304248,230,167863216.92208612,6CONCORD_TN_361509-6WID_CRK_FP_360068,1340,0,301964465.4375,335290217.765625,11.036315905529182,0.2917910447761194,0.5074626865671642,0.2007462686567164,0.0,33325752.328125,18525914.908705145,186389131.83079126
6CENTER PNT_360533,6WRINGOLD GA_361504,73.42118825818588,230,89299828.2406854,6CENTER_PNT_360533-6WRINGOLD_GA_361504,683,0,153225733.234375,176773476.625,15.368008293101942,0.08052708638360176,0.6090775988286969,0.3103953147877013,0.0,23547743.390625,13723605.009754324,103023433.25043973
6LOOPERS FRM_360602,6WRINGOLD GA_361504,65.63376618407356,230,79235436.08145753,6LOOPERS_FRM_360602-6WRINGOLD_GA_361504,606,0,135104593.6875,155497833.515625,15.094408910547497,0.09405940594059406,0.6023102310231023,0.30363036303630364,0.0,20393239.828125,11960120.72419069,91195556.80564821
6COUNTY LINE_360013,6WRINGOLD GA_361504,24.403435046880073,230,30745062.07572098,6COUNTY_LINE_360013-6WRINGOLD_GA_361504,227,0,52369912.875,58893694.625,12.457117821775633,0.1894273127753304,0.5947136563876652,0.21585903083700442,0.0,6523781.75,3829948.60715062,34575010.6828716
6KENSNGTN GA_361503,6WRINGOLD GA_361504,69.39923373939973,230,85671506.97401667,6KENSNGTN_GA_361503-6WRINGOLD_GA_361504,705,0,160111109.328125,178461561.359375,11.461073568382663,0.11631205673758865,0.7574468085106383,0.12624113475177304,0.0,18350452.03125,9818874.441434134,95490381.4154508
6ALPHA GA_361502,6WRINGOLD GA_361504,46.12870775560087,230,55750650.97679189,6ALPHA_GA_361502-6WRINGOLD_GA_361504,422,0,94144759.125,111282730.453125,18.203850631101194,0.045023696682464455,0.518957345971564,0.43601895734597157,0.0,17137971.328125,10148765.229681754,65899416.20647364
6CLOUDLANDGA_361633,6WRINGOLD GA_361504,86.48598697621443,230,108001204.65547043,6CLOUDLANDGA_361633-6WRINGOLD_GA_361504,870,0,199323401.75,221747055.96875,11.249885373155898,0.15862068965517243,0.7034482758620689,0.13793103448275862,0.0,22423654.21875,12150011.725367935,120151216.38083836
6ROCK SPG GA_361500,6WRINGOLD GA_361504,73.15209737228489,230,89510280.08249113,6ROCK_SPG_GA_361500-6WRINGOLD_GA_361504,738,0,166332664.96875,185217406.140625,11.353597428035567,0.1043360433604336,0.7750677506775068,0.12059620596205962,0.0,18884741.171875,10162636.857273145,99672916.93976428
6WID CRK FP_360068,6WRINGOLD GA_361504,115.38677267045745,230,140551015.79849434,6WID_CRK_FP_360068-6WRINGOLD_GA_361504,1141,0,256062931.171875,281103463.40625,9.779053969185124,0.31814198071866784,0.5337423312883436,0.1481156879929886,0.0,25040532.234375,13744559.68917267,154295575.48766702
6BATTLFLD GA_361530,6WRINGOLD GA_361504,124.64507786211541,230,158694274.64013398,6BATTLFLD_GA_361530-6WRINGOLD_GA_361504,1236,0,287363067.359375,323615045.96875,12.615392417160699,0.2273462783171521,0.5946601941747572,0.11407766990291263,0.063915857605178,36251978.609375,20019905.489419635,178714180.12955362
6S HAVEN CC_360594,6WRINGOLD GA_361504,561.4216945532531,230,667600693.2616478,6S_HAVEN_CC_360594-6WRINGOLD_GA_361504,5609,0,1236427341.65625,1547111183.859375,25.12754544775353,0.17186664289534676,0.2759850240684614,0.2599393831342485,0.2922089499019433,310683842.203125,167751667.6088382,835352360.870486
6CONCORD TN_361509,6WRINGOLD GA_361504,27.20887660565291,230,34015709.24298006,6CONCORD_TN_361509-6WRINGOLD_GA_361504,259,0,59390007.5,65700359.421875,10.625275509310207,0.33976833976833976,0.44787644787644787,0.21235521235521235,0.0,6310351.921875,3614262.823512529,37629972.066492595
6ALPHA GA_361502,6CENTER PNT_360533,28.174389591175114,230,34648408.31792179,6ALPHA_GA_361502-6CENTER_PNT_360533,266,0,60233829.015625,66732880.328125,10.7897030932802,0.13909774436090225,0.7556390977443609,0.10526315789473684,0.0,6499051.3125,3738460.3840511614,38386868.70197295
6BATTLFLD GA_361530,6CENTER PNT_360533,146.84858433574487,230,190304938.48239684,6BATTLFLD_GA_361530-6CENTER_PNT_360533,1433,0,337979641.640625,396916227.421875,17.437910015869384,0.17515701325889743,0.42498255408234475,0.33705512909979063,0.0628053035589672,58936585.78125,33185203.92831595,223490142.41071278
6CENTER PNT_360533,6KENSNGTN GA_361503,91.60274021302916,230,117282170.81627953,6CENTER_PNT_360533-6KENSNGTN_GA_361503,902,0,210727683.609375,251762742.8125,19.4730272265468,0.057649667405764965,0.4523281596452328,0.4778270509977827,0.012195121951219513,41035059.203125,22838389.05493924,140120559.87121877
6COUNTY LINE_360013,6KENSNGTN GA_361503,61.093194770078654,230,77703122.56703153,6COUNTY_LINE_360013-6KENSNGTN_GA_361503,592,0,137552303.828125,157327178.40625,14.37625835975398,0.011824324324324325,0.7668918918918919,0.22128378378378377,0.0,19774874.578125,11170801.653832752,88873924.22086428
6ALPHA GA_361502,6KENSNGTN GA_361503,110.03154539193271,230,134718649.8314203,6ALPHA_GA_361502-6KENSNGTN_GA_361503,1067,0,240767395.21875,278230686.75,15.559952167614966,0.038425492033739454,0.6635426429240863,0.2980318650421743,0.0,37463291.53125,20962157.4746257,155680807.306046
6CLOUDLANDGA_361633,6KENSNGTN GA_361503,28.192480502585013,230,36072236.57035432,6CLOUDLANDGA_361633-6KENSNGTN_GA_361503,272,0,63468857.734375,67357067.203125,6.12616897096625,0.46691176470588236,0.49264705882352944,0.04044117647058824,0.0,3888209.46875,2209846.163906587,38282082.73426091
6BATTLFLD GA_361530,6KENSNGTN GA_361503,66.35157138848602,230,86765306.55501786,6BATTLFLD_GA_361530-6KENSNGTN_GA_361503,638,0,151508523.34375,169225057.203125,11.693423886904931,0.4231974921630094,0.40282131661442006,0.050156739811912224,0.1238244514106583,17716533.859375,10145835.082250748,96911141.6372686
6CONCORD TN_361509,6KENSNGTN GA_361503,91.11171424198474,230,112983708.09760846,6CONCORD_TN_361509-6KENSNGTN_GA_361503,904,0,206012643.59375,232648315.71875,12.929144376946411,0.12168141592920353,0.6692477876106194,0.20907079646017698,0.0,26635672.125,14607826.742367491,127591534.83997595
6CENTER PNT_360533,6YOUNG GA_361454,85.98016228714145,230,109928928.7963007,6CENTER_PNT_360533-6YOUNG_GA_361454,830,0,193659674.625,229176496.765625,18.33981297830811,0.08795180722891566,0.463855421686747,0.43493975903614457,0.01325301204819277,35516822.140625,20160759.950299036,130089688.74659973
6LOOPERS FRM_360602,6YOUNG GA_361454,92.73125968493525,230,118964346.17853892,6LOOPERS_FRM_360602-6YOUNG_GA_361454,893,0,208897449.546875,245437434.15625,17.49182897571744,0.12430011198208286,0.4490481522956327,0.4143337066069429,0.012318029115341545,36539984.609375,20809039.975630473,139773386.15416938
6COUNTY LINE_360013,6YOUNG GA_361454,55.47061684419096,230,70349880.5470527,6COUNTY_LINE_360013-6YOUNG_GA_361454,520,0,120484294.84375,134740932.359375,11.832776657002242,0.05384615384615385,0.8288461538461539,0.11730769230769231,0.0,14256637.515625,8324344.2436006125,78674224.7906533
6KENSNGTN GA_361503,6YOUNG GA_361454,8.921240251292508,230,10776981.49344478,6KENSNGTN_GA_361503-6YOUNG_GA_361454,79,0,17631458.671875,19591347.8125,11.115864983714241,0.08860759493670886,0.810126582278481,0.10126582278481013,0.0,1959889.140625,1197954.7121311924,11974936.205575973
6ALPHA GA_361502,6YOUNG GA_361454,104.408967466045,230,127365407.81144145,6ALPHA_GA_361502-6YOUNG_GA_361454,995,0,223699386.234375,255687122.453125,14.299429585933554,0.062311557788944726,0.6874371859296482,0.25025125628140704,0.0,31987736.21875,18212526.806834184,145577934.61827564
6CLOUDLANDGA_361633,6YOUNG GA_361454,27.896896090313444,230,35939130.49763468,6CLOUDLANDGA_361633-6YOUNG_GA_361454,277,0,65021532.546875,73781866.90625,13.472974284418072,0.22743682310469315,0.48736462093862815,0.2851985559566787,0.0,8760334.359375,4842069.809989773,40781200.30762445
6ROCK SPG GA_361500,6YOUNG GA_361454,10.661025971044415,230,12728584.828059405,6ROCK_SPG_GA_361500-6YOUNG_GA_361454,112,0,24767861.015625,30332220.234375,22.466046685418984,0.008928571428571428,0.36607142857142855,0.625,0.0,5564359.21875,2859609.8098649834,15588194.637924388
6WID CRK FP_360068,6YOUNG GA_361454,61.04687009376013,230,77171201.65887958,6WID_CRK_FP_360068-6YOUNG_GA_361454,589,0,136500640.0,151305127.46875,10.845727513621917,0.3904923599320883,0.38030560271646857,0.22920203735144312,0.0,14804487.46875,8369778.250909755,85540979.90978934
6WRINGOLD GA_361504,6YOUNG GA_361454,63.776655813512036,230,78318264.95403785,6WRINGOLD_GA_361504-6YOUNG_GA_361454,633,0,143043100.34375,155875315.3125,8.970873071062236,0.1627172195892575,0.8072669826224329,0.030015797788309637,0.0,12832214.96875,7025832.140484954,85344097.0945228
6BATTLFLD GA_361530,6YOUNG GA_361454,66.05598697621444,230,86632200.48229823,6BATTLFLD_GA_361530-6YOUNG_GA_361454,643,0,153061198.15625,175649856.90625,14.757926255706376,0.3203732503888025,0.401244167962675,0.15552099533437014,0.12286158631415241,22588658.75,12785116.260873275,99417316.7431715
6S HAVEN CC_360594,6YOUNG GA_361454,519.2712659927569,230,616887067.7062453,6S_HAVEN_CC_360594-6YOUNG_GA_361454,5168,0,1138499275.921875,1444338749.078125,26.863387586136422,0.1755030959752322,0.2209752321981424,0.27592879256965946,0.32759287925696595,305839473.15625,165716763.9666805,782603831.6729258
6CONCORD TN_361509,6YOUNG GA_361454,85.48913631609705,230,105630466.07762961,6CONCORD_TN_361509-6YOUNG_GA_361454,832,0,188944634.609375,210104751.421875,11.19910965254267,0.15745192307692307,0.6983173076923077,0.14423076923076922,0.0,21160116.8125,11829671.72252563,117460137.80015524
6CENTER PNT_360533,6ROCK SPG GA_361500,95.3556038459143,230,121120943.92475398,6CENTER_PNT_360533-6ROCK_SPG_GA_361500,935,0,216949239.25,258518587.59375,19.160863844213736,0.05026737967914439,0.4770053475935829,0.46096256684491976,0.011764705882352941,41569348.34375,23207819.152248576,144328763.07700256
6LOOPERS FRM_360602,6ROCK SPG GA_361500,102.1067012437081,230,130156361.3069922,6LOOPERS_FRM_360602-6ROCK_SPG_GA_361500,998,0,232187014.171875,274779524.984375,18.344053806976103,0.08517034068136273,0.46292585170340683,0.4408817635270541,0.011022044088176353,42592510.8125,23875952.951356873,154032314.25834906
6COUNTY LINE_360013,6ROCK SPG GA_361500,64.8460584029638,230,81541895.675506,6COUNTY_LINE_360013-6ROCK_SPG_GA_361500,625,0,143773859.46875,164083023.1875,14.125769311468117,0.0032,0.7872,0.2096,0.0,20309163.71875,11518420.075319974,93060315.75082597
6KENSNGTN GA_361503,6ROCK SPG GA_361500,6.114701294725885,230,7720996.85919515,6KENSNGTN_GA_361503-6ROCK_SPG_GA_361500,59,0,13618753.21875,15040901.671875,10.44257451678483,0.22033898305084745,0.6440677966101694,0.13559322033898305,0.0,1422148.453125,806270.85046007,8527267.70965522
6ALPHA GA_361502,6ROCK SPG GA_361500,113.78440902481783,230,138557422.93989474,6ALPHA_GA_361502-6ROCK_SPG_GA_361500,1100,0,246988950.859375,285029213.28125,15.401604925854961,0.03272727272727273,0.6772727272727272,0.29,0.0,38040262.421875,21340066.87664852,159897489.81654325
6CLOUDLANDGA_361633,6ROCK SPG GA_361500,32.23078569424301,230,40481017.54117789,6CLOUDLANDGA_361633-6ROCK_SPG_GA_361500,309,0,71077073.0,76655061.328125,7.847802522938729,0.39158576051779936,0.5145631067961165,0.09385113268608414,0.0,5577988.328125,3176870.315907828,43657887.85708572
6BATTLFLD GA_361530,6ROCK SPG GA_361500,70.389876580144,230,91174087.52584143,6BATTLFLD_GA_361530-6ROCK_SPG_GA_361500,675,0,159116738.609375,178523051.328125,12.196273558869052,0.39111111111111113,0.4177777777777778,0.07407407407407407,0.11703703703703704,19406312.71875,11119841.129454324,102293928.65529576
6CONCORD TN_361509,6ROCK SPG GA_361500,94.8645778748699,230,116822481.20608291,6CONCORD_TN_361509-6ROCK_SPG_GA_361500,937,0,212234199.234375,239446842.25,12.82198774457337,0.11205976520811099,0.6851654215581644,0.20277481323372465,0.0,27212643.015625,14978964.22315048,131801445.42923339
6CENTER PNT_360533,6CLOUDLANDGA_361633,108.6894934498439,230,139611868.49773327,6CENTER_PNT_360533-6CLOUDLANDGA_361633,1067,0,249939976.03125,295048237.421875,18.04763771961997,0.10121836925960637,0.4554826616682287,0.4329896907216495,0.010309278350515464,45108261.390625,25196644.24006314,164808512.7377964
6ALPHA GA_361502,6CLOUDLANDGA_361633,127.11829862874741,230,157048347.51287404,6ALPHA_GA_361502-6CLOUDLANDGA_361633,1232,0,279979687.640625,321516181.359375,14.835538273785499,0.07873376623376624,0.637987012987013,0.2832792207792208,0.0,41536493.71875,23298967.703620087,180347315.2164941
6BATTLFLD GA_361530,6CLOUDLANDGA_361633,40.04644153326394,230,53391034.48107455,6BATTLFLD_GA_361530-6CLOUDLANDGA_361633,383,0,92410635.515625,104900378.375,13.515482054295802,0.3733681462140992,0.402088772845953,0.0835509138381201,0.1409921671018277,12489742.859375,7216055.683892515,60607090.16496706
6CENTER PNT_360533,6CONCORD TN_361509,80.37677267045744,230,98680129.76076284,6CENTER_PNT_360533-6CONCORD_TN_361509,752,0,170026432.625,194314166.546875,14.28468123861808,0.13962765957446807,0.5691489361702128,0.2912234042553192,0.0,24287733.921875,14096141.982179666,112776271.74294251
6ALPHA GA_361502,6CONCORD TN_361509,53.084292167872434,230,65130952.496869326,6ALPHA_GA_361502-6CONCORD_TN_361509,491,0,110945458.515625,128823420.375,16.11418988985218,0.14052953156822812,0.47046843177189407,0.3890020366598778,0.0,17877961.859375,10495325.362414943,75626277.85928427
6CLOUDLANDGA_361633,6CONCORD TN_361509,108.19846747879946,230,135313405.7790622,6CLOUDLANDGA_361633-6CONCORD_TN_361509,1069,0,245224936.015625,275933810.328125,12.522737210763646,0.15528531337698784,0.6389148737137512,0.205799812909261,0.0,30708874.3125,16944942.21664623,152258347.99570844
6BATTLFLD GA_361530,6CONCORD TN_361509,146.35755836470048,230,186006475.76372576,6BATTLFLD_GA_361530-6CONCORD_TN_361509,1435,0,333264601.625,377801800.328125,13.363915185099584,0.21533101045296169,0.5616724738675958,0.16794425087108014,0.05505226480836237,44537198.703125,24857747.659857124,210864223.42358288
6CENTER PNT_360533,6LOOPERS FRM_360602,9.103889603929563,230,12361159.351459209,6CENTER_PNT_360533-6LOOPERS_FRM_360602,86,0,21018041.625,22665630.734375,7.838927806743268,0.4418604651162791,0.4418604651162791,0.11627906976744186,0.0,1647589.109375,968982.3576373816,13330141.70909659
6COUNTY LINE_360013,6LOOPERS FRM_360602,82.29875318579691,230,100325250.97961704,6COUNTY_LINE_360013-6LOOPERS_FRM_360602,763,0,171418456.984375,195108739.40625,13.820146814198896,0.05897771952817824,0.7195281782437746,0.2214941022280472,0.0,23690282.421875,13865096.977096591,114190347.95671363
6KENSNGTN GA_361503,6LOOPERS FRM_360602,98.35383761082292,230,126317588.19851774,6KENSNGTN_GA_361503-6LOOPERS_FRM_360602,965,0,225965458.53125,268023680.203125,18.612677329202754,0.09326424870466321,0.43937823834196893,0.45595854922279794,0.011398963730569948,42058221.671875,23511085.101421203,149828673.29993895
6ALPHA GA_361502,6LOOPERS FRM_360602,20.386967517062807,230,24584016.158693902,6ALPHA_GA_361502-6LOOPERS_FRM_360602,189,0,42112689.46875,45457237.21875,7.941900154540926,0.20634920634920634,0.7936507936507936,0.0,0.0,3344547.75,1952438.0172996775,26536454.17599358
6CLOUDLANDGA_361633,6LOOPERS FRM_360602,115.44059084763765,230,148647285.8799715,6CLOUDLANDGA_361633-6LOOPERS_FRM_360602,1130,0,265177750.953125,311309174.8125,17.396415684787048,0.12920353982300886,0.44424778761061945,0.4168141592920354,0.009734513274336283,46131423.859375,25859299.755833607,174506585.6358051
6BATTLFLD GA_361530,6LOOPERS FRM_360602,153.59968173353866,230,199340355.86463505,6BATTLFLD_GA_361530-6LOOPERS_FRM_360602,1496,0,353217416.5625,413177164.8125,16.975309098154412,0.19318181818181818,0.4177807486631016,0.32887700534759357,0.06016042780748663,59959748.25,33838641.56538278,233178997.43001783
6CONCORD TN_361509,6LOOPERS FRM_360602,72.58935059634514,230,88615737.60153496,6CONCORD_TN_361509-6LOOPERS_FRM_360602,675,0,151905293.078125,173038523.4375,13.912109269626406,0.15851851851851853,0.5585185185185185,0.28296296296296297,0.0,21133230.359375,12328318.245210957,100944055.84674592
6ALPHA GA_361502,6BATTLFLD GA_361530,146.51216223612363,230,200865249.65331694,6ALPHA_GA_361502-6BATTLFLD_GA_361530,1375,0,340248836.53125,371360992.546875,9.143941925799215,0.4829090909090909,0.3141818181818182,0.17236363636363636,0.030545454545454546,31112156.015625,18367001.77741091,219232251.43072784
6CENTER PNT_360533,6S HAVEN CC_360594,578.0851296001331,230,688095777.2618825,6CENTER_PNT_360533-6S_HAVEN_CC_360594,5749,0,1268396135.53125,1598435447.0625,26.020207905554503,0.16141937728300573,0.25291355018264045,0.28891981214124196,0.29674726039311183,330039311.53125,179043951.83288306,867139729.0947657
6LOOPERS FRM_360602,6S HAVEN CC_360594,584.8362269979268,230,697131194.6441207,6LOOPERS_FRM_360602-6S_HAVEN_CC_360594,5812,0,1283633910.453125,1614696384.453125,25.791035224609658,0.16620784583620096,0.2529249827942189,0.2873365450791466,0.2935306262904336,331062474.0,179797351.9724073,876928546.616528
6COUNTY LINE_360013,6S HAVEN CC_360594,553.1156555839319,230,659632308.8546627,6COUNTY_LINE_360013-6S_HAVEN_CC_360594,5496,0,1213868536.15625,1525976800.90625,25.711867097099315,0.16175400291120814,0.26710334788937407,0.27292576419213976,0.298216885007278,312108264.75,169603782.58223855,829236091.4369012
6KENSNGTN GA_361503,6S HAVEN CC_360594,519.6195711844148,230,617148612.1762794,6KENSNGTN_GA_361503-6S_HAVEN_CC_360594,5164,0,1137241832.546875,1441226702.734375,26.73001128587751,0.17699457784663053,0.22540666150271108,0.26975213013168087,0.32784663051897756,303984870.1875,164963893.6853559,782112505.8616353
6ALPHA GA_361502,6S HAVEN CC_360594,603.9067269851723,230,719437829.9263601,6ALPHA_GA_361502-6S_HAVEN_CC_360594,5992,0,1322866923.375,1658828981.921875,25.396512121547545,0.16104806408544725,0.27236315086782376,0.2818758344459279,0.2847129506008011,335962058.546875,182712115.68424666,902149945.6106068
6CLOUDLANDGA_361633,6S HAVEN CC_360594,499.69274652085073,230,592088864.3455495,6CLOUDLANDGA_361633-6S_HAVEN_CC_360594,4972,0,1093048722.984375,1386847237.984375,26.87881233673055,0.1747787610619469,0.2244569589702333,0.2711182622687047,0.32964601769911506,293798515.0,159146454.71411934,751235319.0596688
6ROCK SPG GA_361500,6S HAVEN CC_360594,523.5087594936184,230,621530613.576247,6ROCK_SPG_GA_361500-6S_HAVEN_CC_360594,5201,0,1145081658.015625,1450779468.125,26.696594777278637,0.17458181119015573,0.22860988271486252,0.2712939819265526,0.3255143241684291,305697810.109375,165927509.32318422,787458122.8994312
6BATTLFLD GA_361530,6S HAVEN CC_360594,511.78518159323966,230,610595521.7539045,6BATTLFLD_GA_361530-6S_HAVEN_CC_360594,5125,0,1133921566.96875,1475496700.671875,30.12334747422072,0.09482926829268293,0.23492682926829267,0.26965853658536587,0.40058536585365856,341575133.703125,183931810.6799596,794527332.4338641
6CONCORD TN_361509,6S HAVEN CC_360594,583.1341750558381,230,694912894.3852396,6CONCORD_TN_361509-6S_HAVEN_CC_360594,5808,0,1282328875.921875,1601297938.21875,24.874201017080424,0.17079889807162535,0.2787534435261708,0.26825068870523416,0.2821969696969697,318969062.296875,172854030.2429963,867766924.6282359
6CENTER PNT_360533,7SHAWNEE FP_360002,570.4199086294299,345,1095355640.9955368,6CENTER_PNT_360533-7SHAWNEE_FP_360002,5185,0,1136016232.359375,1334055604.25,17.432794202184954,0.2391513982642237,0.3056894889103182,0.4158148505303761,0.03934426229508197,198039371.890625,190951094.67677578,1286306735.6723125
6LOOPERS FRM_360602,7SHAWNEE FP_360002,577.1710060272238,345,1109817437.8273346,6LOOPERS_FRM_360602-7SHAWNEE_FP_360002,5248,0,1151254007.28125,1350316541.640625,17.290930854561992,0.24352134146341464,0.3050685975609756,0.41253810975609756,0.038871951219512195,199062534.359375,191897765.78659594,1301715203.6139307
6COUNTY LINE_360013,7SHAWNEE FP_360002,541.1606748900301,345,1039274338.9466575,6COUNTY_LINE_360013-7SHAWNEE_FP_360002,4927,0,1079180518.1875,1258895240.453125,16.65288793087727,0.23503145930586564,0.3383397605033489,0.39882281307083417,0.02780596711995129,179714722.265625,173069190.95915246,1212343529.9058099
6YOUNG GA_361454,7SHAWNEE FP_360002,499.4779606735543,345,962768444.9978719,6YOUNG_GA_361454-7SHAWNEE_FP_360002,4637,0,1020847279.640625,1205289515.4375,18.067564020134853,0.18330817338796634,0.3577744231183955,0.41794263532456327,0.04097476816907483,184442235.796875,173948805.16564733,1136717250.1635191
6KENSNGTN GA_361503,7SHAWNEE FP_360002,499.7735450858259,345,963034138.1814778,6KENSNGTN_GA_361503-7SHAWNEE_FP_360002,4632,0,1019294604.828125,1198864715.734375,17.61709618158229,0.1973229706390328,0.3579447322970639,0.40371329879101897,0.041018998272884286,179570110.90625,169658650.38490304,1132692788.5663807
6ALPHA GA_361502,7SHAWNEE FP_360002,558.1022139741413,345,1075351697.3693104,6ALPHA_GA_361502-7SHAWNEE_FP_360002,5423,0,1192458403.484375,1406645609.140625,17.961817790070732,0.25926608888069336,0.2828692605568873,0.38226074128711046,0.07560390927530887,214187205.65625,193152712.48390839,1268504409.8532188
6CLOUDLANDGA_361633,7SHAWNEE FP_360002,473.4684152306039,345,909249010.6263747,6CLOUDLANDGA_361633-7SHAWNEE_FP_360002,4377,0,960196717.0,1134540036.90625,18.15704186647933,0.17980351839159242,0.35526616403929634,0.42723326479323737,0.03769705277587389,174343319.90625,165092723.52997994,1074341734.1563547
6ROCK SPG GA_361500,7SHAWNEE FP_360002,503.81185027748387,345,970290443.0728117,6ROCK_SPG_GA_361500-7SHAWNEE_FP_360002,4669,0,1026902820.09375,1208162709.859375,17.651123964103732,0.19447419147569073,0.36046262582994215,0.40436924394945384,0.040693938744913255,181259889.765625,171267168.91863334,1141557611.991445
6WID CRK FP_360068,7SHAWNEE FP_360002,439.8882723771051,345,839437296.3808048,6WID_CRK_FP_360068-7SHAWNEE_FP_360002,4013,0,874366290.78125,1035654134.515625,18.44625592670821,0.17567904310989285,0.34662347371044105,0.44081734363319214,0.03688013954647396,161287843.734375,154844752.03464338,994282048.4154482
6WRINGOLD GA_361504,7SHAWNEE FP_360002,549.3921554181242,345,1052652531.4848341,6WRINGOLD_GA_361504-7SHAWNEE_FP_360002,5040,0,1101889837.140625,1280187705.34375,16.181097437635252,0.24464285714285713,0.3466269841269841,0.381547619047619,0.027182539682539683,178297868.203125,170330731.7992951,1222983263.2841291
6BATTLFLD GA_361530,7SHAWNEE FP_360002,482.17173342053843,345,930329705.998009,6BATTLFLD_GA_361530-7SHAWNEE_FP_360002,4494,0,990721965.734375,1174958698.46875,18.596209542786223,0.1855807743658211,0.3340008900756564,0.43435692033822876,0.04606141522029372,184236732.734375,173006061.56617677,1103335767.5641856
6S HAVEN CC_360594,7SHAWNEE FP_360002,324.40453875249545,345,610537336.9028168,6S_HAVEN_CC_360594-7SHAWNEE_FP_360002,3084,0,662876006.90625,756076097.640625,14.059958387897463,0.5126459143968871,0.07587548638132295,0.37937743190661477,0.032101167315175094,93200090.734375,85841295.51111339,696378632.4139302
6CONCORD TN_361509,7SHAWNEE FP_360002,563.7322854008908,345,1087110966.459806,6CONCORD_TN_361509-7SHAWNEE_FP_360002,5481,0,1206138536.78125,1428549668.015625,18.439932433293293,0.2627257799671593,0.25196132092683815,0.41050903119868637,0.07480386790731618,222411131.234375,200462527.69010994,1287573494.149916
8CHOCTAW MS_360654,8DAVIDSON TN_360048,418.79629186176567,500,1015865242.668355,8CHOCTAW_MS_360654-8DAVIDSON_TN_360048,3789,0,827508421.375,1170142520.15625,41.40551200819493,0.0,0.03721298495645289,0.35629453681710216,0.6064924782264449,342634098.78125,420624205.0401243,1436489447.7084794
8ACKERMAN CC_360627,8DAVIDSON TN_360048,399.9918568403945,500,966709897.1056943,8ACKERMAN_CC_360627-8DAVIDSON_TN_360048,3689,0,802637887.6875,1083033254.765625,34.93423016523418,0.02060178910273787,0.19137977771753864,0.3258335592301437,0.46218487394957986,280395367.078125,337712660.4850018,1304422557.590696
8CLAY_360688,8DAVIDSON TN_360048,362.25699325852713,500,873356187.442822,8CLAY_360688-8DAVIDSON_TN_360048,3406,0,739751770.265625,989483375.015625,33.75883840877165,0.022313564298297124,0.20728126834997063,0.3479154433352907,0.4224897240164416,249731604.75,294834904.0518311,1168191091.4946532
8COGEN CALED_360606,8DAVIDSON TN_360048,324.43633098414017,500,781511930.8814071,8COGEN_CALED_360606-8DAVIDSON_TN_360048,3144,0,682154034.125,891314010.1875,30.661693048666017,0.030216284987277353,0.2506361323155216,0.39567430025445294,0.3234732824427481,209159976.0625,239624789.38555995,1021136720.266967
6CENTER PNT_360533,8DAVIDSON TN_360048,331.10703868872315,500,833371735.2335594,6CENTER_PNT_360533-8DAVIDSON_TN_360048,2999,0,679824775.578125,786830205.953125,15.740148670516207,0.29076358786262085,0.3824608202734245,0.2354118039346449,0.09136378792930977,107005430.375,131173950.10382293,964545685.3373823
8BR FERRY NP_360052,8DAVIDSON TN_360048,169.21956487659324,500,415033001.81862473,8BR_FERRY_NP_360052-8DAVIDSON_TN_360048,1735,0,383115477.5625,458981508.875,19.802392687234494,0.2922190201729107,0.24438040345821327,0.30086455331412104,0.16253602305475504,75866031.3125,82186464.80174115,497219466.62036586
6LOOPERS FRM_360602,8DAVIDSON TN_360048,322.47907776007986,500,806157974.243211,6LOOPERS_FRM_360602-8DAVIDSON_TN_360048,3179,0,714847021.828125,811338852.984375,13.498249025292864,0.3463353255740799,0.3812519660270525,0.21044353570305127,0.061969172695816296,96491831.15625,108817210.90060493,914975185.143816
6COUNTY LINE_360013,8DAVIDSON TN_360048,300.8860387142321,500,760646029.3622322,6COUNTY_LINE_360013-8DAVIDSON_TN_360048,2727,0,620753925.625,714130422.25,15.042433526454912,0.31096442977631095,0.38357169050238354,0.21892189218921893,0.08654198753208654,93376496.625,114419673.3384325,875065702.7006648
6YOUNG GA_361454,8DAVIDSON TN_360048,258.45993488107223,500,657052837.8623157,6YOUNG_GA_361454-8DAVIDSON_TN_360048,2413,0,552704357.4375,631778343.1875,14.306741874916696,0.3659345213427269,0.35640281806879404,0.17488603398259428,0.1027766266058848,79073985.75,94002853.49477643,751055691.3570921
6KENSNGTN GA_361503,8DAVIDSON TN_360048,258.7555192933438,500,657427068.1035221,6KENSNGTN_GA_361503-8DAVIDSON_TN_360048,2408,0,551151682.625,625353543.484375,13.46305621457413,0.39327242524916944,0.35672757475083056,0.14700996677740863,0.10299003322259136,74201860.859375,88509775.74860373,745936843.8521258
6ALPHA GA_361502,8DAVIDSON TN_360048,302.97401933160717,500,757941061.2837288,6ALPHA_GA_361502-8DAVIDSON_TN_360048,2995,0,673887187.265625,767123749.921875,13.835633681442761,0.35492487479131885,0.35592654424040066,0.22337228714524207,0.0657762938230384,93236562.65625,104865948.76045631,862807010.0441852
6CLOUDLANDGA_361633,8DAVIDSON TN_360048,232.45038943812176,500,589677101.6287861,6CLOUDLANDGA_361633-8DAVIDSON_TN_360048,2153,0,492053794.796875,561049927.71875,14.022071092929455,0.38039944263817926,0.35160241523455643,0.1644217371110079,0.10357640501625638,68996132.921875,82684942.40911426,672362044.0379003
6ROCK SPG GA_361500,8DAVIDSON TN_360048,262.7938244850018,500,666684271.3405297,6ROCK_SPG_GA_361500-8DAVIDSON_TN_360048,2445,0,558759897.890625,634651537.609375,13.582155771244242,0.3848670756646217,0.36155419222903884,0.1521472392638037,0.10143149284253579,75891639.71875,90550096.23585537,757234367.576385
6WID CRK FP_360068,8DAVIDSON TN_360048,198.76480502585017,500,502197190.16748047,6WID_CRK_FP_360068-8DAVIDSON_TN_360048,1787,0,406821777.59375,474824049.234375,16.715494446448176,0.331841074426413,0.323447118074986,0.21264689423614996,0.13206491326245104,68002271.640625,83944743.43266398,586141933.6001444
6WRINGOLD GA_361504,8DAVIDSON TN_360048,301.52122712547134,500,753898944.1609515,6WRINGOLD_GA_361504-8DAVIDSON_TN_360048,2983,0,670785583.078125,771511769.375,15.016152528898896,0.35098893731143144,0.30204492122024806,0.28092524304391553,0.06604089842440496,100726186.296875,113206615.36896679,867105559.5299183
6BATTLFLD GA_361530,8DAVIDSON TN_360048,236.48714267493645,500,600823711.2178811,6BATTLFLD_GA_361530-8DAVIDSON_TN_360048,2173,0,496378532.84375,577671881.296875,16.37728932139668,0.29958582604693973,0.35895075931891396,0.23147722043258168,0.10998619420156466,81293348.453125,98398637.49770527,699222348.7155863
6S HAVEN CC_360594,8DAVIDSON TN_360048,350.14245425094276,500,860320514.7134149,6S_HAVEN_CC_360594-8DAVIDSON_TN_360048,3155,0,699285929.203125,1018521821.5625,45.651696827814334,0.0,0.00855784469096672,0.19461172741679872,0.7968304278922346,319235892.359375,392750913.12446,1253071427.837875
6CONCORD TN_361509,8DAVIDSON TN_360048,308.47681153774295,500,772702142.8665819,6CONCORD_TN_361509-8DAVIDSON_TN_360048,3052,0,687586282.46875,789052459.296875,14.75686461687613,0.3594364351245085,0.2991480996068152,0.27686762778505897,0.0645478374836173,101466176.828125,114026609.11452228,886728751.9811041
8BRADLEY TN_360662,8DAVIDSON TN_360048,271.4402985777296,500,679597254.8328873,8BRADLEY_TN_360662-8DAVIDSON_TN_360048,2708,0,609650113.765625,696536735.8125,14.251883184307568,0.3792466765140325,0.3064992614475628,0.241506646971935,0.07274741506646971,86886622.046875,96855406.88254412,776452661.7154315
8BENTON MS_360612,8DAVIDSON TN_360048,295.7739413419472,500,721541769.9293933,8BENTON_MS_360612-8DAVIDSON_TN_360048,2746,0,603030840.6875,859168164.421875,42.47499571371165,0.0,0.009832483612527313,0.35724690458849234,0.6329206117989803,256137323.734375,306474835.850149,1028016605.7795422
8ANDERSON TN_360120,8DAVIDSON TN_360048,291.5186232030303,500,736341736.1856409,8ANDERSON_TN_360120-8DAVIDSON_TN_360048,2806,0,637680464.21875,713666679.796875,11.916033161094086,0.4294369208838204,0.34176764076977906,0.1585887384176764,0.07020669992872416,75986215.578125,87742725.4628569,824084461.6484978
8BULL RUN FP_360093,8DAVIDSON TN_360048,381.7289737738666,500,959004175.5537817,8BULL_RUN_FP_360093-8DAVIDSON_TN_360048,3612,0,816874734.875,907207600.46875,11.058349797973976,0.43964562569213733,0.3549280177187154,0.1508859357696567,0.054540420819490586,90332865.59375,106050036.30991362,1065054211.8636954
8CUMBERLAND_360040,8DAVIDSON TN_360048,80.31016228714145,500,197719416.35048756,8CUMBERLAND_360040-8DAVIDSON_TN_360048,767,0,170037015.78125,248345833.84375,46.0539828358568,0.0,0.0,0.19165580182529335,0.8083441981747066,78308818.0625,91057666.06920978,288777082.41969734
7SHAWNEE FP_360002,8DAVIDSON TN_360048,277.73647383763887,500,671210840.7063993,7SHAWNEE_FP_360002-8DAVIDSON_TN_360048,2616,0,569745792.15625,732923735.078125,28.640482328849615,0.09671253822629969,0.14908256880733944,0.5321100917431193,0.2220948012232416,163177942.921875,192238022.22183922,863448862.9282385
8ACKERMAN CC_360627,8BR FERRY NP_360052,279.99498674663437,500,682223902.7658104,8ACKERMAN_CC_360627-8BR_FERRY_NP_360052,2446,0,536690282.015625,673211929.953125,25.437697031660676,0.20809484873262468,0.19174161896974654,0.3295175797219951,0.2706459525756337,136521647.9375,173542049.46313816,855765952.2289486
6CENTER PNT_360533,8BR FERRY NP_360052,272.5184803495316,500,680961955.0832074,6CENTER_PNT_360533-8BR_FERRY_NP_360052,2604,0,585562635.75,644283344.59375,10.028083292667645,0.511136712749616,0.26344086021505375,0.19969278033794163,0.02572964669738863,58720708.84375,68287432.04712208,749249387.1303295
6LOOPERS FRM_360602,8BR FERRY NP_360052,279.26957774732534,500,699101778.5369401,6LOOPERS_FRM_360602-8BR_FERRY_NP_360052,2667,0,600800410.671875,660544281.984375,9.94404635071544,0.5133108361454818,0.26321709786276715,0.19835020622422198,0.025121859767529058,59743871.3125,69519004.89638934,768620783.4333295
6COUNTY LINE_360013,8BR FERRY NP_360052,245.76335049430955,500,617119648.4527452,6COUNTY_LINE_360013-8BR_FERRY_NP_360052,2344,0,529120254.828125,568782803.265625,7.495942193780447,0.5618600682593856,0.28924914675767915,0.14889078498293515,0.0,39662548.4375,46258932.11447889,663378580.5672241
6YOUNG GA_361454,8BR FERRY NP_360052,211.86624012374799,500,530240910.73846656,6YOUNG_GA_361454-8BR_FERRY_NP_360052,2015,0,453605674.046875,487011047.90625,7.364408289108604,0.6625310173697271,0.17468982630272953,0.13548387096774195,0.02729528535980149,33405373.859375,39049105.58266859,569290016.3211352
6KENSNGTN GA_361503,8BR FERRY NP_360052,212.0654284329517,500,530769591.76954836,6KENSNGTN_GA_361503-8BR_FERRY_NP_360052,2011,0,452626121.8125,484101060.4375,6.953849348986196,0.6693187468920935,0.1839880656389856,0.11934361014420686,0.02734957732471407,31474938.625,36908917.80188343,567678509.5714318
6ALPHA GA_361502,8BR FERRY NP_360052,298.34007773457097,500,745196572.2623761,6ALPHA_GA_361502-8BR_FERRY_NP_360052,2847,0,640033423.59375,704724526.265625,10.107456936957803,0.48050579557428874,0.3031260976466456,0.1928345626975764,0.023533544081489288,64691102.671875,75320422.63710529,820516994.8994813
6CLOUDLANDGA_361633,8BR FERRY NP_360052,185.96834405894347,500,464174271.8617565,6CLOUDLANDGA_361633-8BR_FERRY_NP_360052,1825,0,410233196.390625,433575787.09375,5.690078450135494,0.6767123287671233,0.20876712328767122,0.11452054794520548,0.0,23342590.703125,26411880.214279152,490586152.0760357
6ROCK SPG GA_361500,8BR FERRY NP_360052,216.1037336246097,500,539982407.9764328,6ROCK_SPG_GA_361500-8BR_FERRY_NP_360052,2048,0,460188056.140625,493451766.953125,7.228286429566788,0.65234375,0.19482421875,0.1259765625,0.02685546875,33263710.8125,39031475.11780846,579013883.0942413
6WID CRK FP_360068,8BR FERRY NP_360052,160.67349991071885,500,400843599.66358525,6WID_CRK_FP_360068-8BR_FERRY_NP_360052,1563,0,351324084.15625,365930061.125,4.157408395108497,0.782469609724888,0.12603966730646193,0.09149072296865003,0.0,14605976.96875,16664705.46366899,417508305.12725425
6WRINGOLD GA_361504,8BR FERRY NP_360052,253.99483102240345,500,634374558.5039443,6WRINGOLD_GA_361504-8BR_FERRY_NP_360052,2457,0,551829573.78125,590075268.15625,6.930707630062782,0.5665445665445665,0.3085063085063085,0.12494912494912495,0.0,38245694.375,43966645.92940995,678341204.4333543
6BATTLFLD GA_361530,8BR FERRY NP_360052,203.20905832643714,500,518633298.6355768,6BATTLFLD_GA_361530-8BR_FERRY_NP_360052,1971,0,453103666.5625,489369925.53125,8.003965018399928,0.5291730086250634,0.343480466768138,0.09994926433282597,0.0273972602739726,36266258.96875,41511227.7965652,560144526.432142
6S HAVEN CC_360594,8BR FERRY NP_360052,320.82645440399614,500,782372833.9810385,6S_HAVEN_CC_360594-8BR_FERRY_NP_360052,3212,0,705554888.15625,975177717.46875,38.21429542031465,0.06537982565379825,0.08188044831880448,0.2580946450809464,0.5946450809464509,269622829.3125,298978266.0658019,1081351100.0468404
6CONCORD TN_361509,8BR FERRY NP_360052,275.78186996621565,500,689945607.6100473,6CONCORD_TN_361509-8BR_FERRY_NP_360052,2656,0,597580594.59375,644151587.390625,7.79325721387174,0.5346385542168675,0.3117469879518072,0.1536144578313253,0.0,46570992.796875,53769235.83686123,743714843.4469086
8BENTON MS_360612,8BR FERRY NP_360052,281.0473635180951,500,681505956.3236476,8BENTON_MS_360612-8BR_FERRY_NP_360052,2828,0,617278735.75,855534998.0625,38.597840572462985,0.07425742574257425,0.092998585572843,0.1934229137199434,0.6393210749646393,238256262.3125,263046582.51364076,944552538.8372884
8ANDERSON TN_360120,8BR FERRY NP_360052,322.53035687865787,500,793303512.7463707,8ANDERSON_TN_360120-8BR_FERRY_NP_360052,2924,0,646961892.9375,683045327.109375,5.577366235287817,0.5660054719562243,0.3683310533515732,0.06566347469220246,0.0,36083434.171875,44245442.26326826,837548955.0096389
7SHAWNEE FP_360002,8BR FERRY NP_360052,354.6320451240893,500,848091553.6458982,7SHAWNEE_FP_360002-8BR_FERRY_NP_360052,3115,0,670447795.15625,858661809.609375,28.072881410440175,0.060353130016051366,0.19036918138041733,0.5646869983948636,0.18459069020866772,188214014.453125,238083736.1069726,1086175289.7528708
8CHOCTAW MS_360654,8CUMBERLAND_360040,422.223220511543,500,1014271767.6210799,8CHOCTAW_MS_360654-8CUMBERLAND_360040,4023,0,870391117.484375,1219732822.59375,40.13617534598131,0.017897091722595078,0.039025602783992044,0.3718617946805866,0.5712155108128263,349341705.109375,407089895.1371807,1421361662.7582607
8ACKERMAN CC_360627,8CUMBERLAND_360040,402.8809802857594,500,969901437.4944185,8ACKERMAN_CC_360627-8CUMBERLAND_360040,3893,0,843627255.0625,1180079781.234375,39.8816567569227,0.018494734138196762,0.049576162342666326,0.3632160287695864,0.5687130747495505,336452526.171875,386812762.1819832,1356714199.6764016
8CLAY_360688,8CUMBERLAND_360040,374.3841361885525,500,901460429.5376737,8CLAY_360688-8CUMBERLAND_360040,3723,0,807082990.171875,1119527773.84375,38.712844586817184,0.019339242546333603,0.060435132957292505,0.39699167338168145,0.5232339511146924,312444783.671875,348980975.0985742,1250441404.6362479
8COGEN CALED_360606,8CUMBERLAND_360040,339.7838310479124,500,819264877.9633045,8COGEN_CALED_360606-8CUMBERLAND_360040,3474,0,754672591.765625,1030273363.21875,36.519250130487976,0.014104778353483017,0.13874496257915947,0.36528497409326427,0.48186528497409326,275600771.453125,299189390.01465625,1118454267.9779608
6CENTER PNT_360533,8CUMBERLAND_360040,400.9357204477708,500,995527319.7431612,6CENTER_PNT_360533-8CUMBERLAND_360040,3627,0,811126812.296875,971542171.453125,19.77685322742573,0.22690929142542046,0.3791011855527985,0.1838985387372484,0.21009098428453268,160415359.15625,196883976.8645302,1192411296.6076913
8BR FERRY NP_360052,8CUMBERLAND_360040,213.72316221061476,500,517459439.35818696,8BR_FERRY_NP_360052-8CUMBERLAND_360040,2058,0,448735107.609375,574777947.546875,28.08847308805189,0.1457725947521866,0.19533527696793002,0.3396501457725947,0.31924198250728864,126042839.9375,145346455.36570853,662805894.7238955
6LOOPERS FRM_360602,8CUMBERLAND_360040,393.10386991519783,500,977800643.6223795,6LOOPERS_FRM_360602-8CUMBERLAND_360040,3832,0,857844095.75,1020760027.984375,18.991321738006505,0.2873173277661795,0.3162839248434238,0.20485386221294363,0.19154488517745302,162915932.234375,185697266.1866245,1163497909.809004
6COUNTY LINE_360013,8CUMBERLAND_360040,371.69832437021176,500,924452008.8005961,6COUNTY_LINE_360013-8CUMBERLAND_360040,3368,0,754016545.78125,896107255.3125,18.844508164476316,0.21971496437054633,0.43260095011876487,0.14133016627078385,0.20635391923990498,142090709.53125,174208434.27509364,1098660443.0756898
6YOUNG GA_361454,8CUMBERLAND_360040,327.82317508134696,500,821345313.9740916,6YOUNG_GA_361454-8CUMBERLAND_360040,3035,0,686045735.765625,828884243.953125,20.820551858411118,0.19637561779242174,0.40626029654036244,0.15090609555189458,0.24645799011532124,142838508.1875,171008627.03260538,992353941.006697
6KENSNGTN GA_361503,8CUMBERLAND_360040,328.1187594936185,500,821719544.2152979,6KENSNGTN_GA_361503-8CUMBERLAND_360040,3030,0,684493060.953125,822459444.25,20.155994438389648,0.21782178217821782,0.4066006600660066,0.12871287128712872,0.24686468646864687,137966383.296875,165625745.6311962,987345289.8464942
6ALPHA GA_361502,8CUMBERLAND_360040,373.5988114867252,500,929583730.6628973,6ALPHA_GA_361502-8CUMBERLAND_360040,3648,0,816884261.1875,976544924.921875,19.545077720346484,0.29139254385964913,0.29221491228070173,0.21518640350877194,0.2012061403508772,159660663.734375,181687862.63375962,1111271593.296657
6CLOUDLANDGA_361633,8CUMBERLAND_360040,301.81362963839643,500,753969577.7405622,6CLOUDLANDGA_361633-8CUMBERLAND_360040,2775,0,625395173.125,758134765.421875,21.224914742081612,0.19207207207207208,0.40684684684684685,0.14054054054054055,0.26054054054054054,132739592.296875,160029400.05666706,913998977.7972293
6ROCK SPG GA_361500,8CUMBERLAND_360040,332.1570646852765,500,830976747.4523056,6ROCK_SPG_GA_361500-8CUMBERLAND_360040,3067,0,692101276.21875,831757438.375,20.178573130113598,0.21323769155526573,0.4098467557874144,0.13302901858493643,0.24388653407238345,139656162.15625,167679250.67890286,998655998.1312084
6WID CRK FP_360068,8CUMBERLAND_360040,268.2862075642841,500,666174178.2495325,6WID_CRK_FP_360068-8CUMBERLAND_360040,2412,0,539709184.328125,659393300.453125,22.175667859718338,0.18739635157545606,0.40008291873963514,0.11981757877280265,0.29270315091210614,119684116.125,147728573.13582432,813902751.3853568
6WRINGOLD GA_361504,8CUMBERLAND_360040,372.1460192805894,500,925541613.5401199,6WRINGOLD_GA_361504-8CUMBERLAND_360040,3636,0,813782657.0,980932944.375,20.539917622623904,0.28795379537953797,0.2477997799779978,0.2623762376237624,0.20187018701870188,167150287.375,190105484.98424473,1115647098.5243647
6BATTLFLD GA_361530,8CUMBERLAND_360040,307.1119348300544,500,772466380.5970496,6BATTLFLD_GA_361530-8CUMBERLAND_360040,2826,0,639375606.765625,787093056.296875,23.103391491348923,0.23036093418259024,0.2760084925690021,0.21903750884642603,0.2745930644019816,147717449.53125,178465932.04838973,950932312.6454394
6S HAVEN CC_360594,8CUMBERLAND_360040,324.5332919382924,500,793260142.974673,6S_HAVEN_CC_360594-8CUMBERLAND_360040,2933,0,646815117.734375,877387671.734375,35.647366253224824,0.06648482782134334,0.08216842823048073,0.3903852710535288,0.4609614728946471,230572554.0,282776348.50703657,1076036491.4817095
6CONCORD TN_361509,8CUMBERLAND_360040,379.1016036928609,500,944344812.2457504,6CONCORD_TN_361509-8CUMBERLAND_360040,3705,0,830583356.390625,998473634.296875,20.213537463094887,0.2960863697705803,0.24642375168690958,0.25937921727395413,0.198110661268556,167890277.90625,190885492.40408784,1135230304.6498382
8BRADLEY TN_360662,8CUMBERLAND_360040,342.06509073284764,500,851239924.2120557,8BRADLEY_TN_360662-8CUMBERLAND_360040,3361,0,752647187.6875,905957910.8125,20.3695337779771,0.3055638202915799,0.24695031240702173,0.22909848259446594,0.21838738470693245,153310723.125,173393603.89400136,1024633528.106057
8BENTON MS_360612,8CUMBERLAND_360040,259.4624608138533,500,630783213.7351975,8BENTON_MS_360612-8CUMBERLAND_360040,2321,0,508430888.40625,662472785.265625,30.29750952823531,0.09090909090909091,0.07109004739336493,0.6152520465316674,0.22274881516587677,154041896.859375,191111604.28393036,821894818.0191278
8ANDERSON TN_360120,8CUMBERLAND_360040,367.3868049748324,500,902784303.565125,8ANDERSON_TN_360120-8CUMBERLAND_360040,3533,0,780630296.734375,907282669.90625,16.224373266282676,0.22983300311350127,0.44523068213982453,0.21737899801868102,0.10755731672799321,126652373.171875,146471095.19981638,1049255398.7649413
8BULL RUN FP_360093,8CUMBERLAND_360040,421.8628439441533,500,1036710850.3847916,8BULL_RUN_FP_360093-8CUMBERLAND_360040,4159,0,919688912.015625,1050425180.71875,14.215270728511719,0.30536186583313296,0.4166867035345035,0.1865833132964655,0.09136811733589806,130736268.703125,147371254.0540542,1184082104.4388459
7SHAWNEE FP_360002,8CUMBERLAND_360040,213.12222709996252,500,510284161.2643982,7SHAWNEE_FP_360002-8CUMBERLAND_360040,1937,0,417675108.796875,519789027.9375,24.448169639499717,0.10583376355188436,0.19359834796076406,0.6215797625193599,0.07898812596799173,102113919.140625,124755137.38941838,635039298.6538166
8CHOCTAW MS_360654,8WID CRK FP_360065,412.691278863489,500,1001168029.1461052,8CHOCTAW_MS_360654-8WID_CRK_FP_360065,3693,0,806327275.703125,990757404.765625,22.872862498874944,0.2510154346060114,0.2412672623883022,0.25399404278364474,0.2537232602220417,184430129.0625,228995786.68928486,1230163815.83539
8ACKERMAN CC_360627,8WID CRK FP_360065,391.08579187452005,500,947651821.633821,8ACKERMAN_CC_360627-8WID_CRK_FP_360065,3513,0,766132767.09375,931870684.796875,21.63305432449203,0.26387702818104186,0.25362937660119556,0.2578992314261315,0.22459436379163109,165737917.703125,205006033.3810828,1152657855.0149038
8CLAY_360688,8WID CRK FP_360065,344.37560359082534,500,835428955.7798676,8CLAY_360688-8WID_CRK_FP_360065,3064,0,668917236.46875,789281157.59375,17.99384356731597,0.283289817232376,0.33616187989556134,0.2258485639686684,0.15469973890339425,120363921.125,150325779.4190907,985754735.1989584
8WEST POINT_360035,8WID CRK FP_360065,327.07202569044654,500,789215754.6662996,8WEST_POINT_360035-8WID_CRK_FP_360065,2926,0,635423018.328125,741930015.6875,16.761589411665923,0.2966507177033493,0.3520164046479836,0.21462747778537253,0.1367053998632946,106506997.359375,132285104.36934578,921500859.0356454
8COGEN CALED_360606,8WID CRK FP_360065,297.19248024749606,500,720378169.2790447,8COGEN_CALED_360606-8WID_CRK_FP_360065,2623,0,572488890.8125,660191519.78125,15.319533771961712,0.3156690812047274,0.36866183759054516,0.21273351124666412,0.10293556995806329,87702628.96875,110358576.92854276,830736746.2075875
8E POINT AL_360058,8WID CRK FP_360065,150.30294793036668,500,364243734.65739083,8E_POINT_AL_360058-8WID_CRK_FP_360065,1367,0,298171945.9375,305007450.0,2.292470554534587,0.7717629846378932,0.2282370153621068,0.0,0.0,6835504.0625,8350180.363757777,372593915.0211486
8UNION MS_360033,8WID CRK FP_360065,333.050292014819,500,805646757.1802783,8UNION_MS_360033-8WID_CRK_FP_360065,3219,0,700855690.828125,845053402.953125,20.5745225460918,0.2854923889406648,0.2606399502951227,0.23765144454799628,0.21621621621621623,144197712.125,165757973.69791383,971404730.8781922
8TRICO STEEL_360014,8WID CRK FP_360065,176.87433103515792,500,431219590.7415358,8TRICO_STEEL_360014-8WID_CRK_FP_360065,1632,0,358429280.109375,375457448.4375,4.750774915187961,0.6433823529411765,0.3075980392156863,0.03799019607843137,0.011029411764705883,17028168.328125,20486272.146325067,451705862.88786083
6CENTER PNT_360533,8WID CRK FP_360065,137.84173367562747,500,344654676.97418,6CENTER_PNT_360533-8WID_CRK_FP_360065,1306,0,293952827.484375,334046716.015625,13.639565529738329,0.2434915773353752,0.48238897396630936,0.2450229709035222,0.02909647779479326,40093888.53125,47009400.517201245,391664077.4913812
8BR FERRY NP_360052,8WID CRK FP_360065,158.9652401492569,500,400861793.9029729,8BR_FERRY_NP_360052-8WID_CRK_FP_360065,1491,0,338212310.71875,358125409.78125,5.88775110526929,0.6009389671361502,0.3132126089872569,0.08584842387659289,0.0,19913099.0625,23601744.701124586,424463538.6040975
6LOOPERS FRM_360602,8WID CRK FP_360065,144.59283107342125,500,362794500.42791283,6LOOPERS_FRM_360602-8WID_CRK_FP_360065,1369,0,309190602.40625,350307653.40625,13.298286131599735,0.26004382761139516,0.4718772826880935,0.24032140248356465,0.027757487216946677,41117051.0,48245450.73661167,411039951.1645245
8LIMESTONE_360088,8WID CRK FP_360065,133.5909934115805,500,338925824.76646876,8LIMESTONE_360088-8WID_CRK_FP_360065,1248,0,284854991.5625,304768090.625,6.990609135290815,0.5232371794871795,0.37419871794871795,0.10256410256410256,0.0,19913099.0625,23692979.667984504,362618804.43445325
6COUNTY LINE_360013,8WID CRK FP_360065,107.62073370113639,500,271928971.1028528,6COUNTY_LINE_360013-8WID_CRK_FP_360065,1034,0,234881977.53125,261346932.3125,11.267341606798652,0.28433268858800775,0.511605415860735,0.20406189555125726,0.0,26464954.78125,30639166.10201122,302568137.204864
6YOUNG GA_361454,8WID CRK FP_360065,61.58687009376013,500,158156265.43714514,6YOUNG_GA_361454-8WID_CRK_FP_360065,595,0,137878491.859375,152682979.328125,10.737343634313468,0.39663865546218485,0.3764705882352941,0.226890756302521,0.0,14804487.46875,16981781.699183214,175138047.13632837
8MADISON AL_360060,8WID CRK FP_360065,96.60674667390415,500,250734950.1892407,8MADISON_AL_360060-8WID_CRK_FP_360065,876,0,204814096.96875,222819284.953125,8.790990586513292,0.386986301369863,0.4817351598173516,0.1312785388127854,0.0,18005187.984375,22042085.86823494,272777036.0574756
6KENSNGTN GA_361503,8WID CRK FP_360065,61.78605840296382,500,158684946.4682269,6KENSNGTN_GA_361503-8WID_CRK_FP_360065,591,0,136898939.625,149772991.859375,9.404055480371287,0.4179357021996616,0.40947546531302875,0.17258883248730963,0.0,12874052.234375,14922820.404869534,173607766.87309644
6ALPHA GA_361502,8WID CRK FP_360065,156.5590843229904,500,389852814.99667215,6ALPHA_GA_361502-8WID_CRK_FP_360065,1509,0,338097068.921875,382250440.65625,13.059377259664329,0.21736249171636846,0.5188866799204771,0.2637508283631544,0.0,44153371.734375,50912349.86783665,440765164.8645088
6CLOUDLANDGA_361633,8WID CRK FP_360065,39.123051916579925,500,98790748.84868428,6CLOUDLANDGA_361633-8WID_CRK_FP_360065,357,0,81208147.09375,88835357.109375,9.392173431589113,0.4061624649859944,0.42857142857142855,0.16526610644257703,0.0,7627210.015625,9278598.466234053,108069347.31491834
8MAGNOL CC1_360613,8WID CRK FP_360065,353.7831816442576,500,859350244.3706262,8MAGNOL_CC1_360613-8WID_CRK_FP_360065,3497,0,764606876.28125,983728944.828125,28.65813470218832,0.10180154418072633,0.301973119816986,0.19616814412353445,0.4000571918787532,219122068.546875,246273750.59531856,1105623994.9659448
6ROCK SPG GA_361500,8WID CRK FP_360065,65.82436359462179,500,167897762.6751113,6ROCK_SPG_GA_361500-8WID_CRK_FP_360065,628,0,144460873.953125,159123698.375,10.150031645684798,0.37738853503184716,0.4315286624203822,0.1910828025477707,0.0,14662824.421875,17041676.043920554,184939438.71903184
6WID CRK FP_360068,8WID CRK FP_360065,0.30727922061357854,500,786029.4753755697,6WID_CRK_FP_360068-8WID_CRK_FP_360065,5,0,1151113.515625,1151113.515625,0.0,1.0,0.0,0.0,0.0,0.0,0.0,786029.4753755697
6WRINGOLD GA_361504,8WID CRK FP_360065,115.85221422923028,500,289183881.15405184,6WRINGOLD_GA_361504-8WID_CRK_FP_360065,1147,0,257591296.484375,282639397.203125,9.723970126556413,0.3217088055797733,0.5309503051438536,0.14734088927637315,0.0,25048100.71875,28120154.2142364,317304035.3682882
6BATTLFLD GA_361530,8WID CRK FP_360065,54.43803891830327,500,143373551.48848137,6BATTLFLD_GA_361530-8WID_CRK_FP_360065,499,0,118495086.34375,134338239.59375,13.370303983778342,0.40480961923847697,0.35470941883767537,0.11022044088176353,0.13026052104208416,15843153.25,19169479.66634892,162543031.15483028
6S HAVEN CC_360594,8WID CRK FP_360065,446.23146083936217,500,1091600335.161301,6S_HAVEN_CC_360594-8WID_CRK_FP_360065,4460,0,982355864.28125,1291037703.890625,31.42260873407876,0.07982062780269059,0.2367713004484305,0.24708520179372198,0.43632286995515696,308681839.609375,343009302.25762796,1434609637.4189289
6CONCORD TN_361509,8WID CRK FP_360065,137.63925317304248,500,344754930.26015496,6CONCORD_TN_361509-8WID_CRK_FP_360065,1346,0,303342317.296875,336668069.625,10.98618637356481,0.2949479940564636,0.5052005943536404,0.199851411589896,0.0,33325752.328125,37875419.170434006,382630349.43058896
8BRADLEY TN_360662,8WID CRK FP_360065,126.0991557497398,500,346995108.1220062,8BRADLEY_TN_360662-8WID_CRK_FP_360065,1166,0,290005085.46875,307863276.703125,6.157888992018856,0.6801029159519726,0.14922813036020582,0.16123499142367068,0.009433962264150943,17858191.234375,21367573.565888945,368362681.6878951
8RACCOON MTN_360079,8WID CRK FP_360065,41.56694152050951,500,105956913.63802293,8RACCOON_MTN_360079-8WID_CRK_FP_360065,368,0,84439575.09375,89823889.15625,6.37652908191686,0.6440217391304348,0.25,0.07608695652173914,0.029891304347826088,5384314.0625,6756373.412430064,112713287.05045299
8BENTON MS_360612,8WID CRK FP_360065,402.3787920530825,500,983047310.4373488,8BENTON_MS_360612-8WID_CRK_FP_360065,4085,0,897738566.90625,1159927660.21875,29.205506255127855,0.08714810281517747,0.2565483476132191,0.2996328029375765,0.3566707466340269,262189093.3125,287103943.74064606,1270151254.177995
8SEQUOYAH NP_360081,8WID CRK FP_360065,101.1925453664238,500,263243129.75941718,8SEQUOYAH_NP_360081-8WID_CRK_FP_360065,905,0,212008086.046875,222891462.0,5.133472102907755,0.5889502762430939,0.38232044198895027,0.0,0.028729281767955802,10883375.953125,13513512.62902094,276756642.3884381
8FRANKLIN TN_360069,8WID CRK FP_360065,66.62596097966112,500,169869186.6135804,8FRANKLIN_TN_360069-8WID_CRK_FP_360065,593,0,135814870.6875,143468883.40625,5.635621990438233,0.551433389544688,0.3962900505902192,0.05227655986509275,0.0,7654012.71875,9573185.235773496,179442371.8493539
8SHELBY TN_360021,8WID CRK FP_360065,402.30468816890476,500,978990058.2015281,8SHELBY_TN_360021-8WID_CRK_FP_360065,4114,0,900652791.390625,1160595894.03125,28.8616329317392,0.08653378706854643,0.2547399124939232,0.3235294117647059,0.3351968886728245,259943102.640625,282552517.036345,1261542575.237873
8HAYWOOD TN_360542,8WID CRK FP_360065,346.67235051981845,500,843144719.4794753,8HAYWOOD_TN_360542-8WID_CRK_FP_360065,3529,0,772210257.390625,957890833.15625,24.0453392050318,0.14139982998016434,0.3593085860017002,0.22017568716350241,0.27911589685463306,185680575.765625,202737007.78815368,1045881727.2676289
8HIWASSEE TN_360110,8WID CRK FP_360065,139.8148830155101,500,350209862.7646098,8HIWASSEE_TN_360110-8WID_CRK_FP_360065,1301,0,293216880.1875,308934104.59375,5.360272708787939,0.5995388162951576,0.35511145272867023,0.02536510376633359,0.019984627209838585,15717224.40625,18772203.69725507,368982066.4618649
8LAG CRK CC_360615,8WID CRK FP_360065,369.54578556669844,500,897897998.3691957,8LAG_CRK_CC_360615-8WID_CRK_FP_360065,3738,0,817331957.921875,1010020615.1875,23.575324003670396,0.14098448368111288,0.3392188336008561,0.28598180845371857,0.23381487426431247,192688657.265625,211682362.338009,1109580360.7072048
8MAURY TN_360050,8WID CRK FP_360065,156.62433103515792,500,388574785.49695444,8MAURY_TN_360050-8WID_CRK_FP_360065,1407,0,314758535.609375,340544686.796875,8.192359624998824,0.302771855010661,0.6488983653162758,0.03980099502487562,0.008528784648187633,25786151.1875,31833443.83997828,420408229.3369327
8JACKSON TN_360019,8WID CRK FP_360065,317.60938946363063,500,771538686.6699092,8JACKSON_TN_360019-8WID_CRK_FP_360065,3163,0,691655037.96875,837823326.3125,21.133119881988648,0.15776161871640848,0.40120139108441355,0.23869743914005692,0.20233955105912108,146168288.34375,163050195.5898727,934588882.259782
8RUTHERFORD_360010,8WID CRK FP_360065,146.2401557242309,500,364437747.82011926,8RUTHERFORD_360010-8WID_CRK_FP_360065,1326,0,297108196.625,324333978.078125,9.163591500468925,0.4358974358974359,0.416289592760181,0.12217194570135746,0.02564102564102564,27225781.453125,33395586.483744826,397833334.30386406
8ANDERSON TN_360120,8WID CRK FP_360065,189.13105827541932,500,478819006.14947563,8ANDERSON_TN_360120-8WID_CRK_FP_360065,1687,0,384216381.90625,403459043.578125,5.008287667590983,0.5957320687611144,0.36929460580912865,0.01956135151155898,0.015411973918197985,19242661.671875,23980633.2350659,502799639.3845415
8BULL RUN FP_360093,8WID CRK FP_360065,284.3286880668691,500,723033600.3002422,8BULL_RUN_FP_360093-8WID_CRK_FP_360065,2548,0,582963238.15625,614386618.5,5.390285062079281,0.5278649921507065,0.4489795918367347,0.012951334379905808,0.01020408163265306,31423380.34375,38973572.15079797,762007172.4510401
8JVILLE FP_360037,8WID CRK FP_360065,260.3016036928609,500,636200814.8302734,8JVILLE_FP_360037-8WID_CRK_FP_360065,2385,0,524893021.90625,602571830.59375,14.798979114905064,0.2180293501048218,0.4666666666666667,0.2809224318658281,0.034381551362683435,77678808.6875,94151225.715588,730352040.5458614
8PIN HOOK TN_360581,8WID CRK FP_360065,177.80101284522328,500,450831754.25288725,8PIN_HOOK_TN_360581-8WID_CRK_FP_360065,1622,0,369951973.578125,414065419.15625,11.924100620809174,0.4124537607891492,0.3600493218249075,0.15413070283600494,0.07336621454993834,44113445.578125,53757632.00767341,504589386.26056063
8PLATEAU TN_360077,8WID CRK FP_360065,158.2296103067893,500,390351413.97369564,8PLATEAU_TN_360077-8WID_CRK_FP_360065,1552,0,344863568.484375,365560908.21875,6.001602264146588,0.39690721649484534,0.6030927835051546,0.0,0.0,20697339.734375,23427339.29917354,413778753.27286917
8DAVIDSON TN_360048,8WID CRK FP_360065,198.47936346707732,500,501465335.4870207,8DAVIDSON_TN_360048-8WID_CRK_FP_360065,1783,0,405900886.78125,473903158.421875,16.753417855249264,0.3303421200224341,0.32417274256870443,0.2131239484015704,0.13236118900729107,68002271.640625,84012583.05336815,585477918.5403888
8VOLUNTEER_360097,8WID CRK FP_360065,314.3727919510468,500,799304264.299973,8VOLUNTEER_360097-8WID_CRK_FP_360065,2852,0,652354299.109375,687015405.0625,5.313233315154964,0.5287517531556802,0.45056100981767183,0.011570827489481066,0.0091164095371669,34661105.953125,42468900.46024045,841773164.7602135
8GLEASON CT_360582,8WID CRK FP_360065,325.06451275594213,500,790138989.6333573,8GLEASON_CT_360582-8WID_CRK_FP_360065,3035,0,663946006.125,808138797.046875,21.71754775112362,0.1360790774299835,0.40955518945634267,0.25074135090609556,0.20362438220757825,144192790.921875,171598812.37387007,961737802.0072274
8LAG CRK CT_360568,8WID CRK FP_360065,345.97009716821367,500,839378270.413089,8LAG_CRK_CT_360568-8WID_CRK_FP_360065,3259,0,711529420.109375,862323447.9375,21.192943477297852,0.1270328321571034,0.4305001534212949,0.2586683031604787,0.18379871126112304,150794027.828125,177888962.40936625,1017267232.8224553
8CUMBERLAND_360040,8WID CRK FP_360065,268.00076600551125,500,665442323.5690726,8CUMBERLAND_360040-8WID_CRK_FP_360065,2408,0,538788293.515625,658472409.640625,22.213570258561877,0.18604651162790697,0.4007475083056478,0.12001661129568106,0.2931893687707641,119684116.125,147818498.0762226,813260821.6452951
8PHIPPS B NP_360102,8WID CRK FP_360065,373.81930491106016,500,952529499.3783004,8PHIPPS_B_NP_360102-8WID_CRK_FP_360065,3445,0,790236194.75,824665433.578125,4.3568288894964,0.6130624092888244,0.36981132075471695,0.009579100145137881,0.007547169811320755,34429238.828125,41500080.40988923,994029579.7881896
8MONTGOMERY_360044,8WID CRK FP_360065,270.1984997831744,500,678941038.8350954,8MONTGOMERY_360044-8WID_CRK_FP_360065,2461,0,556807664.78125,688416858.984375,23.63638335597078,0.23933360422592442,0.23486387647297846,0.26290125965054856,0.26290125965054856,131609194.203125,160477106.7000736,839418145.535169
8MARSHALL KY_360015,8WID CRK FP_360065,391.18748668286213,500,968966784.2522695,8MARSHALL_KY_360015-8WID_CRK_FP_360065,3522,0,785998278.40625,947904205.84375,20.59876362144111,0.25865985235661554,0.3219761499148211,0.17688813174332765,0.24247586598523566,161905927.4375,199595177.45840424,1168561961.7106738
7SHAWNEE FP_360002,8WID CRK FP_360065,439.6028308183323,500,1063663418.8116148,7SHAWNEE_FP_360002-8WID_CRK_FP_360065,4009,0,873445399.96875,1034733243.703125,18.465704180266517,0.17485657271139934,0.3469693190321776,0.44125717136443005,0.03691693689199302,161287843.734375,196412940.3914621,1260076359.2030768
8PARADISE CC_360117,8WID CRK FP_360065,319.9537010651458,500,782911165.3093916,8PARADISE_CC_360117-8WID_CRK_FP_360065,2972,0,655595618.046875,716830248.1875,9.340304976877789,0.4104979811574697,0.42934051144010765,0.14939434724091522,0.010767160161507403,61234630.140625,73126290.53792499,856037455.8473166
8PARADISE CC_360117,8WID CRK FP_360065,319.9537010651458,500,782911165.3093916,8PARADISE_CC_360117-8WID_CRK_FP_360065,2972,0,655595618.046875,716830248.1875,9.340304976877789,0.4104979811574697,0.42934051144010765,0.14939434724091522,0.010767160161507403,61234630.140625,73126290.53792499,856037455.8473166
6CENTER PNT_360533,8ACKERMAN CC_360627,476.57920748775746,500,1167597680.4071276,6CENTER_PNT_360533-8ACKERMAN_CC_360627,4535,0,1000000404.609375,1225838473.1875,22.58379772019623,0.19955898566703417,0.26879823594266816,0.33428886438809263,0.19735391400220506,225838068.578125,263687898.32884896,1431285578.7359767
6LOOPERS FRM_360602,8ACKERMAN CC_360627,483.3303048855512,500,1185737503.8608603,6LOOPERS_FRM_360602-8ACKERMAN_CC_360627,4598,0,1015238179.53125,1242099410.578125,22.345616587392335,0.20508916920400175,0.26859504132231404,0.3316659417137886,0.1946498477598956,226861231.046875,264960356.34566426,1450697860.2065246
6COUNTY LINE_360013,8ACKERMAN CC_360627,467.0614217169877,500,1144055694.2554905,6COUNTY_LINE_360013-8ACKERMAN_CC_360627,4288,0,945587420.96875,1137493026.359375,20.294855994807826,0.21641791044776118,0.3439832089552239,0.2555970149253731,0.18400186567164178,191905605.390625,232184455.6495507,1376240149.9050412
6YOUNG GA_361454,8ACKERMAN CC_360627,433.1643113464262,500,1057176956.5412118,6YOUNG_GA_361454-8ACKERMAN_CC_360627,3959,0,870072840.1875,1055721271.0,21.337113657345384,0.2389492296034352,0.29022480424349584,0.25764081838848196,0.21318514776458702,185648430.8125,225571048.7764632,1282748005.317675
6KENSNGTN GA_361503,8ACKERMAN CC_360627,433.3634996556299,500,1057705637.5722938,6KENSNGTN_GA_361503-8ACKERMAN_CC_360627,3955,0,869093287.953125,1052811283.53125,21.13904204815742,0.24197218710493046,0.29506953223767385,0.24955752212389382,0.2134007585335019,183717995.578125,223588839.4721387,1281294477.0444324
6ALPHA GA_361502,8ACKERMAN CC_360627,502.40080487279675,500,1231832297.586296,6ALPHA_GA_361502-8ACKERMAN_CC_360627,4778,0,1054471192.453125,1286210605.609375,21.976836808327672,0.19736291335286732,0.2921724570950188,0.32314776056927585,0.187316868982838,231739413.15625,270717773.79281354,1502550071.3791096
6CLOUDLANDGA_361633,8ACKERMAN CC_360627,413.63851265390656,500,1006840568.4719126,6CLOUDLANDGA_361633-8ACKERMAN_CC_360627,3764,0,824767607.796875,998363463.4375,21.047850812707768,0.2412327311370882,0.29835281615302867,0.2507970244420829,0.20961742826780022,173595855.640625,211918300.77378696,1218758869.2456996
6ROCK SPG GA_361500,8ACKERMAN CC_360627,437.4018048472879,500,1066918453.7791783,6ROCK_SPG_GA_361500-8ACKERMAN_CC_360627,3992,0,876655222.28125,1062161990.046875,21.1607440474598,0.2372244488977956,0.2995991983967936,0.25175350701402804,0.21142284569138275,185506767.765625,225767883.19932762,1292686336.9785058
6WID CRK FP_360068,8ACKERMAN CC_360627,390.54579187452015,500,946274450.8640825,6WID_CRK_FP_360068-8ACKERMAN_CC_360627,3507,0,764754915.234375,930492832.9375,21.672030398435705,0.262617621899059,0.2540633019674936,0.2583404619332763,0.2249786142001711,165737917.703125,205076886.6438945,1151351337.507977
6WRINGOLD GA_361504,8ACKERMAN CC_360627,475.2929022450816,500,1161310604.3066897,6WRINGOLD_GA_361504-8ACKERMAN_CC_360627,4401,0,968296739.921875,1158785491.25,19.672559399868916,0.22790274937514202,0.353328788911611,0.23949102476709838,0.17927743694614862,190488751.328125,228459518.4492102,1389770122.7559
6BATTLFLD GA_361530,8ACKERMAN CC_360627,444.9838307928234,500,1087893192.8813162,6BATTLFLD_GA_361530-8ACKERMAN_CC_360627,4005,0,881680795.96875,1064247182.96875,20.706630770992863,0.2766541822721598,0.26841448189762795,0.23995006242197253,0.2149812734082397,182566387.0,225266026.63269937,1313159219.5140157
6S HAVEN CC_360594,8ACKERMAN CC_360627,217.51724009823909,500,533395861.98225963,6S_HAVEN_CC_360594-8ACKERMAN_CC_360627,2014,0,445456065.953125,598640784.203125,34.388288758002794,0.016881827209533268,0.10278053624627606,0.5347567030784508,0.3455809334657398,153184718.25,183425709.2416975,716821571.2239571
6CONCORD TN_361509,8ACKERMAN CC_360627,497.0799411888938,500,1216881653.4127927,6CONCORD_TN_361509-8ACKERMAN_CC_360627,4600,0,1014047760.734375,1212814163.671875,19.601286116302163,0.2241304347826087,0.35347826086956524,0.2508695652173913,0.17152173913043478,198766402.9375,238524454.5822299,1455406107.9950225
7SHAWNEE FP_360002,8ACKERMAN CC_360627,464.7124219465678,500,1122319506.5957265,7SHAWNEE_FP_360002-8ACKERMAN_CC_360627,4836,0,1051253962.71875,1431729934.015625,36.192583789447895,0.0024813895781637717,0.050454921422663356,0.5907775020678246,0.3562861869313482,380475971.296875,406196427.8099765,1528515934.405703
8CHOCTAW MS_360654,8MADISON AL_360060,364.90483733022506,500,891559809.126301,8CHOCTAW_MS_360654-8MADISON_AL_360060,3225,0,709536094.796875,872001933.59375,22.897473432043714,0.2524031007751938,0.2310077519379845,0.26542635658914726,0.25116279069767444,162465838.796875,204144670.42547444,1095704479.5517755
8ACKERMAN CC_360627,8MADISON AL_360060,343.2993503412561,500,838043601.6140168,8ACKERMAN_CC_360627-8MADISON_AL_360060,3045,0,669341586.1875,813115213.625,21.479858775310756,0.26732348111658455,0.24466338259441708,0.27060755336617404,0.2174055829228243,143773627.4375,180010582.10221872,1018054183.7162355
8CLAY_360688,8MADISON AL_360060,305.56448675938884,500,743925560.5684766,8CLAY_360688-8MADISON_AL_360060,2762,0,605126406.09375,717767869.78125,18.614534509348267,0.2947139753801593,0.27661115133960895,0.277335264301231,0.15133960897900073,112641463.6875,138478280.1958816,882403840.7643582
8COGEN CALED_360606,8MADISON AL_360060,266.50036344156837,500,645751951.8287047,8COGEN_CALED_360606-8MADISON_AL_360060,2475,0,539872464.234375,619118961.203125,14.678744003203459,0.4262626262626263,0.2311111111111111,0.23313131313131313,0.10949494949494949,79246496.96875,94788275.90462528,740540227.73333
8E POINT AL_360058,8MADISON AL_360060,134.05049342433497,500,335416290.738361,8E_POINT_AL_360058-8MADISON_AL_360060,1285,0,289637078.734375,298602085.03125,3.0952550467810758,0.7408560311284047,0.23035019455252917,0.028793774319066146,0.0,8965006.296875,10381989.666805005,345798280.40516603
6CENTER PNT_360533,8MADISON AL_360060,209.63807778558873,500,529431032.6157511,6CENTER_PNT_360533-8MADISON_AL_360060,1989,0,452123861.078125,509915125.015625,12.782175176442179,0.3821015585721468,0.322272498743087,0.2619406737053796,0.033685268979386625,57791263.9375,67672802.02739203,597103834.6431432
8BR FERRY NP_360052,8MADISON AL_360060,77.98825319855136,500,192656584.3675347,8BR_FERRY_NP_360052-8MADISON_AL_360060,747,0,166110843.234375,167767328.25,0.997216667720946,0.8995983935742972,0.10040160642570281,0.0,0.0,1656485.015625,1921203.5707749224,194577787.9383096
6LOOPERS FRM_360602,8MADISON AL_360060,216.3891751833825,500,547570856.0694838,6LOOPERS_FRM_360602-8MADISON_AL_360060,2052,0,467361636.0,526176062.40625,12.584350506306862,0.3888888888888889,0.3201754385964912,0.25828460038986356,0.032651072124756333,58814426.40625,68908235.7981689,616479091.8676527
8LIMESTONE_360088,8MADISON AL_360060,52.614006460874975,500,130720615.23103061,8LIMESTONE_360088-8MADISON_AL_360060,504,0,112753524.078125,114410009.09375,1.4691203926160634,0.8511904761904762,0.1488095238095238,0.0,0.0,1656485.015625,1920443.2157122504,132641058.44674286
6COUNTY LINE_360013,8MADISON AL_360060,182.88294793036667,500,465588725.985289,6COUNTY_LINE_360013-8MADISON_AL_360060,1729,0,395681480.15625,434414583.6875,9.788960432506144,0.43146327356853675,0.36610757663389243,0.20242914979757085,0.0,38733103.53125,45576296.16490939,511165022.15019834
6YOUNG GA_361454,8MADISON AL_360060,148.98583755980513,500,378709988.27101034,6YOUNG_GA_361454-8MADISON_AL_360060,1400,0,320166899.375,352642828.328125,10.143437381103881,0.5457142857142857,0.21928571428571428,0.1957142857142857,0.039285714285714285,32475928.953125,38414210.51625579,417124198.78726614
6KENSNGTN GA_361503,8MADISON AL_360060,149.18502586900883,500,379238669.30209213,6KENSNGTN_GA_361503-8MADISON_AL_360060,1396,0,319187347.140625,349732840.859375,9.569769601579004,0.5551575931232091,0.2328080229226361,0.17263610315186245,0.03939828080229226,30545493.71875,36292266.89230434,415530936.1943965
6ALPHA GA_361502,8MADISON AL_360060,235.45967517062806,500,593665649.7949198,6ALPHA_GA_361502-8MADISON_AL_360060,2232,0,506594648.921875,570308659.875,12.576921427954279,0.357078853046595,0.36693548387096775,0.24596774193548387,0.030017921146953404,63714010.953125,74664862.31946129,668330512.1143811
6CLOUDLANDGA_361633,8MADISON AL_360060,123.60985058359068,500,313986783.2972389,6CLOUDLANDGA_361633-8MADISON_AL_360060,1210,0,276796723.890625,299162222.875,8.080116942862592,0.5487603305785124,0.2785123966942149,0.17272727272727273,0.0,22365498.984375,25370499.27554945,339357282.57278836
6ROCK SPG GA_361500,8MADISON AL_360060,153.22333106066682,500,388451485.5089766,6ROCK_SPG_GA_361500-8MADISON_AL_360060,1433,0,326749281.46875,359083547.375,9.895742007727225,0.5338450802512212,0.24703419399860432,0.1807397069085834,0.03838101884159107,32334265.90625,38440156.83115223,426891642.3401288
6WID CRK FP_360068,8MADISON AL_360060,98.31500643536609,500,250656111.0990676,6WID_CRK_FP_360068-8MADISON_AL_360060,948,0,217887611.65625,231516496.90625,6.255006948950181,0.6877637130801688,0.16139240506329114,0.15084388185654007,0.0,13628885.25,15678557.167214965,266334668.26628256
6WRINGOLD GA_361504,8MADISON AL_360060,191.11442845846057,500,482843636.03648806,6WRINGOLD_GA_361504-8MADISON_AL_360060,1842,0,418390799.109375,455707048.578125,8.918993808703446,0.44571118349619976,0.38707926167209555,0.16720955483170466,0.0,37316249.46875,43064794.00381297,525908430.040301
6BATTLFLD GA_361530,8MADISON AL_360060,140.85056485108436,500,368506454.9218446,6BATTLFLD_GA_361530-8MADISON_AL_360060,1356,0,319705452.8125,354086412.046875,10.753948339610787,0.35766961651917406,0.4668141592920354,0.13569321533923304,0.03982300884955752,34380959.234375,39628993.79042628,408135448.71227086
6S HAVEN CC_360594,8MADISON AL_360060,369.5985063460849,500,902372030.4970436,6S_HAVEN_CC_360594-8MADISON_AL_360060,3739,0,821805403.046875,1104490914.421875,34.398108156375294,0.12302754747258625,0.10056164749933137,0.2655790318266916,0.5108317732013907,282685511.375,310398907.0232529,1212770937.5202966
6CONCORD TN_361509,8MADISON AL_360060,212.90146740227277,500,538414685.1425911,6CONCORD_TN_361509-8MADISON_AL_360060,2041,0,464141819.921875,509735721.0,9.823269337333018,0.41597256246937775,0.384125428711416,0.19990200881920628,0.0,45593901.078125,52889924.67331027,591304609.8159014
8BRADLEY TN_360662,8MADISON AL_360060,218.88998687417885,500,550963128.0860326,8BRADLEY_TN_360662-8MADISON_AL_360060,2086,0,472169220.6875,527199361.15625,11.654749623159177,0.37392138063279,0.3547459252157239,0.2713326941514861,0.0,55030140.46875,64213373.0943529,615176501.1803856
8BENTON MS_360612,8MADISON AL_360060,329.8194154601839,500,801505152.8396529,8BENTON_MS_360612-8MADISON_AL_360060,3355,0,733529250.640625,984848195.015625,34.2616118110507,0.13710879284649777,0.1120715350223547,0.21192250372578242,0.5388971684053652,251318944.375,274608584.1114905,1076113736.9511433
8FRANKLIN TN_360069,8MADISON AL_360060,82.4803051406402,500,199949367.74287796,8FRANKLIN_TN_360069-8MADISON_AL_360060,782,0,170672046.03125,173125704.84375,1.4376453962769764,0.8529411764705882,0.14705882352941177,0.0,0.0,2453658.8125,2874562.8802404064,202823930.62311837
8HAYWOOD TN_360542,8MADISON AL_360060,279.9285323426382,500,675256553.1731087,8HAYWOOD_TN_360542-8MADISON_AL_360060,2799,0,607737010.421875,808563177.1875,33.04491306629767,0.1622007859949982,0.06538049303322616,0.3018935334047874,0.4705251875669882,200826166.765625,223137940.97053185,898394494.1436405
8HIWASSEE TN_360110,8MADISON AL_360060,204.40346735125502,500,516214127.87605166,8HIWASSEE_TN_360110-8MADISON_AL_360060,1819,0,413172765.25,442702492.4375,7.14706526448623,0.54260582737768,0.3479934029686641,0.09620670698185817,0.013194062671797692,29529727.1875,36894160.623799816,553108288.4998515
8LAG CRK CC_360615,8MADISON AL_360060,303.3238764781084,500,731141529.4619634,8LAG_CRK_CC_360615-8MADISON_AL_360060,3008,0,652836744.265625,865050250.25,32.50636669097013,0.16023936170212766,0.06083776595744681,0.34375,0.4351728723404255,212213505.984375,237667546.59687325,968809076.0588367
8JACKSON TN_360019,8MADISON AL_360060,257.8303894381217,500,619060748.0023853,8JACKSON_TN_360019-8MADISON_AL_360060,2435,0,526262649.015625,693699651.59375,31.816242876312085,0.1864476386036961,0.07515400410677618,0.2780287474332649,0.46036960985626285,167437002.578125,196961871.13635322,816022619.1387385
8ANDERSON TN_360120,8MADISON AL_360060,253.7196426111642,500,644823271.2609174,8ANDERSON_TN_360120-8MADISON_AL_360060,2205,0,504172266.96875,537183120.671875,6.547534615816364,0.5505668934240363,0.35918367346938773,0.07936507936507936,0.010884353741496598,33010853.703125,42220026.89664802,687043298.1575655
8BULL RUN FP_360093,8MADISON AL_360060,349.7826425346375,500,887561714.868312,8BULL_RUN_FP_360093-8MADISON_AL_360060,3081,0,703556921.78125,749253451.609375,6.495072170199334,0.4917234664070107,0.4488802336903603,0.05160662122687439,0.007789678675754625,45696529.828125,57647773.9357557,945209488.8040677
8JVILLE FP_360037,8MADISON AL_360060,206.69468160599416,500,502240315.14788973,8JVILLE_FP_360037-8MADISON_AL_360060,1767,0,386616713.296875,454853859.265625,17.649817926094702,0.31069609507640067,0.21958121109224674,0.40011318619128466,0.06960950764006792,68237145.96875,88644501.17504677,590884816.3229365
8DAVIDSON TN_360048,8MADISON AL_360060,177.69008429748152,500,439517153.1814312,8DAVIDSON_TN_360048-8MADISON_AL_360060,1680,0,374238674.171875,436081321.03125,16.524921427808614,0.25892857142857145,0.4386904761904762,0.16130952380952382,0.14107142857142857,61842646.859375,72629864.22497274,512147017.4064039
8GLEASON CT_360582,8MADISON AL_360060,269.0670646852765,500,647622719.4422946,8GLEASON_CT_360582-8MADISON_AL_360060,2366,0,512565982.625,629379924.78125,22.79003018460408,0.25232459847844463,0.22358410819949281,0.28064243448858833,0.24344885883347422,116813942.15625,147593413.24325272,795216132.6855474
8LAG CRK CT_360568,8MADISON AL_360060,289.1419088335011,500,696197734.5677059,8LAG_CRK_CT_360568-8MADISON_AL_360060,2570,0,557045385.0,679634003.21875,22.006935434668407,0.23229571984435798,0.28793774319066145,0.2416342412451362,0.23813229571984434,122588618.21875,153211785.94393915,849409520.5116451
8CUMBERLAND_360040,8MADISON AL_360060,228.25566214684255,500,554478073.0393418,8CUMBERLAND_360040-8MADISON_AL_360060,2060,0,450551244.0,554516602.34375,23.075146218828337,0.2412621359223301,0.24854368932038834,0.24660194174757283,0.26359223300970874,103965358.34375,127946626.1051699,682424699.1445117
7SHAWNEE FP_360002,8MADISON AL_360060,385.9959087314656,500,929702919.1292312,7SHAWNEE_FP_360002-8MADISON_AL_360060,3391,0,735169091.359375,887015272.375,20.65459263730085,0.21527572987319374,0.19640224122677677,0.5325862577410794,0.05573577115895016,151846181.015625,192026350.68323725,1121729269.8124685
8CHOCTAW MS_360654,8PIN HOOK TN_360581,445.4898437655911,500,1092659755.9103777,8CHOCTAW_MS_360654-8PIN_HOOK_TN_360581,3975,0,877902332.421875,1089060370.046875,24.05256596624785,0.1320754716981132,0.3169811320754717,0.33534591194968555,0.21559748427672956,211158037.625,262812708.57698634,1355472464.487364
8ACKERMAN CC_360627,8PIN HOOK TN_360581,423.8843567766222,500,1039143548.3980935,8ACKERMAN_CC_360627-8PIN_HOOK_TN_360581,3795,0,837707823.8125,1030173650.078125,22.97529291175675,0.1383399209486166,0.33201581027667987,0.34281949934123845,0.1868247694334651,192465826.265625,238746274.01808476,1277889822.4161782
8CLAY_360688,8PIN HOOK TN_360581,386.1494931947549,500,945025507.3525532,8CLAY_360688-8PIN_HOOK_TN_360581,3512,0,773492643.71875,934826306.234375,20.857814722060585,0.1494874715261959,0.3641799544419134,0.35392938496583143,0.13240318906605922,161333662.515625,197111669.3998086,1142137176.7523618
8COGEN CALED_360606,8PIN HOOK TN_360581,347.0853698769345,500,846851898.6127814,8COGEN_CALED_360606-8PIN_HOOK_TN_360581,3225,0,708238701.859375,836177397.65625,18.06434687358811,0.23751937984496124,0.33705426356589147,0.3268217054263566,0.0986046511627907,127938695.796875,152978264.47097954,999830163.083761
8E POINT AL_360058,8PIN HOOK TN_360581,259.0412271254714,500,645700458.649508,8E_POINT_AL_360058-8PIN_HOOK_TN_360581,2511,0,563717272.609375,619107969.15625,9.825971145159084,0.5037833532457189,0.30744723217841496,0.1401831939466348,0.04858622062923138,55390696.546875,63446340.751060516,709146799.4005685
6CENTER PNT_360533,8PIN HOOK TN_360581,302.92504530265154,500,758624058.2104893,6CENTER_PNT_360533-8PIN_HOOK_TN_360581,2987,0,673150050.171875,749693386.75,11.370917458682683,0.35955808503515235,0.4332105791764312,0.16739203213927017,0.0398393036491463,76543336.578125,86262515.4808236,844886573.6913129
8BR FERRY NP_360052,8PIN HOOK TN_360581,179.08357133746821,500,444372021.9090576,8BR_FERRY_NP_360052-8PIN_HOOK_TN_360581,1763,0,393156529.90625,445730262.328125,13.372213971471215,0.3011911514463982,0.41293250141803745,0.25241066364152015,0.033465683494044246,52573732.421875,59422377.599032134,503794399.5080898
6LOOPERS FRM_360602,8PIN HOOK TN_360581,295.13762322853927,500,738272493.7793639,6LOOPERS_FRM_360602-8PIN_HOOK_TN_360581,2910,0,655028910.625,728440189.34375,11.207334138687731,0.3694158075601375,0.4274914089347079,0.16219931271477664,0.04089347079037801,73411278.71875,82740665.23187591,821013159.0112398
8LIMESTONE_360088,8PIN HOOK TN_360581,171.55646096690666,500,423674234.3608166,8LIMESTONE_360088-8PIN_HOOK_TN_360581,1727,0,383177626.0,417285876.140625,8.901420079424206,0.6103068905616676,0.18818760856977418,0.16097278517660682,0.04053271569195136,34108250.140625,37713023.3687405,461387257.7295571
6COUNTY LINE_360013,8PIN HOOK TN_360581,280.47129198931015,500,710291680.5980208,6COUNTY_LINE_360013-8PIN_HOOK_TN_360581,2571,0,585673021.0,655301852.90625,11.888686931039283,0.3617269544924154,0.40956826137689617,0.1824192921042396,0.046285492026448855,69628831.90625,84444354.20351619,794736034.801537
6YOUNG GA_361454,8PIN HOOK TN_360581,233.43289593726004,500,592884182.4607918,6YOUNG_GA_361454-8PIN_HOOK_TN_360581,2178,0,497924096.421875,561433521.25,12.75484060412202,0.330119375573921,0.43434343434343436,0.16942148760330578,0.06611570247933884,63509424.828125,75621432.43992595,668505614.9007177
8MADISON AL_360060,8PIN HOOK TN_360581,163.89696095415223,500,407051751.5528941,8MADISON_AL_360060-8PIN_HOOK_TN_360581,1610,0,359439066.59375,392695518.640625,9.252319833242439,0.5732919254658385,0.24099378881987576,0.13043478260869565,0.055279503105590065,33256452.046875,37661729.94048916,444713481.4933833
6KENSNGTN GA_361503,8PIN HOOK TN_360581,233.72848034953162,500,593258412.701998,6KENSNGTN_GA_361503-8PIN_HOOK_TN_360581,2173,0,496371421.609375,555008721.546875,11.813190160582066,0.36033133916244825,0.43488265071329957,0.13851817763460653,0.06626783248964566,58637299.9375,70082744.43613777,663341157.1381358
6ALPHA GA_361502,8PIN HOOK TN_360581,275.6325648000665,500,690055580.8198817,6ALPHA_GA_361502-8PIN_HOOK_TN_360581,2726,0,614069076.0625,684202640.578125,11.42111974850315,0.38077769625825386,0.40242112986060163,0.1731474688187821,0.043653705062362436,70133564.515625,78812074.21666762,768867655.0365493
6CLOUDLANDGA_361633,8PIN HOOK TN_360581,207.4233504943096,500,525508446.22726214,6CLOUDLANDGA_361633-8PIN_HOOK_TN_360581,1918,0,437273533.78125,490775204.59375,12.235286766581366,0.3420229405630866,0.43899895724713245,0.15589155370177268,0.06308654848800835,53501670.8125,64297465.378511555,589805911.6057737
8MAGNOL CC1_360613,8PIN HOOK TN_360581,309.3945581861382,500,761680156.9256791,8MAGNOL_CC1_360613-8PIN_HOOK_TN_360581,2800,0,620717290.78125,847154635.640625,36.479947992809315,0.06285714285714286,0.11142857142857143,0.2767857142857143,0.5489285714285714,226437344.859375,277860525.1180361,1039540682.0437152
6ROCK SPG GA_361500,8PIN HOOK TN_360581,237.76678554118962,500,602515615.9390056,6ROCK_SPG_GA_361500-8PIN_HOOK_TN_360581,2210,0,503979636.875,564306715.671875,11.970142121404347,0.35158371040723985,0.43891402714932126,0.14434389140271492,0.06515837104072399,60327078.796875,72121975.53155376,674637591.4705594
6WID CRK FP_360068,8PIN HOOK TN_360581,178.08645440399613,500,451563608.93334705,6WID_CRK_FP_360068-8PIN_HOOK_TN_360581,1626,0,370872864.390625,414942536.109375,11.882689716639195,0.4151291512915129,0.35793357933579334,0.15375153751537515,0.07318573185731857,44069671.71875,53657902.52280766,505221511.4561547
6WRINGOLD GA_361504,8PIN HOOK TN_360581,274.17977259393075,500,686013463.6971042,6WRINGOLD_GA_361504-8PIN_HOOK_TN_360581,2714,0,610967471.875,688613105.734375,12.70863629140322,0.3761974944731024,0.34377302873986737,0.23618275607958733,0.04384672070744289,77645633.859375,87182956.01132244,773196419.7084267
6BATTLFLD GA_361530,8PIN HOOK TN_360581,209.1456881433959,500,532938230.7540339,6BATTLFLD_GA_361530-8PIN_HOOK_TN_360581,1904,0,436560421.640625,494750771.953125,13.329277558835173,0.328781512605042,0.4259453781512605,0.16071428571428573,0.08455882352941177,58190350.3125,71036815.99435066,603975046.7483846
6S HAVEN CC_360594,8PIN HOOK TN_360581,398.2194477645588,500,985411220.7609174,6S_HAVEN_CC_360594-8PIN_HOOK_TN_360581,3707,0,826534564.46875,1140214420.546875,37.95120852323228,0.04747774480712166,0.08416509306717022,0.2978149446992177,0.5705422174264905,313679856.078125,373975467.20230454,1359386687.963222
6CONCORD TN_361509,8PIN HOOK TN_360581,281.13535700620236,500,704816662.4027348,6CONCORD_TN_361509-8PIN_HOOK_TN_360581,2783,0,627768171.265625,706131349.953125,12.482821250640065,0.38519583183614803,0.339202299676608,0.23284225655767157,0.0427596119295724,78363178.6875,87981004.11246061,792797666.5151954
8BRADLEY TN_360662,8PIN HOOK TN_360581,244.09884404618904,500,611711774.3690401,8BRADLEY_TN_360662-8PIN_HOOK_TN_360581,2439,0,549832002.5625,613615626.46875,11.600565919951089,0.4108241082410824,0.35301353013530135,0.18737187371873718,0.04879048790487905,63783623.90625,70962027.62578297,682673801.9948231
8BENTON MS_360612,8PIN HOOK TN_360581,345.91453875249545,500,854894082.3223746,8BENTON_MS_360612-8PIN_HOOK_TN_360581,3323,0,738137507.65625,1000239653.859375,35.5085798356674,0.052964188985856156,0.08095094793860969,0.41528739091182665,0.45079747216370747,262102146.203125,303560747.73183656,1158454830.0542111
8FRANKLIN TN_360069,8PIN HOOK TN_360581,127.74784407169791,500,320517558.0464975,8FRANKLIN_TN_360069-8PIN_HOOK_TN_360581,1210,0,273164317.953125,308851242.609375,13.064270225210706,0.42479338842975206,0.31239669421487604,0.16446280991735537,0.09834710743801653,35686924.65625,41873279.90244102,362390837.94893855
8HAYWOOD TN_360542,8PIN HOOK TN_360581,280.93571413994914,500,693401669.4561841,8HAYWOOD_TN_360542-8PIN_HOOK_TN_360581,2758,0,611468769.03125,831175141.171875,35.93092292983431,0.06381435823060189,0.09753444525018129,0.3299492385786802,0.5087019579405366,219706372.140625,249145619.44648597,942547288.9026701
8HIWASSEE TN_360110,8PIN HOOK TN_360581,216.71746094139772,500,542336241.8412024,8HIWASSEE_TN_360110-8PIN_HOOK_TN_360581,2165,0,487347476.125,532848447.734375,9.336453729310868,0.5030023094688222,0.3371824480369515,0.1048498845265589,0.05496535796766744,45500971.609375,50634972.27678735,592971214.1179898
8LAG CRK CC_360615,8PIN HOOK TN_360581,296.6899154474295,500,735274212.9936647,8LAG_CRK_CC_360615-8PIN_HOOK_TN_360581,2955,0,657941882.875,892422323.34375,35.63847302806502,0.04027072758037225,0.07580372250423012,0.4494077834179357,0.43451776649746193,234480440.46875,262040502.0800646,997314715.0737293
8MAURY TN_360050,8PIN HOOK TN_360581,76.71125968493524,500,204259243.35779563,8MAURY_TN_360050-8PIN_HOOK_TN_360581,715,0,171232922.234375,206528011.875,20.612326870363674,0.15384615384615385,0.33426573426573425,0.40559440559440557,0.1062937062937063,35295089.640625,42102582.90384044,246361826.26163608
8JACKSON TN_360019,8PIN HOOK TN_360581,239.28891547293833,500,595746652.6942245,8JACKSON_TN_360019-8PIN_HOOK_TN_360581,2381,0,532650122.1875,729990850.5625,37.04884691747681,0.03821923561528769,0.09407811843763125,0.34061318773624527,0.5270894582108357,197340728.375,220717265.37267545,816463918.0668999
8ANDERSON TN_360120,8PIN HOOK TN_360581,264.15533100964905,500,667684505.3475764,8ANDERSON_TN_360120-8PIN_HOOK_TN_360581,2538,0,577388490.796875,629025846.109375,8.94326023735481,0.4720252167060678,0.39164696611505123,0.08944050433412136,0.04688731284475965,51637355.3125,59712762.87772895,727397268.2253053
8BULL RUN FP_360093,8PIN HOOK TN_360581,353.6419348300544,500,889251807.2088945,8BULL_RUN_FP_360093-8PIN_HOOK_TN_360581,3343,0,756998318.578125,822483458.796875,8.65063218921691,0.481005085252767,0.3843852826802273,0.09901286269817529,0.03559676936883039,65485140.21875,76925903.07760574,966177710.2865002
8JVILLE FP_360037,8PIN HOOK TN_360581,159.83946745329055,500,406856507.9323126,8JVILLE_FP_360037-8PIN_HOOK_TN_360581,1579,0,361162316.859375,464519702.75,28.61798727768963,0.14186193793540217,0.12222925902469918,0.45471817606079795,0.2811906269791007,103357385.890625,116434143.67852151,523290651.6108341
8DAVIDSON TN_360048,8PIN HOOK TN_360581,83.4943375980685,500,225891516.3962533,8DAVIDSON_TN_360048-8PIN_HOOK_TN_360581,768,0,186979406.984375,242882377.46875,29.897929074642192,0.11848958333333333,0.10677083333333333,0.4700520833333333,0.3046875,55902970.484375,67536885.35778555,293428401.7540388
8GLEASON CT_360582,8PIN HOOK TN_360581,225.83524014925692,500,566267654.1741185,8GLEASON_CT_360582-8PIN_HOOK_TN_360581,2234,0,503688228.953125,633254655.421875,25.72353670802339,0.18128916741271262,0.17323187108325871,0.40913160250671443,0.23634735899731424,129566426.46875,145664067.8871423,711931722.0612608
8LAG CRK CT_360568,8PIN HOOK TN_360581,247.41185053257288,500,617693662.4396048,8LAG_CRK_CT_360568-8PIN_HOOK_TN_360581,2458,0,551779933.453125,686155531.46875,24.353114324887002,0.1647681041497152,0.2485760781122864,0.3718470301057771,0.21480878763222133,134375598.015625,150427643.79149854,768121306.2311033
8CUMBERLAND_360040,8PIN HOOK TN_360581,154.11912975318646,500,397534185.77542174,8CUMBERLAND_360040-8PIN_HOOK_TN_360581,1421,0,329976480.90625,452303552.46875,37.07145164605063,0.06403940886699508,0.057705840957072485,0.3356790992258973,0.5425756509500352,122327071.5625,147371693.45625657,544905879.2316782
8PHIPPS B NP_360102,8PIN HOOK TN_360581,443.13255167424535,500,1118747706.286953,8PHIPPS_B_NP_360102-8PIN_HOOK_TN_360581,4240,0,964271275.171875,1032694134.546875,7.095810187107787,0.5608490566037736,0.3330188679245283,0.07806603773584905,0.028066037735849057,68422859.375,79384213.71074432,1198131919.9976974
8MONTGOMERY_360044,8PIN HOOK TN_360581,155.21347391416555,500,403367219.744328,8MONTGOMERY_360044-8PIN_HOOK_TN_360581,1446,0,337886184.984375,457396078.03125,35.369866646782725,0.06293222683264177,0.056708160442600276,0.4343015214384509,0.4460580912863071,119509893.046875,142670447.72040385,546037667.4647319
8MARSHALL KY_360015,8PIN HOOK TN_360581,277.3058504305373,500,701058646.4586186,8MARSHALL_KY_360015-8PIN_HOOK_TN_360581,2535,0,577186465.796875,741643817.109375,28.49293271030653,0.21854043392504932,0.09940828402366864,0.31992110453648914,0.3621301775147929,164457351.3125,199752168.39523995,900810814.8538586
7SHAWNEE FP_360002,8PIN HOOK TN_360581,339.14069457876195,500,834319111.9136541,7SHAWNEE_FP_360002-8PIN_HOOK_TN_360581,3203,0,709714694.921875,896589584.296875,26.33098774931961,0.12644395878863565,0.14736184826724946,0.5672806743677802,0.15891351857633468,186874889.375,219684463.14821643,1054003575.0618706
8PARADISE CC_360117,8PIN HOOK TN_360581,229.91566870975308,500,581465736.5366757,8PARADISE_CC_360117-8PIN_HOOK_TN_360581,2252,0,511046690.234375,651903267.40625,27.56236951799369,0.10968028419182949,0.21980461811722912,0.41207815275310833,0.25843694493783304,140856577.171875,160265734.92476222,741731471.461438
8PARADISE CC_360117,8PIN HOOK TN_360581,229.91566870975308,500,581465736.5366757,8PARADISE_CC_360117-8PIN_HOOK_TN_360581,2252,0,511046690.234375,651903267.40625,27.56236951799369,0.10968028419182949,0.21980461811722912,0.41207815275310833,0.25843694493783304,140856577.171875,160265734.92476222,741731471.461438
8ACKERMAN CC_360627,8BRADLEY TN_360662,503.0684606607999,500,1229430096.356234,8ACKERMAN_CC_360627-8BRADLEY_TN_360662,4645,0,1022075161.5,1230277803.828125,20.37058038105204,0.20710441334768567,0.34058127018299245,0.28245425188374595,0.1698600645855759,208202642.328125,250442046.0070922,1479872142.3633263
6CENTER PNT_360533,8BRADLEY TN_360662,65.47185709548347,500,163218383.89607537,6CENTER_PNT_360533-8BRADLEY_TN_360662,610,0,136946830.375,160089531.328125,16.899040956080256,0.05901639344262295,0.5639344262295082,0.3770491803278688,0.0,23142700.953125,27582341.54245008,190800725.43852544
8BR FERRY NP_360052,8BRADLEY TN_360662,281.7703894381217,500,702494050.5534887,8BR_FERRY_NP_360052-8BRADLEY_TN_360662,2701,0,605607995.359375,661567580.734375,9.240232263081815,0.5001851166234728,0.29063309885227695,0.20918178452425026,0.0,55959585.375,64912081.90547374,767406132.4589624
6LOOPERS FRM_360602,8BRADLEY TN_360662,57.684435021371165,500,142866819.46495003,6LOOPERS_FRM_360602-8BRADLEY_TN_360662,533,0,118825690.828125,138813888.21875,16.821444294851062,0.07129455909943715,0.549718574108818,0.3789868667917448,0.0,19988197.390625,24032262.452122003,166899081.91707203
6COUNTY LINE_360013,8BRADLEY TN_360662,49.862383079282345,500,124653280.81465751,6COUNTY_LINE_360013-8BRADLEY_TN_360662,461,0,103731271.5625,122774905.46875,18.358623797237318,0.015184381778741865,0.5553145336225597,0.42950108459869846,0.0,19043633.90625,22884626.875676773,147537907.6903343
6YOUNG GA_361454,8BRADLEY TN_360662,90.78853890554882,500,227903520.8494054,6YOUNG_GA_361454-8BRADLEY_TN_360662,871,0,196772725.1875,228355756.296875,16.050512630386304,0.10677382319173363,0.5315729047072331,0.3616532721010333,0.0,31583031.109375,36579683.3990289,264483204.2484343
6KENSNGTN GA_361503,8BRADLEY TN_360662,96.4111168314365,500,242736183.94967613,6KENSNGTN_GA_361503-8BRADLEY_TN_360662,943,0,213840734.171875,250942002.34375,17.349953607087222,0.07635206786850478,0.5153764581124072,0.40827147401908803,0.0,37101268.171875,42114615.30288271,284850799.2525588
6ALPHA GA_361502,8BRADLEY TN_360662,38.17937659289846,500,94649906.50546783,6ALPHA_GA_361502-8BRADLEY_TN_360662,349,0,77865856.265625,94598785.15625,21.489430275503164,0.0,0.42120343839541546,0.5787965616045845,0.0,16732928.890625,20339725.664321445,114989632.16978928
6CLOUDLANDGA_361633,8BRADLEY TN_360662,113.49787006825125,500,287785617.018439,6CLOUDLANDGA_361633-8BRADLEY_TN_360662,1108,0,253053026.59375,294227496.953125,16.271083935888385,0.11552346570397112,0.5090252707581228,0.37545126353790614,0.0,41174470.359375,46825839.30048449,334611456.3189235
6ROCK SPG GA_361500,8BRADLEY TN_360662,100.16398046432165,500,250925647.88971516,6ROCK_SPG_GA_361500-8BRADLEY_TN_360662,976,0,220062289.8125,257697847.125,17.102229257255598,0.06864754098360656,0.5368852459016393,0.3944672131147541,0.0,37635557.3125,42913879.56735303,293839527.4570682
6WID CRK FP_360068,8BRADLEY TN_360662,126.60827263219409,500,348297457.2817356,6WID_CRK_FP_360068-8BRADLEY_TN_360662,1170,0,290926951.34375,308785142.578125,6.13837636970056,0.6811965811965812,0.14871794871794872,0.1606837606837607,0.009401709401709401,17858191.234375,21379808.814049963,369677266.09578556
6WRINGOLD GA_361504,8BRADLEY TN_360662,33.197396077558984,500,81817760.55531013,6WRINGOLD_GA_361504-8BRADLEY_TN_360662,304,0,67417408.265625,83163999.578125,23.356862444872295,0.0625,0.23684210526315788,0.7006578947368421,0.0,15746591.3125,19110061.78837877,100927822.3436889
6BATTLFLD GA_361530,8BRADLEY TN_360662,115.0529999234733,500,323413981.356887,6BATTLFLD_GA_361530-8BRADLEY_TN_360662,1088,0,276166350.953125,300906120.65625,8.958285329744676,0.578125,0.1792279411764706,0.20404411764705882,0.03860294117647059,24739769.703125,28972347.24623719,352386328.60312414
6S HAVEN CC_360594,8BRADLEY TN_360662,567.4662269979269,500,1381870232.3259828,6S_HAVEN_CC_360594-8BRADLEY_TN_360662,5619,0,1232693536.109375,1538889295.125,24.83956880166984,0.24826481580352375,0.2224595123687489,0.18793379604911906,0.3413418757786083,306195759.015625,343250607.1084074,1725120839.43439
6CONCORD TN_361509,8BRADLEY TN_360662,40.15298048983057,500,100620959.26094061,6CONCORD_TN_361509-8BRADLEY_TN_360662,373,0,84218107.65625,100704689.5,19.57605353832299,0.18498659517426275,0.225201072386059,0.5898123324396782,0.0,16486581.84375,19697612.8556959,120318572.11663651
8BENTON MS_360612,8BRADLEY TN_360662,520.7675452388793,500,1267541919.7782001,8BENTON_MS_360612-8BRADLEY_TN_360662,5248,0,1149926149.578125,1410375801.0,22.649250259890728,0.2658155487804878,0.2381859756097561,0.22351371951219512,0.27248475609756095,260449651.421875,287088741.55958796,1554630661.337788
8ANDERSON TN_360120,8BRADLEY TN_360662,132.05085055808178,500,321344501.57247174,8ANDERSON_TN_360120-8BRADLEY_TN_360662,1240,0,271588899.21875,289388233.265625,6.553778191257598,0.6370967741935484,0.21693548387096775,0.14596774193548387,0.0,17799334.046875,21060205.86286208,342404707.43533385
7SHAWNEE FP_360002,8BRADLEY TN_360662,526.5684932202637,500,1283895546.3750057,7SHAWNEE_FP_360002-8BRADLEY_TN_360662,5136,0,1128221329.984375,1336036149.328125,18.41968537739205,0.2669392523364486,0.2525311526479751,0.4007009345794392,0.07982866043613707,207814819.34375,236489520.21662468,1520385066.5916305
8ACKERMAN CC_360627,8BULL RUN FP_360093,665.3139279610372,500,1640241913.7697291,8ACKERMAN_CC_360627-8BULL_RUN_FP_360093,5867,0,1302593817.0,1501301497.0625,15.25476917433426,0.32316345662178286,0.371058462587353,0.18391000511334582,0.12186807567751833,198707680.0625,250215117.846255,1890457031.6159842
6CENTER PNT_360533,8BULL RUN FP_360093,284.26279851395736,500,719726744.2097101,6CENTER_PNT_360533-8BULL_RUN_FP_360093,2691,0,613151345.28125,644854352.015625,5.170502679046218,0.5332590115198811,0.44258639910813824,0.024154589371980676,0.0,31703006.734375,37213490.59117518,756940234.8008853
8BR FERRY NP_360052,8BULL RUN FP_360093,413.64070744949413,500,1028141969.2015262,8BR_FERRY_NP_360052-8BULL_RUN_FP_360093,3740,0,836987890.40625,883893683.171875,5.6041184470253524,0.5088235294117647,0.456951871657754,0.034224598930481284,0.0,46905792.765625,57618293.75763245,1085760262.9591587
6LOOPERS FRM_360602,8BULL RUN FP_360093,276.47537643984504,500,699375179.778585,6LOOPERS_FRM_360602-8BULL_RUN_FP_360093,2614,0,595030205.734375,623578708.90625,4.797824193923228,0.5497322111706198,0.4361132364192808,0.014154552410099464,0.0,28548503.171875,33554791.581711024,732929971.360296
6COUNTY LINE_360013,8BULL RUN FP_360093,276.2847790292968,500,692156211.1572448,6COUNTY_LINE_360013-8BULL_RUN_FP_360093,2592,0,584376305.5625,627272370.46875,7.340486686050651,0.5335648148148148,0.3314043209876543,0.13503086419753085,0.0,42896064.90625,50807634.52667019,742963845.683915
6YOUNG GA_361454,8BULL RUN FP_360093,317.2109348555633,500,795406451.1919928,6YOUNG_GA_361454-8BULL_RUN_FP_360093,3002,0,677417759.1875,732895903.046875,8.189650050792284,0.4893404397068621,0.354763491005996,0.1558960692871419,0.0,55478143.859375,65141004.83405014,860547456.0260429
6KENSNGTN GA_361503,8BULL RUN FP_360093,313.0620776835531,500,797102189.618088,6KENSNGTN_GA_361503-8BULL_RUN_FP_360093,2883,0,660605150.5,703973341.921875,6.564918755030957,0.4221297259798821,0.5473465140478668,0.021852237252861603,0.008671522719389525,43368191.421875,52329111.14300029,849431300.7610883
6ALPHA GA_361502,8BULL RUN FP_360093,256.97031801137234,500,651158266.8191026,6ALPHA_GA_361502-8BULL_RUN_FP_360093,2430,0,554070371.171875,579363605.84375,4.564985963493973,0.5757201646090535,0.4090534979423868,0.015226337448559672,0.0,25293234.671875,29725283.48042267,680883550.2995253
6CLOUDLANDGA_361633,8BULL RUN FP_360093,286.7569478283311,500,729352223.143352,6CLOUDLANDGA_361633-8BULL_RUN_FP_360093,2628,0,601507262.671875,639672491.671875,6.344932367145706,0.4143835616438356,0.5616438356164384,0.023972602739726026,0.0,38165229.0,46276905.27671931,775629128.4200714
6ROCK SPG GA_361500,8BULL RUN FP_360093,317.10038287521115,500,806359392.8550955,6ROCK_SPG_GA_361500-8BULL_RUN_FP_360093,2920,0,668213365.765625,713295164.625,6.746617348445461,0.4143835616438356,0.5493150684931507,0.02773972602739726,0.008561643835616438,45081798.859375,54401982.68918136,860761375.5442768
6WID CRK FP_360068,8BULL RUN FP_360093,284.8378049493234,500,724335949.4599717,6WID_CRK_FP_360068-8BULL_RUN_FP_360093,2552,0,583885104.03125,615352795.125,5.389363571101802,0.5278213166144201,0.44905956112852663,0.01293103448275862,0.01018808777429467,31467691.09375,39037097.79259007,763373047.2525617
6WRINGOLD GA_361504,8BULL RUN FP_360093,259.61979202757345,500,649320690.8978975,6WRINGOLD_GA_361504-8BULL_RUN_FP_360093,2435,0,548062442.265625,587661464.578125,7.22527567275042,0.5728952772073922,0.27720739219712526,0.14989733059548255,0.0,39599022.3125,46915209.91758074,696235900.8154782
6BATTLFLD GA_361530,8BULL RUN FP_360093,281.5603374450151,500,718420621.5612993,6BATTLFLD_GA_361530-8BULL_RUN_FP_360093,2586,0,594016486.921875,635302612.671875,6.950333308750389,0.42266047950502705,0.537122969837587,0.02397525135344161,0.016241299303944315,41286125.75,49932627.75730657,768353249.3186059
6S HAVEN CC_360594,8BULL RUN FP_360093,678.5229671089204,500,1669931777.5965433,6S_HAVEN_CC_360594-8BULL_RUN_FP_360093,6481,0,1435169389.34375,1742169987.734375,21.391244871171967,0.2831353186236692,0.29023298873630615,0.13068970837833668,0.295941984261688,307000598.390625,357219195.7271914,2027150973.3237348
6CONCORD TN_361509,8BULL RUN FP_360093,266.57537643984506,500,668123889.6035279,6CONCORD_TN_361509-8BULL_RUN_FP_360093,2504,0,564863141.65625,605202154.5,7.141378126650455,0.577076677316294,0.2743610223642173,0.1485623003194888,0.0,40339012.84375,47713253.31107258,715837142.9146005
8BRADLEY TN_360662,8BULL RUN FP_360093,229.53886347983175,500,575019001.5698333,8BRADLEY_TN_360662-8BULL_RUN_FP_360093,2160,0,486926972.953125,512663985.3125,5.285600056880124,0.6370370370370371,0.2791666666666667,0.0837962962962963,0.0,25737012.359375,30393204.674046632,605412206.2438799
8BENTON MS_360612,8BULL RUN FP_360093,631.8242853498729,500,1555603465.0487604,8BENTON_MS_360612-8BULL_RUN_FP_360093,6110,0,1352402002.8125,1613656493.609375,19.317813065461408,0.30032733224222585,0.3078559738134206,0.15777414075286417,0.23404255319148937,261254490.796875,300508569.4179598,1856112034.46672
8ANDERSON TN_360120,8BULL RUN FP_360093,114.90872718924359,500,294782030.6384865,8ANDERSON_TN_360120-8BULL_RUN_FP_360093,1069,0,246899329.375,257045921.109375,4.109606842618829,0.5921421889616464,0.4078578110383536,0.0,0.0,10146591.734375,12114382.501929974,306896413.1404165
7SHAWNEE FP_360002,8BULL RUN FP_360093,604.7621425473919,500,1474556114.2390757,7SHAWNEE_FP_360002-8BULL_RUN_FP_360093,5946,0,1304749364.375,1476313963.25,13.149237973162965,0.34006054490413723,0.3619239825092499,0.26320215270770264,0.03481331987891019,171564598.875,193892892.5091208,1668449006.7481964
8ACKERMAN CC_360627,8CHOCTAW MS_360654,22.7871817973109,500,54555149.45859781,8ACKERMAN_CC_360627-8CHOCTAW_MS_360654,202,0,43523817.125,64540611.625,48.28803144641465,0.0,0.0,0.08415841584158416,0.9158415841584159,21016794.5,26343607.72620622,80898757.18480402
6CENTER PNT_360533,8CHOCTAW MS_360654,498.18469447672635,500,1221113887.9194117,6CENTER_PNT_360533-8CHOCTAW_MS_360654,4715,0,1040194913.21875,1284725193.15625,23.50812110596008,0.1919406150583245,0.25853658536585367,0.3283138918345705,0.22120890774125132,244530279.9375,287060931.6137929,1508174819.5332046
8BR FERRY NP_360052,8CHOCTAW MS_360654,301.6004737356033,500,735740110.2780946,8BR_FERRY_NP_360052-8CHOCTAW_MS_360654,2626,0,576884790.625,732098649.921875,26.905521140315635,0.19383092155369383,0.1785986290936786,0.31911652703731913,0.30845392231530844,155213859.296875,197954710.90865433,933694821.186749
6LOOPERS FRM_360602,8CHOCTAW MS_360654,504.9357918745201,500,1239253711.3731446,6LOOPERS_FRM_360602-8CHOCTAW_MS_360654,4778,0,1055432688.140625,1300986130.546875,23.265665841641315,0.19736291335286732,0.25847634993721225,0.32586856425282545,0.218292172457095,245553442.40625,288320627.41821396,1527574338.7913585
6COUNTY LINE_360013,8CHOCTAW MS_360654,488.6669087059566,500,1197571901.7677748,6COUNTY_LINE_360013-8CHOCTAW_MS_360654,4468,0,985781929.578125,1196379746.328125,21.363529846821947,0.20769919427036707,0.33012533572068037,0.25246195165622204,0.20971351835273053,210597816.75,255843630.6713118,1453415532.4390867
6YOUNG GA_361454,8CHOCTAW MS_360654,454.7697983353951,500,1110693164.0534964,6YOUNG_GA_361454-8CHOCTAW_MS_360654,4139,0,910267348.796875,1114607990.96875,22.44842050436693,0.22855762261415802,0.2776032858178304,0.254167673351051,0.2396714182169606,204340642.171875,249333071.97998688,1360026236.0334833
6KENSNGTN GA_361503,8CHOCTAW MS_360654,454.9689866445989,500,1111221845.084578,6KENSNGTN_GA_361503-8CHOCTAW_MS_360654,4135,0,909287796.5625,1111698003.5,22.260301711152163,0.23143893591293832,0.2822249093107618,0.2464328899637243,0.23990326481257557,202410206.9375,247361335.39605895,1358583180.480637
6ALPHA GA_361502,8CHOCTAW MS_360654,524.0062918617657,500,1285348505.0985806,6ALPHA_GA_361502-8CHOCTAW_MS_360654,4958,0,1094665701.0625,1345118728.015625,22.879407540588083,0.1899959661153691,0.28176684146833403,0.31787010891488504,0.21036708350141187,250453026.953125,294080122.7983609,1579428627.8969414
6CLOUDLANDGA_361633,8CHOCTAW MS_360654,435.24399964287545,500,1060356775.9841968,6CLOUDLANDGA_361633-8CHOCTAW_MS_360654,3944,0,864962116.40625,1057250183.40625,22.23080795710679,0.2302231237322515,0.28473630831643004,0.24746450304259635,0.2375760649087221,192288067.0,235725878.52921584,1296082654.5134127
6ROCK SPG GA_361500,8CHOCTAW MS_360654,459.00729183625674,500,1120434661.2914624,6ROCK_SPG_GA_361500-8CHOCTAW_MS_360654,4172,0,916849730.890625,1121048710.015625,22.271804445712352,0.22698945349952063,0.286673058485139,0.24856184084372004,0.23777564717162034,204198979.125,249541016.70481408,1369975677.9962764
6WID CRK FP_360068,8CHOCTAW MS_360654,412.15127886348904,500,999790658.3763667,6WID_CRK_FP_360068-8CHOCTAW_MS_360654,3687,0,804949423.84375,989379552.90625,22.91201454394729,0.24979658258746948,0.24165988608624897,0.25440737727149443,0.25413615405478707,184430129.0625,229072181.05621952,1228862839.4325862
6WRINGOLD GA_361504,8CHOCTAW MS_360654,496.8983892340505,500,1214826811.8189738,6WRINGOLD_GA_361504-8CHOCTAW_MS_360654,4581,0,1008491248.53125,1217672211.21875,20.74197103764139,0.21894782798515608,0.33944553590919013,0.23706614276358873,0.20454049334206506,209180962.6875,251979025.46499383,1466805837.2839675
6BATTLFLD GA_361530,8CHOCTAW MS_360654,466.5893177817923,500,1141409400.3936005,6BATTLFLD_GA_361530-8CHOCTAW_MS_360654,4185,0,921875304.578125,1123133902.9375,21.831433965082336,0.2647550776583035,0.25686977299880526,0.23727598566308244,0.24109916367980885,201258598.359375,249186039.51817113,1390595439.9117715
6S HAVEN CC_360594,8CHOCTAW MS_360654,219.99712324129368,500,541255369.1243911,6S_HAVEN_CC_360594-8CHOCTAW_MS_360654,2107,0,467338955.328125,636091316.5625,36.109200679813156,0.0,0.10014238253440912,0.4945420028476507,0.4053156146179402,168752361.234375,195442987.42738983,736698356.5517809
6CONCORD TN_361509,8CHOCTAW MS_360654,518.6854281778626,500,1270397860.925077,6CONCORD_TN_361509-8CHOCTAW_MS_360654,4780,0,1054242269.34375,1271700883.640625,20.627005824025613,0.21569037656903767,0.3401673640167364,0.24811715481171548,0.19602510460251046,217458614.296875,262045040.76131245,1532442901.6863894
8BRADLEY TN_360662,8CHOCTAW MS_360654,524.6739476497689,500,1282946303.8685184,8BRADLEY_TN_360662-8CHOCTAW_MS_360654,4825,0,1062269670.109375,1289164523.796875,21.35944008117432,0.1993782383419689,0.3278756476683938,0.2785492227979275,0.19419689119170985,226894853.6875,274030147.04843676,1556976450.916955
8BENTON MS_360612,8CHOCTAW MS_360654,245.37958431023594,500,605010858.3522846,8BENTON_MS_360612-8CHOCTAW_MS_360654,2464,0,546296051.140625,762677076.234375,39.60874779196422,0.0,0.11282467532467533,0.2934253246753247,0.59375,216381025.09375,239637224.99875426,844648083.3510388
8ANDERSON TN_360120,8CHOCTAW MS_360654,598.8887072454229,500,1463466550.8721447,8ANDERSON_TN_360120-8CHOCTAW_MS_360654,5288,0,1162813143.3125,1354148412.234375,16.45451550167547,0.329803328290469,0.33642208774583965,0.18059757942511345,0.1531770045385779,191335268.921875,240806330.47509238,1704272881.347237
8BULL RUN FP_360093,8CHOCTAW MS_360654,686.919414950006,500,1693758121.2820134,8BULL_RUN_FP_360093-8CHOCTAW_MS_360654,6047,0,1342788325.609375,1560188217.03125,16.190183313011453,0.3135439060691252,0.360013229700678,0.18372746816603275,0.14271539606416406,217399891.421875,274222544.7145768,1967980665.9965901
7SHAWNEE FP_360002,8CHOCTAW MS_360654,477.94086999172464,500,1153955063.915276,7SHAWNEE_FP_360002-8CHOCTAW_MS_360654,4966,0,1079154289.90625,1468002961.640625,36.032722602451564,0.0024164317358034634,0.06161900926298832,0.5753121224325413,0.3606524365686669,388848671.734375,415801427.137534,1569756491.0528102
8CHOCTAW MS_360654,8E POINT AL_360058,306.6015322661115,500,746754039.005126,8CHOCTAW_MS_360654-8E_POINT_AL_360058,2904,0,636149906.6875,822313617.828125,29.264126141273717,0.11949035812672176,0.21556473829201103,0.30991735537190085,0.3550275482093664,186163711.140625,218531043.93951643,965285082.9446424
8ACKERMAN CC_360627,8E POINT AL_360058,284.9960452771427,500,693237831.4928417,8ACKERMAN_CC_360627-8E_POINT_AL_360058,2724,0,595955398.078125,763426897.859375,28.101347906457885,0.12738619676945667,0.22980910425844348,0.3186490455212922,0.32415565345080766,167471499.78125,194809174.84698772,888047006.3398294
8CLAY_360688,8E POINT AL_360058,236.5679089355367,500,575874344.1502419,8CLAY_360688-8E_POINT_AL_360058,2241,0,490879779.765625,612711122.3125,24.81897759264895,0.15484158857652833,0.23560910307898258,0.4042838018741633,0.20526550647032574,121831342.546875,142926124.4364626,718800468.5867045
8COGEN CALED_360606,8E POINT AL_360058,189.3991297531865,500,458553753.4191532,8COGEN_CALED_360606-8E_POINT_AL_360058,1813,0,395249337.5,477127022.09375,20.715451444305067,0.19139547710976282,0.29233314947600664,0.3982349696635411,0.11803640375068947,81877684.59375,94991480.13558307,553545233.5547363
6CENTER PNT_360533,8E POINT AL_360058,223.40232452326512,500,549750354.1170638,6CENTER_PNT_360533-8E_POINT_AL_360058,2103,0,465913898.390625,520324626.921875,11.678279767827782,0.29814550641940085,0.48311935330480266,0.20637184973846887,0.012363290537327628,54410728.53125,64201384.37841464,613951738.4954784
8BR FERRY NP_360052,8E POINT AL_360058,144.9192986032385,500,352768907.8222916,8BR_FERRY_NP_360052-8E_POINT_AL_360058,1366,0,299500193.6875,313206452.59375,4.576377309642465,0.6991215226939971,0.24158125915080528,0.04026354319180088,0.01903367496339678,13706258.90625,16144036.253052898,368912944.0753445
6LOOPERS FRM_360602,8E POINT AL_360058,230.1534219210589,500,567890177.5707965,6LOOPERS_FRM_360602-8E_POINT_AL_360058,2166,0,481151673.3125,536585564.3125,11.52108453003271,0.30701754385964913,0.47645429362880887,0.20452446906740535,0.012003693444136657,55433891.0,65427107.39568432,633317284.9664809
6COUNTY LINE_360013,8E POINT AL_360058,212.16466217235143,500,529943341.0266801,6COUNTY_LINE_360013-8E_POINT_AL_360058,1945,0,437210890.875,472826128.296875,8.146008748912315,0.4365038560411311,0.44010282776349613,0.12339331619537275,0.0,35615237.421875,43169230.92431159,573112571.9509917
6YOUNG GA_361454,8E POINT AL_360058,182.59724009823913,500,454037633.0759281,6YOUNG_GA_361454-8E_POINT_AL_360058,1626,0,363818658.40625,389945589.359375,7.181305947192773,0.5571955719557196,0.3247232472324723,0.1008610086100861,0.017220172201722016,26126930.953125,32605831.546574928,486643464.62250304
6KENSNGTN GA_361503,8E POINT AL_360058,182.79642840744282,500,454566314.10700995,6KENSNGTN_GA_361503-8E_POINT_AL_360058,1622,0,362839106.171875,387035601.890625,6.668657073388395,0.5653514180024661,0.3366214549938348,0.08076448828606658,0.01726263871763255,24196495.71875,30313468.65893803,484879782.765948
6ALPHA GA_361502,8E POINT AL_360058,249.22392190830442,500,613984971.2962325,6ALPHA_GA_361502-8E_POINT_AL_360058,2346,0,520384686.234375,580718161.78125,11.594014417192433,0.2830349531116795,0.5089514066496164,0.1969309462915601,0.011082693947144074,60333475.546875,71185506.09148002,685170477.3877125
6CLOUDLANDGA_361633,8E POINT AL_360058,164.2930647873121,500,405240325.6063286,6CLOUDLANDGA_361633-8E_POINT_AL_360058,1457,0,323493370.03125,339518296.765625,4.953711024379559,0.5957446808510638,0.36032944406314343,0.04392587508579272,0.0,16024926.734375,20074434.68479232,425314760.29112095
6ROCK SPG GA_361500,8E POINT AL_360058,186.8347335991008,500,463779130.3138944,6ROCK_SPG_GA_361500-8E_POINT_AL_360058,1659,0,370401040.5,396386308.40625,7.015441390545996,0.5467148884870404,0.3465943339361061,0.08981314044605183,0.016877637130801686,25985267.90625,32536153.0687552,496315283.3826496
6WID CRK FP_360068,8E POINT AL_360058,149.76294793036666,500,362866363.8876523,6WID_CRK_FP_360068-8E_POINT_AL_360058,1361,0,296794094.078125,303629598.140625,2.303113235366694,0.7707567964731815,0.2292432035268185,0.0,0.0,6835504.0625,8357223.253390389,371223587.14104265
6WRINGOLD GA_361504,8E POINT AL_360058,220.39614270044535,500,547198251.0778792,6WRINGOLD_GA_361504-8E_POINT_AL_360058,2058,0,459920209.828125,494118593.1875,7.435720942151058,0.4489795918367347,0.45481049562682213,0.09620991253644315,0.0,34198383.359375,40688134.95048219,587886386.0283613
6BATTLFLD GA_361530,8E POINT AL_360058,200.76289593726003,500,502365436.0638157,6BATTLFLD_GA_361530-8E_POINT_AL_360058,1815,0,409263061.265625,434771919.984375,6.2328759013493995,0.5696969696969697,0.3685950413223141,0.031955922865013774,0.02975206611570248,25508858.71875,31311814.201130394,533677250.2649461
6S HAVEN CC_360594,8E POINT AL_360058,397.2979543657327,500,973161311.0698358,6S_HAVEN_CC_360594-8E_POINT_AL_360058,3966,0,874950024.46875,1154071346.0,31.901401648708582,0.06202723146747353,0.21331316187594554,0.32223903177004537,0.40242057488653554,279121321.53125,310452098.53422666,1283613409.6040626
6CONCORD TN_361509,8E POINT AL_360058,242.1831816442575,500,602769300.1839823,6CONCORD_TN_361509-8E_POINT_AL_360058,2257,0,505671230.640625,548147265.609375,8.399931100477653,0.4217988480283562,0.4461674789543642,0.13203367301727958,0.0,42476034.96875,50632205.91028582,653401506.0942681
8BRADLEY TN_360662,8E POINT AL_360058,248.1717011161636,500,615317743.1274238,8BRADLEY_TN_360662-8E_POINT_AL_360058,2302,0,513698631.40625,565610905.765625,10.105589383655778,0.3835794960903562,0.41833188531711557,0.19808861859252824,0.0,51912274.359375,62181484.525235265,677499227.652659
8BENTON MS_360612,8E POINT AL_360058,365.24928547741735,500,890442268.4166932,8BENTON_MS_360612-8E_POINT_AL_360058,3467,0,761274128.828125,996449064.953125,30.89228008930487,0.07095471589270262,0.24113066051341217,0.2939140467262763,0.39400057686760886,235174936.125,275077919.5928447,1165520188.009538
8ANDERSON TN_360120,8E POINT AL_360058,338.894006205786,500,839930560.5658803,8ANDERSON_TN_360120-8E_POINT_AL_360058,3047,0,679441270.375,706504752.15625,3.9831966295354793,0.66918280275681,0.3091565474236954,0.010830324909747292,0.010830324909747292,27063481.78125,33456085.7788986,873386646.3447789
8BULL RUN FP_360093,8E POINT AL_360058,434.0916359972358,500,1084145154.7166467,8BULL_RUN_FP_360093-8E_POINT_AL_360058,3908,0,878188126.625,917432327.078125,4.468769192308031,0.6087512794268168,0.37436028659160697,0.008444216990788126,0.008444216990788126,39244200.453125,48447944.673877746,1132593099.3905244
8DAVIDSON TN_360048,8E POINT AL_360058,273.59802579248213,500,680459075.3905928,8DAVIDSON_TN_360048-8E_POINT_AL_360058,2587,0,578917067.703125,642867032.6875,11.046481189110358,0.5229996134518747,0.2686509470429068,0.12214920757634326,0.08620023192887515,63949964.984375,75166783.7626161,755625859.153209
8CUMBERLAND_360040,8E POINT AL_360058,308.2458309968946,500,744198103.0029671,8CUMBERLAND_360040-8E_POINT_AL_360058,2996,0,651341014.09375,796321578.0625,22.258780090866882,0.22296395193591456,0.30106809078771696,0.22863818424566087,0.2473297730307076,144980563.96875,165649419.18783346,909847522.1908005
7SHAWNEE FP_360002,8E POINT AL_360058,448.05132429368507,500,1074693718.7817254,7SHAWNEE_FP_360002-8E_POINT_AL_360058,4025,0,869013339.296875,1073120973.65625,23.487284386741393,0.16596273291925465,0.22434782608695653,0.4603726708074534,0.1493167701863354,204107634.359375,252416370.01671067,1327110088.7984362
8CHOCTAW MS_360654,8MONTGOMERY_360044,471.8168892723138,500,1136461397.570704,8CHOCTAW_MS_360654-8MONTGOMERY_360044,4398,0,953860835.28125,1335825682.5625,40.04408537945958,0.005684402000909504,0.040927694406548434,0.40200090950432016,0.5513869940882219,381964847.28125,455085572.3478123,1591546969.9185162
8ACKERMAN CC_360627,8MONTGOMERY_360044,452.47464904653026,500,1091112955.9511542,8ACKERMAN_CC_360627-8MONTGOMERY_360044,4268,0,926381913.375,1300057947.375,40.33714698062501,0.0,0.05248359887535145,0.37910028116213684,0.5684161199625117,373676034.0,440123836.76665926,1531236792.7178135
8CLAY_360688,8MONTGOMERY_360044,422.83448675938877,500,1021001211.4593531,8CLAY_360688-8MONTGOMERY_360044,4065,0,884100578.828125,1207156318.953125,36.54060950318687,0.007380073800738007,0.13899138991389914,0.381549815498155,0.47207872078720786,323055740.125,373080065.7021695,1394081277.1615226
8COGEN CALED_360606,8MONTGOMERY_360044,385.0138244850018,500,929156954.897938,8COGEN_CALED_360606-8MONTGOMERY_360044,3803,0,826502842.6875,1108986954.125,34.17823833720399,0.01288456481724954,0.1701288456481725,0.42334998685248487,0.3936366026820931,282484111.4375,317569478.5717243,1246726433.4696622
8E POINT AL_360058,8MONTGOMERY_360044,346.31511016649034,500,857096046.8874743,8E_POINT_AL_360058-8MONTGOMERY_360044,3291,0,733606379.40625,858853592.421875,17.072808597574472,0.3898511090853844,0.2686113643269523,0.14250987541780613,0.19902765116985718,125247213.015625,146330367.58247563,1003426414.46995
6CENTER PNT_360533,8MONTGOMERY_360044,397.97083086935004,500,972906303.884117,6CENTER_PNT_360533-8MONTGOMERY_360044,3674,0,808290330.8125,917883824.28125,13.558679263005136,0.24659771366358194,0.4765922700054437,0.25231355470876426,0.024496461622210124,109593493.46875,131913245.2732055,1104819549.1573224
8BR FERRY NP_360052,8MONTGOMERY_360044,236.7859089865545,500,578961733.363728,8BR_FERRY_NP_360052-8MONTGOMERY_360044,2371,0,521982953.234375,650684521.625,24.656278062942192,0.1809363137916491,0.25305778152678193,0.3188528047237453,0.2471530999578237,128701568.390625,142750414.85619074,721712148.2199187
6LOOPERS FRM_360602,8MONTGOMERY_360044,390.18340879523777,500,952554739.4529917,6LOOPERS_FRM_360602-8MONTGOMERY_360044,3597,0,790169191.265625,896608181.171875,13.47040495666063,0.25243258270781205,0.47261606894634417,0.24993049763691966,0.025020850708924104,106438989.90625,128312980.83818156,1080867720.2911732
8LIMESTONE_360088,8MONTGOMERY_360044,242.47748037504053,500,594107080.7731702,8LIMESTONE_360088-8MONTGOMERY_360044,2334,0,515166734.09375,637466424.265625,23.73982675473354,0.2416452442159383,0.2095115681233933,0.2986289631533848,0.25021422450728364,122299690.171875,141039991.71315545,735147072.4863257
6COUNTY LINE_360013,8MONTGOMERY_360044,372.6051750303291,500,938121732.7103069,6COUNTY_LINE_360013-8MONTGOMERY_360044,3405,0,771660703.625,928644122.8125,20.343580857499322,0.24904552129221733,0.30719530102790016,0.2537444933920705,0.19001468428781204,156983419.1875,190847553.23569497,1128969285.9460018
6YOUNG GA_361454,8MONTGOMERY_360044,330.17907119716926,500,834528541.2103904,6YOUNG_GA_361454-8MONTGOMERY_360044,3091,0,703611135.4375,846313106.8125,20.28136909548326,0.2853445486897444,0.2785506308637981,0.22290520867033323,0.21319961177612423,142701971.375,169253813.65003142,1003782354.8604219
8MADISON AL_360060,8MONTGOMERY_360044,247.63635698069342,500,607773100.5780978,8MADISON_AL_360060-8MONTGOMERY_360044,2347,0,518970590.71875,641818640.21875,23.671485763742652,0.2351938645078824,0.2190029825308905,0.2969748615253515,0.2488282914358756,122848049.5,143868922.97920173,751642023.5572996
6KENSNGTN GA_361503,8MONTGOMERY_360044,330.4746556094409,500,834902771.4515967,6KENSNGTN_GA_361503-8MONTGOMERY_360044,3086,0,702058460.625,839888307.109375,19.632246346219297,0.30654569021386907,0.27867790019442645,0.20123136746597536,0.2135450421257291,137829846.484375,163910168.84278974,998812940.2943865
6ALPHA GA_361502,8MONTGOMERY_360044,370.678350366765,500,904337826.4935094,6ALPHA_GA_361502-8MONTGOMERY_360044,3413,0,749209356.703125,852393078.109375,13.772348207223018,0.25490770583064754,0.45531790213888074,0.26340462935833575,0.02636976267213595,103183721.40625,124548554.43431845,1028886380.9278278
6CLOUDLANDGA_361633,8MONTGOMERY_360044,304.1695257542188,500,767152804.9768609,6CLOUDLANDGA_361633-8MONTGOMERY_360044,2831,0,642960572.796875,775563628.28125,20.623823776246873,0.2892970681737902,0.2673966796185094,0.21935711762628046,0.22394913458142,132603055.484375,158216242.59296265,925369047.5698235
8MAGNOL CC1_360613,8MONTGOMERY_360044,295.54553216407595,500,717618456.0674679,8MAGNOL_CC1_360613-8MONTGOMERY_360044,2526,0,551981755.078125,774243460.75,40.26613264426051,0.0023752969121140144,0.06452889944576405,0.35233570863024544,0.5807600950118765,222261705.671875,288957199.399821,1006575655.467289
6ROCK SPG GA_361500,8MONTGOMERY_360044,334.51296080109887,500,844159974.6886044,6ROCK_SPG_GA_361500-8MONTGOMERY_360044,3123,0,709666675.890625,849186301.234375,19.65988119262527,0.30099263528658343,0.28338136407300674,0.20461095100864554,0.21101504963176432,139519625.34375,165960848.09947518,1010120822.7880795
6WID CRK FP_360068,8MONTGOMERY_360044,270.4839413419472,500,679672893.5155551,6WID_CRK_FP_360068-8MONTGOMERY_360044,2465,0,557728555.59375,689337749.796875,23.59735625568171,0.24056795131845843,0.23448275862068965,0.26247464503042595,0.26247464503042595,131609194.203125,160384834.05616572,840057727.5717208
6WRINGOLD GA_361504,8MONTGOMERY_360044,369.22555816062936,500,900295709.3707321,6WRINGOLD_GA_361504-8MONTGOMERY_360044,3401,0,746107752.515625,856781097.5625,14.833426495532521,0.251102616877389,0.4084092913848868,0.3140252866803881,0.02646280505733608,110673345.046875,133544702.29194063,1033840411.6626728
6BATTLFLD GA_361530,8MONTGOMERY_360044,308.20627899103346,500,778299414.5659559,6BATTLFLD_GA_361530-8MONTGOMERY_360044,2851,0,647285310.84375,792185581.859375,22.38584262428951,0.2283409330059628,0.2735882146615223,0.27008067344791303,0.2279901788846019,144900271.015625,174228882.0905015,952528296.6564574
6S HAVEN CC_360594,8MONTGOMERY_360044,382.27593472801885,500,938986809.162966,6S_HAVEN_CC_360594-8MONTGOMERY_360044,3406,0,754439231.03125,1062880841.59375,40.88355932139005,0.0017615971814445098,0.04785672342924251,0.3537874339401057,0.5965942454492072,308441610.5625,383891229.1441688,1322878038.3071349
6CONCORD TN_361509,8MONTGOMERY_360044,376.18114257290085,500,919098908.0763626,6CONCORD_TN_361509-8MONTGOMERY_360044,3470,0,762908451.90625,874321787.484375,14.603762128960662,0.26051873198847264,0.4037463976945245,0.30979827089337175,0.025936599423631124,111413335.578125,134223018.26534683,1053321926.3417094
8BRADLEY TN_360662,8MONTGOMERY_360044,339.14462961288757,500,825994020.0426679,8BRADLEY_TN_360662-8MONTGOMERY_360044,3126,0,684972283.203125,781783618.296875,14.133613500539433,0.26711452335252717,0.42130518234165065,0.2827895073576456,0.028790786948176585,96811335.09375,116742802.33039889,942736822.3730668
8BENTON MS_360612,8MONTGOMERY_360044,324.0188763505639,500,789334546.1302536,8BENTON_MS_360612-8MONTGOMERY_360044,2919,0,639962254.6875,881284222.15625,37.708781369705925,0.0020554984583761563,0.05618362452894827,0.49708804385063377,0.4446728331620418,241321967.46875,297648438.2758179,1086982984.4060714
8FRANKLIN TN_360069,8MONTGOMERY_360044,220.5271686714898,500,549000464.0531058,8FRANKLIN_TN_360069-8MONTGOMERY_360044,2052,0,459617851.375,575894381.53125,25.298523503470392,0.2831384015594542,0.14230019493177387,0.2655945419103314,0.30896686159844056,116276530.15625,138889011.4326365,687889475.4857423
8HAYWOOD TN_360542,8MONTGOMERY_360044,250.4203374450151,500,607424102.4940085,8HAYWOOD_TN_360542-8MONTGOMERY_360044,2240,0,489599250.21875,640952479.859375,30.913697186627907,0.07455357142857143,0.13348214285714285,0.5,0.29196428571428573,151353229.640625,187777247.6835901,795201350.1775987
8HIWASSEE TN_360110,8MONTGOMERY_360044,291.940123164767,500,710120359.8138236,8HIWASSEE_TN_360110-8MONTGOMERY_360044,2715,0,594431967.890625,679425586.1875,14.29829196408794,0.25009208103130753,0.45340699815837937,0.25193370165745854,0.04456721915285451,84993618.296875,101535082.34261231,811655442.1564358
8LAG CRK CC_360615,8MONTGOMERY_360044,262.85248681040656,500,635388114.5902771,8LAG_CRK_CC_360615-8MONTGOMERY_360044,2415,0,525575901.703125,681166617.0625,29.603852622463165,0.07991718426501035,0.1246376811594203,0.5706004140786749,0.2248447204968944,155590715.359375,188099361.02395302,823487475.6142302
8MAURY TN_360050,8MONTGOMERY_360044,122.02977915684133,500,305512444.8926126,8MAURY_TN_360050-8MONTGOMERY_360044,1197,0,269841312.203125,375611282.3125,39.197100416468444,0.011695906432748537,0.07518796992481203,0.36507936507936506,0.5480367585630743,105769970.109375,119752019.80936518,425264464.7019777
8JACKSON TN_360019,8MONTGOMERY_360044,205.12986345432287,500,498345043.08853185,8JACKSON_TN_360019-8MONTGOMERY_360044,1825,0,399250055.78125,526602535.421875,31.89792406952141,0.09150684931506849,0.16383561643835617,0.34849315068493153,0.39616438356164385,127352479.640625,158961723.44860363,657306766.5371355
8ANDERSON TN_360120,8MONTGOMERY_360044,311.6338504815551,500,766142114.7461004,8ANDERSON_TN_360120-8MONTGOMERY_360044,3044,0,672517578.484375,746793307.140625,11.044429325348215,0.266754270696452,0.5413929040735874,0.19185282522996058,0.0,74275728.65625,84616024.39486128,850758139.1409616
8BULL RUN FP_360093,8MONTGOMERY_360044,366.10988945087615,500,900068661.5657669,8BULL_RUN_FP_360093-8MONTGOMERY_360044,3670,0,811576193.765625,889935817.953125,9.65523937116981,0.3460490463215259,0.49264305177111717,0.16130790190735694,0.0,78359624.1875,86903783.77905907,986972445.344826
8JVILLE FP_360037,8MONTGOMERY_360044,116.67693495759892,500,284640600.7375314,8JVILLE_FP_360037-8MONTGOMERY_360044,1029,0,226003866.34375,294394412.359375,30.260785853815243,0.14091350826044705,0.09329446064139942,0.4518950437317784,0.3138969873663751,68390546.015625,86134482.64219762,370775083.37972903
8DAVIDSON TN_360048,8MONTGOMERY_360044,79.56832462530072,500,199393207.33279482,8DAVIDSON_TN_360048-8MONTGOMERY_360044,760,0,171460297.0,237511151.1875,38.52253573752995,0.0,0.019736842105263157,0.5302631578947369,0.45,66050854.1875,76811319.55298308,276204526.8857779
8GLEASON CT_360582,8MONTGOMERY_360044,174.4765778238521,500,425469161.9038136,8GLEASON_CT_360582-8MONTGOMERY_360044,1694,0,372025631.40625,477692922.9375,28.40322886673954,0.13046044864226683,0.2077922077922078,0.3400236127508855,0.3217237308146399,105667291.53125,120846979.81293876,546316141.7167524
8LAG CRK CT_360568,8MONTGOMERY_360044,196.05318820716812,500,476895170.16929984,8LAG_CRK_CT_360568-8MONTGOMERY_360044,1918,0,420117335.90625,530593798.984375,26.296573275133305,0.11522419186652763,0.30031282586027114,0.30031282586027114,0.2841501564129301,110476463.078125,125407087.8691416,602302258.0384414
8CUMBERLAND_360040,8MONTGOMERY_360044,79.85111683143651,500,195477185.14547628,8CUMBERLAND_360040-8MONTGOMERY_360044,759,0,167324533.09375,231800440.421875,38.53344523722644,0.0,0.06982872200263504,0.43478260869565216,0.49538866930171277,64475907.328125,75324094.08930384,270801279.23478013
8MARSHALL KY_360015,8MONTGOMERY_360044,199.69822720199807,500,482101461.53462267,8MARSHALL_KY_360015-8MONTGOMERY_360044,2043,0,443817486.125,534358614.296875,20.40053197596958,0.21145374449339208,0.25599608418991676,0.4400391581008321,0.09251101321585903,90541128.171875,98351262.81698738,580452724.3516101
7SHAWNEE FP_360002,8MONTGOMERY_360044,287.7820322533571,500,693520619.643349,7SHAWNEE_FP_360002-8MONTGOMERY_360044,2663,0,578052097.375,741027851.8125,28.19395607724482,0.08298911002628614,0.16410063837776942,0.5553886594066841,0.19752159218926024,162975754.4375,195530898.88888195,889051518.532231
8CHOCTAW MS_360654,8UNION MS_360033,148.24710380765097,500,357920828.85484767,8CHOCTAW_MS_360654-8UNION_MS_360033,1427,0,310266191.828125,435859214.046875,40.47911939059203,0.0,0.050455501051156273,0.37631394533987383,0.5732305536089699,125593022.21875,144883199.63595036,502804028.490798
8ACKERMAN CC_360627,8UNION MS_360033,130.55419474456977,500,316575998.4747325,8ACKERMAN_CC_360627-8UNION_MS_360033,1300,0,283946093.671875,402383988.921875,41.71140152639872,0.0,0.026153846153846153,0.3646153846153846,0.6092307692307692,118437895.25,132048285.86000156,448624284.3347341
8CLAY_360688,8UNION MS_360033,112.0956038459143,500,269049170.86370087,8CLAY_360688-8UNION_MS_360033,1121,0,242132710.8125,325580293.828125,34.463572780236284,0.0,0.06155218554861731,0.6592328278322926,0.2792149866190901,83447583.015625,92723956.81523383,361773127.6789347
8COGEN CALED_360606,8UNION MS_360033,107.44622069010528,500,259962650.49464163,8COGEN_CALED_360606-8UNION_MS_360033,972,0,211606462.6875,282994082.65625,33.73603011084547,0.0,0.1646090534979424,0.48662551440329216,0.3487654320987654,71387619.96875,87701078.04782426,347663728.5424659
8E POINT AL_360058,8UNION MS_360033,247.6818505325729,500,609323914.1202267,8E_POINT_AL_360058-8UNION_MS_360033,2461,0,544312740.03125,662413927.875,21.69730361941733,0.13571718813490452,0.35920357578220236,0.3636733035351483,0.1414059325477448,118101187.84375,132206859.6723833,741530773.79261
8TRICO STEEL_360014,8UNION MS_360033,188.83399989796442,500,458403267.25997096,8TRICO_STEEL_360014-8UNION_MS_360033,1844,0,403157890.234375,518310788.015625,28.562729533658903,0.17950108459869848,0.1762472885032538,0.2668112798264642,0.3774403470715835,115152897.78125,130932485.40092108,589335752.660892
6CENTER PNT_360533,8UNION MS_360033,433.99539587348784,500,1061214624.3631444,6CENTER_PNT_360533-8UNION_MS_360033,4247,0,934837944.078125,1123134390.671875,20.142148463970976,0.22580645161290322,0.331763597833765,0.26277372262773724,0.17965622792559455,188296446.59375,213751425.16059646,1274966049.5237408
8BR FERRY NP_360052,8UNION MS_360033,196.06132454877405,500,478579301.5209838,8BR_FERRY_NP_360052-8UNION_MS_360033,1863,0,409636911.765625,517178992.359375,26.25302493620998,0.28556092324208265,0.13580246913580246,0.18894256575415996,0.3896940418679549,107542080.59375,125641543.36784342,604220844.8888272
6LOOPERS FRM_360602,8UNION MS_360033,440.7464932712815,500,1079354447.8168771,6LOOPERS_FRM_360602-8UNION_MS_360033,4310,0,950075719.0,1139395328.0625,19.926791652118837,0.23132250580046404,0.3306264501160093,0.26102088167053367,0.17703016241299305,189319609.0625,215080712.00434685,1294435159.821224
8LIMESTONE_360088,8UNION MS_360033,219.80807778558875,500,535536688.8471298,8LIMESTONE_360088-8UNION_MS_360033,2102,0,461232919.6875,568775000.28125,23.316219637274195,0.36679352997145576,0.1203615604186489,0.16745956232159848,0.34538534728829684,107542080.59375,124866910.60978249,660403599.4569123
6COUNTY LINE_360013,8UNION MS_360033,409.02592185728673,500,1002050629.801948,6COUNTY_LINE_360013-8UNION_MS_360033,3994,0,880310344.703125,1050675744.515625,19.352879451843073,0.23034551827741612,0.35628442663995996,0.23910866299449174,0.1742613920881322,170365399.8125,193925650.4320053,1195976280.2339532
6YOUNG GA_361454,8UNION MS_360033,375.12881148672506,500,915171892.0876693,6YOUNG_GA_361454-8UNION_MS_360033,3665,0,804795763.921875,968903989.15625,20.391288397773643,0.25593451568894954,0.2993178717598909,0.2398362892223738,0.2049113233287858,164108225.234375,186615339.8509584,1101787231.9386277
8MADISON AL_360060,8UNION MS_360033,259.3656881433958,500,634399000.3691902,8MADISON_AL_360060-8UNION_MS_360033,2462,0,542288215.9375,657082276.03125,21.168459265760674,0.3399675060926076,0.2148659626320065,0.1502843216896832,0.29488220958570266,114794060.09375,134292493.97554496,768691494.3447351
6KENSNGTN GA_361503,8UNION MS_360033,375.3279997959288,500,915700573.1187512,6KENSNGTN_GA_361503-8UNION_MS_360033,3661,0,803816211.6875,965994001.6875,20.175978991457555,0.25921879267959574,0.3045615951925703,0.23108440316853318,0.20513520895930074,162177790.0,184751555.2570957,1100452128.3758469
6ALPHA GA_361502,8UNION MS_360033,459.8169932585271,500,1125449241.542313,6ALPHA_GA_361502-8UNION_MS_360033,4490,0,989308731.921875,1183527925.53125,19.63180828618345,0.221826280623608,0.3534521158129176,0.25478841870824054,0.16993318485523384,194219193.609375,220946037.4578926,1346395279.0002058
6CLOUDLANDGA_361633,8UNION MS_360033,355.6030127942055,500,864835504.0183699,6CLOUDLANDGA_361633-8UNION_MS_360033,3470,0,759490531.53125,911546181.59375,20.020743346981874,0.25936599423631124,0.30864553314121035,0.2314121037463977,0.20057636887608069,152055650.0625,173146496.63309494,1037982000.6514648
8MAGNOL CC1_360613,8UNION MS_360033,65.28125968493524,500,158219992.21730244,8MAGNOL_CC1_360613-8UNION_MS_360033,588,0,128373580.453125,190146603.125,48.119731843446644,0.0,0.0,0.09523809523809523,0.9047619047619048,61773022.671875,76135035.97768809,234355028.19499052
6ROCK SPG GA_361500,8UNION MS_360033,379.36630498758683,500,924913389.3256356,6ROCK_SPG_GA_361500-8UNION_MS_360033,3698,0,811378146.015625,975344708.203125,20.20840257932488,0.25392103839913466,0.30935640886965926,0.23363980530016226,0.20308274743104382,163966562.1875,186910221.22500288,1111823610.5506384
6WID CRK FP_360068,8UNION MS_360033,332.5102920148191,500,804269386.4105399,6WID_CRK_FP_360068-8UNION_MS_360033,3213,0,699477838.96875,843675551.09375,20.615050841009165,0.2841581076875195,0.26112667289137875,0.23809523809523808,0.2166199813258637,144197712.125,165800542.90720522,970069929.3177451
6WRINGOLD GA_361504,8UNION MS_360033,417.2574023853806,500,1019305539.853147,6WRINGOLD_GA_361504-8UNION_MS_360033,4107,0,903019663.65625,1071968209.40625,18.709287576966126,0.24226929632335037,0.36596055514974435,0.22230338446554662,0.16946676406135866,168948545.75,190704804.73907235,1210010344.5922194
6BATTLFLD GA_361530,8UNION MS_360033,386.9483309331223,500,945888128.4277735,6BATTLFLD_GA_361530-8UNION_MS_360033,3711,0,816403719.703125,977429901.125,19.723842204005404,0.29641606036108864,0.27566693613581245,0.22096469954190245,0.20695230396119643,161026181.421875,186565481.87751403,1132453610.3052876
6S HAVEN CC_360594,8UNION MS_360033,162.04953888003993,500,402532307.13367826,6S_HAVEN_CC_360594-8UNION_MS_360033,1599,0,358060824.28125,507730311.03125,41.80001737147248,0.0,0.0,0.40150093808630394,0.5984990619136961,149669486.75,168258574.30766645,570790881.4413447
6CONCORD TN_361509,8UNION MS_360033,439.04444132919275,500,1074876588.95925,6CONCORD_TN_361509-8UNION_MS_360033,4306,0,948770684.46875,1125996881.828125,18.679560852853516,0.23757547607988852,0.36553646075243845,0.23525313516024152,0.16163492800743148,177226197.359375,200782226.52771926,1275658815.4869692
8BRADLEY TN_360662,8UNION MS_360033,445.0329608010989,500,1087425031.9026916,8BRADLEY_TN_360662-8UNION_MS_360033,4351,0,956798085.234375,1143460521.984375,19.5090729831755,0.21925994024362216,0.3516433003907148,0.2691335325212595,0.1599632268444036,186662436.75,212146543.11121556,1299571575.0139072
8RACCOON MTN_360079,8UNION MS_360033,374.0772335353286,500,908471490.5773151,8RACCOON_MTN_360079-8UNION_MS_360033,3580,0,782348208.453125,932915550.6875,19.245566182362683,0.3170391061452514,0.2620111731843575,0.22150837988826816,0.19944134078212292,150567342.234375,174840481.96695393,1083311972.544269
8BENTON MS_360612,8UNION MS_360033,140.0530907838654,500,346214273.449098,8BENTON_MS_360612-8UNION_MS_360033,1244,0,277345572.25,399412048.375,44.01241207303968,0.0,0.0,0.2869774919614148,0.7130225080385852,122066476.125,152377252.6860974,498591526.1351954
8SEQUOYAH NP_360081,8UNION MS_360033,420.715701014128,500,1036133914.7782531,8SEQUOYAH_NP_360081-8UNION_MS_360033,3964,0,879013693.421875,1029665510.03125,17.13873375770847,0.26765893037336025,0.41372351160444,0.13546922300706357,0.18314833501513622,150651816.609375,177580233.02716675,1213714147.80542
8FRANKLIN TN_360069,8UNION MS_360033,308.08959718096816,500,745343062.5050654,8FRANKLIN_TN_360069-8UNION_MS_360033,2870,0,625222443.953125,754249316.609375,20.636954719738696,0.27177700348432055,0.3118466898954704,0.16341463414634147,0.2529616724738676,129026872.65625,153816110.31588402,899159172.8209494
8SHELBY TN_360021,8UNION MS_360033,159.7690323298838,500,389587746.538424,8SHELBY_TN_360021-8UNION_MS_360033,1432,0,314473963.859375,446571924.25,42.00600862769548,0.0,0.0,0.3973463687150838,0.6026536312849162,132097960.390625,163650262.42337477,553238008.9617988
8HAYWOOD TN_360542,8UNION MS_360033,146.58013629058814,500,357720541.75946474,8HAYWOOD_TN_360542-8UNION_MS_360033,1447,0,318224795.390625,462183398.46875,45.23802204080734,0.0,0.0,0.23082239115411196,0.769177608845888,143958603.078125,161825697.52564207,519546239.2851068
8HIWASSEE TN_360110,8UNION MS_360033,444.0333827986844,500,1077696598.7301679,8HIWASSEE_TN_360110-8UNION_MS_360033,4139,0,904565762.734375,1044726592.71875,15.4948192556712,0.3723121526938874,0.3389707658854796,0.11331239429813965,0.17540468712249335,140160829.984375,166987140.0977556,1244683738.8279235
8LAG CRK CC_360615,8UNION MS_360033,165.59435703171124,500,402931626.20004827,8LAG_CRK_CC_360615-8UNION_MS_360033,1563,0,343274611.0,492078122.6875,43.3482427535254,0.0,0.0,0.344849648112604,0.655150351887396,148803511.6875,174663779.45592445,577595405.6559727
8MAURY TN_360050,8UNION MS_360033,246.87196082660776,500,594754848.2598523,8MAURY_TN_360050-8UNION_MS_360033,2213,0,480327548.671875,657620252.375,36.910792269430814,0.08992318120198825,0.06823316764572977,0.2928151830094894,0.5490284681427926,177292703.703125,219528726.55356255,814283574.8134148
8JACKSON TN_360019,8UNION MS_360033,161.60464930161928,500,394933859.681777,8JACKSON_TN_360019-8UNION_MS_360033,1674,0,368076795.5625,531069005.40625,44.28212041855642,0.0,0.0,0.28793309438470727,0.7120669056152927,162992209.84375,174885087.31793714,569818946.9997141
8RUTHERFORD_360010,8UNION MS_360033,295.77148027300495,500,717376210.9331001,8RUTHERFORD_360010-8UNION_MS_360033,2671,0,583655283.21875,782606110.28125,34.08704294859173,0.08648446274803444,0.11943092474728566,0.3354548858105578,0.45862972669412205,198950827.0625,244532337.12374583,961908548.0568459
8ANDERSON TN_360120,8UNION MS_360033,493.3495580585937,500,1206305742.1150336,8ANDERSON_TN_360120-8UNION_MS_360033,4525,0,995565264.453125,1139228754.671875,14.430343780391519,0.3904972375690608,0.345414364640884,0.103646408839779,0.16044198895027625,143663490.21875,174074065.62980253,1380379807.744836
8BULL RUN FP_360093,8UNION MS_360033,581.3802657631767,500,1436597312.5249026,8BULL_RUN_FP_360093-8UNION_MS_360033,5284,0,1175540446.75,1345268559.46875,14.438304797422742,0.36317183951551857,0.3711203633610901,0.11828160484481454,0.14742619227857684,169728112.71875,207420298.69392917,1644017611.2188318
8JVILLE FP_360037,8UNION MS_360033,221.67559728300367,500,529244441.2131594,8JVILLE_FP_360037-8UNION_MS_360033,2165,0,465326001.3125,648510440.0,39.36690366985929,0.039722863741339494,0.04434180138568129,0.34595842956120093,0.5699769053117782,183184438.6875,208347149.35046956,737591590.5636289
8PIN HOOK TN_360581,8UNION MS_360033,318.5688049238145,500,785669180.66322,8PIN_HOOK_TN_360581-8UNION_MS_360033,2863,0,636271526.28125,855198501.984375,34.40779080319132,0.060775410408662245,0.12329724065665386,0.3629060426126441,0.4530213063220398,218926975.703125,270331408.087748,1056000588.750968
8PLATEAU TN_360077,8UNION MS_360033,433.59951262839763,500,1052621980.0921426,8PLATEAU_TN_360077-8UNION_MS_360033,3922,0,857694803.296875,1007064488.609375,17.41524896015938,0.38908720040795514,0.2427332993370729,0.16930137684854665,0.1988781234064253,149369685.3125,183316738.44240597,1235938718.5345485
8DAVIDSON TN_360048,8UNION MS_360033,276.44176598000234,500,671684480.3005226,8DAVIDSON_TN_360048-8UNION_MS_360033,2438,0,533710707.203125,768868497.84375,44.060909302898125,0.0,0.03609515996718622,0.22272354388843313,0.7411812961443807,235157790.640625,295950289.6668559,967634769.9673784
8GLEASON CT_360582,8UNION MS_360033,225.63522071561417,500,546427538.517455,8GLEASON_CT_360582-8UNION_MS_360033,2349,0,512078327.71875,725132265.875,41.605732292046184,0.0,0.06470838654746701,0.2962962962962963,0.6389953171562367,213053938.15625,227345178.84558988,773772717.3630449
8LAG CRK CT_360568,8UNION MS_360033,230.05006486383877,500,559450731.827967,8LAG_CRK_CT_360568-8UNION_MS_360033,2379,0,520636560.921875,721058474.359375,38.4955511158531,0.0,0.14417822614543926,0.29129886506935687,0.5645229087852038,200421913.4375,215363642.4388493,774814374.2668164
8CUMBERLAND_360040,8UNION MS_360033,278.1289089100278,500,667170254.2300239,8CUMBERLAND_360040-8UNION_MS_360033,2639,0,570103657.78125,792029718.109375,38.92731739203794,0.027283061765820387,0.03220917014020462,0.42326638878363015,0.5172413793103449,221926060.328125,259711482.40938783,926881736.6394117
8PHIPPS B NP_360102,8UNION MS_360033,670.8708826073678,500,1666093211.602961,8PHIPPS_B_NP_360102-8UNION_MS_360033,6181,0,1382813403.34375,1555479235.21875,12.486560475728737,0.435042873321469,0.33780941595211134,0.10111632421938198,0.12603138650703768,172665831.875,208037736.4488149,1874130948.051776
8MONTGOMERY_360044,8UNION MS_360033,327.72257767079867,500,789359884.1796482,8MONTGOMERY_360044-8UNION_MS_360033,3014,0,653573375.578125,908080177.703125,38.940815466950966,0.00829462508294625,0.035832780358327807,0.46118115461181153,0.4946914399469144,254506802.125,307383175.8685347,1096743060.048183
8MARSHALL KY_360015,8UNION MS_360033,331.5543570317112,500,801262383.7817258,8MARSHALL_KY_360015-8UNION_MS_360033,3407,0,741297928.109375,1036441269.171875,39.814402532493375,0.0,0.05019078368065747,0.41502788376871147,0.5347813325506311,295143341.0625,319017830.8203082,1120280214.602034
7SHAWNEE FP_360002,8UNION MS_360033,347.6052401492569,500,838021771.9615982,7SHAWNEE_FP_360002-8UNION_MS_360033,3587,0,778123003.203125,1051342662.234375,35.112656727348735,0.0,0.1343741287984388,0.4831335377752997,0.3824923334262615,273219659.03125,294251708.0893212,1132273480.0509193
8PARADISE CC_360117,8UNION MS_360033,400.09226596724795,500,961384297.5534619,8PARADISE_CC_360117-8UNION_MS_360033,3780,0,818098158.546875,1112232492.515625,35.953428191453,0.02486772486772487,0.08888888888888889,0.464021164021164,0.4222222222222222,294134333.96875,345650613.06478876,1307034910.6182506
8PARADISE CC_360117,8UNION MS_360033,400.09226596724795,500,961384297.5534619,8PARADISE_CC_360117-8UNION_MS_360033,3780,0,818098158.546875,1112232492.515625,35.953428191453,0.02486772486772487,0.08888888888888889,0.464021164021164,0.4222222222222222,294134333.96875,345650613.06478876,1307034910.6182506
8CHOCTAW MS_360654,8LAG CRK CT_360568,362.6917076790742,500,879421955.2599002,8CHOCTAW_MS_360654-8LAG_CRK_CT_360568,3748,0,817987648.859375,1130555135.453125,38.21176114695655,0.0096051227321238,0.06803628601921025,0.43676627534685164,0.4855923159018143,312567486.59375,336042617.01780814,1215464572.2777083
8ACKERMAN CC_360627,8LAG CRK CT_360568,349.4632596339174,500,847786397.9403503,8ACKERMAN_CC_360627-8LAG_CRK_CT_360568,3618,0,790087321.671875,1094282107.828125,38.50141342763918,0.009950248756218905,0.05334438916528469,0.45245992260917633,0.4842454394693201,304194786.15625,326409746.05430454,1174196143.994655
8CLAY_360688,8LAG CRK CT_360568,339.832805076868,500,822714550.5013051,8CLAY_360688-8LAG_CRK_CT_360568,3482,0,758705149.125,1040499322.71875,37.14146054218001,0.0,0.1183228029867892,0.4115450890292935,0.4701321079839173,281794173.59375,305568200.1492159,1128282750.650521
8COGEN CALED_360606,8LAG CRK CT_360568,323.6100583009282,500,780094190.7901232,8COGEN_CALED_360606-8LAG_CRK_CT_360568,3245,0,704432875.15625,983812071.390625,39.66015870176503,0.0,0.09429892141756549,0.32973805855161786,0.5759630200308167,279379196.234375,309386594.09061253,1089480784.8807359
8E POINT AL_360058,8LAG CRK CT_360568,340.7036945022353,500,821431330.2655921,8E_POINT_AL_360058-8LAG_CRK_CT_360568,3029,0,657760292.625,811493325.96875,23.372197298537102,0.21888412017167383,0.27104655001650707,0.23737206999009575,0.2726972598217233,153733033.34375,191986551.1816721,1013417881.4472642
6CENTER PNT_360533,8LAG CRK CT_360568,476.61622043501626,500,1163492981.3503313,6CENTER_PNT_360533-8LAG_CRK_CT_360568,4436,0,974501863.09375,1161530410.703125,19.19222063009871,0.207619477006312,0.37376014427412085,0.2709648331830478,0.14765554553651938,187028547.609375,223300139.9964688,1386793121.3468
8BR FERRY NP_360052,8LAG CRK CT_360568,253.2297140379136,500,609360597.7131052,8BR_FERRY_NP_360052-8LAG_CRK_CT_360568,2195,0,475525882.734375,600796452.71875,26.343586023970467,0.0856492027334852,0.3339407744874715,0.30296127562642367,0.2774487471526196,125270569.984375,160527433.2547325,769888030.9678377
6LOOPERS FRM_360602,8LAG CRK CT_360568,483.36731783281004,500,1181632804.8040643,6LOOPERS_FRM_360602-8LAG_CRK_CT_360568,4499,0,989739638.015625,1177791348.09375,19.000119107602753,0.21315847966214715,0.37208268504112024,0.2691709268726384,0.14558790842409425,188051710.078125,224511640.32727936,1406144445.1313436
6COUNTY LINE_360013,8LAG CRK CT_360568,447.37882435745735,500,1092417670.407766,6COUNTY_LINE_360013-8LAG_CRK_CT_360568,4177,0,917391596.578125,1086074376.921875,18.38721664477172,0.2008618625807996,0.4163275077807039,0.24203974144122575,0.14077088819727077,168682780.34375,200865203.72364423,1293282874.1314104
6YOUNG GA_361454,8LAG CRK CT_360568,405.79250624404943,500,995281260.818108,6YOUNG_GA_361454-8LAG_CRK_CT_360568,3886,0,858786862.359375,1032735282.25,20.255132852490366,0.14462171899125065,0.43000514668039114,0.26042202779207413,0.1649511065362841,173948419.890625,201595541.6346489,1196876802.452757
6KENSNGTN GA_361503,8LAG CRK CT_360568,406.0880906563209,500,995655491.0593143,6KENSNGTN_GA_361503-8LAG_CRK_CT_360568,3881,0,857234187.546875,1026310482.546875,19.72346617251013,0.16129863437258438,0.43030146869363567,0.24323627930945632,0.16516361762432363,169076295.0,196377773.97382346,1192033265.0331378
6ALPHA GA_361502,8LAG CRK CT_360568,466.37336992795224,500,1145613903.351798,6ALPHA_GA_361502-8LAG_CRK_CT_360568,4678,0,1034523642.015625,1196211556.3125,15.629214039212158,0.30055579307396324,0.357631466438649,0.2501068832834545,0.0917058572039333,161687914.296875,179050449.01782563,1324664352.3696237
6CLOUDLANDGA_361633,8LAG CRK CT_360568,379.7829608010988,500,927905524.5845784,6CLOUDLANDGA_361633-8LAG_CRK_CT_360568,3626,0,798136299.71875,961985803.71875,20.529012908915156,0.13761720904578048,0.43215664644236074,0.26034197462768893,0.16988416988416988,163849504.0,190489844.924505,1118395369.5090833
6ROCK SPG GA_361500,8LAG CRK CT_360568,410.1263958479788,500,1004912694.2963219,6ROCK_SPG_GA_361500-8LAG_CRK_CT_360568,3918,0,864842402.8125,1035608476.671875,19.745340110988696,0.1582440020418581,0.4326186830015314,0.24553343542623787,0.16360387953037264,170766073.859375,198423429.30730885,1203336123.6036308
6WID CRK FP_360068,8LAG CRK CT_360568,346.2555387269866,500,840110125.0935488,6WID_CRK_FP_360068-8LAG_CRK_CT_360568,3263,0,712450310.921875,863244338.75,21.165550146648826,0.12810297272448667,0.4299724180202268,0.2583512105424456,0.18357339871284095,150794027.828125,177813929.81374922,1017924054.907298
6WRINGOLD GA_361504,8LAG CRK CT_360568,455.61030488555116,500,1109672580.4589653,6WRINGOLD_GA_361504-8LAG_CRK_CT_360568,4290,0,940100915.53125,1107366841.8125,17.792337345691035,0.21305361305361306,0.424009324009324,0.22587412587412586,0.13706293706293707,167265926.28125,197436688.94789386,1307109269.4068592
6BATTLFLD GA_361530,8LAG CRK CT_360568,388.5389997704198,500,954083786.6995519,6BATTLFLD_GA_361530-8LAG_CRK_CT_360568,3744,0,828805985.875,1002570020.34375,20.965586329025008,0.14583333333333334,0.4043803418803419,0.27403846153846156,0.17574786324786323,173764034.46875,200029259.9517254,1154113046.6512773
6S HAVEN CC_360594,8LAG CRK CT_360568,243.65607127369594,500,599916023.6842606,6S_HAVEN_CC_360594-8LAG_CRK_CT_360568,2321,0,514860695.578125,675462619.15625,31.193277124754857,0.06031882809133994,0.08315381301163291,0.6337785437311504,0.22274881516587677,160601923.578125,187133467.7836414,787049491.467902
6CONCORD TN_361509,8LAG CRK CT_360568,471.87616213408813,500,1160374984.934651,6CONCORD_TN_361509-8LAG_CRK_CT_360568,4735,0,1048222737.21875,1218205112.609375,16.2162457801325,0.30390707497360087,0.32101372756071805,0.28447729672650474,0.09060190073917634,169982375.390625,188169259.52817845,1348544244.4628294
8BRADLEY TN_360662,8LAG CRK CT_360568,434.8396491740748,500,1067270096.9009564,8BRADLEY_TN_360662-8LAG_CRK_CT_360568,4391,0,970286568.515625,1125602096.5,16.007181076615495,0.31222956046458666,0.3270325666135277,0.26303803233887496,0.0976998405830107,155315527.984375,170839856.98750576,1238109953.888462
8BENTON MS_360612,8LAG CRK CT_360568,165.60624012374802,500,399922693.46158206,8BENTON_MS_360612-8LAG_CRK_CT_360568,1501,0,326577963.3125,415048882.921875,27.090290695676188,0.04930046635576282,0.12858094603597603,0.770819453697535,0.051299133910726186,88470919.609375,108340220.21672057,508262913.67830265
8FRANKLIN TN_360069,8LAG CRK CT_360568,300.9132530710069,500,724333038.7954308,8FRANKLIN_TN_360069-8LAG_CRK_CT_360568,2905,0,629480419.03125,775706521.6875,23.22965071436014,0.09845094664371773,0.3934595524956971,0.30567986230636834,0.20240963855421687,146226102.65625,168260034.9208893,892593073.71632
8HAYWOOD TN_360542,8LAG CRK CT_360568,99.33214280248093,500,235726568.6403377,8HAYWOOD_TN_360542-8LAG_CRK_CT_360568,968,0,206689359.015625,258066439.125,24.85714811544366,0.038223140495867766,0.1993801652892562,0.762396694214876,0.0,51377080.109375,58594902.31438171,294321470.9547194
8HIWASSEE TN_360110,8LAG CRK CT_360568,407.7256167166464,500,998072838.7188556,8HIWASSEE_TN_360110-8LAG_CRK_CT_360568,4115,0,907058951.59375,1045926328.078125,15.309630784237104,0.3436208991494532,0.32223572296476305,0.2298906439854192,0.10425273390036452,138867376.484375,152801266.56561106,1150874105.2844667
8LAG CRK CC_360615,8LAG CRK CT_360568,95.16784407169794,500,228002517.38294053,8LAG_CRK_CC_360615-8LAG_CRK_CT_360568,848,0,182806625.5,225625487.765625,23.423036308727774,0.07193396226415094,0.2275943396226415,0.6981132075471698,0.0023584905660377358,42818862.265625,53405112.431419514,281407629.81436
8JACKSON TN_360019,8LAG CRK CT_360568,71.25305191657992,500,169299535.77017918,8JACKSON_TN_360019-8LAG_CRK_CT_360568,714,0,152677661.9375,188637728.625,23.552932518851755,0.0,0.3235294117647059,0.6764705882352942,0.0,35960066.6875,39875005.41467959,209174541.18485877
8ANDERSON TN_360120,8LAG CRK CT_360568,454.9179737993755,500,1124014578.2537103,8ANDERSON_TN_360120-8LAG_CRK_CT_360568,4489,0,998316918.96875,1142796887.40625,14.47235498991104,0.34484294943194477,0.3486299844063266,0.21096012474938738,0.09556694141234127,144479968.4375,162671379.90322837,1286685958.1569386
8BULL RUN FP_360093,8LAG CRK CT_360568,538.064915319885,500,1318128835.408615,8BULL_RUN_FP_360093-8LAG_CRK_CT_360568,5318,0,1172481714.828125,1349261218.53125,15.077378305131116,0.2803685596088755,0.4242196314403911,0.1919894697254607,0.10342233922527266,176779503.703125,198739271.06357598,1516868106.472191
8JVILLE FP_360037,8LAG CRK CT_360568,90.45302592002662,500,215070241.18433407,8JVILLE_FP_360037-8LAG_CRK_CT_360568,871,0,186445145.53125,220857972.046875,18.45734648524655,0.14121699196326062,0.4362801377726751,0.3513203214695752,0.0711825487944891,34412826.515625,39696259.602047965,254766500.78638202
8DAVIDSON TN_360048,8LAG CRK CT_360568,186.00762979144983,500,454585391.2323502,8DAVIDSON_TN_360048-8LAG_CRK_CT_360568,1871,0,411811030.6875,522489682.25,26.876077451768833,0.13522180652057722,0.2827365045430251,0.2613575628006414,0.32068412613575625,110678651.5625,122174721.8320328,576760113.064383
8GLEASON CT_360582,8LAG CRK CT_360568,21.85300648638388,500,52037292.671555884,8GLEASON_CT_360582-8LAG_CRK_CT_360568,226,0,48484099.140625,53332510.28125,10.000002529824247,0.0,1.0,0.0,0.0,4848411.140625,5203730.583607636,57241023.25516352
8CUMBERLAND_360040,8LAG CRK CT_360568,121.39338305377343,500,293658711.79034907,8CUMBERLAND_360040-8LAG_CRK_CT_360568,1192,0,259740347.328125,309354975.109375,19.10162525445953,0.17197986577181207,0.4312080536912752,0.2525167785234899,0.14429530201342283,49614627.78125,56093586.65326585,349752298.4436149
7SHAWNEE FP_360002,8LAG CRK CT_360568,122.3375129345044,500,291023407.73408747,7SHAWNEE_FP_360002-8LAG_CRK_CT_360568,1229,0,262952598.21875,337165706.453125,28.22299864580049,0.0,0.11228641171684296,0.8641171684296176,0.023596419853539462,74213108.234375,82135532.42375395,373158940.15784144
8CHOCTAW MS_360654,8RUTHERFORD_360010,416.12206455773196,500,1010896816.2907419,8CHOCTAW_MS_360654-8RUTHERFORD_360010,3681,0,804891224.46875,1005407277.53125,24.912192724531934,0.11790274381961424,0.3276283618581907,0.31377343113284434,0.24069546318935073,200516053.0625,251836563.12050715,1262733379.4112492
8ACKERMAN CC_360627,8RUTHERFORD_360010,394.51657756876307,500,957380608.7784576,8ACKERMAN_CC_360627-8RUTHERFORD_360010,3501,0,764696715.859375,946520557.5625,23.77724893179243,0.1239645815481291,0.3444730077120823,0.3207654955726935,0.21079691516709512,181823841.703125,227638770.57396367,1185019379.3524213
8CLAY_360688,8RUTHERFORD_360010,356.78171398689574,500,863262567.7329174,8CLAY_360688-8RUTHERFORD_360010,3218,0,700481535.765625,851173213.71875,21.512583881089633,0.1348663766314481,0.38067122436295836,0.3309509011808577,0.15351149782473586,150691677.953125,185710083.99759206,1048972651.7305095
8COGEN CALED_360606,8RUTHERFORD_360010,317.7175906690754,500,765088958.9931456,8COGEN_CALED_360606-8RUTHERFORD_360010,2931,0,635227593.90625,752524305.140625,18.465304775737778,0.23029682702149437,0.35243944046400544,0.29887410440122825,0.11838962811327192,117296711.234375,141276008.08360377,906364967.0767493
8E POINT AL_360058,8RUTHERFORD_360010,226.8258829900012,500,557474997.8519726,8E_POINT_AL_360058-8RUTHERFORD_360010,2204,0,488256707.703125,525903660.90625,7.7104835651362835,0.5322141560798548,0.33620689655172414,0.11569872958257713,0.01588021778584392,37646953.203125,42984018.089120194,600459015.9410927
6CENTER PNT_360533,8RUTHERFORD_360010,271.36418818165913,500,672230051.7777214,6CENTER_PNT_360533-8RUTHERFORD_360010,2691,0,600306273.21875,659961945.671875,9.937539405220686,0.36529171311780007,0.46897064288368634,0.15310293571163136,0.0126347082868822,59655672.453125,66803126.28914649,739033178.066868
8BR FERRY NP_360052,8RUTHERFORD_360010,149.71579212960907,500,362609082.2894218,8BR_FERRY_NP_360052-8RUTHERFORD_360010,1469,0,320145421.953125,362077169.8125,13.097719031420208,0.2995234853641933,0.45881552076242343,0.1817562968005446,0.059904697072838665,41931747.859375,47493518.78067976,410102601.07010156
6LOOPERS FRM_360602,8RUTHERFORD_360010,263.57676610754686,500,651878487.346596,6LOOPERS_FRM_360602-8RUTHERFORD_360010,2614,0,582185133.671875,638686302.5625,9.705017463133924,0.37681713848508036,0.46327467482785006,0.14690130068859986,0.013006885998469778,56501168.890625,63264921.03540041,715143408.3819964
8LIMESTONE_360088,8RUTHERFORD_360010,139.95567527266365,500,337396444.4727608,8LIMESTONE_360088-8RUTHERFORD_360010,1426,0,309430730.03125,328135545.5625,6.0449120646036025,0.6753155680224404,0.1879382889200561,0.13674614305750352,0.0,18704815.53125,20395318.37747751,357791762.8502383
6COUNTY LINE_360013,8RUTHERFORD_360010,248.9104348683178,500,623897674.1652528,6COUNTY_LINE_360013-8RUTHERFORD_360010,2275,0,512829244.046875,565614185.6875,10.292888374322162,0.3679120879120879,0.44967032967032966,0.16747252747252747,0.014945054945054945,52784941.640625,64217091.17182167,688114765.3370745
6YOUNG GA_361454,8RUTHERFORD_360010,201.8720388162677,500,506490176.02802384,6YOUNG_GA_361454-8RUTHERFORD_360010,1882,0,425080319.46875,471679634.46875,10.962472941169832,0.33421891604675874,0.4851222104144527,0.14930924548352817,0.03134962805526036,46599315.0,55523848.49675556,562014024.5247794
8MADISON AL_360060,8RUTHERFORD_360010,131.68161681868204,500,318826290.7553588,8MADISON_AL_360060-8RUTHERFORD_360010,1303,0,283978501.6875,299379007.46875,5.423123824421494,0.6385264773599386,0.27321565617805066,0.08825786646201074,0.0,15400505.78125,17290344.532473207,336116635.287832
6KENSNGTN GA_361503,8RUTHERFORD_360010,202.16762322853927,500,506864406.2692301,6KENSNGTN_GA_361503-8RUTHERFORD_360010,1877,0,423527644.65625,465254834.765625,9.852294327384993,0.3692061800745871,0.48588172615876396,0.1134789557805008,0.03143313798614811,41727190.109375,49937773.14639698,556802179.4156271
6ALPHA GA_361502,8RUTHERFORD_360010,244.07170767907417,500,603661574.3871138,6ALPHA_GA_361502-8RUTHERFORD_360010,2430,0,541225299.109375,594471199.5,9.838028724496972,0.3897119341563786,0.4382716049382716,0.1580246913580247,0.013991769547325103,53245900.390625,59388399.08695492,663049973.4740688
6CLOUDLANDGA_361633,8RUTHERFORD_360010,175.86249337331722,500,439114439.7944943,6CLOUDLANDGA_361633-8RUTHERFORD_360010,1622,0,364429756.828125,400930155.9375,10.015757063051689,0.34895191122071517,0.49876695437731194,0.1313193588162762,0.02096177558569667,36500399.109375,43980635.51859692,483095075.31309116
8MAGNOL CC1_360613,8RUTHERFORD_360010,288.78436990244336,500,697491857.9893732,8MAGNOL_CC1_360613-8RUTHERFORD_360010,2641,0,574260683.671875,770150956.5625,34.11173330517507,0.08746686861037486,0.12078758046194624,0.3271488072699735,0.4645967436577054,195890272.890625,237926562.42264545,935418420.4120187
6ROCK SPG GA_361500,8RUTHERFORD_360010,206.20592842019724,500,516121609.5062377,6ROCK_SPG_GA_361500-8RUTHERFORD_360010,1914,0,431135859.921875,474552828.890625,10.070368300288802,0.35893416927899685,0.4895506792058516,0.1206896551724138,0.03082549634273772,43416968.96875,51975346.95465651,568096956.4608942
6WID CRK FP_360068,8RUTHERFORD_360010,146.52559728300375,500,365169602.50057906,6WID_CRK_FP_360068-8RUTHERFORD_360010,1330,0,298029087.4375,325254868.890625,9.13527658901232,0.43759398496240604,0.4150375939849624,0.12180451127819548,0.02556390977443609,27225781.453125,33359253.20742475,398528855.7080038
6WRINGOLD GA_361504,8RUTHERFORD_360010,242.61891547293834,500,599619457.2643363,6WRINGOLD_GA_361504-8RUTHERFORD_360010,2418,0,538123694.921875,598859218.953125,11.286535903249462,0.3850289495450786,0.37220843672456577,0.22870140612076095,0.014061207609594707,60735524.03125,67676265.32700889,667295722.5913452
6BATTLFLD GA_361530,8RUTHERFORD_360010,177.58483102240348,500,446544224.32126606,6BATTLFLD_GA_361530-8RUTHERFORD_360010,1608,0,363716644.6875,405019330.875,11.355731663857904,0.3327114427860697,0.48445273631840796,0.13557213930348258,0.0472636815920398,41302686.1875,50708363.87437868,497252588.19564474
6S HAVEN CC_360594,8RUTHERFORD_360010,378.11088286245666,500,923233803.8433927,6S_HAVEN_CC_360594-8RUTHERFORD_360010,3566,0,784751530.71875,1072745121.921875,36.698697604240806,0.060852495793606284,0.11104879416713405,0.2879977565900168,0.5401009534492428,287993591.203125,338814781.8526164,1262048585.6960092
6CONCORD TN_361509,8RUTHERFORD_360010,249.57449988520992,500,618422655.9699669,6CONCORD_TN_361509-8RUTHERFORD_360010,2487,0,554924394.3125,616399908.875,11.078178431615449,0.3944511459589867,0.36670687575392036,0.22517088862082832,0.013671089666264576,61475514.5625,68509965.28988828,686932621.2598552
8BRADLEY TN_360662,8RUTHERFORD_360010,212.53798692519666,500,525317767.93627226,8BRADLEY_TN_360662-8RUTHERFORD_360010,2143,0,476988225.609375,523861739.6875,9.826975082716526,0.4255716285580961,0.38637424171721885,0.17218852076528232,0.015865608959402706,46873514.078125,51622846.1601801,576940614.0964524
8RACCOON MTN_360079,8RUTHERFORD_360010,159.98786350534064,500,396637454.8288584,8RACCOON_MTN_360079-8RUTHERFORD_360010,1451,0,323495178.03125,354477169.4375,9.577265291805093,0.37767057201929705,0.4789800137835975,0.11991729841488628,0.02343211578221916,30981991.40625,37987021.295623355,434624476.12448174
8BENTON MS_360612,8RUTHERFORD_360010,325.80597385039334,500,792821394.1762114,8BENTON_MS_360612-8RUTHERFORD_360010,3182,0,696418350.609375,933748944.015625,34.07873919441995,0.06819610307982402,0.1109365179132621,0.40289126335637965,0.4179761156505343,237330593.40625,270183535.19887525,1063004929.3750865
8FRANKLIN TN_360069,8RUTHERFORD_360010,96.18698695070556,500,234123551.6137296,8FRANKLIN_TN_360069-8RUTHERFORD_360010,914,0,200320541.0,219119801.53125,9.384589537051014,0.462800875273523,0.3785557986870897,0.12144420131291028,0.037199124726477024,18799260.53125,21971534.328514293,256095085.94224387
8HAYWOOD TN_360542,8RUTHERFORD_360010,260.827149237847,500,631328981.3100209,8HAYWOOD_TN_360542-8RUTHERFORD_360010,2617,0,569749611.984375,764684431.328125,34.21412059673259,0.08291937332823844,0.13488727550630492,0.31027894535727935,0.4719144058081773,194934819.34375,216003659.02753392,847332640.3375548
8HIWASSEE TN_360110,8RUTHERFORD_360010,185.1566038204054,500,455942235.40843445,8HIWASSEE_TN_360110-8RUTHERFORD_360010,1869,0,414503699.171875,443117006.65625,6.903028258020538,0.5339753879079722,0.3734617442482611,0.0743713215623328,0.01819154628143392,28613307.484375,31473821.350494754,487416056.7589292
8LAG CRK CC_360615,8RUTHERFORD_360010,277.13478559220744,500,678483426.6658773,8LAG_CRK_CC_360615-8RUTHERFORD_360010,2775,0,610920753.328125,834259831.765625,36.557782203470964,0.01009009009009009,0.09945945945945946,0.443963963963964,0.4464864864864865,223339078.4375,248038493.40715808,926521920.0730355
8MAURY TN_360050,8RUTHERFORD_360010,50.47959087314657,500,126704812.551005,8MAURY_TN_360050-8RUTHERFORD_360010,472,0,106630938.359375,128289061.71875,20.311293975845256,0.09745762711864407,0.3559322033898305,0.5254237288135594,0.0211864406779661,21658123.359375,25735386.958778307,152440199.50978333
8JACKSON TN_360019,8RUTHERFORD_360010,219.73378561771628,500,538955866.366437,8JACKSON_TN_360019-8RUTHERFORD_360010,2201,0,485628992.640625,671828358.984375,38.341896625916895,0.0,0.12539754656974103,0.32485233984552475,0.5497501135847342,186199366.34375,206645901.1415341,745601767.507971
8ANDERSON TN_360120,8RUTHERFORD_360010,232.59447388865664,500,581290498.9148084,8ANDERSON_TN_360120-8RUTHERFORD_360010,2242,0,504544713.84375,539294405.03125,6.88733629231153,0.4937555753791258,0.42908117752007136,0.06199821587867975,0.015165031222123104,34749691.1875,40035431.49551836,621325930.4103267
8BULL RUN FP_360093,8RUTHERFORD_360010,322.0810777090621,500,802857800.7761266,8BULL_RUN_FP_360093-8RUTHERFORD_360010,3047,0,684154541.625,732752017.71875,7.103289262440837,0.4978667541844437,0.41122415490646536,0.07975057433541188,0.011158516573679028,48597476.09375,57029311.95519925,859887112.7313259
8JVILLE FP_360037,8RUTHERFORD_360010,140.2843375980685,500,350065721.6045251,8JVILLE_FP_360037-8RUTHERFORD_360010,1399,0,314141187.3125,406265679.609375,29.32582418911909,0.09506790564689063,0.1758398856325947,0.44460328806290206,0.28448892065761255,92124492.296875,102659658.06411411,452725379.6686392
8PIN HOOK TN_360581,8RUTHERFORD_360010,33.23357790037879,500,90607090.20961078,8PIN_HOOK_TN_360581-8RUTHERFORD_360010,316,0,77373616.625,94864586.046875,22.60585737725944,0.2879746835443038,0.10126582278481013,0.39556962025316456,0.21518987341772153,17490969.421875,20482509.586469416,111089599.79608019
8PLATEAU TN_360077,8RUTHERFORD_360010,163.71185053257292,500,401535478.28132087,8PLATEAU_TN_360077-8RUTHERFORD_360010,1528,0,337577947.453125,366949305.109375,8.700615036569715,0.5111256544502618,0.32460732984293195,0.14201570680628273,0.02225130890052356,29371357.65625,34936056.200506724,436471534.4818276
8DAVIDSON TN_360048,8RUTHERFORD_360010,63.93920774284641,500,169100730.06846583,8DAVIDSON_TN_360048-8RUTHERFORD_360010,588,0,139958277.4375,184628354.328125,31.916709542651333,0.0,0.22959183673469388,0.45068027210884354,0.3197278911564626,44670076.890625,53971388.850455105,223072118.91892093
8GLEASON CT_360582,8RUTHERFORD_360010,206.28011029403487,500,509476867.8463311,8GLEASON_CT_360582-8RUTHERFORD_360010,2054,0,456667099.40625,575092163.84375,25.932471288488724,0.1528724440116845,0.21372930866601753,0.39824732229795523,0.23515092502434273,118425064.4375,132119942.47574146,641596810.3220726
8LAG CRK CT_360568,8RUTHERFORD_360010,227.85672067735084,500,560902876.1118174,8LAG_CRK_CT_360568-8RUTHERFORD_360010,2278,0,504758803.90625,627993039.890625,24.41447975363369,0.13784021071115013,0.291044776119403,0.35908691834942935,0.21202809482001755,123234235.984375,136941519.1258687,697844395.237686
8CUMBERLAND_360040,8RUTHERFORD_360010,134.5639998979644,500,340743399.4476343,8CUMBERLAND_360040-8RUTHERFORD_360010,1241,0,282955351.359375,394049529.328125,39.262087617368245,0.0,0.10878323932312652,0.30701047542304594,0.5842062852538276,111094177.96875,133782972.04152924,474526371.4891635
8PHIPPS B NP_360102,8RUTHERFORD_360010,411.571694553253,500,1032353699.8541849,8PHIPPS_B_NP_360102-8RUTHERFORD_360010,3944,0,891427498.21875,942962693.46875,5.78119873494789,0.579868154158215,0.34989858012170383,0.06161257606490872,0.008620689655172414,51535195.25,59682419.036157876,1092036118.8903427
8MONTGOMERY_360044,8RUTHERFORD_360010,135.65834405894347,500,346576433.41654056,8MONTGOMERY_360044-8RUTHERFORD_360010,1266,0,290865055.4375,399142054.890625,37.225853511437414,0.0,0.1066350710900474,0.42022116903633494,0.4731437598736177,108276999.453125,129016035.4088058,475592468.82534635
8MARSHALL KY_360015,8RUTHERFORD_360010,257.7507205753152,500,644267860.1308311,8MARSHALL_KY_360015-8RUTHERFORD_360010,2355,0,530165336.25,683481325.53125,28.918523863837397,0.19660297239915075,0.12908704883227176,0.3036093418259023,0.37070063694267513,153315989.28125,186312754.87896892,830580615.0098001
7SHAWNEE FP_360002,8RUTHERFORD_360010,319.58556472353985,500,777528325.5858666,7SHAWNEE_FP_360002-8RUTHERFORD_360010,3023,0,662693565.375,838427092.71875,26.518067554240886,0.10387032748924908,0.1733377439629507,0.5693020178630499,0.15348991068475024,175733527.34375,206185486.63221812,983713812.2180847
8PARADISE CC_360117,8RUTHERFORD_360010,210.36053885453103,500,524674950.20888823,8PARADISE_CC_360117-8RUTHERFORD_360010,2072,0,464025560.6875,593740775.828125,27.9543253928596,0.07528957528957529,0.263996138996139,0.4015444015444015,0.2591698841698842,129715215.140625,146669342.83621672,671344293.045105
8PARADISE CC_360117,8RUTHERFORD_360010,210.36053885453103,500,524674950.20888823,8PARADISE_CC_360117-8RUTHERFORD_360010,2072,0,464025560.6875,593740775.828125,27.9543253928596,0.07528957528957529,0.263996138996139,0.4015444015444015,0.2591698841698842,129715215.140625,146669342.83621672,671344293.045105
8CHOCTAW MS_360654,8SEQUOYAH NP_360081,513.3438242299127,500,1261278978.6645362,8CHOCTAW_MS_360654-8SEQUOYAH_NP_360081,4591,0,1015388304.28125,1211687125.34375,19.332389415441575,0.31343933783489436,0.2709649313874973,0.204312785885428,0.21128294489218036,196298821.0625,243835363.77053243,1505114342.4350686
8ACKERMAN CC_360627,8SEQUOYAH NP_360081,491.73833724094385,500,1207762771.1522517,8ACKERMAN_CC_360627-8SEQUOYAH_NP_360081,4411,0,975193795.671875,1152800405.375,18.212442541306384,0.32622987984583995,0.282022217184312,0.2053956019043301,0.18635230106551803,177606609.703125,219963100.73139355,1427725871.8836453
8CLAY_360688,8SEQUOYAH NP_360081,445.0281489572492,500,1095539905.2982984,8CLAY_360688-8SEQUOYAH_NP_360081,3962,0,877978265.046875,1010210878.171875,15.061034924132223,0.34830893488137304,0.3490661282180717,0.1746592629984856,0.12796567390206967,132232613.125,164999647.7447818,1260539553.04308
8COGEN CALED_360606,8SEQUOYAH NP_360081,397.84502561391986,500,980489118.7974757,8COGEN_CALED_360606-8SEQUOYAH_NP_360081,3521,0,781549919.390625,881121240.359375,12.74023814708929,0.3805737006532235,0.374893496165862,0.1584777051973871,0.08605509798352741,99571320.96875,124916648.74109562,1105405767.5385714
8E POINT AL_360058,8SEQUOYAH NP_360081,250.95549329679048,500,624354684.1758218,8E_POINT_AL_360058-8SEQUOYAH_NP_360081,2265,0,507232974.515625,525937170.578125,3.687496082123065,0.691832229580574,0.293598233995585,0.0,0.01456953642384106,18704196.0625,23023054.517535266,647377738.693357
6CENTER PNT_360533,8SEQUOYAH NP_360081,133.44342848396948,500,337803936.52551085,6CENTER_PNT_360533-8SEQUOYAH_NP_360081,1265,0,288076069.625,314931205.46875,9.322237657125898,0.4039525691699605,0.4189723320158103,0.17707509881422925,0.0,26855135.84375,31490885.77803484,369294822.3035457
8BR FERRY NP_360052,8SEQUOYAH NP_360081,238.03303879075875,500,605016233.0401196,8BR_FERRY_NP_360052-8SEQUOYAH_NP_360081,2220,0,507492221.109375,541401828.1875,6.681798393677596,0.5324324324324324,0.37207207207207205,0.09549549549549549,0.0,33909607.078125,40425964.940763414,645442197.9808831
6LOOPERS FRM_360602,8SEQUOYAH NP_360081,125.65600640985717,500,317452372.0943855,6LOOPERS_FRM_360602-8SEQUOYAH_NP_360081,1188,0,269954930.078125,293655562.359375,8.779477475884967,0.4318181818181818,0.4031986531986532,0.16498316498316498,0.0,23700632.28125,27870659.504689112,345323031.5990746
8LIMESTONE_360088,8SEQUOYAH NP_360081,212.65879205308238,500,543080263.9036155,8LIMESTONE_360088-8SEQUOYAH_NP_360081,1977,0,454134901.953125,488044509.03125,7.466857740351585,0.47496206373292865,0.4178047546788063,0.10723318158826504,0.0,33909607.078125,40551030.72160892,583631294.6252244
6COUNTY LINE_360013,8SEQUOYAH NP_360081,121.36314277697203,500,308028862.27147317,6COUNTY_LINE_360013-8SEQUOYAH_NP_360081,1149,0,262207354.625,293439384.640625,11.9111952676888,0.38903394255874674,0.3063533507397737,0.30461270670147955,0.0,31232030.015625,36689919.26599536,344718781.53746855
6YOUNG GA_361454,8SEQUOYAH NP_360081,127.66688952740286,500,332656043.3151497,6YOUNG_GA_361454-8SEQUOYAH_NP_360081,1212,0,284336521.578125,312847022.96875,10.027027563109359,0.283003300330033,0.5882838283828383,0.10808580858085809,0.020627062706270627,28510501.390625,33355513.15355907,366011556.4687088
8MADISON AL_360060,8SEQUOYAH NP_360081,175.56910375663318,500,455056243.19054013,8MADISON_AL_360060-8SEQUOYAH_NP_360081,1603,0,373964135.859375,406838495.21875,8.790778635451035,0.3649407361197754,0.5109170305676856,0.12414223331253899,0.0,32874359.359375,40002987.00568011,495059230.1962202
6KENSNGTN GA_361503,8SEQUOYAH NP_360081,127.96247393967442,500,333030273.556356,6KENSNGTN_GA_361503-8SEQUOYAH_NP_360081,1207,0,282783846.765625,306446884.140625,8.367888634958787,0.3363711681855841,0.5907207953603977,0.05219552609776305,0.020712510356255178,23663037.375,27867602.411894474,360897875.9682505
6ALPHA GA_361502,8SEQUOYAH NP_360081,106.15094798138446,500,269235459.1349033,6ALPHA_GA_361502-8SEQUOYAH_NP_360081,1004,0,228995095.515625,249440459.296875,8.928297671709284,0.47310756972111556,0.33167330677290835,0.1952191235059761,0.0,20445363.78125,24038143.229357377,293273602.3642607
6CLOUDLANDGA_361633,8SEQUOYAH NP_360081,101.65734408445238,500,265280307.08162016,6CLOUDLANDGA_361633-8SEQUOYAH_NP_360081,952,0,223685958.9375,242097544.4375,8.230997415955098,0.29411764705882354,0.6397058823529411,0.0661764705882353,0.0,18411585.5,21835215.220925905,287115522.3025461
8MAGNOL CC1_360613,8SEQUOYAH NP_360081,429.05379848844836,500,1050837784.623246,8MAGNOL_CC1_360613-8SEQUOYAH_NP_360081,4236,0,933185805.5,1162746766.90625,24.599705659180216,0.15816808309726157,0.34442870632672334,0.1671388101983003,0.3302644003777148,229560961.40625,258503001.97276863,1309340786.5960145
6ROCK SPG GA_361500,8SEQUOYAH NP_360081,132.00077913133242,500,342287476.79336363,6ROCK_SPG_GA_361500-8SEQUOYAH_NP_360081,1244,0,290392062.03125,315720217.390625,8.722054997718697,0.32234726688102894,0.592443729903537,0.06511254019292605,0.02009646302250804,25328155.359375,29854501.976220798,372141978.7695844
6WID CRK FP_360068,8SEQUOYAH NP_360081,101.70166224887812,500,264545478.9191466,6WID_CRK_FP_360068-8SEQUOYAH_NP_360081,909,0,212929951.921875,223813327.875,5.111247081443082,0.5907590759075908,0.38063806380638066,0.0,0.028602860286028604,10883375.953125,13521573.070344506,278067051.9894911
6WRINGOLD GA_361504,8SEQUOYAH NP_360081,104.69815577524867,500,265193342.01212585,6WRINGOLD_GA_361504-8SEQUOYAH_NP_360081,992,0,225893491.328125,253828478.75,12.366441926959993,0.4627016129032258,0.1693548387096774,0.36794354838709675,0.0,27934987.421875,32794980.634093944,297988322.6462198
6BATTLFLD GA_361530,8SEQUOYAH NP_360081,96.46073370113639,500,254348705.4995674,6BATTLFLD_GA_361530-8SEQUOYAH_NP_360081,910,0,216195183.1875,237795804.765625,9.991259407195674,0.3087912087912088,0.5769230769230769,0.06813186813186813,0.046153846153846156,21600621.578125,25412638.965305947,279761344.4648733
6S HAVEN CC_360594,8SEQUOYAH NP_360081,521.5020776835531,500,1283087875.4139206,6S_HAVEN_CC_360594-8SEQUOYAH_NP_360081,5199,0,1150934793.5,1470055525.96875,27.72709055899698,0.12887093671859973,0.28063089055587614,0.21619542219657625,0.37430275052894785,319120732.46875,355762937.16752815,1638850812.5814488
6CONCORD TN_361509,8SEQUOYAH NP_360081,111.65374018752024,500,283996540.71775633,6CONCORD_TN_361509-8SEQUOYAH_NP_360081,1061,0,242694190.71875,271369168.671875,11.815271666867154,0.47973609802073514,0.1696512723845429,0.35061262959472195,0.0,28674977.953125,33554962.810307905,317551503.52806425
8BRADLEY TN_360662,8SEQUOYAH NP_360081,74.61722722750696,500,190891652.68406168,8BRADLEY_TN_360662-8SEQUOYAH_NP_360081,717,0,164758022.015625,178830999.484375,8.54160379967135,0.6136680613668062,0.13389121338912133,0.2524407252440725,0.0,14072977.46875,16305208.658917248,207196861.34297892
8RACCOON MTN_360079,8SEQUOYAH NP_360081,65.7509025511884,500,171820025.96655458,8RACCOON_MTN_360079-8SEQUOYAH_NP_360081,616,0,144985522.171875,154099541.21875,6.28615803174517,0.349025974025974,0.650974025974026,0.0,0.0,9114019.046875,10800878.362443209,182620904.3289978
8BENTON MS_360612,8SEQUOYAH NP_360081,479.5857335735919,500,1174525157.1302829,8BENTON_MS_360612-8SEQUOYAH_NP_360081,4848,0,1067831344.5,1323675315.90625,23.959211604342446,0.2040016501650165,0.28114686468646866,0.2198844884488449,0.29496699669966997,255843971.40625,281406967.7430801,1455932124.873363
8FRANKLIN TN_360069,8SEQUOYAH NP_360081,121.8753635691129,500,309360284.56921655,8FRANKLIN_TN_360069-8SEQUOYAH_NP_360081,1187,0,271104979.0,285565819.515625,5.334037231247235,0.5096882898062342,0.4667228306655434,0.02358887952822241,0.0,14460840.515625,16501392.757614406,325861677.326831
8HAYWOOD TN_360542,8SEQUOYAH NP_360081,418.69327906756024,500,1024724792.780934,8HAYWOOD_TN_360542-8SEQUOYAH_NP_360081,4270,0,939716470.109375,1136247170.75,20.91382953176828,0.28407494145199064,0.27049180327868855,0.1920374707259953,0.2533957845433255,196530700.640625,214309196.33197024,1239033989.1129043
8HIWASSEE TN_360110,8SEQUOYAH NP_360081,79.9000908603921,500,206938017.14629632,8HIWASSEE_TN_360110-8SEQUOYAH_NP_360081,767,0,178487251.90625,182044824.640625,1.9931802951639321,0.7940026075619296,0.20599739243807041,0.0,0.0,3557572.734375,4124647.7809629375,211062664.92725927
8LAG CRK CC_360615,8SEQUOYAH NP_360081,441.56671411444023,500,1079478071.6706543,8LAG_CRK_CC_360615-8SEQUOYAH_NP_360081,4479,0,984838170.640625,1188376952.78125,20.667231247568886,0.27707077472650143,0.2578700602813128,0.24826970305871846,0.2167894619334673,203538782.140625,223098229.33897153,1302576301.009626
8MAURY TN_360050,8SEQUOYAH NP_360081,211.8989414694917,500,530743267.9898773,8MAURY_TN_360050-8SEQUOYAH_NP_360081,2133,0,480213610.6875,522453665.015625,8.796096859406344,0.43272386310360994,0.4074074074074074,0.15986872948898265,0.0,42240054.328125,46684691.92716819,577427959.9170455
8JACKSON TN_360019,8SEQUOYAH NP_360081,384.6891751833826,500,945929245.1939063,8JACKSON_TN_360019-8SEQUOYAH_NP_360081,3922,0,867364608.921875,1058342572.984375,22.018187288029157,0.28072412034676186,0.25038245792962777,0.18306986231514533,0.28582355940846504,190977964.0625,208276472.81903484,1154205718.0129411
8RUTHERFORD_360010,8SEQUOYAH NP_360081,174.349753160288,500,437827525.45152605,8RUTHERFORD_360010-8SEQUOYAH_NP_360081,1722,0,388803509.390625,422386694.96875,8.637572647109138,0.4250871080139373,0.445993031358885,0.1091753774680604,0.019744483159117306,33583185.578125,37817670.579915814,475645196.03144187
8ANDERSON TN_360120,8SEQUOYAH NP_360081,129.2162661203013,500,336061423.7009705,8ANDERSON_TN_360120-8SEQUOYAH_NP_360081,1153,0,269885657.984375,276273283.15625,2.366789409848824,0.7528187337380746,0.2471812662619254,0.0,0.0,6387625.171875,7953866.186741755,344015289.88771224
8BULL RUN FP_360093,8SEQUOYAH NP_360081,224.41389591175118,500,580276017.851737,8BULL_RUN_FP_360093-8SEQUOYAH_NP_360081,2014,0,468632514.234375,487268997.40625,3.976779802042163,0.5983118172790467,0.4016881827209533,0.0,0.0,18636483.171875,23076299.474022456,603352317.3257595
8JVILLE FP_360037,8SEQUOYAH NP_360081,309.0790323298838,500,768942699.9089179,8JVILLE_FP_360037-8SEQUOYAH_NP_360081,3091,0,691484235.703125,802464538.421875,16.049578137656507,0.32643157554189584,0.3102555807182142,0.2520219993529602,0.1112908443869298,110980302.71875,123412059.45568737,892354759.3646053
8PIN HOOK TN_360581,8SEQUOYAH NP_360081,205.91061028128038,500,524221531.88429403,8PIN_HOOK_TN_360581-8SEQUOYAH_NP_360081,2018,0,461647286.34375,512140581.75,10.937635051677063,0.40733399405351833,0.3969276511397423,0.13676907829534193,0.058969276511397425,50493295.40625,57337438.019815,581558969.904109
8PLATEAU TN_360077,8SEQUOYAH NP_360081,107.14295449327726,500,271138404.66885877,8PLATEAU_TN_360077-8SEQUOYAH_NP_360081,1061,0,240956233.890625,247087700.125,2.54463897255226,0.7370405278039586,0.2629594721960415,0.0,0.0,6131466.234375,6899493.514760237,278037898.183619
8DAVIDSON TN_360048,8SEQUOYAH NP_360081,233.25206481282095,500,592107012.3481412,8DAVIDSON_TN_360048-8SEQUOYAH_NP_360081,2287,0,521465397.546875,595061691.09375,14.113360904308013,0.37035417577612595,0.33668561434193267,0.20682116309575863,0.08613904678618277,73596293.546875,83566199.59240878,675673211.94055
8GLEASON CT_360582,8SEQUOYAH NP_360081,375.07480502585014,500,928353846.1507239,8GLEASON_CT_360582-8SEQUOYAH_NP_360081,3746,0,834010147.796875,971226175.734375,16.452560955039996,0.3179391350774159,0.3075280298985585,0.2600106780565937,0.11452215696743193,137216027.9375,152737982.41640607,1081091828.56713
8LAG CRK CT_360568,8SEQUOYAH NP_360081,396.6514154091661,500,979779854.4162102,8LAG_CRK_CT_360568-8SEQUOYAH_NP_360081,3970,0,882101852.296875,1024127051.78125,16.100771029395354,0.3,0.3465994962216625,0.24534005037783374,0.10806045340050378,142025199.484375,157752110.95169714,1137531965.3679073
8CUMBERLAND_360040,8SEQUOYAH NP_360081,303.8768569679389,500,763749681.7273096,8CUMBERLAND_360040-8SEQUOYAH_NP_360081,2940,0,664462471.46875,804482866.09375,21.07273181516094,0.28809523809523807,0.2619047619047619,0.20034013605442177,0.24965986394557824,140020394.625,160942922.16954118,924692603.8968508
8PHIPPS B NP_360102,8SEQUOYAH NP_360081,313.9045127559421,500,809771916.9297953,8PHIPPS_B_NP_360102-8SEQUOYAH_NP_360081,2911,0,675905470.828125,697455912.203125,3.1883809652548445,0.6788045345242185,0.32119546547578154,0.0,0.0,21550441.375,25818613.661368866,835590530.5911641
8MONTGOMERY_360044,8SEQUOYAH NP_360081,304.2378763760728,500,747171455.1103703,8MONTGOMERY_360044-8SEQUOYAH_NP_360081,2763,0,610334869.40625,694043161.90625,13.71514175184414,0.24828085414404633,0.46796959826275786,0.25117625769091567,0.03257328990228013,83708292.5,102475624.19770378,849647079.308074
8MARSHALL KY_360015,8SEQUOYAH NP_360081,432.5799931820004,500,1058565718.4541689,8MARSHALL_KY_360015-8SEQUOYAH_NP_360081,3996,0,879617178.734375,1011597682.71875,15.004311781890545,0.29754754754754753,0.3688688688688689,0.26376376376376376,0.06981981981981981,131980503.984375,158830500.81307316,1217396219.267242
7SHAWNEE FP_360002,8SEQUOYAH NP_360081,488.3802594553552,500,1196405303.8902593,7SHAWNEE_FP_360002-8SEQUOYAH_NP_360081,4715,0,1040036613.765625,1234561104.609375,18.70361949464854,0.2525980911983033,0.2623541887592789,0.3980911983032874,0.08695652173913043,194524490.84375,223771095.65342763,1420176399.5436869
8PARADISE CC_360117,8SEQUOYAH NP_360081,312.5491360610081,500,768369709.6631105,8PARADISE_CC_360117-8SEQUOYAH_NP_360081,2717,0,601436251.8125,662931304.46875,10.22470003610978,0.41148325358851673,0.403018034596982,0.15237394184762607,0.03312476996687523,61495052.65625,78563497.98138067,846933207.6444912
8PARADISE CC_360117,8SEQUOYAH NP_360081,312.5491360610081,500,768369709.6631105,8PARADISE_CC_360117-8SEQUOYAH_NP_360081,2717,0,601436251.8125,662931304.46875,10.22470003610978,0.41148325358851673,0.403018034596982,0.15237394184762607,0.03312476996687523,61495052.65625,78563497.98138067,846933207.6444912
8CHOCTAW MS_360654,8JVILLE FP_360037,365.76990888451894,500,876345954.6042153,8CHOCTAW_MS_360654-8JVILLE_FP_360037,3549,0,765613461.015625,1076255944.859375,40.5743236843912,0.024232178078331924,0.047337278106508875,0.3175542406311637,0.6108763031839954,310642483.84375,355571444.21618235,1231917398.8203976
8ACKERMAN CC_360627,8JVILLE FP_360037,348.0024413802106,500,835716360.0783381,8ACKERMAN_CC_360627-8JVILLE_FP_360037,3422,0,740129296.9375,1041512481.734375,40.72034251906194,0.025131502045587374,0.049094097019286964,0.30654587960257157,0.619228521332554,301383184.796875,340306564.3117363,1176022924.3900745
8CLAY_360688,8JVILLE FP_360037,322.51132454877404,500,779367441.2198372,8CLAY_360688-8JVILLE_FP_360037,3268,0,710909422.546875,986200723.1875,38.72382217897432,0.031211750305997554,0.05477356181150551,0.3788249694002448,0.5351897184822522,275291300.640625,301800862.058792,1081168303.2786293
8COGEN CALED_360606,8JVILLE FP_360037,290.6041687480165,500,706031951.1955439,8COGEN_CALED_360606-8JVILLE_FP_360037,3022,0,660995649.84375,943502628.359375,42.73961236846348,0.033752481800132364,0.031105228325612178,0.2187293183322303,0.7164129715420251,282506978.515625,301755319.1384747,1007787270.3340186
8E POINT AL_360058,8JVILLE FP_360037,282.8686686332264,500,680607927.5526316,8E_POINT_AL_360058-8JVILLE_FP_360037,2649,0,573895673.03125,683887697.296875,19.16585704238889,0.32163080407701017,0.2853907134767837,0.16421291053227632,0.2287655719139298,109992024.265625,130444342.41390312,811052269.9665347
6CENTER PNT_360533,8JVILLE FP_360037,391.09684384211783,500,960575422.1092708,6CENTER_PNT_360533-8JVILLE_FP_360037,3562,0,787738406.640625,902190277.203125,14.529172323917706,0.2973048848961258,0.36720943290286356,0.2967434025828186,0.03874227961819203,114451870.5625,139563658.37945586,1100139080.4887266
8BR FERRY NP_360052,8JVILLE FP_360037,189.4493894636306,500,454005762.4168043,8BR_FERRY_NP_360052-8JVILLE_FP_360037,1739,0,375330128.890625,469472925.53125,25.082664405036127,0.21391604370327774,0.2564692351926394,0.19551466359977,0.3341000575043128,94142796.640625,113876741.76653267,567882504.183337
6LOOPERS FRM_360602,8JVILLE FP_360037,397.8479412399117,500,978715245.5630035,6LOOPERS_FRM_360602-8JVILLE_FP_360037,3625,0,802976181.5625,918451214.59375,14.380878995258461,0.3026206896551724,0.36524137931034484,0.2940689655172414,0.03806896551724138,115475033.03125,140747855.17256224,1119463100.7355657
6COUNTY LINE_360013,8JVILLE FP_360037,361.8594477645588,500,889500111.1667056,6COUNTY_LINE_360013-8JVILLE_FP_360037,3303,0,730628140.125,826755361.0625,13.156791486439868,0.2954889494399031,0.420829548894944,0.26218589161368455,0.021495610051468363,96127220.9375,117029674.89785428,1006529786.0645599
6YOUNG GA_361454,8JVILLE FP_360037,320.1240127686965,500,792103805.2352923,6YOUNG_GA_361454-8JVILLE_FP_360037,3012,0,672150464.15625,772983664.90625,15.001581658740037,0.22177954847277556,0.4584993359893758,0.2785524568393094,0.041168658698539175,100833200.75,118828099.16435951,910931904.3996518
6KENSNGTN GA_361503,8JVILLE FP_360037,320.41959718096814,500,792478035.4764986,6KENSNGTN_GA_361503-8JVILLE_FP_360037,3007,0,670597789.34375,766558865.203125,14.30978112130119,0.2434319920186232,0.45892916528101096,0.25640172929830396,0.041237113402061855,95961075.859375,113401872.31107454,905879907.7875731
6ALPHA GA_361502,8JVILLE FP_360037,378.80098684866994,500,934776748.8445058,6ALPHA_GA_361502-8JVILLE_FP_360037,3799,0,843906025.421875,974526597.25,15.478094467073733,0.32245327717820477,0.3303500921295078,0.2566464859173467,0.09055014477494078,130620571.828125,144685628.24239317,1079462377.086899
6CLOUDLANDGA_361633,8JVILLE FP_360037,294.11446732574603,500,724728069.0017629,6CLOUDLANDGA_361633-8JVILLE_FP_360037,2752,0,611499901.515625,702234186.375,14.837988466471819,0.21984011627906977,0.4640261627906977,0.28015988372093026,0.03597383720930233,90734284.859375,107535067.2917655,832263136.2935283
6ROCK SPG GA_361500,8JVILLE FP_360037,324.4579023726261,500,801735238.7135062,6ROCK_SPG_GA_361500-8JVILLE_FP_360037,3044,0,678206004.609375,775856859.328125,14.39840609712586,0.23850197109067017,0.46156373193166883,0.2591984231274639,0.040735873850197106,97650854.71875,115437095.49373205,917172334.2072383
6WID CRK FP_360068,8JVILLE FP_360037,260.58704525163375,500,636932669.5107332,6WID_CRK_FP_360068-8JVILLE_FP_360037,2389,0,525813912.71875,603492721.40625,14.773060736612575,0.21933863541230642,0.4658853076601088,0.28045207199665134,0.03432398493093344,77678808.6875,94094450.11814846,731027119.6288817
6WRINGOLD GA_361504,8JVILLE FP_360037,370.09092829265273,500,906755021.2179046,6WRINGOLD_GA_361504-8JVILLE_FP_360037,3416,0,753337459.078125,848047825.953125,12.572103740984698,0.30766978922716626,0.430327868852459,0.24121779859484777,0.02078454332552693,94710366.875,113998181.94410276,1020753203.1620073
6BATTLFLD GA_361530,8JVILLE FP_360037,302.8705062950671,500,750906331.1167364,6BATTLFLD_GA_361530-8JVILLE_FP_360037,2870,0,642169587.671875,742797285.359375,15.66995691158719,0.22752613240418118,0.42613240418118464,0.29721254355400695,0.04912891986062718,100627697.6875,117666698.53237283,868573029.6491092
6S HAVEN CC_360594,8JVILLE FP_360037,272.22436990244336,500,666247975.5329964,6S_HAVEN_CC_360594-8JVILLE_FP_360037,2457,0,542795177.9375,751028184.3125,38.3630906903482,0.05168905168905169,0.03866503866503866,0.3785103785103785,0.5311355311355311,208233006.375,255593315.07633233,921841290.6093287
6CONCORD TN_361509,8JVILLE FP_360037,384.30377905480583,500,949537830.4273589,6CONCORD_TN_361509-8JVILLE_FP_360037,3856,0,857605120.625,996455306.625,16.190456733608304,0.32650414937759337,0.2857883817427386,0.29849585062240663,0.08921161825726141,138850186.0,153734511.60458452,1103272342.0319433
8BRADLEY TN_360662,8JVILLE FP_360037,347.2672660947924,500,856432942.3936641,8BRADLEY_TN_360662-8JVILLE_FP_360037,3512,0,779668951.921875,903939583.140625,15.93889700396871,0.3385535307517084,0.2901480637813212,0.2733485193621868,0.0979498861047836,124270631.21875,136505964.59618482,992938906.989849
8BENTON MS_360612,8JVILLE FP_360037,209.28950632057607,500,508985201.52114594,8BENTON_MS_360612-8JVILLE_FP_360037,1894,0,414664465.125,561421035.09375,35.391643680996495,0.06705385427666315,0.0501583949313622,0.46884899683210135,0.4139387539598733,146756569.96875,180138228.91136593,689123430.4325118
8FRANKLIN TN_360069,8JVILLE FP_360037,215.18299336056273,500,520076428.24767315,8FRANKLIN_TN_360069-8JVILLE_FP_360037,2027,0,441022572.9375,509959433.890625,15.631141166757123,0.222496299950666,0.4203256043413912,0.32215096201282684,0.03502713369511593,68936860.953125,81293880.67442212,601370308.9220953
8HAYWOOD TN_360542,8JVILLE FP_360037,135.5599414439828,500,325891496.53862107,8HAYWOOD_TN_360542-8JVILLE_FP_360037,1221,0,264549419.296875,347179374.21875,31.23422275561618,0.10073710073710074,0.05814905814905815,0.5724815724815725,0.26863226863226863,82629954.921875,101789675.97048411,427681172.5091052
8HIWASSEE TN_360110,8JVILLE FP_360037,320.1532336373641,500,787235684.2115633,8HIWASSEE_TN_360110-8JVILLE_FP_360037,3236,0,716441335.0,824263814.71875,15.049729049867011,0.380716934487021,0.28090234857849194,0.23207663782447466,0.10630407911001236,107822479.71875,118476837.45770699,905712521.6692703
8JACKSON TN_360019,8JVILLE FP_360037,90.26946745329056,500,216812437.13314444,8JACKSON_TN_360019-8JVILLE_FP_360037,806,0,174200224.859375,232871416.59375,33.68031917394938,0.15260545905707196,0.0880893300248139,0.2655086848635236,0.49379652605459057,58671191.734375,73023120.83526139,289835557.96840584
8ANDERSON TN_360120,8JVILLE FP_360037,367.3455907200931,500,913177423.746418,8ANDERSON_TN_360120-8JVILLE_FP_360037,3610,0,807699302.375,921069527.125,14.036191985883907,0.37867036011080335,0.31800554016620497,0.20803324099722992,0.09529085872576178,113370224.75,128175336.36879586,1041352760.1152139
8BULL RUN FP_360093,8JVILLE FP_360037,458.6886620703158,500,1125874265.9768467,8BULL_RUN_FP_360093-8JVILLE_FP_360037,4429,0,978368245.265625,1113061831.90625,13.767166636122363,0.3194852111086024,0.4009934522465568,0.2054639873560623,0.07405734928877851,134693586.640625,155000986.310252,1280875252.2870986
8DAVIDSON TN_360048,8JVILLE FP_360037,99.10627268321188,500,244488584.5661227,8DAVIDSON_TN_360048-8JVILLE_FP_360037,992,0,220291211.4375,298425625.578125,35.46869329500824,0.13205645161290322,0.057459677419354836,0.2923387096774194,0.5181451612903226,78134414.140625,86716906.20106491,331205490.7671876
8GLEASON CT_360582,8JVILLE FP_360037,69.54744150775505,500,165830960.4046023,8GLEASON_CT_360582-8JVILLE_FP_360037,647,0,138861731.546875,166652203.515625,20.013053027045746,0.1901081916537867,0.3384853168469861,0.3462132921174652,0.125193199381762,27790471.96875,33187838.041032292,199018798.44563457
8CUMBERLAND_360040,8JVILLE FP_360037,59.21224022578361,500,142907589.43490082,8CUMBERLAND_360040-8JVILLE_FP_360037,574,0,124800067.0625,146558401.59375,17.4345535570533,0.2979094076655052,0.33797909407665505,0.21254355400696864,0.15156794425087108,21758334.53125,24915300.217121623,167822889.65202245
7SHAWNEE FP_360002,8JVILLE FP_360037,184.1868115377429,500,440033026.16173065,7SHAWNEE_FP_360002-8JVILLE_FP_360037,1671,0,359429694.484375,443340962.59375,23.345669374855383,0.12806702573309395,0.17474566128067026,0.6576900059844405,0.03949730700179533,83911268.109375,102728655.42788853,542761681.5896192
8CHOCTAW MS_360654,8HIWASSEE TN_360110,549.5725319855136,500,1334857407.487279,8CHOCTAW_MS_360654-8HIWASSEE_TN_360110,4902,0,1071813641.59375,1259669697.359375,17.526932712508625,0.3098735210118319,0.3298653610771114,0.19502243982048142,0.16523867809057527,187856055.765625,233959559.61823246,1568816967.1055114
8ACKERMAN CC_360627,8HIWASSEE TN_360110,527.9670449965447,500,1281341199.9749944,8ACKERMAN_CC_360627-8HIWASSEE_TN_360110,4722,0,1031619132.984375,1200804258.234375,16.399960008551197,0.32147395171537485,0.3426514188903007,0.19567979669631513,0.1401948326980093,169185125.25,210139444.3689891,1491480644.3439837
8CLAY_360688,8HIWASSEE TN_360110,483.6504866063354,500,1182506638.303491,8CLAY_360688-8HIWASSEE_TN_360110,4358,0,959187059.1875,1096253520.765625,14.289857256230087,0.37333639284075265,0.3439651216154199,0.1663607159247361,0.11633776961909133,137066461.578125,168978510.6590139,1351485148.962505
8COGEN CALED_360606,8HIWASSEE TN_360110,436.4673632630061,500,1067455851.8026683,8COGEN_CALED_360606-8HIWASSEE_TN_360110,3917,0,862758713.53125,967163882.953125,12.101317295834345,0.40515700791422005,0.3666070972683176,0.15088077610416134,0.077355118713301,104405169.421875,129176219.61959213,1196632071.4222605
8E POINT AL_360058,8HIWASSEE TN_360110,289.57783094587677,500,711321417.1810145,8E_POINT_AL_360058-8HIWASSEE_TN_360110,2661,0,588441768.65625,611979813.171875,4.000063518498331,0.6816986095452837,0.2934986847049981,0.012401352874859075,0.012401352874859075,23538044.515625,28453308.50792308,739774725.6889377
6CENTER PNT_360533,8HIWASSEE TN_360110,132.62858433574488,500,326223611.9149683,6CENTER_PNT_360533-8HIWASSEE_TN_360110,1275,0,282360848.421875,309421662.859375,9.583770054787655,0.4023529411764706,0.4211764705882353,0.17647058823529413,0.0,27060814.4375,31264520.830353428,357488132.74532175
8BR FERRY NP_360052,8HIWASSEE TN_360110,273.21418161874857,500,664694369.3615049,8BR_FERRY_NP_360052-8HIWASSEE_TN_360110,2538,0,555962391.21875,588564698.875,5.864121057681793,0.5626477541371159,0.3617021276595745,0.07565011820330969,0.0,32602307.65625,38978482.482953206,703672851.8444581
6LOOPERS FRM_360602,8HIWASSEE TN_360110,124.84116226163256,500,305872047.48384297,6LOOPERS_FRM_360602-8HIWASSEE_TN_360110,1198,0,264239708.875,288082354.515625,9.02311228775381,0.4307178631051753,0.4056761268781302,0.1636060100166945,0.0,23842645.640625,27599178.301318802,333471225.7851618
6COUNTY LINE_360013,8HIWASSEE TN_360110,120.5482986287474,500,296448537.66093063,6COUNTY_LINE_360013-8HIWASSEE_TN_360110,1159,0,256492133.421875,287866176.796875,12.231970999046737,0.3882657463330457,0.3097497842968076,0.30198446937014667,0.0,31374043.375,36261499.15378318,332710036.81471384
6YOUNG GA_361454,8HIWASSEE TN_360110,161.4744544550139,500,399698777.6956786,6YOUNG_GA_361454-8HIWASSEE_TN_360110,1569,0,349533587.046875,393489709.375,12.575650511728975,0.34161886551943915,0.3601019757807521,0.2982791586998088,0.0,43956122.328125,50264721.38266107,449963499.07833964
6KENSNGTN GA_361503,8HIWASSEE TN_360110,167.0970323809016,500,414531440.7959493,6KENSNGTN_GA_361503-8HIWASSEE_TN_360110,1641,0,366601596.03125,416075955.421875,13.495402073047092,0.31383302864107254,0.3583180987202925,0.327848872638635,0.0,49474359.390625,55942684.65460852,470474125.4505578
6ALPHA GA_361502,8HIWASSEE TN_360110,105.33610383315985,500,257655134.52436078,6ALPHA_GA_361502-8HIWASSEE_TN_360110,1014,0,223279874.3125,243867251.453125,9.22043565458619,0.4714003944773176,0.33530571992110453,0.1932938856015779,0.0,20587377.140625,23756925.889556173,281412060.41391695
6CLOUDLANDGA_361633,8HIWASSEE TN_360110,142.24314277697204,500,356528485.6077198,6CLOUDLANDGA_361633-8HIWASSEE_TN_360110,1381,0,311760904.703125,334151838.4375,7.18208518021104,0.38160753077480086,0.5727733526430123,0.04561911658218682,0.0,22390933.734375,25606179.52806289,382134665.13578266
6ROCK SPG GA_361500,8HIWASSEE TN_360110,170.84989601378675,500,422720904.7359883,6ROCK_SPG_GA_361500-8HIWASSEE_TN_360110,1674,0,372823151.671875,422831800.203125,13.413504045280721,0.3046594982078853,0.3739545997610514,0.3213859020310633,0.0,50008648.53125,56701685.65700906,479422590.3929974
6WID CRK FP_360068,8HIWASSEE TN_360110,140.32399989796443,500,351512211.9243393,6WID_CRK_FP_360068-8HIWASSEE_TN_360110,1305,0,294138746.0625,309855970.46875,5.34347297547475,0.6007662835249042,0.35402298850574715,0.02528735632183908,0.01992337164750958,15717224.40625,18782960.049670603,370295171.9740099
6WRINGOLD GA_361504,8HIWASSEE TN_360110,103.88331162702406,500,253613017.4015833,6WRINGOLD_GA_361504-8HIWASSEE_TN_360110,1002,0,220178270.125,248255270.90625,12.751939946348955,0.46107784431137727,0.17465069860279442,0.36427145708582837,0.0,28077000.78125,32340579.67517343,285953597.0767567
6BATTLFLD GA_361530,8HIWASSEE TN_360110,137.04653239365604,500,345596884.025667,6BATTLFLD_GA_361530-8HIWASSEE_TN_360110,1339,0,304270128.953125,329850098.765625,8.40699345036291,0.3943241224794623,0.5280059746079163,0.04630321135175504,0.03136669156086632,25579969.8125,29054307.404696126,374651191.4303631
6S HAVEN CC_360594,8HIWASSEE TN_360110,540.6376360992715,500,1313047017.442637,6S_HAVEN_CC_360594-8HIWASSEE_TN_360110,5347,0,1170062476.84375,1459810084.359375,24.76343043640035,0.2696839349167758,0.21320366560688236,0.1584065831307275,0.3587058163456144,289747607.515625,325155484.761637,1638202502.204274
6CONCORD TN_361509,8HIWASSEE TN_360110,110.83889603929562,500,272416216.1072138,6CONCORD_TN_361509-8HIWASSEE_TN_360110,1071,0,236978969.515625,265795960.828125,12.16014710984723,0.4780578898225957,0.1746031746031746,0.3473389355742297,0.0,28816991.3125,33126212.629716545,305542428.7369304
8BRADLEY TN_360662,8HIWASSEE TN_360110,73.80238307928232,500,179311328.07351917,8BRADLEY_TN_360662-8HIWASSEE_TN_360110,727,0,159042800.8125,173257791.640625,8.937839849087826,0.609353507565337,0.14167812929848694,0.24896836313617607,0.0,14214990.828125,16026559.334483601,195337887.40800276
8BENTON MS_360612,8HIWASSEE TN_360110,493.93895434022386,500,1198718704.894854,8BENTON_MS_360612-8HIWASSEE_TN_360110,4976,0,1087295090.3125,1331296590.234375,22.44114795476051,0.28979099678456594,0.22909967845659163,0.1937299035369775,0.28737942122186494,244001499.921875,269006238.1268432,1467724943.0216973
8FRANKLIN TN_360069,8HIWASSEE TN_360110,141.39650639710277,500,344926173.72615206,8FRANKLIN_TN_360069-8HIWASSEE_TN_360110,1331,0,292279485.59375,303434976.640625,3.816720501000348,0.6175807663410969,0.38241923365890307,0.0,0.0,11155491.046875,13164867.985922122,358091041.71207416
8HAYWOOD TN_360542,8HIWASSEE TN_360110,430.05292193381337,500,1043391820.3823342,8HAYWOOD_TN_360542-8HIWASSEE_TN_360110,4419,0,965270127.0625,1158643004.703125,20.03303243508585,0.3258655804480652,0.25005657388549446,0.17922606924643583,0.24485177642000452,193372877.640625,209023021.8022257,1252414842.1845598
8ANDERSON TN_360120,8HIWASSEE TN_360110,63.55207137573156,500,155787997.39958036,8ANDERSON_TN_360120-8HIWASSEE_TN_360110,575,0,126881763.234375,130121476.21875,2.553332253422913,0.7408695652173913,0.2591304347826087,0.0,0.0,3239712.984375,3977785.184565135,159765782.5841455
8BULL RUN FP_360093,8HIWASSEE TN_360110,160.5038310479124,500,408806560.51586014,8BULL_RUN_FP_360093-8HIWASSEE_TN_360110,1482,0,339922397.53125,352140485.234375,3.594375596271715,0.6423751686909581,0.3576248313090418,0.0,0.0,12218087.703125,14694043.247139838,423500603.76299995
8DAVIDSON TN_360048,8HIWASSEE TN_360110,244.32626612030128,500,610399996.6507864,8DAVIDSON_TN_360048-8HIWASSEE_TN_360110,2432,0,546422496.84375,616860967.390625,12.89084379829568,0.4399671052631579,0.29605263157894735,0.18297697368421054,0.08100328947368421,70438470.546875,78685710.11305495,689085706.7638414
8GLEASON CT_360582,8HIWASSEE TN_360110,386.1490063333305,500,946646830.4533694,8GLEASON_CT_360582-8HIWASSEE_TN_360110,3891,0,858967247.09375,993025452.03125,15.606905314617725,0.3634027242354151,0.2832176818298638,0.24312516062708817,0.110254433307633,134058204.9375,147742274.49268714,1094389104.9460566
8CUMBERLAND_360040,8HIWASSEE TN_360110,314.95105827541937,500,782042666.029955,8CUMBERLAND_360040-8HIWASSEE_TN_360110,3085,0,689419570.765625,826282142.390625,19.851854723678542,0.34683954619124796,0.233387358184765,0.1818476499189627,0.2379254457050243,136862571.625,155249973.93744922,937292639.9674042
7SHAWNEE FP_360002,8HIWASSEE TN_360110,499.45446076283554,500,1214698288.192905,7SHAWNEE_FP_360002-8HIWASSEE_TN_360110,4860,0,1064993713.0625,1256360380.90625,17.968807279946788,0.2909465020576132,0.24423868312757202,0.3804526748971193,0.08436213991769548,191366667.84375,218266794.43819574,1432965082.6311007
8CHOCTAW MS_360654,8PLATEAU TN_360077,539.1386618152268,500,1309782788.8492534,8CHOCTAW_MS_360654-8PLATEAU_TN_360077,4685,0,1024942682.15625,1221962865.328125,19.22255620747384,0.32102454642475986,0.24909284951974386,0.24546424759871932,0.18441835645677696,197020183.171875,251773732.78236616,1561556521.6316195
8ACKERMAN CC_360627,8PLATEAU TN_360077,517.533174826258,500,1256266581.3369691,8ACKERMAN_CC_360627-8PLATEAU_TN_360077,4505,0,984748173.546875,1163076145.359375,18.1089923904298,0.33385127635960044,0.2590455049944506,0.24816870144284128,0.15893451720310767,178327971.8125,227497219.61782438,1483763800.9547935
8CLAY_360688,8PLATEAU TN_360077,479.7983112443907,500,1162148540.2914288,8CLAY_360688-8PLATEAU_TN_360077,4222,0,920532993.453125,1067750082.359375,15.992592330015864,0.3559924206537186,0.2811463761250592,0.2510658455708195,0.11179535765040265,147217088.90625,185857678.31803837,1348006218.6094673
8COGEN CALED_360606,8PLATEAU TN_360077,440.7341879265702,500,1063974931.551657,8COGEN_CALED_360606-8PLATEAU_TN_360077,3935,0,855279051.59375,969101173.78125,13.308185436718079,0.4432020330368488,0.25285895806861497,0.2213468869123253,0.08259212198221093,113822122.1875,141595756.89108875,1205570688.4427457
8E POINT AL_360058,8PLATEAU TN_360077,303.0383569296756,500,744809464.645329,8E_POINT_AL_360058-8PLATEAU_TN_360077,2835,0,626996997.21875,659072555.5,5.115743524056993,0.4892416225749559,0.510758377425044,0.0,0.0,32075558.28125,38102541.95415697,782912006.599486
6CENTER PNT_360533,8PLATEAU TN_360077,196.40898689968773,500,485139568.62861496,6CENTER_PNT_360533-8PLATEAU_TN_360077,1900,0,422295529.65625,455131687.5625,7.775634739249715,0.4605263157894737,0.42157894736842105,0.11789473684210526,0.0,32836157.90625,37722680.832132794,522862249.4607478
8BR FERRY NP_360052,8PLATEAU TN_360077,265.85995431471497,500,644166636.768766,8BR_FERRY_NP_360052-8PLATEAU_TN_360077,2378,0,519142246.953125,545647288.375,5.105545075060758,0.6349873843566022,0.2943650126156434,0.07064760302775441,0.0,26505041.421875,32888217.998732258,677054854.7674983
6LOOPERS FRM_360602,8PLATEAU TN_360077,188.6215648255755,500,464788004.1974896,6LOOPERS_FRM_360602-8PLATEAU_TN_360077,1823,0,404174390.109375,433856044.453125,7.343774140592574,0.4810751508502468,0.4114097641250686,0.10751508502468458,0.0,29681654.34375,34132981.26083157,498920985.4583212
8LIMESTONE_360088,8PLATEAU TN_360077,245.14697382488438,500,604343287.3355511,8LIMESTONE_360088-8PLATEAU_TN_360077,2222,0,492589737.6875,513544029.1875,4.25390337979259,0.6125112511251125,0.36768676867686767,0.019801980198019802,0.0,20954291.5,25708179.52551665,630051466.8610678
6COUNTY LINE_360013,8PLATEAU TN_360077,184.3287011926903,500,455364494.3745774,6COUNTY_LINE_360013-8PLATEAU_TN_360077,1784,0,396426814.65625,433639866.734375,9.387117798878775,0.4545964125560538,0.3492152466367713,0.1961883408071749,0.0,37213052.078125,42745601.501210295,498110095.8757877
6YOUNG GA_361454,8PLATEAU TN_360077,187.8513051151313,500,473319826.5038908,6YOUNG_GA_361454-8PLATEAU_TN_360077,1889,0,428291466.015625,466471672.21875,8.914538166803476,0.34886183165696133,0.5500264690312334,0.08787718369507676,0.013234515616728428,38180206.203125,42194276.584737346,515514103.0886282
8MADISON AL_360060,8PLATEAU TN_360077,208.45566214684254,500,523620973.1437378,8MADISON_AL_360060-8PLATEAU_TN_360077,1840,0,415741286.0,448776088.46875,7.945999971903195,0.4423913043478261,0.45815217391304347,0.08641304347826087,0.013043478260869565,33034802.46875,41606922.37888064,565227895.5226184
6KENSNGTN GA_361503,8PLATEAU TN_360077,188.14688952740292,500,473694056.74509716,6KENSNGTN_GA_361503-8PLATEAU_TN_360077,1884,0,426738791.203125,460046872.515625,7.805262141412772,0.3837579617834395,0.5509554140127388,0.05201698513800425,0.01326963906581741,33308081.3125,36973062.8772474,510667119.62234455
6ALPHA GA_361502,8PLATEAU TN_360077,169.11650639710277,500,416571091.2380075,6ALPHA_GA_361502-8PLATEAU_TN_360077,1639,0,363214555.546875,389640941.390625,7.275695712128338,0.5118974984746797,0.3685173886516168,0.11958511287370348,0.0,26426385.84375,30308445.02316994,446879536.2611774
6CLOUDLANDGA_361633,8PLATEAU TN_360077,161.8417596721808,500,405944090.27036124,6CLOUDLANDGA_361633-8PLATEAU_TN_360077,1629,0,367640903.375,395722193.6875,7.638238850658197,0.36586863106200124,0.5739717618170657,0.06015960712093309,0.0,28081290.3125,31006979.214981712,436951069.485343
8MAGNOL CC1_360613,8PLATEAU TN_360077,433.95803866321427,500,1046744987.9702561,8MAGNOL_CC1_360613-8PLATEAU_TN_360077,4078,0,885616835.453125,1090480201.359375,23.132279977653305,0.2783227072094164,0.2484060814124571,0.1441883276115743,0.32908288376655226,204863365.90625,242135981.26933303,1288880969.2395892
6ROCK SPG GA_361500,8PLATEAU TN_360077,192.18519471906092,500,482951259.9821047,6ROCK_SPG_GA_361500-8PLATEAU_TN_360077,1921,0,434347006.46875,469344866.640625,8.057580609662374,0.3732431025507548,0.5533576262363352,0.06038521603331598,0.013014055179593961,34997860.171875,38914187.078438185,521865447.0605429
6WID CRK FP_360068,8PLATEAU TN_360077,158.73872718924363,500,391653763.133425,6WID_CRK_FP_360068-8PLATEAU_TN_360077,1556,0,345785434.359375,366482774.09375,5.9856019594116905,0.39845758354755784,0.6015424164524421,0.0,0.0,20697339.734375,23442835.32022391,415096598.4536489
6WRINGOLD GA_361504,8PLATEAU TN_360077,167.66371419096694,500,412528974.11523,6WRINGOLD_GA_361504-8PLATEAU_TN_360077,1627,0,360112951.359375,394028960.84375,9.418158762784534,0.505838967424708,0.2698217578365089,0.22433927473878304,0.0,33916009.484375,38852633.72465868,451381607.8398887
6BATTLFLD GA_361530,8PLATEAU TN_360077,156.64514928886481,500,395012488.6883085,6BATTLFLD_GA_361530-8PLATEAU_TN_360077,1587,0,360150127.625,391420454.015625,8.682580955013485,0.3761814744801512,0.5362318840579711,0.06112161310649023,0.026465028355387523,31270326.390625,34297279.11277587,429309767.80108434
6S HAVEN CC_360594,8PLATEAU TN_360077,526.4063178583191,500,1278995078.760931,6S_HAVEN_CC_360594-8PLATEAU_TN_360077,5041,0,1103365823.453125,1397788960.421875,26.68409068964226,0.22515373933743305,0.20095219202539177,0.19916683197778218,0.374727236659393,294423136.96875,341288206.7326283,1620283285.4935594
6CONCORD TN_361509,8PLATEAU TN_360077,174.61929860323855,500,431332172.8208605,6CONCORD_TN_361509-8PLATEAU_TN_360077,1696,0,376913650.75,411569650.765625,9.194678926238131,0.5147405660377359,0.2659198113207547,0.21933962264150944,0.0,34656000.015625,39659608.3964447,470991781.2173052
8BRADLEY TN_360662,8PLATEAU TN_360077,137.5827856432252,500,338227284.7871659,8BRADLEY_TN_360662-8PLATEAU_TN_360077,1352,0,298977482.046875,319031481.578125,6.707528404465535,0.5946745562130178,0.27144970414201186,0.1338757396449704,0.0,20053999.53125,22686691.198751688,360913975.98591757
8BENTON MS_360612,8PLATEAU TN_360077,476.1182335098197,500,1157044148.7445576,8BENTON_MS_360612-8PLATEAU_TN_360077,4650,0,1017198211.09375,1262721346.65625,24.137196947928107,0.2189247311827957,0.23978494623655913,0.26623655913978495,0.2750537634408602,245523135.5625,279278024.9569521,1436322173.7015097
8FRANKLIN TN_360069,8PLATEAU TN_360077,138.54227909306908,500,344317862.5916493,8FRANKLIN_TN_360069-8PLATEAU_TN_360077,1221,0,272804601.734375,290677774.15625,6.55163890500563,0.3808353808353808,0.6052416052416052,0.013923013923013924,0.0,17873172.421875,22558463.04243832,366876325.6340876
8HAYWOOD TN_360542,8PLATEAU TN_360077,412.2758764270907,500,998879897.4475602,8HAYWOOD_TN_360542-8PLATEAU_TN_360077,4091,0,892024471.84375,1093929930.09375,22.63452008583082,0.2566609630897091,0.24590564654118796,0.23295037888046932,0.26448301148863357,201905458.25,226091671.02109432,1224971568.4686546
8HIWASSEE TN_360110,8PLATEAU TN_360077,76.93228565597967,500,189547281.13847566,8HIWASSEE_TN_360110-8PLATEAU_TN_360077,710,0,157451858.421875,164149625.421875,4.253850711659468,0.747887323943662,0.2084507042253521,0.0,0.04366197183098591,6697767.0,8063058.36764022,197610339.50611588
8LAG CRK CC_360615,8PLATEAU TN_360077,432.19785694243006,500,1051031646.2041814,8LAG_CRK_CC_360615-8PLATEAU_TN_360077,4302,0,941489112.765625,1167117242.53125,23.9650280291444,0.26359832635983266,0.1713156671315667,0.297768479776848,0.2673175267317527,225628129.765625,251880028.60800987,1302911674.8121912
8MAURY TN_360050,8PLATEAU TN_360077,202.00662325404815,500,496318108.7007121,8MAURY_TN_360050-8PLATEAU_TN_360077,1939,0,429046353.84375,468819307.484375,9.270083123724548,0.4780814853017019,0.3223310985043837,0.1995874161939144,0.0,39772953.640625,46009101.23465357,542327209.9353657
8JACKSON TN_360019,8PLATEAU TN_360077,374.79685696793894,500,911504085.9047412,8JACKSON_TN_360019-8PLATEAU_TN_360077,3728,0,816197352.078125,1004685769.75,23.09348556350539,0.2966738197424893,0.1976931330472103,0.20493562231759657,0.30069742489270385,188488417.671875,210498064.48917317,1122002150.3939142
8ANDERSON TN_360120,8PLATEAU TN_360077,92.81641553671062,500,236361404.76691854,8ANDERSON_TN_360120-8PLATEAU_TN_360077,913,0,209524178.828125,215923279.203125,3.0541107049269156,0.6976998904709748,0.3023001095290252,0.0,0.0,6399100.375,7218738.965302097,243580143.73222065
8BULL RUN FP_360093,8PLATEAU TN_360077,160.68894146949168,500,406947368.9160129,8BULL_RUN_FP_360093-8PLATEAU_TN_360077,1564,0,356842344.640625,373781668.359375,4.747004937379162,0.532608695652174,0.4673913043478261,0.0,0.0,16939323.71875,19317811.694977727,426265180.6109906
8JVILLE FP_360037,8PLATEAU TN_360077,299.18671411444024,500,734517540.6197529,8JVILLE_FP_360037-8PLATEAU_TN_360077,2897,0,640316978.859375,748807735.1875,16.943289013104778,0.35001725923369004,0.24646185709354504,0.2847773558853987,0.11874352778736624,108490756.328125,124451429.75915402,858968970.378907
8PIN HOOK TN_360581,8PLATEAU TN_360077,195.27270765356528,500,487929484.7140888,8PIN_HOOK_TN_360581-8PLATEAU_TN_360077,1824,0,410421724.40625,456771908.0625,11.293306591726848,0.4780701754385965,0.2894736842105263,0.16611842105263158,0.06633771929824561,46350183.65625,55103372.66019504,543032857.3742838
8DAVIDSON TN_360048,8PLATEAU TN_360077,223.35974659737744,500,557681853.0589759,8DAVIDSON_TN_360048-8PLATEAU_TN_360077,2093,0,470298140.703125,541404887.859375,15.119504204277945,0.4070711896798853,0.2508361204013378,0.24796942188246537,0.09412326803631152,71106747.15625,84318731.21974702,642000584.278723
8GLEASON CT_360582,8PLATEAU TN_360077,365.18248681040654,500,893928686.8615588,8GLEASON_CT_360582-8PLATEAU_TN_360077,3552,0,782842890.953125,917569372.5,17.209900364917807,0.3367117117117117,0.2553490990990991,0.28716216216216217,0.12077702702702703,134726481.546875,153844236.34229237,1047772923.2038512
8LAG CRK CT_360568,8PLATEAU TN_360077,386.75909719372254,500,945354695.127045,8LAG_CRK_CT_360568-8PLATEAU_TN_360077,3776,0,830934595.453125,970470248.546875,16.79261567123205,0.3167372881355932,0.2995233050847458,0.2701271186440678,0.11361228813559322,139535653.09375,158749780.68263212,1104104475.8096771
8CUMBERLAND_360040,8PLATEAU TN_360077,290.5292660437746,500,707806042.6367252,8CUMBERLAND_360040-8PLATEAU_TN_360077,2754,0,603887278.890625,742845801.359375,23.010672244002993,0.05664488017429194,0.42447349310094407,0.35911401597676107,0.15976761074800291,138958522.46875,162870928.5943849,870676971.2311101
8PHIPPS B NP_360102,8PLATEAU TN_360077,250.17955831368263,500,636443267.9940711,8PHIPPS_B_NP_360102-8PLATEAU_TN_360077,2461,0,564115301.234375,583992344.109375,3.523578040075459,0.6513612352702154,0.34863876472978467,0.0,0.0,19877042.875,22425575.228577696,658868843.2226489
8MONTGOMERY_360044,8PLATEAU TN_360077,234.7763115504974,500,571163853.8177006,8MONTGOMERY_360044-8PLATEAU_TN_360077,2265,0,495774560.640625,582356438.59375,17.463961410453678,0.06887417218543046,0.5492273730684327,0.3554083885209713,0.026490066225165563,86581877.953125,99747835.0211833,670911688.8388839
8MARSHALL KY_360015,8PLATEAU TN_360077,356.2852790165424,500,864048093.9444871,8MARSHALL_KY_360015-8PLATEAU_TN_360077,3449,0,752470404.59375,867471884.875,15.28318982104524,0.28559002609452017,0.36590316033632936,0.2902290518991012,0.05827776167004929,115001480.28125,132054110.34265926,996102204.2871463
7SHAWNEE FP_360002,8PLATEAU TN_360077,474.77591529437603,500,1147288321.9063296,7SHAWNEE_FP_360002-8PLATEAU_TN_360077,4551,0,989780305.25,1165597159.625,17.76322012495408,0.21643594814326522,0.33465172489562733,0.4007910349373764,0.04812129202373105,175816854.375,203795350.0881131,1351083671.9944427
8PARADISE CC_360117,8PLATEAU TN_360077,235.07117513236474,500,570991668.4108336,8PARADISE_CC_360117-8PLATEAU_TN_360077,2132,0,466125843.265625,515581630.46875,10.609964651743686,0.3419324577861163,0.4638836772983114,0.18855534709193245,0.005628517823639775,49455787.203125,60582014.182790965,631573682.5936246
8PARADISE CC_360117,8PLATEAU TN_360077,235.07117513236474,500,570991668.4108336,8PARADISE_CC_360117-8PLATEAU_TN_360077,2132,0,466125843.265625,515581630.46875,10.609964651743686,0.3419324577861163,0.4638836772983114,0.18855534709193245,0.005628517823639775,49455787.203125,60582014.182790965,631573682.5936246
8CHOCTAW MS_360654,8PHIPPS B NP_360102,776.410031794197,500,1923254020.3600717,8CHOCTAW_MS_360654-8PHIPPS_B_NP_360102,6944,0,1550061282.203125,1770398892.78125,14.214767706793886,0.38392857142857145,0.3317972350230415,0.1599942396313364,0.1242799539170507,220337610.578125,273386091.40575856,2196640111.76583
8ACKERMAN CC_360627,8PHIPPS B NP_360102,754.804544805228,500,1869737812.8477874,8ACKERMAN_CC_360627-8PHIPPS_B_NP_360102,6764,0,1509866773.59375,1711512172.8125,13.35517826773538,0.39414547604967476,0.34062684801892373,0.1595209934949734,0.10570668243642815,201645399.21875,249706818.04507852,2119444630.892866
8CLAY_360688,8PHIPPS B NP_360102,717.0696812233607,500,1775619771.802247,8CLAY_360688-8PHIPPS_B_NP_360102,6481,0,1445651593.5,1616164828.96875,11.794905234111642,0.4113562721802191,0.35843234068816543,0.1575374170652677,0.07267397006634779,170513235.46875,209432669.40222442,1985052441.2044716
8COGEN CALED_360606,8PHIPPS B NP_360102,670.471785158556,500,1669775488.416359,8COGEN_CALED_360606-8PHIPPS_B_NP_360102,6061,0,1359778028.09375,1482827072.609375,9.049200823470095,0.48209866358686687,0.3704009239399439,0.09750866193697409,0.04999175053621514,123049044.515625,151101337.24787495,1820876825.664234
8E POINT AL_360058,8PHIPPS B NP_360102,523.5822528414268,500,1313641053.794705,8E_POINT_AL_360058-8PHIPPS_B_NP_360102,4805,0,1085461083.21875,1127687313.578125,3.8901652958538424,0.654942767950052,0.33132154006243497,0.006867845993756503,0.006867845993756503,42226230.359375,51102808.38681031,1364743862.1815152
6CENTER PNT_360533,8PHIPPS B NP_360102,373.75341535814835,500,949222643.2877684,6CENTER_PNT_360533-8PHIPPS_B_NP_360102,3588,0,820424301.875,855065027.765625,4.222293977818192,0.6145484949832776,0.3673355629877369,0.018115942028985508,0.0,34640725.890625,40078970.5036261,989301613.7913945
8BR FERRY NP_360052,8PHIPPS B NP_360102,503.1313242936851,500,1257637868.2795844,8BR_FERRY_NP_360052-8PHIPPS_B_NP_360102,4637,0,1044260847.0,1094104358.921875,4.773090178097528,0.5764502911365107,0.39594565451800734,0.027604054345481993,0.0,49843511.921875,60028189.56688797,1317666057.8464723
6LOOPERS FRM_360602,8PHIPPS B NP_360102,365.9659932840361,500,928871078.8566431,6LOOPERS_FRM_360602-8PHIPPS_B_NP_360102,3511,0,802303162.328125,833789384.65625,3.924479399627212,0.6285958416405583,0.36086585018513245,0.010538308174309313,0.0,31486222.328125,36453354.13882399,965324432.9954671
8LIMESTONE_360088,8PHIPPS B NP_360102,480.47361651257523,500,1203390991.4466243,8LIMESTONE_360088-8PHIPPS_B_NP_360102,4413,0,995362533.234375,1030779331.703125,3.5581807920441966,0.6469521867210515,0.3530478132789486,0.0,0.0,35416798.46875,42818827.11084401,1246209818.5574682
6COUNTY LINE_360013,8PHIPPS B NP_360102,365.7753958734878,500,921652110.2353032,6COUNTY_LINE_360013-8PHIPPS_B_NP_360102,3489,0,791649262.15625,837483046.21875,5.789657901993173,0.6170822585267985,0.2826024648896532,0.10031527658354829,0.0,45833784.0625,53360504.22912505,975012614.4644282
6YOUNG GA_361454,8PHIPPS B NP_360102,406.7015516997543,500,1024902350.270051,6YOUNG_GA_361454-8PHIPPS_B_NP_360102,3899,0,884690715.78125,943106578.796875,6.602970051973389,0.5742498076429854,0.30571941523467555,0.12003077712233906,0.0,58415863.015625,67673995.25030288,1092576345.5203538
8MADISON AL_360060,8PHIPPS B NP_360102,439.27325937882847,500,1117057613.9463704,8MADISON_AL_360060-8PHIPPS_B_NP_360102,3978,0,910829878.375,959464127.359375,5.339553536731012,0.5744092508798391,0.379587732528909,0.03996983408748114,0.006033182503770739,48634248.984375,59645889.33279648,1176703503.279167
6KENSNGTN GA_361503,8PHIPPS B NP_360102,402.55269452774417,500,1026598088.6961465,6KENSNGTN_GA_361503-8PHIPPS_B_NP_360102,3780,0,867878107.09375,914207846.25,5.338277204778641,0.5253968253968254,0.45132275132275135,0.016666666666666666,0.006613756613756613,46329739.15625,54802651.7535596,1081400740.449706
6ALPHA GA_361502,8PHIPPS B NP_360102,346.4609348555634,500,880654165.8971609,6ALPHA_GA_361502-8PHIPPS_B_NP_360102,3327,0,761343327.765625,789574281.59375,3.7080450827587486,0.6519386834986475,0.33694018635407275,0.011121130147279832,0.0,28230953.828125,32655053.494659748,913309219.3918207
6CLOUDLANDGA_361633,8PHIPPS B NP_360102,376.2475646725221,500,958848122.2214105,6CLOUDLANDGA_361633-8PHIPPS_B_NP_360102,3525,0,808780219.265625,849859406.46875,5.079153300809591,0.5276595744680851,0.454468085106383,0.017872340425531916,0.0,41079187.203125,48701366.049559556,1007549488.2709701
8MAGNOL CC1_360613,8PHIPPS B NP_360102,675.5653047580067,500,1667177585.8839269,8MAGNOL_CC1_360613-8PHIPPS_B_NP_360102,6415,0,1424693357.9375,1645114402.703125,15.47147275851164,0.40576773187841,0.3133281371784879,0.0671862821512081,0.213717848791894,220421044.765625,257936926.03604373,1925114511.9199705
6ROCK SPG GA_361500,8PHIPPS B NP_360102,406.59099971940213,500,1035855291.9331539,6ROCK_SPG_GA_361500-8PHIPPS_B_NP_360102,3817,0,875486322.359375,923505840.375,5.484896427189834,0.5187319884726225,0.45349751113439873,0.02122085407388001,0.006549646319098768,48019518.015625,56815589.89809838,1092670881.8312523
6WID CRK FP_360068,8PHIPPS B NP_360102,374.32842179351445,500,953831848.5380299,6WID_CRK_FP_360068-8PHIPPS_B_NP_360102,3449,0,791158060.625,825587299.453125,4.351752265650499,0.6135111626558423,0.36938242968976515,0.00956799072194839,0.007538416932444187,34429238.828125,41508399.079249755,995340247.6172796
6WRINGOLD GA_361504,8PHIPPS B NP_360102,349.11040887176443,500,878816589.9759557,6WRINGOLD_GA_361504-8PHIPPS_B_NP_360102,3332,0,755335398.859375,797872140.328125,5.6315037707731275,0.6497599039615847,0.24069627851140457,0.1095438175270108,0.0,42536741.46875,49490589.40267576,928307179.3786315
6BATTLFLD GA_361530,8PHIPPS B NP_360102,371.050954289206,500,947916520.6393576,6BATTLFLD_GA_361530-8PHIPPS_B_NP_360102,3483,0,801289443.515625,845513288.421875,5.5190849279405985,0.5348837209302325,0.43525696238874534,0.017800746482917025,0.012058570198105082,44223844.90625,52316317.820065714,1000232838.4594233
6S HAVEN CC_360594,8PHIPPS B NP_360102,768.0135839531114,500,1899427676.6746016,6S_HAVEN_CC_360594-8PHIPPS_B_NP_360102,7378,0,1642442345.9375,1952423161.765625,18.873162677207354,0.352805638384386,0.2724315532664679,0.11480075901328274,0.25996204933586337,309980815.828125,358482075.35469764,2257909752.0292993
6CONCORD TN_361509,8PHIPPS B NP_360102,356.06599328403604,500,897619788.6815863,6CONCORD_TN_361509-8PHIPPS_B_NP_360102,3401,0,772136098.25,815412830.25,5.604806212024549,0.6512790355777712,0.23934137018523963,0.10937959423698912,0.0,43276732.0,50309849.676387176,947929638.3579735
8BRADLEY TN_360662,8PHIPPS B NP_360102,319.02948032402276,500,804514900.6478915,8BRADLEY_TN_360662-8PHIPPS_B_NP_360102,3057,0,694199929.546875,722874661.0625,4.13061573404967,0.7019954203467452,0.23879620543016028,0.05920837422309454,0.0,28674731.515625,33231419.068935875,837746319.7168274
8BENTON MS_360612,8PHIPPS B NP_360102,721.3149021940638,500,1785099364.1268187,8BENTON_MS_360612-8PHIPPS_B_NP_360102,7007,0,1559674959.40625,1823909667.640625,16.94165227445634,0.3714856571999429,0.28685600114171544,0.13757670900528043,0.20408163265306123,264234708.234375,302425327.0238969,2087524691.1507156
8FRANKLIN TN_360069,8PHIPPS B NP_360102,371.8904737356032,500,939866641.3791465,8FRANKLIN_TN_360069-8PHIPPS_B_NP_360102,3407,0,775369014.359375,808610062.1875,4.287126157032395,0.5717640152626945,0.42823598473730556,0.0,0.0,33241047.828125,40293268.62378724,980159910.0029337
8HAYWOOD TN_360542,8PHIPPS B NP_360102,659.101324293685,500,1617267979.9135327,8HAYWOOD_TN_360542-8PHIPPS_B_NP_360102,6370,0,1408939224.640625,1643285205.125,16.63279553766055,0.2271585557299843,0.4237048665620094,0.2456828885400314,0.10345368916797489,234345980.484375,268996876.39507097,1886264856.3086038
8HIWASSEE TN_360110,8PHIPPS B NP_360102,249.99444789210335,500,638302459.5939186,8HIWASSEE_TN_360110-8PHIPPS_B_NP_360102,2379,0,547195354.125,562351160.984375,2.769725061648254,0.7238335435056746,0.27616645649432536,0.0,0.0,15155806.859375,17679223.19248998,655981682.7864085
8LAG CRK CC_360615,8PHIPPS B NP_360102,671.5334736590765,500,1645231992.0098014,8LAG_CRK_CC_360615-8PHIPPS_B_NP_360102,6545,0,1444915876.125,1683585627.625,16.517899446164886,0.22505729564553095,0.41237585943468297,0.27883880825057294,0.08372803666921314,238669751.5,271757766.0963145,1916989758.1061158
8MAURY TN_360050,8PHIPPS B NP_360102,449.8664672747283,500,1127136330.2735763,8MAURY_TN_360050-8PHIPPS_B_NP_360102,4355,0,982895904.609375,1044832695.84375,6.30145989457449,0.5586681974741676,0.3464982778415614,0.09483352468427095,0.0,61936791.234375,71026043.80936807,1198162374.0829444
8JACKSON TN_360019,8PHIPPS B NP_360102,613.8108503029929,500,1508188920.5080562,8JACKSON_TN_360019-8PHIPPS_B_NP_360102,5955,0,1318590030.203125,1528935260.6875,15.952284308715114,0.24298908480268683,0.45323257766582703,0.18152812762384551,0.12225020990764064,210345230.484375,240590584.5119865,1748779505.0200427
8ANDERSON TN_360120,8PHIPPS B NP_360102,204.39934403343455,500,524277929.7165448,8ANDERSON_TN_360120-8PHIPPS_B_NP_360102,1966,0,454172285.96875,467256596.859375,2.880913542030905,0.7136317395727365,0.2863682604272635,0.0,0.0,13084310.890625,15103993.87508321,539381923.5916281
8BULL RUN FP_360093,8PHIPPS B NP_360102,151.64810378214204,500,386586835.87620956,8BULL_RUN_FP_360093-8PHIPPS_B_NP_360102,1401,0,321807213.90625,324915581.78125,0.965909942561316,0.9050678087080657,0.09493219129193434,0.0,0.0,3108367.875,3734080.684361505,390320916.5605711
8JVILLE FP_360037,8PHIPPS B NP_360102,525.3579218062689,500,1294484478.1570559,8JVILLE_FP_360037-8PHIPPS_B_NP_360102,5159,0,1145343840.765625,1296727137.625,13.217279516531931,0.2762163209924404,0.4838146927699167,0.17639077340569878,0.06357821283194418,151383296.859375,171095631.7761378,1465580109.9331937
8DAVIDSON TN_360048,8PHIPPS B NP_360102,471.2195906180575,500,1188500074.63184,8DAVIDSON_TN_360048-8PHIPPS_B_NP_360102,4509,0,1024147691.46875,1117418276.21875,9.10714201935454,0.5229540918163673,0.3124861388334442,0.12086937236637836,0.04369039698381016,93270584.75,108238389.69685638,1296738464.3286963
8GLEASON CT_360582,8PHIPPS B NP_360102,583.157564672522,500,1435313039.3233378,8GLEASON_CT_360582-8PHIPPS_B_NP_360102,5824,0,1291365605.828125,1480025648.203125,14.609343901026106,0.2577266483516483,0.4725274725274725,0.17530906593406592,0.09443681318681318,188660042.375,209689817.9710165,1645002857.2943542
8LAG CRK CT_360568,8PHIPPS B NP_360102,604.7341750558379,500,1486739047.588824,8LAG_CRK_CT_360568-8PHIPPS_B_NP_360102,6048,0,1339457310.328125,1532926524.25,14.443850687147396,0.24818121693121692,0.49206349206349204,0.16881613756613756,0.09093915343915344,193469213.921875,214742368.14124703,1701481415.730071
8CUMBERLAND_360040,8PHIPPS B NP_360102,488.53210368010645,500,1205321062.5650005,8CUMBERLAND_360040-8PHIPPS_B_NP_360102,4889,0,1086664507.515625,1234090486.4375,13.566834832852503,0.2618122315401923,0.5017385968500716,0.15872366537124155,0.07772550623849458,147425978.921875,163523917.76377642,1368844980.3287768
8MONTGOMERY_360044,8PHIPPS B NP_360102,432.77914918682916,500,1068678873.745976,8MONTGOMERY_360044-8PHIPPS_B_NP_360102,4400,0,978551789.265625,1073601123.671875,9.713265608311005,0.2909090909090909,0.5745454545454546,0.13454545454545455,0.0,95049334.40625,103803617.50685328,1172482491.2528293
8MARSHALL KY_360015,8PHIPPS B NP_360102,547.8121296766599,500,1343501450.1593156,8MARSHALL_KY_360015-8PHIPPS_B_NP_360102,5604,0,1237233705.6875,1360294504.484375,9.94644732285992,0.3986438258386866,0.43219129193433264,0.140435403283369,0.028729478943611705,123060798.796875,133630664.02195543,1477132114.181271
7SHAWNEE FP_360002,8PHIPPS B NP_360102,666.3027659544936,500,1626741678.1211576,7SHAWNEE_FP_360002-8PHIPPS_B_NP_360102,6706,0,1474543606.34375,1658419779.234375,12.470039685469914,0.3331345064121682,0.4000894721145243,0.24008350730688935,0.026692514166418133,183876172.890625,202855332.8417876,1829597010.9629452
8PARADISE CC_360117,8PHIPPS B NP_360102,415.65511672940096,500,1021807747.5634205,8PARADISE_CC_360117-8PHIPPS_B_NP_360102,4235,0,937630342.921875,990843129.390625,5.675241513934637,0.4654073199527745,0.521133412042503,0.01345926800472255,0.0,53212786.46875,57990057.48231968,1079797805.0457401
8PARADISE CC_360117,8PHIPPS B NP_360102,415.65511672940096,500,1021807747.5634205,8PARADISE_CC_360117-8PHIPPS_B_NP_360102,4235,0,937630342.921875,990843129.390625,5.675241513934637,0.4654073199527745,0.521133412042503,0.01345926800472255,0.0,53212786.46875,57990057.48231968,1079797805.0457401
8CHOCTAW MS_360654,8WEST POINT_360035,87.0449090120634,500,215977165.3433323,8CHOCTAW_MS_360654-8WEST_POINT_360035,771,0,172230811.53125,252313756.375,46.49745543887165,0.0,0.0,0.17898832684824903,0.8210116731517509,80082944.84375,100423886.21365409,316401051.5569864
8ACKERMAN CC_360627,8WEST POINT_360035,65.43942202309451,500,162460957.83104804,8ACKERMAN_CC_360627-8WEST_POINT_360035,591,0,132036302.921875,193427036.40625,46.49534417871386,0.0,0.0,0.1793570219966159,0.8206429780033841,61390733.484375,75536781.49958098,237997739.33062902
8CLAY_360688,8WEST POINT_360035,22.205058428472704,500,56444938.78096882,8CLAY_360688-8WEST_POINT_360035,215,0,49341619.75,72449460.84375,46.832352101189386,0.0,0.0,0.16744186046511628,0.8325581395348837,23107841.09375,26434492.473204117,82879431.25417294
8COGEN CALED_360606,8WEST POINT_360035,35.17785063460849,500,85508528.91876927,8COGEN_CALED_360606-8WEST_POINT_360035,355,0,77585148.890625,104589440.625,34.8060062015787,0.0,0.0,0.7633802816901408,0.23661971830985915,27004291.734375,29762103.878345545,115270632.79711482
8E POINT AL_360058,8WEST POINT_360035,220.6094868869333,500,533542219.8800087,8E_POINT_AL_360058-8WEST_POINT_360035,2137,0,465301347.03125,570049085.578125,22.51180642720987,0.16237716424894713,0.2915301824988301,0.3813757604117922,0.1647168928404305,104747738.546875,120109991.74682602,653652211.6268348
8UNION MS_360033,8WEST POINT_360035,94.00560384591434,500,224461276.81175816,8UNION_MS_360033-8WEST_POINT_360035,920,0,197762619.703125,258418938.046875,30.671275711661462,0.0,0.075,0.8184782608695652,0.10652173913043478,60656318.34375,68845137.07684998,293306413.88860816
8TRICO STEEL_360014,8WEST POINT_360035,199.47749980868326,500,481362162.8813026,8TRICO_STEEL_360014-8WEST_POINT_360035,1739,0,378035701.0625,467011988.375,23.536477391533374,0.18861414606095459,0.24439332949971249,0.3553766532489937,0.21161587119033928,88976287.3125,113295696.63795383,594657859.5192565
6CENTER PNT_360533,8WEST POINT_360035,411.850740008958,500,1006889611.028507,6CENTER_PNT_360533-8WEST_POINT_360035,3950,0,869302087.25,1034129415.59375,18.96088031551544,0.22936708860759494,0.30835443037974686,0.35848101265822785,0.10379746835443038,164827328.34375,190915134.05647415,1197804745.0849812
8BR FERRY NP_360052,8WEST POINT_360035,220.8714608393622,500,533610431.377274,8BR_FERRY_NP_360052-8WEST_POINT_360035,1956,0,425473853.984375,510541401.546875,19.993601666913243,0.2602249488752556,0.24948875255623723,0.3445807770961145,0.14570552147239263,85067547.5625,106687944.1026696,640298375.4799435
6LOOPERS FRM_360602,8WEST POINT_360035,418.6018374067518,500,1025029434.4822398,6LOOPERS_FRM_360602-8WEST_POINT_360035,4013,0,884539862.171875,1050390352.984375,18.74991709308331,0.23523548467480687,0.30750062297533015,0.3550959382008472,0.1021679541490157,165850490.8125,192192169.1451207,1217221603.6273606
8LIMESTONE_360088,8WEST POINT_360035,244.61821407617686,500,590567818.7034199,8LIMESTONE_360088-8WEST_POINT_360035,2195,0,477069861.90625,562137409.46875,17.831255829616175,0.3407744874715262,0.2223234624145786,0.3070615034168565,0.12984054669703873,85067547.5625,105305658.60039064,695873477.3038106
6COUNTY LINE_360013,8WEST POINT_360035,403.04765553291423,500,985619627.287969,6COUNTY_LINE_360013-8WEST_POINT_360035,3701,0,814877672.203125,947552357.25,16.28154624585212,0.23480140502566874,0.43609835179681167,0.22102134558227507,0.10807889759524453,132674685.046875,160474115.42508596,1146093742.713055
6YOUNG GA_361454,8WEST POINT_360035,369.15054516235267,500,898740889.5736904,6YOUNG_GA_361454-8WEST_POINT_360035,3372,0,739363091.421875,865780601.890625,17.098163532295807,0.26304863582443655,0.3819691577698695,0.22004744958481615,0.13493475682087783,126417510.46875,153668187.03091967,1052409076.6046101
8MADISON AL_360060,8WEST POINT_360035,284.175824433984,500,689430130.2254803,8MADISON_AL_360060-8WEST_POINT_360035,2555,0,558125158.15625,650444685.21875,16.541008000333623,0.31859099804305285,0.2990215264187867,0.2708414872798434,0.11154598825831702,92319527.0625,114038692.99730721,803468823.2227875
6KENSNGTN GA_361503,8WEST POINT_360035,369.3497334715563,500,899269570.6047722,6KENSNGTN_GA_361503-8WEST_POINT_360035,3368,0,738383539.1875,862870614.421875,16.859405529456637,0.2666270783847981,0.38776722090261284,0.21051068883610452,0.13509501187648457,124487075.234375,151611503.71126193,1050881074.3160341
6ALPHA GA_361502,8WEST POINT_360035,437.67233739399734,500,1071124228.2076757,6ALPHA_GA_361502-8WEST_POINT_360035,4193,0,923772875.09375,1094522950.453125,18.483988863826116,0.22489864059146197,0.33293584545671356,0.34438349630336273,0.09778201764846173,170750075.359375,197986483.05965024,1269110711.2673259
6CLOUDLANDGA_361633,8WEST POINT_360035,349.62474646983287,500,848404501.5043911,6CLOUDLANDGA_361633-8WEST_POINT_360035,3177,0,694057859.03125,808422794.328125,16.47772355124728,0.267233238904627,0.3972300912810828,0.2096317280453258,0.12590494176896444,114364935.296875,139797748.35423112,988202249.8586222
8MAGNOL CC1_360613,8WEST POINT_360035,156.44149339882608,500,373860377.4994772,8MAGNOL_CC1_360613-8WEST_POINT_360035,1470,0,316176287.734375,434498283.6875,37.42279245574838,0.0,0.02312925170068027,0.5857142857142857,0.391156462585034,118321995.953125,139908993.14590678,513769370.64538395
6ROCK SPG GA_361500,8WEST POINT_360035,373.3880386632143,500,908482386.8116566,6ROCK_SPG_GA_361500-8WEST_POINT_360035,3405,0,745945473.515625,872221320.9375,16.928294614717565,0.2607929515418502,0.3920704845814978,0.21350954478707782,0.13362701908957417,126275847.421875,153790574.96229526,1062272961.7739519
6WID CRK FP_360068,8WEST POINT_360035,326.5320256904466,500,787838383.8965609,6WID_CRK_FP_360068-8WEST_POINT_360035,2920,0,634045166.46875,740552163.828125,16.798014241249536,0.2952054794520548,0.3527397260273973,0.21506849315068494,0.136986301369863,106506997.359375,132341203.9249745,920179587.8215353
6WRINGOLD GA_361504,8WEST POINT_360035,411.2791360610081,500,1002874537.3391681,6WRINGOLD_GA_361504-8WEST_POINT_360035,3814,0,837586991.15625,968844822.140625,15.670949091888309,0.24750917671735712,0.4441531200839014,0.2034609334032512,0.1048767697954903,131257830.984375,157159958.20193145,1160034495.5410995
6BATTLFLD GA_361530,8WEST POINT_360035,380.97006460874985,500,929457125.9137945,6BATTLFLD_GA_361530-8WEST_POINT_360035,3418,0,750971047.203125,874306513.859375,16.423464941237587,0.3069046225863078,0.3551784669397308,0.19982445874780574,0.13809245172615564,123335466.65625,152649065.21828654,1082106191.132081
6S HAVEN CC_360594,8WEST POINT_360035,226.2011037056154,500,554283394.3794141,6S_HAVEN_CC_360594-8WEST_POINT_360035,2038,0,450576479.453125,622068657.4375,38.06061474680591,0.0,0.01422963689892051,0.5677134445534838,0.4180569185475957,171492177.984375,210963667.34026763,765247061.7196817
6CONCORD TN_361509,8WEST POINT_360035,433.0661750048203,500,1058445586.445271,6CONCORD_TN_361509-8WEST_POINT_360035,4013,0,883338011.96875,1022873494.5625,15.796386060955147,0.24221280837278844,0.43982058310490907,0.21829055569399453,0.09967605282830799,139535482.59375,167196151.08003575,1225641737.5253067
8BRADLEY TN_360662,8WEST POINT_360035,439.05469447672635,500,1070994029.3887126,8BRADLEY_TN_360662-8WEST_POINT_360035,4058,0,891365412.734375,1040337134.71875,16.71275549355069,0.2225234105470675,0.42410054213898474,0.2548053228191227,0.09857072449482504,148971721.984375,178992613.48226196,1249986642.8709745
8RACCOON MTN_360079,8WEST POINT_360035,368.09896721095606,500,892040488.0633361,8RACCOON_MTN_360079-8WEST_POINT_360035,3287,0,716915535.953125,829792163.421875,15.744759571806854,0.3297839975661698,0.3434742926680864,0.19957407970794036,0.12716763005780346,112876627.46875,140449630.1287447,1032490118.1920809
8BENTON MS_360612,8WEST POINT_360035,229.22647383763885,500,554447497.9317167,8BENTON_MS_360612-8WEST_POINT_360035,2077,0,452381766.6875,626769164.59375,38.548723831903416,0.0,0.01636976408281175,0.5387578237843043,0.444872412132884,174387397.90625,213732434.77059585,768179932.7023125
8SEQUOYAH NP_360081,8WEST POINT_360035,427.7245710568704,500,1049326704.1847304,8SEQUOYAH_NP_360081-8WEST_POINT_360035,3824,0,844484046.90625,962859736.265625,14.017516351320293,0.3608786610878661,0.36166317991631797,0.16422594142259414,0.11323221757322176,118375689.359375,147089542.3378649,1196416246.5225954
8FRANKLIN TN_360069,8WEST POINT_360035,332.8997334715563,500,800374192.3613554,8FRANKLIN_TN_360069-8WEST_POINT_360035,2963,0,641059386.171875,747611725.796875,16.62128999643602,0.25548430644616943,0.3813702328720891,0.26695916301046235,0.0961862976712791,106552339.625,133032515.56901355,933406707.930369
8SHELBY TN_360021,8WEST POINT_360035,248.94241538365725,500,597820971.0210426,8SHELBY_TN_360021-8WEST_POINT_360035,2265,0,489510158.296875,673929040.46875,37.67416856342945,0.0,0.015011037527593819,0.5876379690949227,0.3973509933774834,184418882.171875,225224080.32999828,823045051.3510408
8HAYWOOD TN_360542,8WEST POINT_360035,239.9568375342962,500,577929357.1767237,8HAYWOOD_TN_360542-8WEST_POINT_360035,2347,0,509204575.671875,718012859.90625,41.00675724660581,0.0,0.014486578610992756,0.42053685556028975,0.5649765658287175,208808284.234375,236990088.5543285,814919445.7310522
8HIWASSEE TN_360110,8WEST POINT_360035,468.84351908927255,500,1132727728.586458,8HIWASSEE_TN_360110-8WEST_POINT_360035,4232,0,920402704.953125,1038089001.90625,12.786391904304395,0.358695652173913,0.3870510396975425,0.1869092627599244,0.06734404536862004,117686296.953125,144835006.58578992,1277562735.172248
8LAG CRK CC_360615,8WEST POINT_360035,258.40547386314773,500,622107071.9337766,8LAG_CRK_CC_360615-8WEST_POINT_360035,2465,0,535052756.609375,747056027.8125,39.62287243347515,0.0,0.013793103448275862,0.5026369168356998,0.48356997971602433,212003271.203125,246496691.5119478,868603763.4457245
8MAURY TN_360050,8WEST POINT_360035,300.27613613753476,500,717964909.9525678,8MAURY_TN_360050-8WEST_POINT_360035,2772,0,596846416.609375,778633156.984375,30.457875814637923,0.11544011544011544,0.20165945165945165,0.284992784992785,0.39790764790764793,181786740.375,218676860.66603008,936641770.6185979
8JACKSON TN_360019,8WEST POINT_360035,250.45137654188065,500,612258653.9219296,8JACKSON_TN_360019-8WEST_POINT_360035,2580,0,567288231.140625,777160071.75,36.995627458619,0.0,0.02868217054263566,0.5965116279069768,0.3748062015503876,209871840.609375,226508930.68811244,838767584.6100421
8RUTHERFORD_360010,8WEST POINT_360035,335.393051661491,500,808767137.3899212,8RUTHERFORD_360010-8WEST_POINT_360035,3011,0,653480287.828125,783850029.15625,19.950064869043782,0.14413816007970773,0.4068415808701428,0.32912653603454,0.11989372301560944,130369741.328125,161349568.54879773,970116705.9387189
8ANDERSON TN_360120,8WEST POINT_360035,518.1596943491818,500,1261336871.9713237,8ANDERSON_TN_360120-8WEST_POINT_360035,4618,0,1011402206.671875,1132591163.859375,11.982271384030785,0.3776526634906886,0.3893460372455608,0.17128627111303596,0.06171502815071459,121188957.1875,151136807.06644893,1412473679.0377727
8BULL RUN FP_360093,8WEST POINT_360035,606.190402053765,500,1491628442.3811927,8BULL_RUN_FP_360093-8WEST_POINT_360035,5377,0,1191377388.96875,1338630968.65625,12.359944132812695,0.3526129812162916,0.4084061744467175,0.1761205132973777,0.06286033103961317,147253579.6875,184364442.1474596,1675992884.5286522
8JVILLE FP_360037,8WEST POINT_360035,301.3207531347792,500,726910903.7822914,8JVILLE_FP_360037-8WEST_POINT_360035,3069,0,666481340.328125,918941392.0625,37.87953787424607,0.033235581622678395,0.07592049527533398,0.3734115347018573,0.5174323884001303,252460051.734375,275350491.1102375,1002261394.8925289
8PIN HOOK TN_360581,8WEST POINT_360035,364.76083086935006,500,890530077.009557,8PIN_HOOK_TN_360581-8WEST_POINT_360035,3305,0,726491395.78125,867503121.671875,19.40996503323824,0.1588502269288956,0.3869894099848714,0.3537065052950076,0.10045385779122541,141011725.890625,172851576.5580246,1063381653.5675817
8PLATEAU TN_360077,8WEST POINT_360035,458.4096489189858,500,1107653109.9484327,8PLATEAU_TN_360077-8WEST_POINT_360035,4015,0,873531745.515625,1000426897.796875,14.52667895960058,0.374346201743462,0.2956413449564135,0.24557907845579077,0.08443337484433375,126895152.28125,160905211.26824045,1268558321.2166731
8DAVIDSON TN_360048,8WEST POINT_360035,340.9210517125087,500,819035548.2073789,8DAVIDSON_TN_360048-8WEST_POINT_360035,3200,0,692387907.828125,919604998.546875,32.81644409872526,0.02375,0.220625,0.361875,0.39375,227217090.71875,268778342.8261625,1087813891.0335414
8VOLUNTEER_360097,8WEST POINT_360035,636.2345059379427,500,1567899106.3809237,8VOLUNTEER_360097-8WEST_POINT_360035,5681,0,1260768449.921875,1411215444.46875,11.932959978194058,0.36278824150677697,0.41101918676289384,0.16669600422460834,0.059496567505720827,150446994.546875,187096772.8628979,1754995879.2438216
8GLEASON CT_360582,8WEST POINT_360035,314.4819479558756,500,763752332.7576075,8GLEASON_CT_360582-8WEST_POINT_360035,3255,0,711289763.296875,971223332.21875,36.543977199540414,0.0,0.06943164362519201,0.5385560675883256,0.3920122887864823,259933568.921875,279105478.34389806,1042857811.1015055
8LAG CRK CT_360568,8WEST POINT_360035,318.89679210410014,500,776775526.0681195,8LAG_CRK_CT_360568-8WEST_POINT_360035,3285,0,719847996.5,967149540.703125,34.35468951855658,0.0,0.12694063926940638,0.532724505327245,0.34033485540334857,247301544.203125,266858820.236837,1043634346.3049566
8CUMBERLAND_360040,8WEST POINT_360035,353.1935647745577,500,849003892.1001279,8CUMBERLAND_360040-8WEST_POINT_360035,3524,0,762654907.953125,1052268442.71875,37.97438812042964,0.02043132803632236,0.07917139614074915,0.39330306469920545,0.507094211123723,289613534.765625,322404033.14365625,1171407925.2437842
8PHIPPS B NP_360102,8WEST POINT_360035,695.6810188979559,500,1721124341.459251,8PHIPPS_B_NP_360102-8WEST_POINT_360035,6274,0,1398650345.5625,1548841644.40625,10.738302058142125,0.42492827542237804,0.37025820847943897,0.15094038890659867,0.05387312719158432,150191298.84375,184819530.58210385,1905943872.0413547
8MONTGOMERY_360044,8WEST POINT_360035,401.4985452133704,500,966680572.2239099,8MONTGOMERY_360044-8WEST_POINT_360035,3859,0,836736716.390625,1137277942.484375,35.91825483530524,0.007774034724021767,0.14641098730240995,0.3949209639803058,0.4508940139932625,300541226.09375,347214791.3747709,1313895363.5986807
8MARSHALL KY_360015,8WEST POINT_360035,422.0956427131997,500,1013659535.2132379,8MARSHALL_KY_360015-8WEST_POINT_360035,4331,0,936174546.390625,1269473248.96875,35.60219660565882,0.0,0.09605172015700762,0.5308242900023089,0.37312398984068346,333298702.578125,360885060.63862437,1374544595.8518622
7SHAWNEE FP_360002,8WEST POINT_360035,436.4519673895183,500,1055346566.2017508,7SHAWNEE_FP_360002-8WEST_POINT_360035,4493,0,977334438.78125,1297433728.578125,32.752277735760885,0.0,0.12374805252615179,0.6209659470287113,0.2552860004451369,320099289.796875,345650038.437213,1400996604.6389637
8PARADISE CC_360117,8WEST POINT_360035,475.1569218317777,500,1143217935.4235659,8PARADISE_CC_360117-8WEST_POINT_360035,4665,0,1010649408.71875,1372426962.8125,35.79654338811649,0.02015005359056806,0.11382636655948553,0.43344051446945336,0.432583065380493,361777554.09375,409232504.2746263,1552450439.6981921
8PARADISE CC_360117,8WEST POINT_360035,475.1569218317777,500,1143217935.4235659,8PARADISE_CC_360117-8WEST_POINT_360035,4665,0,1010649408.71875,1372426962.8125,35.79654338811649,0.02015005359056806,0.11382636655948553,0.43344051446945336,0.432583065380493,361777554.09375,409232504.2746263,1552450439.6981921
8ACKERMAN CC_360627,8BENTON MS_360612,238.36662325404814,500,582698781.8027761,8ACKERMAN_CC_360627-8BENTON_MS_360612,2343,0,515830193.4375,735023985.046875,42.49340081251629,0.0,0.028595817328211693,0.3145539906103286,0.6568501920614597,219193791.609375,247608528.8811034,830307310.6838795
6CENTER PNT_360533,8BENTON MS_360612,525.5787594936185,500,1289493801.8335848,6CENTER_PNT_360533-8BENTON_MS_360612,5224,0,1152583172.421875,1471455287.21875,27.66586589381157,0.16845329249617153,0.17668453292496172,0.33288667687595713,0.3219754977029097,318872114.796875,356749625.9242919,1646243427.7578766
6LOOPERS FRM_360602,8BENTON MS_360612,532.3298568914123,500,1307633625.2873175,6LOOPERS_FRM_360602-8BENTON_MS_360612,5287,0,1167820947.34375,1487716224.609375,27.392493514801064,0.17363344051446947,0.177605447323624,0.33062228106676755,0.318138831095139,319895277.265625,358193456.00418645,1665827081.291504
6COUNTY LINE_360013,8BENTON MS_360612,497.98100628231276,500,1222621843.4013727,6COUNTY_LINE_360013-8BENTON_MS_360612,5006,0,1105319374.40625,1409448166.234375,27.515015014687073,0.1502197363164203,0.21094686376348382,0.31622053535757094,0.32261286456252497,304128791.828125,336404583.78473157,1559026427.1861043
6YOUNG GA_361454,8BENTON MS_360612,464.0838959117512,500,1135743105.687094,6YOUNG_GA_361454-8BENTON_MS_360612,4677,0,1029804793.625,1327676410.875,28.925056388742053,0.1646354500748343,0.15608295916185588,0.3222150951464614,0.3570664956168484,297871617.25,328514333.75124216,1464257439.4383361
6KENSNGTN GA_361503,8BENTON MS_360612,464.28308422095483,500,1136271786.718176,6KENSNGTN_GA_361503-8BENTON_MS_360612,4673,0,1028825241.390625,1324766423.40625,28.764961249940967,0.16713032313289108,0.16006847849347314,0.31542906056066766,0.3573721378129681,295941182.015625,326848139.1434952,1463119925.861671
6ALPHA GA_361502,8BENTON MS_360612,546.9193569041668,500,1340545687.295192,6ALPHA_GA_361502-8BENTON_MS_360612,5481,0,1208534465.796875,1530351674.578125,26.62871584461204,0.14340448823207444,0.23900748038679073,0.3229337712096333,0.29465426017150154,321817208.78125,356970101.8370381,1697515789.13223
6CLOUDLANDGA_361633,8BENTON MS_360612,436.1170972447404,500,1071824827.4015039,6CLOUDLANDGA_361633-8BENTON_MS_360612,4452,0,984711584.390625,1257958184.359375,27.748896661741295,0.09883198562443846,0.2807726864330638,0.2908805031446541,0.32951482479784366,273246599.96875,297419563.7505303,1369244391.1520343
6ROCK SPG GA_361500,8BENTON MS_360612,468.32138941261275,500,1145484602.9250603,6ROCK_SPG_GA_361500-8BENTON_MS_360612,4710,0,1036387175.71875,1334117129.921875,28.727676410762683,0.16369426751592356,0.16496815286624203,0.3167728237791932,0.35456475583864117,297729954.203125,329071110.06342113,1474555712.9884815
6WID CRK FP_360068,8BENTON MS_360612,402.66423361185525,500,983779165.1178086,6WID_CRK_FP_360068-8BENTON_MS_360612,4089,0,898659457.71875,1160848551.03125,29.17557825275303,0.0880410858400587,0.256297383223282,0.2993396918561996,0.3563218390804598,262189093.3125,287023260.1532267,1270802425.2710352
6WRINGOLD GA_361504,8BENTON MS_360612,506.2124868104066,500,1239876753.4525719,6WRINGOLD_GA_361504-8BENTON_MS_360612,5119,0,1128028693.359375,1430740631.125,26.83548207130446,0.16155499120922054,0.22191834342645048,0.30103535846845086,0.3154913068958781,302711937.765625,332726903.8790367,1572603657.3316085
6BATTLFLD GA_361530,8BENTON MS_360612,444.87313621406145,500,1098003089.5164776,6BATTLFLD_GA_361530-8BENTON_MS_360612,4570,0,1015381270.546875,1298589276.0,27.891789386718923,0.10656455142231948,0.2617067833698031,0.3015317286652079,0.3301969365426696,283208005.453125,306252709.18760276,1404255798.7040803
6S HAVEN CC_360594,8BENTON MS_360612,104.138967466045,500,269137168.6313381,6S_HAVEN_CC_360594-8BENTON_MS_360612,992,0,231302469.953125,319895136.6875,38.30165183810139,0.0,0.0,0.5735887096774194,0.4264112903225806,88592666.734375,103083981.29609896,372221149.92743707
6CONCORD TN_361509,8BENTON MS_360612,527.9995257542188,500,1295447802.5586748,6CONCORD_TN_361509-8BENTON_MS_360612,5318,0,1173779714.171875,1484769303.546875,26.494714946953167,0.16077472734110568,0.2269650244452802,0.30857465212485896,0.30368559608875517,310989589.375,343225202.57448953,1638673005.1331644
8ANDERSON TN_360120,8BENTON MS_360612,542.0478503795196,500,1326436732.3319235,8ANDERSON_TN_360120-8BENTON_MS_360612,5349,0,1177910047.296875,1427524236.234375,21.191277679507593,0.2940736586277809,0.2583660497289213,0.18022060198167883,0.267339689661619,249614188.9375,281088891.19144475,1607525623.5233684
7SHAWNEE FP_360002,8BENTON MS_360612,270.8742596084086,500,649974688.6481798,7SHAWNEE_FP_360002-8BENTON_MS_360612,2681,0,578630337.71875,715026292.609375,23.57220940546707,0.06937709809772473,0.2547556881760537,0.6471465870943678,0.028720626631853787,136395954.890625,153213394.69068155,803188083.3388613
8CHOCTAW MS_360654,8JACKSON TN_360019,302.05089598827783,500,734491127.0740902,8CHOCTAW_MS_360654-8JACKSON_TN_360019,3068,0,671161026.84375,969034091.21875,44.38175824597552,0.0,0.020208604954367666,0.24185136897001303,0.7379400260756193,297873064.375,325980076.35616356,1060471203.4302537
8ACKERMAN CC_360627,8JACKSON TN_360019,287.2823050896224,500,700023803.9934365,8ACKERMAN_CC_360627-8JACKSON_TN_360019,2930,0,642744342.828125,923381565.234375,43.662340328259354,0.0,0.024573378839590442,0.27064846416382254,0.7047781569965871,280637222.40625,305646775.6784414,1005670579.6718779
8CLAY_360688,8JACKSON TN_360019,271.3873895146484,500,658197678.3551152,8CLAY_360688-8JACKSON_TN_360019,2777,0,606145383.765625,850509853.765625,40.31449822844599,0.0,0.02484695714800144,0.44004321209938785,0.5351098307526108,244364470.0,265349091.38014558,923546769.7352607
8COGEN CALED_360606,8JACKSON TN_360019,258.922805076868,500,625976086.3472543,8COGEN_CALED_360606-8JACKSON_TN_360019,2583,0,562361197.59375,811069541.09375,44.22572975592585,0.0,0.0,0.2884243128145567,0.7115756871854433,248708343.5,276842492.2846577,902818578.631912
8E POINT AL_360058,8JACKSON TN_360019,291.30611014098145,500,707724893.6788943,8E_POINT_AL_360058-8JACKSON_TN_360019,2616,0,572723820.234375,712720710.609375,24.44404884673894,0.21444954128440366,0.25573394495412843,0.22553516819571864,0.30428134556574926,139996890.375,172996618.71140015,880721512.3902944
6CENTER PNT_360533,8JACKSON TN_360019,446.4757984374306,500,1092638900.605557,6CENTER_PNT_360533-8JACKSON_TN_360019,4302,0,947471542.921875,1135544366.765625,19.8499707193061,0.2763830776383078,0.25639237563923756,0.298930729893073,0.1682938168293817,188072823.84375,216888501.83795112,1309527402.4435081
8BR FERRY NP_360052,8JACKSON TN_360019,212.7297920275735,500,509922660.8850688,8BR_FERRY_NP_360052-8JACKSON_TN_360019,1914,0,413093696.453125,552814462.25,33.8230205390533,0.109717868338558,0.13740856844305122,0.25339602925809823,0.4994775339602926,139720765.796875,172471246.32444394,682393907.2095127
6LOOPERS FRM_360602,8JACKSON TN_360019,453.2268958352244,500,1110778724.05929,6LOOPERS_FRM_360602-8JACKSON_TN_360019,4365,0,962709317.84375,1151805304.15625,19.64206461988256,0.2810996563573883,0.2563573883161512,0.29667812142038946,0.165864833906071,189095986.3125,218179874.76363274,1328958598.8229227
6COUNTY LINE_360013,8JACKSON TN_360019,419.219954314715,500,1024508273.2689834,6COUNTY_LINE_360013-8JACKSON_TN_360019,4082,0,897009797.6875,1063494250.921875,18.5599369888237,0.2310142087212151,0.376531112199902,0.2356687898089172,0.1567858892699657,166484453.234375,190148089.96400905,1214656363.2329924
6YOUNG GA_361454,8JACKSON TN_360019,377.3572400982391,500,927691939.867594,6YOUNG_GA_361454-8JACKSON_TN_360019,3790,0,839278618.09375,1006603328.984375,19.936729863399695,0.1704485488126649,0.4155672823218997,0.23588390501319262,0.17810026385224276,167324710.890625,184951436.01593456,1112643375.8835285
6KENSNGTN GA_361503,8JACKSON TN_360019,377.65282451051075,500,928066170.1088004,6KENSNGTN_GA_361503-8JACKSON_TN_360019,3785,0,837725943.28125,1000178529.28125,19.3920920442904,0.18758256274768825,0.4158520475561427,0.21822985468956407,0.178335535006605,162452586.0,179971445.9394193,1108037616.0482197
6ALPHA GA_361502,8JACKSON TN_360019,454.4111297021687,500,1111763294.1294942,6ALPHA_GA_361502-8JACKSON_TN_360019,4630,0,1019786398.640625,1230491924.4375,20.661731327045096,0.2840172786177106,0.2762419006479482,0.1976241900647948,0.24211663066954645,210705525.796875,229709544.82574221,1341472838.9552364
6CLOUDLANDGA_361633,8JACKSON TN_360019,351.3476946552886,500,860316203.6340644,6CLOUDLANDGA_361633-8JACKSON_TN_360019,3530,0,778628055.453125,935853850.453125,20.192670158603775,0.16515580736543908,0.41671388101983003,0.2339943342776204,0.18413597733711048,157225795.0,173720813.3208486,1034037016.954913
6ROCK SPG GA_361500,8JACKSON TN_360019,381.69112970216867,500,937323373.3458079,6ROCK_SPG_GA_361500-8JACKSON_TN_360019,3822,0,845334158.546875,1009476523.40625,19.417453228381888,0.18419675562532706,0.41836734693877553,0.2208267922553637,0.17660910518053374,164142364.859375,182004327.6181136,1119327700.9639215
6WID CRK FP_360068,8JACKSON TN_360019,317.8948310224034,500,772270541.3503691,6WID_CRK_FP_360068-8JACKSON_TN_360019,3167,0,692575928.78125,838744217.125,21.10502000855956,0.15882538680138933,0.40069466371960843,0.23839595832017682,0.2020839911588254,146168288.34375,162987852.27220663,935258393.6225758
6WRINGOLD GA_361504,8JACKSON TN_360019,427.45143484280885,500,1041763183.3201826,6WRINGOLD_GA_361504-8JACKSON_TN_360019,4195,0,919719116.640625,1084786715.8125,17.947609893638237,0.24266984505363529,0.38545887961859354,0.21930870083432658,0.15256257449344457,165067599.171875,186971592.15785372,1228734775.4780364
6BATTLFLD GA_361530,8JACKSON TN_360019,360.10373362460973,500,886494465.749038,6BATTLFLD_GA_361530-8JACKSON_TN_360019,3648,0,809297741.609375,976484942.09375,20.658305576376044,0.17269736842105263,0.38843201754385964,0.24917763157894737,0.18969298245614036,167187200.484375,183134735.65209854,1069629201.4011365
6S HAVEN CC_360594,8JACKSON TN_360019,195.37065571147645,500,488198496.90963995,6S_HAVEN_CC_360594-8JACKSON_TN_360019,1840,0,414660300.203125,565413013.125,36.35571402616249,0.0,0.0,0.6923913043478261,0.3076086956521739,150752712.921875,177488049.41649243,665686546.3261324
6CONCORD TN_361509,8JACKSON TN_360019,449.23847378662106,500,1097334232.4262855,6CONCORD_TN_361509-8JACKSON_TN_360019,4394,0,965470137.453125,1138815388.234375,17.95449119105108,0.2380518889394629,0.38416021847974513,0.2321347291761493,0.14565316340464268,173345250.78125,197020778.0973654,1294355010.523651
8BRADLEY TN_360662,8JACKSON TN_360019,422.87740894829113,500,1033419487.6786525,8BRADLEY_TN_360662-8JACKSON_TN_360019,4343,0,955549325.140625,1159817617.703125,21.377053720637452,0.29495740271701587,0.23992631821321667,0.2069997697444163,0.25811650932535113,204268292.5625,220914639.04060188,1254334126.7192545
8BENTON MS_360612,8JACKSON TN_360019,125.98576613305578,500,308252460.80860436,8BENTON_MS_360612-8JACKSON_TN_360019,1149,0,253299931.359375,335607033.0,32.49392970574869,0.0,0.0,0.8781549173194082,0.12184508268059181,82307101.640625,100163337.93138844,408415798.7399928
8FRANKLIN TN_360069,8JACKSON TN_360019,273.7891557497398,500,660227880.7555835,8FRANKLIN_TN_360069-8JACKSON_TN_360019,2807,0,609562105.65625,761341486.6875,24.899740259910907,0.10081938012112576,0.35732098325614536,0.2850017812611329,0.256857855361596,151779381.03125,164395027.4316546,824622908.1872381
8HAYWOOD TN_360542,8JACKSON TN_360019,49.97641553671063,500,121737912.64442536,8HAYWOOD_TN_360542-8JACKSON_TN_360019,437,0,96216928.09375,125602183.28125,30.540629148821054,0.0,0.0,0.9725400457665904,0.02745995423340961,29385255.1875,37179524.434249684,158917437.07867503
8HIWASSEE TN_360110,8JACKSON TN_360019,395.76337649086287,500,964222229.4965518,8HIWASSEE_TN_360110-8JACKSON_TN_360019,4067,0,892321708.21875,1080141849.28125,21.048478293487438,0.32554708630440127,0.2291615441357266,0.1696582247356774,0.27563314482419476,187820141.0625,202954106.6765623,1167176336.173114
8ANDERSON TN_360120,8JACKSON TN_360019,442.9557335735919,500,1090163969.0314064,8ANDERSON_TN_360120-8JACKSON_TN_360019,4441,0,983579675.59375,1177012408.609375,19.666198663454182,0.32830443593785186,0.2636793514974105,0.15559558657959918,0.2524206259851385,193432733.015625,214393811.9071135,1304557780.93852
8BULL RUN FP_360093,8JACKSON TN_360019,533.166084144428,500,1312826408.3995469,8BULL_RUN_FP_360093-8JACKSON_TN_360019,5247,0,1162773946.25,1370553329.28125,17.869284369618722,0.3508671621879169,0.2847341337907376,0.1507528111301696,0.21364589289117591,207779383.03125,234592684.19636708,1547419092.595914
8DAVIDSON TN_360048,8JACKSON TN_360019,188.80111026852592,500,458270440.5734465,8DAVIDSON_TN_360048-8JACKSON_TN_360019,1796,0,392510281.78125,568945162.453125,44.950384451382085,0.0,0.014476614699331848,0.2255011135857461,0.7600222717149221,176434880.671875,205994324.86480668,664264765.4382532
8GLEASON CT_360582,8JACKSON TN_360019,68.30004543019604,500,164485382.45920047,8GLEASON_CT_360582-8JACKSON_TN_360019,699,0,151460128.0,189435488.5625,25.072843304674876,0.0,0.3977110157367668,0.4492131616595136,0.1530758226037196,37975360.5625,41241162.20309051,205726544.662291
8CUMBERLAND_360040,8JACKSON TN_360019,139.12970116718137,500,336189006.78142214,8CUMBERLAND_360040-8JACKSON_TN_360019,1218,0,265224346.75,340846632.109375,28.512572954192784,0.17323481116584566,0.1354679802955665,0.36535303776683087,0.32594417077175697,75622285.359375,95856135.8225291,432045142.6039512
7SHAWNEE FP_360002,8JACKSON TN_360019,190.09381161426964,500,451885146.87847745,7SHAWNEE_FP_360002-8JACKSON_TN_360019,1928,0,412305788.375,522146515.953125,26.640597991853255,0.0,0.18360995850622408,0.8013485477178424,0.01504149377593361,109840727.578125,120384905.3647908,572270052.2432683
8CHOCTAW MS_360654,8SHELBY TN_360021,265.09552585625437,500,648384331.4416106,8CHOCTAW_MS_360654-8SHELBY_TN_360021,2652,0,583424442.75,809836952.109375,38.807511782017286,0.0,0.1048265460030166,0.3525641025641026,0.5426093514328808,226412509.359375,251621825.81695706,900006157.2585676
8ACKERMAN CC_360627,8SHELBY TN_360021,258.08256480006656,500,626072254.8921021,8ACKERMAN_CC_360627-8SHELBY_TN_360021,2531,0,552958585.046875,782183860.921875,41.45432986732058,0.0,0.026471750296325564,0.37495061240616356,0.5985776372975109,229225275.875,259534057.75074413,885606312.6428462
8CLAY_360688,8SHELBY TN_360021,263.6236556349497,500,635326125.1738216,8CLAY_360688-8SHELBY_TN_360021,2407,0,522547029.28125,749116797.5,43.35873242459935,0.0,0.0,0.3331948483589531,0.6668051516410469,226569768.21875,275469354.63769245,910795479.811514
8COGEN CALED_360606,8SHELBY TN_360021,264.28472703619013,500,637359436.5588925,8COGEN_CALED_360606-8SHELBY_TN_360021,2346,0,509424744.6875,704583581.140625,38.30964995091526,0.0,0.07374254049445865,0.4373401534526854,0.48891730605285594,195158836.453125,244170169.07483754,881529605.63373
8E POINT AL_360058,8SHELBY TN_360021,378.17264909754806,500,912821298.2921131,8E_POINT_AL_360058-8SHELBY_TN_360021,3570,0,776051869.390625,998739233.171875,28.69490720460599,0.06890756302521009,0.23921568627450981,0.40756302521008403,0.28431372549019607,222687363.78125,261933224.4888015,1174754522.7809145
6CENTER PNT_360533,8SHELBY TN_360021,525.5046556094408,500,1285436549.597764,6CENTER_PNT_360533-8SHELBY_TN_360021,5253,0,1155497396.90625,1472123521.03125,27.401716782118292,0.1675233200076147,0.17570911859889587,0.35141823719779175,0.3053493241956977,316626124.125,352231682.7346128,1637668232.332377
8BR FERRY NP_360052,8SHELBY TN_360021,285.91750637159384,500,687508378.3890121,8BR_FERRY_NP_360052-8SHELBY_TN_360021,2873,0,621723792.90625,841317060.53125,35.32006819274367,0.07309432648799165,0.09154194222067526,0.3668639053254438,0.4684998259658893,219593267.625,242828428.07782525,930336806.4668374
6LOOPERS FRM_360602,8SHELBY TN_360021,532.2557530072345,500,1303576373.051497,6LOOPERS_FRM_360602-8SHELBY_TN_360021,5316,0,1170735171.828125,1488384458.421875,27.132462937603098,0.172686230248307,0.17663656884875847,0.34894657637321297,0.3017306245297216,317649286.59375,353692376.2815481,1657268749.333045
8LIMESTONE_360088,8SHELBY TN_360021,309.0007271382258,500,743576118.6524065,8LIMESTONE_360088-8SHELBY_TN_360021,3098,0,670994720.453125,890587988.078125,32.726526890808906,0.14041316978695934,0.08489347966429955,0.34021949644932215,0.43447385409941897,219593267.625,243346638.4244129,986922757.0768194
6COUNTY LINE_360013,8SHELBY TN_360021,497.906902398135,500,1218564591.1655521,6COUNTY_LINE_360013-8SHELBY_TN_360021,5035,0,1108233598.890625,1410116400.046875,27.23999718637331,0.1493545183714002,0.20973187686196623,0.3356504468718967,0.30526315789473685,301882801.15625,331936960.34763783,1550501551.51319
6YOUNG GA_361454,8SHELBY TN_360021,464.00979202757344,500,1131685853.4512734,6YOUNG_GA_361454-8SHELBY_TN_360021,4706,0,1032719018.109375,1328344644.6875,28.625949691459574,0.16362090947726307,0.15512112197195072,0.342966425839354,0.3382915427114322,295625626.578125,323955823.07432646,1455641676.5256
8MADISON AL_360060,8SHELBY TN_360021,334.3333050641135,500,807337693.7525306,8MADISON_AL_360060-8SHELBY_TN_360021,3389,0,736290159.09375,979179329.53125,32.98824076861979,0.13396282089111833,0.05399822956624373,0.4030687518442018,0.4089701976984361,242889170.4375,266326502.23090705,1073664195.9834377
6KENSNGTN GA_361503,8SHELBY TN_360021,464.2089803367772,500,1132214534.482355,6KENSNGTN_GA_361503-8SHELBY_TN_360021,4702,0,1031739465.875,1325434657.21875,28.466022775882884,0.16609953211399406,0.15908124202467036,0.3362398979157805,0.33857932794555506,293695191.34375,322296447.2576036,1454510981.7399588
6ALPHA GA_361502,8SHELBY TN_360021,546.8452530199891,500,1336488435.0593715,6ALPHA_GA_361502-8SHELBY_TN_360021,5510,0,1211448690.28125,1531019908.390625,26.379261513352525,0.1426497277676951,0.23774954627949182,0.34065335753176046,0.2789473684210526,319571218.109375,352555779.38002425,1689044214.4393957
6CLOUDLANDGA_361633,8SHELBY TN_360021,436.0429933605627,500,1067767575.1656833,6CLOUDLANDGA_361633-8SHELBY_TN_360021,4481,0,987625808.875,1258626418.171875,27.439603831897674,0.09819236777505021,0.27895559027002903,0.3128765900468645,0.30997545190805625,271000609.296875,292991192.47092366,1360758767.636607
8MAGNOL CC1_360613,8SHELBY TN_360021,95.14225965942634,500,232702130.56456694,8MAGNOL_CC1_360613-8SHELBY_TN_360021,856,0,188487466.71875,260005945.90625,37.94336060244032,0.0,0.0,0.5992990654205608,0.4007009345794392,71518479.1875,88295008.52967513,320997139.0942421
6ROCK SPG GA_361500,8SHELBY TN_360021,468.2472855284352,500,1141427350.6892397,6ROCK_SPG_GA_361500-8SHELBY_TN_360021,4739,0,1039301400.203125,1334785363.734375,28.431017554051152,0.16269255117113315,0.16395864106351551,0.3374129563198987,0.3359358514454526,295483963.53125,324519410.44119877,1465946761.1304386
6WID CRK FP_360068,8SHELBY TN_360021,402.5901297276776,500,979721912.881988,6WID_CRK_FP_360068-8SHELBY_TN_360021,4118,0,901573682.203125,1161516784.84375,28.832152909057495,0.08742107819329771,0.25449247207382225,0.32321515298688686,0.3348712967459932,259943102.640625,282474920.0056778,1262196832.8876657
6WRINGOLD GA_361504,8SHELBY TN_360021,506.1383829262289,500,1235819501.216751,6WRINGOLD_GA_361504-8SHELBY_TN_360021,5148,0,1130942917.84375,1431408864.9375,26.567737624337127,0.16064491064491065,0.22066822066822067,0.3201243201243201,0.29856254856254855,300465947.09375,328329282.5936582,1564148783.8104093
6BATTLFLD GA_361530,8SHELBY TN_360021,444.7990323298838,500,1093945837.2806568,6BATTLFLD_GA_361530-8SHELBY_TN_360021,4599,0,1018295495.03125,1299257509.8125,27.591403099807255,0.10589258534464013,0.26005653402913675,0.32289628180039137,0.3111545988258317,280962014.78125,301835005.6576676,1395780842.9383245
6S HAVEN CC_360594,8SHELBY TN_360021,123.85490901206339,500,312510641.72066414,6S_HAVEN_CC_360594-8SHELBY_TN_360021,1180,0,268430861.5625,367009399.4375,36.7239956319432,0.0,0.0,0.6627118644067796,0.33728813559322035,98578537.875,114766394.41485435,427277036.1355185
6CONCORD TN_361509,8SHELBY TN_360021,527.9254218700412,500,1291390550.3228543,6CONCORD_TN_361509-8SHELBY_TN_360021,5347,0,1176693938.65625,1485437537.359375,26.238224619028895,0.15990274920516176,0.2257340564802693,0.32691228726388627,0.2874509070506826,308743598.703125,338837953.30262387,1630228503.6254783
8BRADLEY TN_360662,8SHELBY TN_360021,519.0366166911375,500,1262391677.04884,8BRADLEY_TN_360662-8SHELBY_TN_360021,5288,0,1157484358.75,1410098766.03125,21.824433770669295,0.2634266263237519,0.22976550680786686,0.2861195158850227,0.22068835098335854,252614407.28125,275509835.4839655,1537901512.5328054
8RACCOON MTN_360079,8SHELBY TN_360021,431.3570518145444,500,1054569610.0995089,8RACCOON_MTN_360079-8SHELBY_TN_360021,4460,0,981829463.234375,1252721926.1875,27.590581979557037,0.10829596412556054,0.2591928251121076,0.32107623318385653,0.3114349775784753,270892462.953125,290961892.806,1345531502.905509
8BENTON MS_360612,8SHELBY TN_360021,32.819759723198594,500,82933228.98008704,8BENTON_MS_360612-8SHELBY_TN_360021,323,0,73326234.78125,97360267.8125,32.77685415451832,0.0,0.0,0.8637770897832817,0.13622291021671826,24034033.03125,27182903.50843585,110116132.48852289
8SEQUOYAH NP_360081,8SHELBY TN_360021,479.51162968941424,500,1170467904.894462,8SEQUOYAH_NP_360081-8SHELBY_TN_360021,4877,0,1070745568.984375,1324343549.71875,23.684242837905757,0.20278859954890302,0.2794750871437359,0.24051671109288497,0.2772196022144761,253597980.734375,277216460.9349522,1447684365.8294144
8FRANKLIN TN_360069,8SHELBY TN_360021,363.8436167676643,500,876238110.2366593,8FRANKLIN_TN_360069-8SHELBY_TN_360021,3755,0,813949391.328125,1052664474.796875,29.328000734694015,0.12436750998668442,0.21065246338215712,0.30492676431424764,0.36005326231691076,238715083.46875,256983119.4078764,1133221229.6445358
8HAYWOOD TN_360542,8SHELBY TN_360021,80.97744150775505,500,194527904.51039505,8HAYWOOD_TN_360542-8SHELBY_TN_360021,774,0,167188880.90625,218997855.4375,30.988289562331307,0.0,0.0,0.962532299741602,0.037467700258397935,51808974.53125,60280870.329216555,254808774.8396116
8HIWASSEE TN_360110,8SHELBY TN_360021,492.20802579248215,500,1193568462.1654944,8HIWASSEE_TN_360110-8SHELBY_TN_360021,5016,0,1094853299.484375,1331019555.265625,21.570584469396348,0.28708133971291866,0.2202950558213716,0.25996810207336524,0.2326555023923445,236166255.78125,257459693.33148298,1451028155.4969773
8LAG CRK CC_360615,8SHELBY TN_360021,57.68973372664527,500,137700184.66181225,8LAG_CRK_CC_360615-8SHELBY_TN_360021,543,0,116679593.28125,152186340.0625,30.430982644636796,0.0,0.0,0.9779005524861878,0.022099447513812154,35506746.78125,41903519.2960689,179603703.95788115
8MAURY TN_360050,8SHELBY TN_360021,274.0827336501186,500,658884260.4199333,8MAURY_TN_360050-8SHELBY_TN_360021,2756,0,596005049.859375,812075123.984375,36.253060972550635,0.06712626995645864,0.06712626995645864,0.3904208998548621,0.4753265602322206,216070074.125,238865712.66857773,897749973.088511
8JACKSON TN_360019,8SHELBY TN_360021,115.20056485108434,500,277825479.40620524,8JACKSON_TN_360019-8SHELBY_TN_360021,1071,0,232172874.234375,303866086.3125,30.879236997235004,0.0,0.0,0.9645191409897292,0.035480859010270774,71693212.078125,85790388.22454645,363615867.63075167
8RUTHERFORD_360010,8SHELBY TN_360021,322.98225309651576,500,781505623.0931811,8RUTHERFORD_360010-8SHELBY_TN_360021,3214,0,699332784.40625,937060981.890625,33.99357255733575,0.06751711263223398,0.10983198506533914,0.4119477286869944,0.41070317361543246,237728197.484375,265661681.0258394,1047167304.1190205
8ANDERSON TN_360120,8SHELBY TN_360021,540.3169218317778,500,1321286489.6025636,8ANDERSON_TN_360120-8SHELBY_TN_360021,5389,0,1185468256.46875,1427162125.109375,20.388050656082356,0.2922620152161811,0.24921135646687698,0.24197439228057152,0.2165522360363704,241693868.640625,269384558.812143,1590671048.4147067
8BULL RUN FP_360093,8SHELBY TN_360021,632.8002074622485,500,1550378861.725526,8BULL_RUN_FP_360093-8SHELBY_TN_360021,6207,0,1368184238.4375,1632109193.265625,19.290161910470015,0.2877396487836314,0.2840341549863058,0.2402126631222813,0.18801353310778154,263924954.828125,299070592.65255606,1849449454.3780823
8JVILLE FP_360037,8SHELBY TN_360021,200.78409075835654,500,481979063.300401,8JVILLE_FP_360037-8SHELBY_TN_360021,1855,0,400505365.4375,525443277.25,31.19506568308308,0.06630727762803235,0.03827493261455526,0.7045822102425876,0.1908355795148248,124937911.8125,150353685.37526864,632332748.6756697
8PIN HOOK TN_360581,8SHELBY TN_360021,343.09081799861787,500,843578311.2393444,8PIN_HOOK_TN_360581-8SHELBY_TN_360021,3355,0,741051941.453125,1003551691.734375,35.422584517694624,0.05245901639344262,0.08017883755588674,0.42384500745156484,0.4435171385991058,262499750.28125,298817240.27169776,1142395551.511042
8PLATEAU TN_360077,8SHELBY TN_360021,474.43098028575935,500,1149056539.2307205,8PLATEAU_TN_360077-8SHELBY_TN_360021,4688,0,1021607644.265625,1266306480.65625,23.952330208582673,0.22397610921501707,0.21459044368600683,0.3125,0.2489334470989761,244698836.390625,275225816.55985445,1424282355.790575
8DAVIDSON TN_360048,8SHELBY TN_360021,292.9502205880697,500,710225998.8463632,8DAVIDSON_TN_360048-8SHELBY_TN_360021,2778,0,605945274.484375,862480202.296875,42.33631956793402,0.0,0.009719222462203024,0.36825053995680346,0.6220302375809935,256534927.8125,300683548.52614766,1010909547.3725109
8GLEASON CT_360582,8SHELBY TN_360021,158.51122712547138,500,379956118.33234644,8GLEASON_CT_360582-8SHELBY_TN_360021,1394,0,300779926.53125,379549489.25,26.1884373824947,0.03443328550932568,0.148493543758967,0.8070301291248206,0.010043041606886656,78769562.71875,99504570.13042402,479460688.46277046
8LAG CRK CT_360568,8SHELBY TN_360021,151.76853234263825,500,362916398.424189,8LAG_CRK_CT_360568-8SHELBY_TN_360021,1375,0,295862972.96875,372274561.765625,25.826681869023815,0.05381818181818182,0.14036363636363636,0.7956363636363636,0.010181818181818183,76411588.796875,93729263.67153426,456645662.0957232
8CUMBERLAND_360040,8SHELBY TN_360021,248.24270109065466,500,598176210.5848299,8CUMBERLAND_360040-8SHELBY_TN_360021,2239,0,485798050.484375,619544527.0625,27.531291334901464,0.10406431442608308,0.07369361322018758,0.7128182224207236,0.1094238499330058,133746476.578125,164685635.23218322,762861845.8170131
8PHIPPS B NP_360102,8SHELBY TN_360021,724.3254736080588,500,1773355546.6753125,8PHIPPS_B_NP_360102-8SHELBY_TN_360021,7004,0,1544895170.78125,1821507121.34375,17.90490097930839,0.20659623072529984,0.3853512278697887,0.3103940605368361,0.09765848086807538,276611950.5625,317517554.6432877,2090873101.3186002
8MONTGOMERY_360044,8SHELBY TN_360021,315.6444867593888,500,763511669.2557883,8MONTGOMERY_360044-8SHELBY_TN_360021,2874,0,625555196.359375,819174396.078125,30.951577230207803,0.058107167710508,0.10403618649965206,0.6016005567153793,0.2362560890744607,193619199.71875,236318903.9713541,999830573.2271425
8MARSHALL KY_360015,8SHELBY TN_360021,267.976733548083,500,642020830.8127912,8MARSHALL_KY_360015-8SHELBY_TN_360021,2433,0,524716877.046875,662484530.203125,26.255616920807114,0.030415125359638306,0.19852034525277434,0.7184545828195643,0.052609946568023015,137767653.15625,168566529.8899896,810587360.7027808
7SHAWNEE FP_360002,8SHELBY TN_360021,254.75676610754687,500,607901714.9290818,7SHAWNEE_FP_360002-8SHELBY_TN_360021,2516,0,540063972.8125,663031092.109375,22.768991357912128,0.0739268680445151,0.2714626391096979,0.6399046104928457,0.014705882352941176,122967119.296875,138413088.93680227,746314803.8658841
8PARADISE CC_360117,8SHELBY TN_360021,371.75059059254863,500,896133496.0903473,8PARADISE_CC_360117-8SHELBY_TN_360021,3340,0,724921459.8125,902348503.703125,24.47534715505819,0.09880239520958084,0.17964071856287425,0.6682634730538922,0.053293413173652694,177427043.890625,219331784.1408723,1115465280.2312195
8PARADISE CC_360117,8SHELBY TN_360021,371.75059059254863,500,896133496.0903473,8PARADISE_CC_360117-8SHELBY_TN_360021,3340,0,724921459.8125,902348503.703125,24.47534715505819,0.09880239520958084,0.17964071856287425,0.6682634730538922,0.053293413173652694,177427043.890625,219331784.1408723,1115465280.2312195
6CENTER PNT_360533,8SHAWNEE FP_360001,570.3980709675892,500,1388038026.090612,6CENTER_PNT_360533-8SHAWNEE_FP_360001,5186,0,1136290784.703125,1334330156.59375,17.428582063381427,0.23929811029695333,0.305630543771693,0.41573467026610106,0.039336675665252605,198039371.890625,241915346.44814202,1629953372.538754
6LOOPERS FRM_360602,8SHAWNEE FP_360001,577.1491683653829,500,1406177849.544345,6LOOPERS_FRM_360602-8SHAWNEE_FP_360001,5249,0,1151528559.625,1350591093.984375,17.286808277182498,0.24366546008763573,0.3050104781863212,0.41245951609830445,0.03886454562773862,199062534.359375,243083268.88693866,1649261118.4312835
6COUNTY LINE_360013,8SHAWNEE FP_360001,541.1606748900301,500,1316962715.148047,6COUNTY_LINE_360013-8SHAWNEE_FP_360001,4927,0,1079180518.1875,1258895240.453125,16.65288793087727,0.23503145930586564,0.3383397605033489,0.39882281307083417,0.02780596711995129,179714722.265625,219312325.04504272,1536275040.1930897
6YOUNG GA_361454,8SHAWNEE FP_360001,499.42523989416793,500,1219566409.2166338,6YOUNG_GA_361454-8SHAWNEE_FP_360001,4636,0,1020702842.21875,1205145078.015625,18.07012072151619,0.18313201035375323,0.35785159620362383,0.4180327868852459,0.040983606557377046,184442235.796875,220377122.4245059,1439943531.6411397
6KENSNGTN GA_361503,8SHAWNEE FP_360001,499.7208243064395,500,1219940639.4578402,6KENSNGTN_GA_361503-8SHAWNEE_FP_360001,4631,0,1019150167.40625,1198720278.3125,17.619592936265537,0.19714964370546317,0.3580220254804578,0.40380047505938244,0.04102785575469661,179570110.90625,214948574.73654625,1434889214.1943865
6ALPHA GA_361502,8SHAWNEE FP_360001,558.1022139741413,500,1362239352.8258471,6ALPHA_GA_361502-8SHAWNEE_FP_360001,5423,0,1192458403.484375,1406645609.140625,17.961817790070732,0.25926608888069336,0.2828692605568873,0.38226074128711046,0.07560390927530887,214187205.65625,244682950.4192174,1606922303.2450645
6CLOUDLANDGA_361633,8SHAWNEE FP_360001,473.41569445121746,500,1152190672.9831042,6CLOUDLANDGA_361633-8SHAWNEE_FP_360001,4376,0,960052279.578125,1134395599.484375,18.159773547213653,0.1796160877513711,0.3553473491773309,0.4273308957952468,0.03770566727605119,174343319.90625,209235217.04584873,1361425890.028953
6ROCK SPG GA_361500,8SHAWNEE FP_360001,503.7591294980974,500,1229197842.6948478,6ROCK_SPG_GA_361500-8SHAWNEE_FP_360001,4668,0,1026758382.671875,1208018272.4375,17.65360700478944,0.19430162810625534,0.36053984575835474,0.40445586975149955,0.04070265638389032,181259889.765625,216997756.4606983,1446195599.1555462
6WID CRK FP_360068,8SHAWNEE FP_360001,439.8882723771051,500,1064395273.4920746,6WID_CRK_FP_360068-8SHAWNEE_FP_360001,4013,0,874366290.78125,1035654134.515625,18.44625592670821,0.17567904310989285,0.34662347371044105,0.44081734363319214,0.03688013954647396,161287843.734375,196341076.2201339,1260736349.7122085
6WRINGOLD GA_361504,8SHAWNEE FP_360001,549.3921554181242,500,1334217625.1992462,6WRINGOLD_GA_361504-8SHAWNEE_FP_360001,5040,0,1101889837.140625,1280187705.34375,16.181097437635252,0.24464285714285713,0.3466269841269841,0.381547619047619,0.027182539682539683,178297868.203125,215891053.96359313,1550108679.1628394
6BATTLFLD GA_361530,8SHAWNEE FP_360001,482.17173342053843,500,1178368935.0980778,6BATTLFLD_GA_361530-8SHAWNEE_FP_360001,4494,0,990721965.734375,1174958698.46875,18.596209542786223,0.1855807743658211,0.3340008900756564,0.43435692033822876,0.04606141522029372,184236732.734375,219131956.35793713,1397500891.4560149
6S HAVEN CC_360594,8SHAWNEE FP_360001,324.27725953188184,500,775201635.838223,6S_HAVEN_CC_360594-8SHAWNEE_FP_360001,3083,0,662901830.53125,756104503.640625,14.059800232363573,0.5128121959130717,0.07557573791761271,0.3795004865390853,0.03211157963023029,93202673.109375,108991801.39686869,884193437.2350917
6CONCORD TN_361509,8SHAWNEE FP_360001,563.6050061802771,500,1377000434.4087002,6CONCORD_TN_361509-8SHAWNEE_FP_360001,5480,0,1206157498.6875,1428574318.515625,18.44011417001108,0.26277372262773724,0.252007299270073,0.4104014598540146,0.07481751824817519,222416819.828125,253920452.22651282,1630920886.6352131
6CENTER PNT_360533,8BHAM STEEL_360075,576.8831490847937,500,1415931625.4860106,6CENTER_PNT_360533-8BHAM_STEEL_360075,5746,0,1269873587.6875,1600620524.484375,26.045658402832107,0.16689871214758092,0.25026105116602854,0.2803689523146537,0.30247128437173687,330746936.796875,368788714.3917544,1784720339.877765
6LOOPERS FRM_360602,8BHAM STEEL_360075,583.6342464825874,500,1434071448.9397433,6LOOPERS_FRM_360602-8BHAM_STEEL_360075,5809,0,1285111362.609375,1616881461.875,25.81644742382303,0.1716302289550697,0.2503012566706834,0.27887760371836806,0.29919091065587883,331770099.265625,370226301.63558596,1804297750.5753293
6COUNTY LINE_360013,8BHAM STEEL_360075,551.9136750685924,500,1356767630.9248142,6COUNTY_LINE_360013-8BHAM_STEEL_360075,5493,0,1215345988.3125,1528161878.328125,25.738834292773525,0.16748589113417076,0.2643364281813217,0.2639723284179865,0.304205352266521,312815890.015625,349216172.261727,1705983803.186541
6YOUNG GA_361454,8BHAM STEEL_360075,518.0165646980308,500,1269888893.2105355,6YOUNG_GA_361454-8BHAM_STEEL_360075,5164,0,1139831407.53125,1446390122.96875,26.895092854255754,0.18164213787761424,0.21804802478698684,0.26607281177381875,0.3342370255615802,306558715.4375,341537796.97485423,1611426690.1853898
6KENSNGTN GA_361503,8BHAM STEEL_360075,518.2157530072345,500,1270417574.2416172,6KENSNGTN_GA_361503-8BHAM_STEEL_360075,5160,0,1138851855.296875,1443480135.5,26.748718789566773,0.18391472868217054,0.22170542635658916,0.25988372093023254,0.33449612403100776,304628280.203125,339820424.38712585,1610237998.6287432
6ALPHA GA_361502,8BHAM STEEL_360075,602.7047464698329,500,1480166242.6651793,6ALPHA_GA_361502-8BHAM_STEEL_360075,5989,0,1324344375.53125,1661014059.34375,25.42161163160055,0.16630489230255469,0.2698280180330606,0.27366839205209553,0.29019869761228917,336669683.8125,376282113.712396,1856448356.3775754
6CLOUDLANDGA_361633,8BHAM STEEL_360075,498.4907660055112,500,1219552505.141236,6CLOUDLANDGA_361633-8BHAM_STEEL_360075,4969,0,1094526175.140625,1389032315.40625,26.907181112209287,0.18112296236667338,0.22137250955926746,0.2612195612799356,0.33628496679412356,294506140.265625,328147201.31683785,1547699706.4580739
6ROCK SPG GA_361500,8BHAM STEEL_360075,522.2540581988926,500,1279630390.4485016,6ROCK_SPG_GA_361500-8BHAM_STEEL_360075,5197,0,1146413789.625,1452830842.015625,26.7283118158284,0.1806811622089667,0.22570713873388493,0.26149701751010196,0.3321146815470464,306417052.390625,342023600.84917796,1621653991.2976794
6WID CRK FP_360068,8BHAM STEEL_360075,446.516902398135,500,1092332189.8417606,6WID_CRK_FP_360068-8BHAM_STEEL_360075,4464,0,983276755.09375,1291958594.703125,31.39317979503582,0.08064516129032258,0.23655913978494625,0.24686379928315413,0.4359318996415771,308681839.609375,342917808.3160759,1435249998.1578364
6WRINGOLD GA_361504,8BHAM STEEL_360075,560.1451555966864,500,1374022540.9760132,6WRINGOLD_GA_361504-8BHAM_STEEL_360075,5606,0,1238055307.265625,1549454343.21875,25.152271802855264,0.17748840528005708,0.2732786300392437,0.25115947199429184,0.2980734926864074,311399035.953125,345597884.1387852,1719620425.1147983
6BATTLFLD GA_361530,8BHAM STEEL_360075,488.72580500034127,500,1206556114.2404296,6BATTLFLD_GA_361530-8BHAM_STEEL_360075,4945,0,1099998567.921875,1429699319.671875,29.9728346349462,0.09848331648129424,0.24347826086956523,0.2539939332659252,0.40404448938321536,329700751.75,361639068.8991165,1568195183.1395462
6CONCORD TN_361509,8BHAM STEEL_360075,581.9321945404986,500,1429593590.0821161,6CONCORD_TN_361509-8BHAM_STEEL_360075,5805,0,1283806328.078125,1603483015.640625,24.900694175659677,0.17622739018087855,0.2761412575366064,0.2597760551248923,0.28785529715762276,319676687.5625,355978727.82118154,1785572317.9032977
8CHOCTAW MS_360654,8WILSON TN_360071,496.33291511581376,500,1206953264.6899242,8CHOCTAW_MS_360654-8WILSON_TN_360071,4344,0,951043995.140625,1161387109.4375,22.117075063995628,0.18531307550644568,0.324585635359116,0.2877532228360958,0.20234806629834254,210343114.296875,266942759.53881636,1473896024.2287407
8ACKERMAN CC_360627,8WILSON TN_360071,474.727428126845,500,1153437057.17764,8ACKERMAN_CC_360627-8WILSON_TN_360071,4164,0,910849486.53125,1102500389.46875,21.040897071519037,0.19332372718539864,0.33861671469740634,0.29250720461095103,0.17555235350624399,191650902.9375,242693503.9855054,1396130561.1631453
8CLAY_360688,8WILSON TN_360071,436.9925645449776,500,1059319016.1320996,8CLAY_360688-8WILSON_TN_360071,3881,0,846634306.4375,1007153045.625,18.959630854428376,0.20742076784333935,0.3682040711156918,0.29889203813450144,0.1254831229064674,160518739.1875,200842975.0294087,1260161991.1615083
8WEST POINT_360035,8WILSON TN_360071,415.6039022195727,500,1004823585.7891034,8WEST_POINT_360035-8WILSON_TN_360071,3674,0,799633058.5,939851141.90625,17.53530346397629,0.21883505715841045,0.38922155688622756,0.2955906369080022,0.09635274904735983,140218083.40625,176198865.04572743,1181022450.8348308
8COGEN CALED_360606,8WILSON TN_360071,397.9284412271572,500,961145407.3923277,8COGEN_CALED_360606-8WILSON_TN_360071,3594,0,781380364.578125,908525417.890625,16.27185159447242,0.2907623817473567,0.3444629938786867,0.27017250973845297,0.09460211463550362,127145053.3125,156396154.2979669,1117541561.6902945
8E POINT AL_360058,8WILSON TN_360071,279.28418818165915,500,689832724.5671699,8E_POINT_AL_360058-8WILSON_TN_360071,2779,0,618102406.96875,670649395.59375,8.501340236271982,0.4508816120906801,0.41453760345448004,0.1241453760345448,0.01043540842029507,52546988.625,58645026.976600096,748477751.54377
8UNION MS_360033,8WILSON TN_360071,390.9565841316736,500,945502772.935587,8UNION_MS_360033-8WILSON_TN_360071,3635,0,791644956.046875,999969562.15625,26.31540875971168,0.17386519944979367,0.29601100412654746,0.15350756533700138,0.3766162310866575,208324606.109375,248812919.5324083,1194315692.4679954
8TRICO STEEL_360014,8WILSON TN_360071,268.45716210857915,500,652128387.5474705,8TRICO_STEEL_360014-8WILSON_TN_360071,2411,0,527468560.703125,583357343.875,10.595661492577735,0.3956864371630029,0.40481128162588137,0.1708834508502696,0.02861883036084612,55888783.171875,69097316.44153543,721225703.9890059
6CENTER PNT_360533,8WILSON TN_360071,289.41418161874856,500,715487308.1744928,6CENTER_PNT_360533-8WILSON_TN_360071,2718,0,604828453.3125,664812711.234375,9.917565483792256,0.35356880058866813,0.4856512141280353,0.15047829286239883,0.010301692420897719,59984257.921875,70958922.31642783,786446230.4909207
8BR FERRY NP_360052,8WILSON TN_360071,223.6250907328476,500,542309267.6279855,8BR_FERRY_NP_360052-8WILSON_TN_360071,2045,0,446594239.15625,490269720.140625,9.779678543747238,0.3393643031784841,0.517359413202934,0.12909535452322737,0.014180929095354523,43675480.984375,53036103.08696688,595345370.7149523
6LOOPERS FRM_360602,8WILSON TN_360071,281.6267595446363,500,695135743.7433674,6LOOPERS_FRM_360602-8WILSON_TN_360071,2641,0,586707313.765625,643537068.125,9.68621883961669,0.3646346081029913,0.4804998106777736,0.1442635365391897,0.010602044680045438,56829754.359375,67332369.37137966,762468113.114747
8LIMESTONE_360088,8WILSON TN_360071,208.9004414312284,500,506904284.22873837,8LIMESTONE_360088-8WILSON_TN_360071,2004,0,437691339.21875,472714586.09375,8.001814003794138,0.40219560878243515,0.5119760479041916,0.07135728542914171,0.014471057884231538,35023246.875,40561538.00124762,547465822.229986
6COUNTY LINE_360013,8WILSON TN_360071,277.33389591175114,500,685712233.9204551,6COUNTY_LINE_360013-8WILSON_TN_360071,2602,0,578959738.3125,643320890.40625,11.11668874960876,0.3447348193697156,0.4388931591083782,0.20561106840891621,0.010760953112990008,64361152.09375,76228494.76292615,761940728.6833812
6YOUNG GA_361454,8WILSON TN_360071,230.1972855284352,500,574542602.129514,6YOUNG_GA_361454-8WILSON_TN_360071,2094,0,470822710.796875,516576787.25,9.717899201524393,0.3347659980897803,0.541069723018147,0.09837631327602674,0.025787965616045846,45754076.453125,55833470.94476151,630376073.0742755
8MADISON AL_360060,8WILSON TN_360071,190.3937856177163,500,464157237.4332082,8MADISON_AL_360060-8WILSON_TN_360071,1875,0,411408597.453125,440937740.90625,7.177570822760826,0.45066666666666666,0.4816,0.05226666666666667,0.015466666666666667,29529143.453125,33315214.445738643,497472451.8789469
6KENSNGTN GA_361503,8WILSON TN_360071,230.4928699407067,500,574916832.3707204,6KENSNGTN_GA_361503-8WILSON_TN_360071,2089,0,469270035.984375,510151987.546875,8.71181802109804,0.3662039253231211,0.5418860698898995,0.06606031594064146,0.02584968884633796,40881951.5625,50085708.20879843,625002540.5795188
6ALPHA GA_361502,8WILSON TN_360071,262.1217011161636,500,646918830.7838852,6ALPHA_GA_361502-8WILSON_TN_360071,2457,0,545747479.203125,599321965.0625,9.816717053389223,0.3764753764753765,0.45706145706145707,0.15506715506715507,0.011396011396011397,53574485.859375,63506191.18314783,710425021.967033
6CLOUDLANDGA_361633,8WILSON TN_360071,204.18774008548468,500,507166865.8959844,6CLOUDLANDGA_361633-8WILSON_TN_360071,1834,0,410172148.15625,445827308.71875,8.692730777253455,0.3478735005452563,0.5610687022900763,0.0752453653217012,0.015812431842966195,35655160.5625,44086650.24377199,551253516.1397564
8MAGNOL CC1_360613,8WILSON TN_360071,383.96947376111217,500,925635478.7762628,8MAGNOL_CC1_360613-8WILSON_TN_360071,3605,0,782248667.328125,987511874.75,26.240147921629454,0.1753120665742025,0.2984743411927878,0.14590846047156728,0.3803051317614424,205263207.421875,242888118.84597436,1168523597.6222372
6ROCK SPG GA_361500,8WILSON TN_360071,234.53117513236475,500,584174035.607728,6ROCK_SPG_GA_361500-8WILSON_TN_360071,2126,0,476878251.25,519449981.671875,8.927169630882803,0.3570084666039511,0.544214487300094,0.07337723424270931,0.02539981185324553,42571730.421875,52150207.09827559,636324242.7060035
6WID CRK FP_360068,8WILSON TN_360071,182.78454531540604,500,452761826.97901094,6WID_CRK_FP_360068-8WILSON_TN_360071,1684,0,375485816.421875,403907218.125,7.569234431798688,0.4519002375296912,0.46021377672209024,0.07066508313539192,0.0172209026128266,28421401.703125,34270604.1017361,487032431.080747
8WID CRK FP_360065,8WILSON TN_360071,182.4991037566332,500,451851719.4804871,8WID_CRK_FP_360065-8WILSON_TN_360071,1680,0,374393123.65625,402814525.359375,7.591325776917901,0.4505952380952381,0.46130952380952384,0.07083333333333333,0.017261904761904763,28421401.703125,34301536.05436898,486153255.5348561
6WRINGOLD GA_361504,8WILSON TN_360071,260.66890891002777,500,642876713.6611078,6WRINGOLD_GA_361504-8WILSON_TN_360071,2445,0,542645875.015625,603709984.515625,11.253031177697936,0.3717791411042945,0.3918200408997955,0.2249488752556237,0.011451942740286299,61064109.5,72343117.02244434,715219830.6835521
6BATTLFLD GA_361530,8WILSON TN_360071,205.91007773457096,500,514596650.42275625,6BATTLFLD_GA_361530-8WILSON_TN_360071,1820,0,409459036.015625,449916483.65625,9.88070700168433,0.3335164835164835,0.548901098901099,0.07857142857142857,0.03901098901098901,40457447.640625,50845787.26875431,565442437.6915106
6S HAVEN CC_360594,8WILSON TN_360071,476.4177529562168,500,1157885569.5669374,6S_HAVEN_CC_360594-8WILSON_TN_360071,4568,0,999997655.328125,1294820633.8125,29.482366974914154,0.138353765323993,0.23555166374781086,0.2062171628721541,0.419877408056042,294822978.484375,341372072.76929945,1499257642.336237
6CONCORD TN_361509,8WILSON TN_360071,267.6244933222994,500,661679912.3667383,6CONCORD_TN_361509-8WILSON_TN_360071,2514,0,559446574.40625,621250674.4375,11.047364102076006,0.3814638027048528,0.3858392999204455,0.22155926809864757,0.011137629276054098,61804100.03125,73098189.10945103,734778101.4761894
8BRADLEY TN_360662,8WILSON TN_360071,230.58798036228606,500,568575024.3330436,8BRADLEY_TN_360662-8WILSON_TN_360071,2170,0,481510405.703125,528712505.25,9.80292408799519,0.41013824884792627,0.40829493087557606,0.16866359447004609,0.012903225806451613,47202099.546875,55736978.01866844,624312002.351712
8RACCOON MTN_360079,8WILSON TN_360071,188.31311021750813,500,464689880.93034863,8RACCOON_MTN_360079-8WILSON_TN_360071,1663,0,369237569.359375,399374322.21875,8.161886915153872,0.3728202044497895,0.550210463018641,0.05953096812988575,0.017438364401683705,30136752.859375,37927462.58769823,502617343.51804686
8BENTON MS_360612,8WILSON TN_360071,426.1296686077175,500,1035934639.5505643,8BENTON_MS_360612-8WILSON_TN_360071,4177,0,913830042.96875,1159753020.046875,26.911237923322993,0.12329423030883409,0.2820205889394302,0.28154177639454153,0.3131434043571942,245922977.078125,278782835.57957083,1314717475.130135
8SEQUOYAH NP_360081,8WILSON TN_360071,192.62342192105893,500,482068407.6120094,8SEQUOYAH_NP_360081-8WILSON_TN_360071,1749,0,393719416.1875,427579732.140625,8.600113319532054,0.41680960548885077,0.45683247570040025,0.11034877072612921,0.016009148084619784,33860315.953125,41458429.3322965,523526836.9443059
8FRANKLIN TN_360069,8WILSON TN_360071,142.97237651637175,500,348926325.058542,8FRANKLIN_TN_360069-8WILSON_TN_360071,1322,0,290326465.046875,311491622.625,7.290123404598248,0.5416036308623298,0.3464447806354009,0.09001512859304085,0.02193645990922844,21165157.578125,25437159.687897336,374363484.74643934
8SHELBY TN_360021,8WILSON TN_360071,424.4424153836572,500,1027947030.036727,8SHELBY_TN_360021-8WILSON_TN_360071,4215,0,918239476.140625,1163338154.046875,26.692239255101914,0.12977461447212338,0.2536180308422301,0.33285883748517203,0.2837485172004745,245098677.90625,274382080.67311746,1302329110.7098444
8HAYWOOD TN_360542,8WILSON TN_360071,341.19562958737856,500,837514783.454361,8HAYWOOD_TN_360542-8WILSON_TN_360071,3085,0,682185273.40625,868004646.25,27.238842597103698,0.0946515397082658,0.2126418152350081,0.46353322528363045,0.22917341977309563,185819372.84375,228129333.59260726,1065644117.0469682
8HIWASSEE TN_360110,8WILSON TN_360071,185.77929860323852,500,456319674.744532,8HIWASSEE_TN_360110-8WILSON_TN_360071,1820,0,402316722.921875,432067506.34375,7.394866215305762,0.532967032967033,0.3291208791208791,0.13791208791208792,0.0,29750783.421875,33744229.461476535,490063904.20600855
8LAG CRK CC_360615,8WILSON TN_360071,353.6277789527701,500,865478795.5506294,8LAG_CRK_CC_360615-8WILSON_TN_360071,3260,0,718161924.890625,908260637.921875,26.47017426608933,0.09754601226993866,0.20153374233128835,0.5180981595092025,0.18282208588957055,190098713.03125,229093745.41830257,1094572540.968932
8MAURY TN_360050,8WILSON TN_360071,152.01805835194602,500,375208599.50671875,8MAURY_TN_360050-8WILSON_TN_360071,1466,0,325678185.71875,365850980.875,12.335120041150848,0.2892223738062756,0.4693042291950887,0.22169167803547066,0.019781718963165076,40172795.15625,46282431.15387468,421491030.66059345
8JACKSON TN_360019,8WILSON TN_360071,295.9051555966864,500,728435724.0488843,8JACKSON_TN_360019-8WILSON_TN_360071,2670,0,591836078.96875,753654701.8125,27.341797601408867,0.10936329588014981,0.24569288389513108,0.3543071161048689,0.2906367041198502,161818622.84375,199167421.32580316,927603145.3746874
8RUTHERFORD_360010,8WILSON TN_360071,113.52144796863001,500,279705958.4670384,8RUTHERFORD_360010-8WILSON_TN_360071,1054,0,233788456.609375,265044233.4375,13.369255814177627,0.222011385199241,0.5588235294117647,0.15939278937381404,0.05977229601518026,31255776.828125,37394605.11495579,317100563.5819942
8ANDERSON TN_360120,8WILSON TN_360071,224.64979859048407,500,560841921.9145532,8ANDERSON_TN_360120-8WILSON_TN_360071,2220,0,499055784.9375,539661487.15625,8.136505666162218,0.39504504504504506,0.49594594594594593,0.109009009009009,0.0,40605702.21875,45632934.75479071,606474856.6693438
8BULL RUN FP_360093,8WILSON TN_360071,295.70960374387874,500,739504797.369339,8BULL_RUN_FP_360093-8WILSON_TN_360071,2906,0,654353082.375,707786855.828125,8.165893138179324,0.3620096352374398,0.5478320715760495,0.09015829318651067,0.0,53433773.453125,60387171.50488977,799891968.8742287
8JVILLE FP_360037,8WILSON TN_360071,207.45222709996247,500,514731281.6978839,8JVILLE_FP_360037-8WILSON_TN_360071,1874,0,418589889.53125,521446578.75,24.572186713332258,0.144076840981857,0.2417289220917823,0.41355389541088583,0.2006403415154749,102856689.21875,126480731.61073227,641212013.3086162
8PIN HOOK TN_360581,8WILSON TN_360071,145.0823050896224,500,366099964.8998064,8PIN_HOOK_TN_360581-8WILSON_TN_360071,1350,0,306632233.5625,354866836.390625,15.730441078463286,0.24074074074074073,0.46,0.18814814814814815,0.1111111111111111,48234602.828125,57589139.26683882,423689104.16664517
8PLATEAU TN_360077,8WILSON TN_360071,138.7426427897265,500,341208820.97997797,8PLATEAU_TN_360077-8WILSON_TN_360071,1374,0,304143894.5,338597831.265625,11.328169786957542,0.24890829694323144,0.5604075691411936,0.19068413391557495,0.0,34453936.765625,38652714.56868791,379861535.5486659
8DAVIDSON TN_360048,8WILSON TN_360071,173.3711816952753,500,436572343.8649826,8DAVIDSON_TN_360048-8WILSON_TN_360071,1620,0,366929972.578125,438436561.25,19.487802582453284,0.2154320987654321,0.362962962962963,0.2820987654320988,0.13950617283950617,71506588.671875,85078356.5019969,521650700.3669795
8VOLUNTEER_360097,8WILSON TN_360071,325.75370762805636,500,815775461.3690698,8VOLUNTEER_360097-8WILSON_TN_360071,3210,0,723744143.328125,780371331.640625,7.824199868768655,0.3791277258566978,0.5392523364485982,0.08161993769470405,0.0,56627188.3125,63827902.57788566,879603363.9469554
8GLEASON CT_360582,8WILSON TN_360071,265.2518699662156,500,655559842.864166,8GLEASON_CT_360582-8WILSON_TN_360071,2539,0,564611654.59375,704745089.328125,24.819437146617872,0.13627412367073652,0.279243796770382,0.3489562820007877,0.23552579755809375,140133434.734375,162706263.15813857,818266106.0223045
8LAG CRK CT_360568,8WILSON TN_360071,286.8284803495316,500,706985851.1296523,8LAG_CRK_CT_360568-8WILSON_TN_360071,2763,0,612703359.09375,757645965.375,23.656244760210665,0.12522620340209917,0.33767643865363733,0.3206659428157799,0.21643141512848355,144942606.28125,167246303.36328912,874232154.4929414
8CUMBERLAND_360040,8WILSON TN_360071,170.62640897380004,500,425567866.10582876,8CUMBERLAND_360040-8WILSON_TN_360071,1604,0,359910556.28125,458809927.5625,27.478874835770494,0.07793017456359103,0.25561097256857856,0.39962593516209477,0.26683291770573564,98899371.28125,116941261.26848005,542509127.3743088
8PHIPPS B NP_360102,8WILSON TN_360071,380.49281794760014,500,950723274.7134392,8PHIPPS_B_NP_360102-8WILSON_TN_360071,3643,0,820738198.796875,896908683.03125,9.280728537557259,0.29536096623661817,0.6118583584957452,0.0727422454021411,0.02003842986549547,76170484.234375,88234046.26952906,1038957320.9829683
8MONTGOMERY_360044,8WILSON TN_360071,119.42992201034006,500,298950617.0580286,8MONTGOMERY_360044-8WILSON_TN_360071,1159,0,260611115.03125,311627010.4375,19.575487177564412,0.10785159620362382,0.3554788610871441,0.5194132873166523,0.01725625539257981,51015895.40625,58521039.709444076,357471656.7674726
8MARSHALL KY_360015,8WILSON TN_360071,257.05967517062805,500,631516676.9902648,8MARSHALL_KY_360015-8WILSON_TN_360071,2472,0,546258434.015625,638438876.359375,16.8748776409946,0.27224919093851135,0.3268608414239482,0.3163430420711974,0.08454692556634304,92180442.34375,106567666.5245823,738084343.514847
7SHAWNEE FP_360002,8WILSON TN_360071,375.5503114484618,500,914756904.9521071,7SHAWNEE_FP_360002-8WILSON_TN_360071,3574,0,783568334.671875,936564151.109375,19.525523131504308,0.18830442081701176,0.2991046446558478,0.449076664801343,0.06351426972579742,152995816.4375,178611071.07345653,1093367976.0255637
8PARADISE CC_360117,8WILSON TN_360071,145.41891547293838,500,360660797.21202517,8PARADISE_CC_360117-8WILSON_TN_360071,1338,0,298767450.171875,333233414.671875,11.536050690988064,0.312406576980568,0.4678624813153961,0.20478325859491778,0.014947683109118086,34465964.5,41606012.38890089,402266809.60092604
8PARADISE CC_360117,8WILSON TN_360071,145.41891547293838,500,360660797.21202517,8PARADISE_CC_360117-8WILSON_TN_360071,1338,0,298767450.171875,333233414.671875,11.536050690988064,0.312406576980568,0.4678624813153961,0.20478325859491778,0.014947683109118086,34465964.5,41606012.38890089,402266809.60092604
8CHOCTAW MS_360654,8MAGNOL CC1_360613,185.75772721475252,500,449558313.64306045,8CHOCTAW_MS_360654-8MAGNOL_CC1_360613,1920,0,418418324.5625,594827991.21875,42.16107572265262,0.0,0.03229166666666667,0.3302083333333333,0.6375,176409666.65625,189538621.03253087,639096934.6755913
8ACKERMAN CC_360627,8MAGNOL CC1_360613,172.52927916959578,500,417922756.32351065,8ACKERMAN_CC_360627-8MAGNOL_CC1_360613,1790,0,390517997.375,558554963.59375,43.029250213375,0.0,0.0,0.3541899441340782,0.6458100558659218,168036966.21875,179829028.51707688,597751784.8405875
8CLAY_360688,8MAGNOL CC1_360613,173.43495444225948,500,417128922.3787303,8CLAY_360688-8MAGNOL_CC1_360613,1670,0,361776743.078125,507376049.71875,40.245623696485964,0.0,0.02035928143712575,0.4467065868263473,0.5329341317365269,145599306.640625,167876136.42975083,585005058.8084811
8COGEN CALED_360606,8MAGNOL CC1_360613,171.15490244915284,500,413113193.6855227,8COGEN_CALED_360606-8MAGNOL_CC1_360613,1532,0,332782770.359375,462170554.0,38.88055367196386,0.0,0.10443864229765012,0.34856396866840733,0.5469973890339426,129387783.640625,160620696.99686366,573733890.6823864
8E POINT AL_360058,8MAGNOL CC1_360613,291.2645193188527,500,704552530.9818298,8E_POINT_AL_360058-8MAGNOL_CC1_360613,2833,0,616951003.734375,789425263.890625,27.95590883429504,0.08683374514648783,0.2950935404165196,0.28803388633956933,0.33003882809742324,172474260.15625,196964063.25099865,901516594.2328284
6CENTER PNT_360533,8MAGNOL CC1_360613,470.8497140379136,500,1147322845.3980048,6CENTER_PNT_360533-8MAGNOL_CC1_360613,4613,0,1011874566.953125,1235974442.375,22.147001490181385,0.2078907435508346,0.3095599393019727,0.24907869065683938,0.23347062649035336,224099875.421875,254097607.66748756,1401420453.0654924
8BR FERRY NP_360052,8MAGNOL CC1_360613,228.37817520889143,500,550122743.1903636,8BR_FERRY_NP_360052-8MAGNOL_CC1_360613,2249,0,487805900.15625,667868958.40625,36.91284959700645,0.09337483325922633,0.11694086260560249,0.18363717207647842,0.6060471320586928,180063058.25,203065980.79278496,753188723.9831486
6LOOPERS FRM_360602,8MAGNOL CC1_360613,477.6008114357073,500,1165462668.8517373,6LOOPERS_FRM_360602-8MAGNOL_CC1_360613,4676,0,1027112341.875,1252235379.765625,21.918054015363264,0.2132164242942686,0.3088109495295124,0.24764756201881952,0.23032506415739948,225123037.890625,255446737.28781807,1420909406.1395555
8LIMESTONE_360088,8MAGNOL CC1_360613,251.46139597552343,500,606190483.4537582,8LIMESTONE_360088-8MAGNOL_CC1_360613,2474,0,537076827.703125,717139885.953125,33.52649918263311,0.17582861762328214,0.10630557801131771,0.16693613581244948,0.5509296685529507,180063058.25,203234447.48032394,809424930.9340822
6COUNTY LINE_360013,8MAGNOL CC1_360613,445.8802400217124,500,1088158850.8368082,6COUNTY_LINE_360013-8MAGNOL_CC1_360613,4360,0,957346967.578125,1163515796.21875,21.53543444778294,0.21100917431192662,0.33073394495412844,0.22660550458715598,0.231651376146789,206168828.640625,234339736.00970897,1322498586.846517
6YOUNG GA_361454,8MAGNOL CC1_360613,411.98312965115093,500,1001280113.1225295,6YOUNG_GA_361454-8MAGNOL_CC1_360613,4031,0,881832386.796875,1081744040.859375,22.670028574097767,0.23269660133961795,0.2768543785661126,0.22624658893574795,0.26420243115852143,199911654.0625,226990487.7516359,1228270600.8741655
8MADISON AL_360060,8MAGNOL CC1_360613,277.15022715098024,500,670121939.7063689,8MADISON_AL_360060-8MAGNOL_CC1_360613,2776,0,604056415.046875,797182155.359375,31.971474104370422,0.16570605187319884,0.13544668587896252,0.20785302593659943,0.4909942363112392,193125740.3125,214247862.4209265,884369802.1272955
6KENSNGTN GA_361503,8MAGNOL CC1_360613,412.1823179603546,500,1001808794.1536113,6KENSNGTN_GA_361503-8MAGNOL_CC1_360613,4027,0,880852834.5625,1078834053.390625,22.476083524946343,0.2356592997268438,0.2815992053637944,0.2182766327290787,0.2644648621802831,197981218.828125,225167381.33422345,1226976175.4878347
6ALPHA GA_361502,8MAGNOL CC1_360613,496.6713114229529,500,1211557462.5771732,6ALPHA_GA_361502-8MAGNOL_CC1_360613,4856,0,1066345354.796875,1296367977.234375,21.571118718974148,0.20510708401976935,0.33072487644151566,0.2423805601317957,0.22178747940691929,230022622.4375,261346498.6011128,1472903961.178286
6CLOUDLANDGA_361633,8MAGNOL CC1_360613,387.52148683591554,500,948127761.3347813,6CLOUDLANDGA_361633-8MAGNOL_CC1_360613,3864,0,851579893.765625,1081759468.96875,27.029709941281908,0.11387163561076605,0.3255693581780538,0.19591097308488614,0.364648033126294,230179575.203125,256276183.76156098,1204403945.0963423
6ROCK SPG GA_361500,8MAGNOL CC1_360613,416.2206231520126,500,1011021610.3604957,6ROCK_SPG_GA_361500-8MAGNOL_CC1_360613,4064,0,888414768.890625,1088184759.90625,22.486117747128453,0.23105314960629922,0.2861712598425197,0.22071850393700787,0.2620570866141732,199769991.015625,227339509.7545753,1238361120.115071
6WID CRK FP_360068,8MAGNOL CC1_360613,354.06862320303037,500,860082099.0510861,6WID_CRK_FP_360068-8MAGNOL_CC1_360613,3501,0,765527767.09375,984649835.640625,28.623660429555684,0.10282776349614396,0.30162810625535563,0.19594401599542988,0.39960011425307057,219122068.546875,246186979.44777763,1106269078.4988637
6WRINGOLD GA_361504,8MAGNOL CC1_360613,454.11172054980636,500,1105413760.8880072,6WRINGOLD_GA_361504-8MAGNOL_CC1_360613,4473,0,980056286.53125,1184808261.109375,20.891858701586564,0.22244578582606753,0.34026380505253745,0.2114911692376481,0.22579923988374692,204751974.578125,230941480.99261642,1336355241.8806236
6BATTLFLD GA_361530,8MAGNOL CC1_360613,396.2775258052366,500,974306023.449755,6BATTLFLD_GA_361530-8MAGNOL_CC1_360613,3982,0,882249579.921875,1122390560.609375,27.219166339389478,0.12230035158211953,0.3023606228026118,0.21094927172275238,0.3643897538925163,240140980.6875,265197977.17747986,1239504000.627235
6S HAVEN CC_360594,8MAGNOL CC1_360613,115.20942202309452,500,289282510.902915,6S_HAVEN_CC_360594-8MAGNOL_CC1_360613,1144,0,259063770.078125,363729894.75,40.401683585594085,0.0,0.0,0.47465034965034963,0.5253496503496503,104666124.671875,116875004.72345743,406157515.62637246
6CONCORD TN_361509,8MAGNOL CC1_360613,475.89875949361857,500,1160984809.99411,6CONCORD_TN_361509-8MAGNOL_CC1_360613,4672,0,1025807307.34375,1238836933.53125,20.767021706944554,0.2189640410958904,0.3409674657534247,0.22388698630136986,0.21618150684931506,213029626.1875,241101967.50580582,1402086777.4999158
8BRADLEY TN_360662,8MAGNOL CC1_360613,475.0179478028222,500,1149620141.5353081,8BRADLEY_TN_360662-8MAGNOL_CC1_360613,4656,0,1014944548.109375,1231580536.0625,21.344613196521102,0.29961340206185566,0.26847079037800686,0.13745704467353953,0.29445876288659795,216635987.953125,245381972.44000995,1395002113.975318
8BENTON MS_360612,8MAGNOL CC1_360613,75.42631811340796,500,189328657.47524092,8BENTON_MS_360612-8MAGNOL_CC1_360613,668,0,151359075.109375,212846070.03125,40.623262845285836,0.0,0.0,0.4505988023952096,0.5494011976047904,61486994.921875,76911478.16761802,266240135.64285892
8FRANKLIN TN_360069,8MAGNOL CC1_360613,315.94041543467506,500,758469364.7800584,8FRANKLIN_TN_360069-8MAGNOL_CC1_360613,3137,0,677908276.875,885810757.203125,30.668231591227535,0.13261077462543833,0.224418233981511,0.1842524705132292,0.4587185208798215,207902480.328125,232609141.33926067,991078506.1193191
8HAYWOOD TN_360542,8MAGNOL CC1_360613,86.93004543019606,500,214074863.80730832,8HAYWOOD_TN_360542-8MAGNOL_CC1_360613,906,0,200925853.75,285576741.25,42.1304107560623,0.0,0.0,0.38631346578366443,0.6136865342163356,84650887.5,90190619.44749995,304265483.25480825
8HIWASSEE TN_360110,8MAGNOL CC1_360613,448.18935690416674,500,1080796926.6519623,8HIWASSEE_TN_360110-8MAGNOL_CC1_360613,4384,0,952313488.84375,1152501325.296875,21.021211901154825,0.3289233576642336,0.26003649635036497,0.09831204379562043,0.31272810218978103,200187836.453125,227196612.17267787,1307993538.8246403
8LAG CRK CC_360615,8MAGNOL CC1_360613,103.52751293450443,500,254704114.87144405,8LAG_CRK_CC_360615-8MAGNOL_CC1_360613,1020,0,226611738.140625,314601672.125,38.82849789968621,0.0,0.0,0.5823529411764706,0.4176470588235294,87989933.984375,98897781.89327301,353601896.76471704
8JACKSON TN_360019,8MAGNOL CC1_360613,121.38498043881275,500,297110874.218235,8JACKSON_TN_360019-8MAGNOL_CC1_360613,1148,0,252722050.84375,369094782.53125,46.04771578062634,0.0,0.0,0.19686411149825783,0.8031358885017421,116372731.6875,136812770.9133471,433923645.13158214
8ANDERSON TN_360120,8MAGNOL CC1_360613,496.2982529434624,500,1208514954.0890317,8ANDERSON_TN_360120-8MAGNOL_CC1_360613,4757,0,1042928445.828125,1248728971.296875,19.73294776760419,0.3306705907084297,0.2905192348118562,0.0906033214210637,0.2882068530586504,205800525.46875,238475624.6540744,1446990578.7431061
8BULL RUN FP_360093,8MAGNOL CC1_360613,586.0746879138158,500,1437681686.8058686,8BULL_RUN_FP_360093-8MAGNOL_CC1_360613,5518,0,1217420401.34375,1434903726.953125,17.864274770598865,0.3321855744835085,0.34124682856107286,0.07810801014860456,0.24845958680681407,217483325.609375,256831406.857581,1694513093.6634495
8JVILLE FP_360037,8MAGNOL CC1_360613,188.4004608648711,500,453812353.00964105,8JVILLE_FP_360037-8MAGNOL_CC1_360613,1659,0,359485130.296875,510856730.59375,42.107889183585215,0.05183845690174804,0.05786618444846293,0.1525015069318867,0.7377938517179023,151371600.296875,191090802.7067202,644903155.7163613
8DAVIDSON TN_360048,8MAGNOL CC1_360613,261.4448438931356,500,637694005.8572925,8DAVIDSON_TN_360048-8MAGNOL_CC1_360613,2249,0,494423686.8125,726164993.78125,46.87099610108953,0.0,0.01200533570475767,0.13428190306803023,0.8537127612272121,231741306.96875,298893532.62225324,936587538.4795458
8GLEASON CT_360582,8MAGNOL CC1_360613,182.7457921296091,500,443730162.5731895,8GLEASON_CT_360582-8MAGNOL_CC1_360613,1836,0,401447757.203125,538035005.25,34.02366698931747,0.0,0.13562091503267973,0.5386710239651417,0.32570806100217864,136587248.046875,150973272.845059,594703435.4182485
8LAG CRK CT_360568,8MAGNOL CC1_360613,177.06125968493524,500,430153618.678203,8LAG_CRK_CT_360568-8MAGNOL_CC1_360613,1830,0,399980180.46875,536301307.890625,34.08197057717104,0.019672131147540985,0.10546448087431694,0.5486338797814208,0.3262295081967213,136321127.421875,146604829.75454167,576758448.4327446
8CUMBERLAND_360040,8MAGNOL CC1_360613,245.89914262391866,500,594690202.0673816,8CUMBERLAND_360040-8MAGNOL_CC1_360613,2150,0,467762903.40625,658166237.296875,40.70509493251981,0.01674418604651163,0.06744186046511629,0.29209302325581393,0.6237209302325581,190403333.890625,242069211.30592158,836759413.3733032
7SHAWNEE FP_360002,8MAGNOL CC1_360613,292.31042199758565,500,704686727.3335788,7SHAWNEE_FP_360002-8MAGNOL_CC1_360613,3048,0,661146821.515625,873791254.703125,32.16296687323248,0.003937007874015748,0.08005249343832022,0.7293307086614174,0.1866797900262467,212644433.1875,226648158.67236504,931334886.0059439
8CHOCTAW MS_360654,8LAG CRK CC_360615,286.8993700299879,500,702659604.5724417,8CHOCTAW_MS_360654-8LAG_CRK_CC_360615,2939,0,648695162.34375,920124531.59375,41.84236063505078,0.0,0.023817625042531473,0.37053419530452536,0.6056481796529432,271429369.25,294009365.78202283,996668970.3544645
8ACKERMAN CC_360627,8LAG CRK CC_360615,275.92951288348655,500,672152050.3436222,8ACKERMAN_CC_360627-8LAG_CRK_CC_360615,2808,0,616576456.921875,872326717.5,41.47908304103971,0.0,0.0,0.4373219373219373,0.5626780626780626,255750260.578125,278802507.1240821,950954557.4677043
8CLAY_360688,8LAG CRK CC_360615,275.39893490658113,500,665375616.8130298,8CLAY_360688-8LAG_CRK_CC_360615,2665,0,580653211.953125,819933793.84375,41.20886218570365,0.0,0.01275797373358349,0.42176360225140713,0.5654784240150094,239280581.890625,274193720.94975704,939569337.7627869
8COGEN CALED_360606,8LAG CRK CC_360615,267.98093485556325,500,656403712.003859,8COGEN_CALED_360606-8LAG_CRK_CC_360615,2455,0,542255772.515625,764814252.53125,41.043081751464804,0.0,0.0,0.4545824847250509,0.5454175152749491,222558480.015625,269408312.1373935,925812024.1412525
8E POINT AL_360058,8LAG CRK CC_360615,329.085824433984,500,795224932.2732928,8E_POINT_AL_360058-8LAG_CRK_CC_360615,3054,0,664688792.734375,838473586.640625,26.145287208971844,0.18729535036018335,0.21709233791748528,0.28323510150622133,0.31237721021611004,173784793.90625,207913842.50020424,1003138774.773497
6CENTER PNT_360533,8LAG CRK CC_360615,494.49522702343575,500,1209240385.3071969,6CENTER_PNT_360533-8LAG_CRK_CC_360615,4872,0,1072043982.078125,1357994441.75,26.673388821004206,0.1863711001642036,0.18944991789819376,0.31075533661740556,0.31342364532019706,285950459.671875,322545389.75359803,1531785775.0607948
8BR FERRY NP_360052,8LAG CRK CC_360615,258.2759998469466,500,619888615.890897,8BR_FERRY_NP_360052-8LAG_CRK_CC_360615,2488,0,537999678.234375,723012267.25,34.38897763337059,0.09565916398713827,0.10570739549839228,0.3259646302250804,0.47266881028938906,185012589.015625,213173357.47053108,833061973.3614281
6LOOPERS FRM_360602,8LAG CRK CC_360615,501.24632442122953,500,1227380208.7609298,6LOOPERS_FRM_360602-8LAG_CRK_CC_360615,4935,0,1087281757.0,1374255379.140625,26.393675815221563,0.1916919959473151,0.19027355623100303,0.30861195542046604,0.30942249240121583,286973622.140625,323950753.3205495,1551330962.0814793
6COUNTY LINE_360013,8LAG CRK CC_360615,466.89747381213,500,1142368426.874985,6COUNTY_LINE_360013-8LAG_CRK_CC_360615,4654,0,1024780184.0625,1295987320.765625,26.464908369713804,0.16759776536312848,0.22690159003008165,0.29179200687580575,0.3137086377309841,271207136.703125,302326757.4170058,1444695184.2919908
6YOUNG GA_361454,8LAG CRK CC_360615,429.293636201307,500,1054051251.5668805,6YOUNG_GA_361454-8LAG_CRK_CC_360615,4365,0,964955538.046875,1178800617.859375,22.16113296218132,0.15441008018327607,0.36059564719358533,0.27674684994272625,0.20824742268041238,213845079.8125,233589699.3492727,1287640950.9161532
6KENSNGTN GA_361503,8LAG CRK CC_360615,429.5892206135786,500,1054425481.8080869,6KENSNGTN_GA_361503-8LAG_CRK_CC_360615,4360,0,963402863.234375,1172375818.15625,21.691128695663476,0.16926605504587156,0.36077981651376145,0.26146788990825687,0.2084862385321101,208972954.921875,228716788.2588618,1283142270.0669487
6ALPHA GA_361502,8LAG CRK CC_360615,511.28866863322634,500,1245312120.6062422,6ALPHA_GA_361502-8LAG_CRK_CC_360615,5187,0,1137259960.359375,1360461457.3125,19.62625122954238,0.2807017543859649,0.2799305957200694,0.25216888374783114,0.18719876614613457,223201496.953125,244408085.38212287,1489720205.9883652
6CLOUDLANDGA_361633,8LAG CRK CC_360615,403.28409075835657,500,986675515.3333509,6CLOUDLANDGA_361633-8LAG_CRK_CC_360615,4105,0,904304975.40625,1108051139.328125,22.530691466155428,0.14884287454323994,0.35809987819732036,0.2777101096224117,0.215347137637028,203746163.921875,222304816.13185638,1208980331.4652073
6ROCK SPG GA_361500,8LAG CRK CC_360615,433.62752580523653,500,1063682685.0450944,6ROCK_SPG_GA_361500-8LAG_CRK_CC_360615,4397,0,971011078.5,1181673812.28125,21.69519364358623,0.16647714350693654,0.3634296110984762,0.2633613827609734,0.20673186263361382,210662733.78125,230768018.27383065,1294450703.318925
6WID CRK FP_360068,8LAG CRK CC_360615,369.83122712547134,500,898629853.0496556,6WID_CRK_FP_360068-8LAG_CRK_CC_360615,3742,0,818252848.734375,1010941506.0,23.548791496866084,0.14190272581507216,0.3388562266167825,0.2856761090326029,0.2335649385355425,192688657.265625,211616470.42325747,1110246323.472913
6WRINGOLD GA_361504,8LAG CRK CC_360615,475.12895434022386,500,1159623336.926184,6WRINGOLD_GA_361504-8LAG_CRK_CC_360615,4767,0,1047489503.015625,1317279785.65625,25.7558936737718,0.17935808684707363,0.23830501363541012,0.27606461086637296,0.30627228865114325,269790282.640625,298671353.67495245,1458294690.6011364
6BATTLFLD GA_361530,8LAG CRK CC_360615,412.04012972767754,500,1012853777.4483246,6BATTLFLD_GA_361530-8LAG_CRK_CC_360615,4223,0,934974661.5625,1148682230.96875,22.857043959791245,0.15581340279422212,0.33530665403741416,0.28960454653090223,0.2192753966374615,213707569.40625,231508433.1597697,1244362210.6080942
6S HAVEN CC_360594,8LAG CRK CC_360615,150.83572070285973,500,382709151.63029456,6S_HAVEN_CC_360594-8LAG_CRK_CC_360615,1486,0,339227835.5625,464582673.65625,36.95299293051511,0.0,0.0,0.6662180349932705,0.33378196500672946,125354838.09375,141422485.7463771,524131637.3766717
6CONCORD TN_361509,8LAG CRK CC_360615,496.91599328403606,500,1215194386.0322871,6CONCORD_TN_361509-8LAG_CRK_CC_360615,4966,0,1093240523.828125,1371308458.078125,25.435201878202317,0.17780910189287152,0.24305275875956503,0.2851389448248087,0.29399919452275475,278067934.25,309087145.29989344,1524281531.3321805
8BRADLEY TN_360662,8LAG CRK CC_360615,479.75494787934883,500,1166968314.1554005,8BRADLEY_TN_360662-8LAG_CRK_CC_360615,4900,0,1073022886.859375,1289851997.5,20.20731461518599,0.29,0.2479591836734694,0.26387755102040816,0.19816326530612244,216829110.640625,235812958.70091382,1402781272.8563144
8BENTON MS_360612,8LAG CRK CC_360615,71.52744150775506,500,174706479.69920537,8BENTON_MS_360612-8LAG_CRK_CC_360615,669,0,147394583.625,194960661.21875,32.27125205276688,0.0,0.0,0.8878923766816144,0.11210762331838565,47566077.59375,56379968.41624656,231086448.11545193
8FRANKLIN TN_360069,8LAG CRK CC_360615,327.6331882071681,500,790745123.6167183,8FRANKLIN_TN_360069-8LAG_CRK_CC_360615,3380,0,734398393.140625,932165115.3125,26.929078824115283,0.09201183431952663,0.2967455621301775,0.3301775147928994,0.28106508875739644,197766722.171875,212940377.6365939,1003685501.2533122
8HAYWOOD TN_360542,8LAG CRK CC_360615,29.71124025129251,500,71189792.19916175,8HAYWOOD_TN_360542-8LAG_CRK_CC_360615,310,0,66876831.71875,85166203.96875,27.347844956106492,0.09032258064516129,0.0,0.9096774193548387,0.0,18289372.25,19468873.99520115,90658666.19436291
8HIWASSEE TN_360110,8LAG CRK CC_360615,452.9263569806934,500,1098145099.2720547,8HIWASSEE_TN_360110-8LAG_CRK_CC_360615,4628,0,1010391827.59375,1210772786.734375,19.83200513585235,0.317199654278306,0.23876404494382023,0.23422644770959378,0.20980985306828004,200380959.140625,217784192.48674476,1315929291.7587996
8JACKSON TN_360019,8LAG CRK CC_360615,61.89040256394287,500,150002542.14646265,8JACKSON_TN_360019-8LAG_CRK_CC_360615,605,0,131695888.171875,169802366.84375,28.93520762177677,0.04628099173553719,0.0,0.9388429752066115,0.01487603305785124,38106478.671875,43403547.008022174,193406089.1544848
8ANDERSON TN_360120,8LAG CRK CC_360615,501.03525301998906,500,1225863126.709124,8ANDERSON_TN_360120-8LAG_CRK_CC_360615,5001,0,1101006784.578125,1306915356.578125,18.701844065284167,0.3205358928214357,0.26854629074185166,0.21675664867026595,0.1941611677664467,205908572.0,229259010.41095725,1455122137.1200814
8BULL RUN FP_360093,8LAG CRK CC_360615,590.5670841189192,500,1452353968.6989872,8BULL_RUN_FP_360093-8LAG_CRK_CC_360615,5821,0,1288065706.9375,1532919955.140625,19.0094532355255,0.32125064421920635,0.25665693179866,0.22453186737673939,0.19756055660539426,244854248.203125,276084548.49413264,1728438517.19312
8JVILLE FP_360037,8LAG CRK CC_360615,147.9920908093743,500,353855508.63488966,8JVILLE_FP_360037-8LAG_CRK_CC_360615,1396,0,300526070.78125,387397400.34375,28.906420443547077,0.10816618911174786,0.0508595988538682,0.6848137535816619,0.15616045845272206,86871329.5625,102286961.08865324,456142469.7235429
8DAVIDSON TN_360048,8LAG CRK CC_360615,246.20211024301705,500,597798000.8728869,8DAVIDSON_TN_360048-8LAG_CRK_CC_360615,2370,0,517802042.46875,731288079.328125,41.22927670225618,0.01181434599156118,0.01139240506329114,0.3890295358649789,0.5877637130801687,213486036.859375,246467791.90043834,844265792.7733252
8GLEASON CT_360582,8LAG CRK CC_360615,101.91053885453104,500,245042237.291098,8GLEASON_CT_360582-8LAG_CRK_CC_360615,867,0,187723579.0625,232900415.25,24.065616271070024,0.040369088811995385,0.23875432525951557,0.7185697808535179,0.002306805074971165,45176836.1875,58970924.528520495,304013161.81961846
8CUMBERLAND_360040,8LAG CRK CC_360615,192.92914918682925,500,464114859.616242,8CUMBERLAND_360040-8LAG_CRK_CC_360615,1735,0,376011365.03125,476064373.484375,26.609038384999263,0.13659942363112393,0.09510086455331412,0.6340057636887608,0.13429394812680115,100053008.453125,123496501.14577128,587611360.7620133
7SHAWNEE FP_360002,8LAG CRK CC_360615,200.99395446776833,500,477036636.7811957,7SHAWNEE_FP_360002-8LAG_CRK_CC_360615,2040,0,435813941.8125,528486798.484375,21.26431666836064,0.06862745098039216,0.3348039215686274,0.5965686274509804,0.0,92672856.671875,101438581.06925079,578475217.8504465
8ACKERMAN CC_360627,8ANDERSON TN_360120,577.283220256454,500,1409950343.3598604,8ACKERMAN_CC_360627-8ANDERSON_TN_360120,5108,0,1122618634.703125,1295261692.265625,15.378602512522455,0.341425215348473,0.34827721221613156,0.18069694596711042,0.12960062646828505,172643057.5625,216830658.9292585,1626781002.289119
6CENTER PNT_360533,8ANDERSON TN_360120,185.58029857772965,500,461873023.1887902,6CENTER_PNT_360533-8ANDERSON_TN_360120,1754,0,393015148.65625,413558637.390625,5.2271493362570975,0.5587229190421893,0.40421892816419613,0.037058152793614595,0.0,20543488.734375,24142792.665963434,486015815.8547536
6LOOPERS FRM_360602,8ANDERSON TN_360120,177.79287650361732,500,441521458.7576648,6LOOPERS_FRM_360602-8ANDERSON_TN_360120,1677,0,374894009.109375,392282994.28125,4.638373713462518,0.5855694692903995,0.3923673225998807,0.022063208109719738,0.0,17388985.171875,20479415.282311775,462000874.0399766
6COUNTY LINE_360013,8ANDERSON TN_360120,178.7967661075469,500,438481711.15988326,6COUNTY_LINE_360013-8ANDERSON_TN_360120,1672,0,369038231.828125,403996618.421875,9.472836031262855,0.47667464114832536,0.31399521531100477,0.20933014354066987,0.0,34958386.59375,41536653.525251344,480018364.6851346
6YOUNG GA_361454,8ANDERSON TN_360120,219.72292193381338,500,541731951.1946312,6YOUNG_GA_361454-8ANDERSON_TN_360120,2082,0,462079685.453125,509620151.0,10.288369526623065,0.4241114313160423,0.35110470701248797,0.22478386167146974,0.0,47540465.546875,55735384.98268897,597467336.1773202
6KENSNGTN GA_361503,8ANDERSON TN_360120,217.86444789210336,500,552887595.4673214,6KENSNGTN_GA_361503-8ANDERSON_TN_360120,2022,0,461858294.25,493001456.25,6.743012388804792,0.43471810089020774,0.5217606330365975,0.03115727002967359,0.012363996043521267,31143162.0,37281279.058526404,590168874.5258478
6ALPHA GA_361502,8ANDERSON TN_360120,158.2878180751446,500,393304545.7981826,6ALPHA_GA_361502-8ANDERSON_TN_360120,1493,0,333934174.546875,348067891.21875,4.232485845766898,0.6322839919624916,0.34293369055592765,0.02478231748158071,0.0,14133716.671875,16646559.231665866,409951105.02984846
6CLOUDLANDGA_361633,8ANDERSON TN_360120,191.5593180368813,500,485137628.99258554,6CLOUDLANDGA_361633-8ANDERSON_TN_360120,1767,0,402760406.421875,428676777.421875,6.434686872585393,0.4255800792303339,0.5387662705149971,0.035653650254668934,0.0,25916371.0,31217087.32675793,516354716.31934345
6ROCK SPG GA_361500,8ANDERSON TN_360120,221.90275308376133,500,562144798.704329,6ROCK_SPG_GA_361500-8ANDERSON_TN_360120,2059,0,469466509.515625,502299450.375,6.993670516188799,0.4239922292374939,0.5245264691597863,0.03933948518698397,0.012141816415735794,32832940.859375,39314555.045273535,601459353.7496026
6WID CRK FP_360068,8ANDERSON TN_360120,189.64017515787364,500,480121355.30920506,6WID_CRK_FP_360068-8ANDERSON_TN_360120,1691,0,385138247.78125,404380909.453125,4.996299843687413,0.5966883500887049,0.3684210526315789,0.019515079834417505,0.01537551744529864,19242661.671875,23988302.5248237,504109657.8340288
6WRINGOLD GA_361504,8ANDERSON TN_360120,162.13177910582354,500,395646190.90053594,6WRINGOLD_GA_361504-8ANDERSON_TN_360120,1515,0,332724368.53125,364385712.53125,9.51578753902611,0.533993399339934,0.22508250825082507,0.24092409240924093,0.0,31661344.0,37648850.93234465,433295041.8328806
6BATTLFLD GA_361530,8ANDERSON TN_360120,186.36270765356528,500,474206027.41053283,6BATTLFLD_GA_361530-8ANDERSON_TN_360120,1725,0,395269630.671875,424306898.421875,7.346192446063404,0.43826086956521737,0.5014492753623189,0.035942028985507246,0.02434782608695652,29037267.75,34836087.364409916,509042114.77494276
6S HAVEN CC_360594,8ANDERSON TN_360120,588.7465321385671,500,1440765044.8797064,6S_HAVEN_CC_360594-8ANDERSON_TN_360120,5720,0,1260677433.828125,1556037730.359375,23.428697032703294,0.275,0.24160839160839162,0.14807692307692308,0.33531468531468533,295360296.53125,337552477.31795806,1778317522.1976645
6CONCORD TN_361509,8ANDERSON TN_360120,169.0873635180951,500,414449389.60616636,6CONCORD_TN_361509-8ANDERSON_TN_360120,1584,0,349525067.921875,381926402.453125,9.270103207158886,0.5422979797979798,0.22285353535353536,0.23484848484848486,0.0,32401334.53125,38419886.157931656,452869275.76409805
7SHAWNEE FP_360002,8ANDERSON TN_360120,546.6468178455646,500,1340640027.7277594,7SHAWNEE_FP_360002-8ANDERSON_TN_360120,5234,0,1156251680.4375,1353230940.234375,17.03601933121883,0.2957585021016431,0.27244936950706916,0.3534581581964081,0.07833397019487963,196979259.796875,228391694.28575858,1569031722.0135179
8CHOCTAW MS_360654,8VOLUNTEER_360097,716.9635188341837,500,1770028785.2817445,8CHOCTAW_MS_360654-8VOLUNTEER_360097,6351,0,1412179386.5625,1632772692.84375,15.620770872333289,0.324515824279641,0.3646669815777043,0.17493308140450323,0.13588411273815149,220593306.28125,276492140.92320544,2046520926.2049499
8ACKERMAN CC_360627,8VOLUNTEER_360097,695.3580318452148,500,1716512577.7694602,8ACKERMAN_CC_360627-8VOLUNTEER_360097,6171,0,1371984877.953125,1573885972.875,14.715985443155377,0.3339815264948955,0.37530384054448224,0.17485010533138876,0.11586452762923351,201901094.921875,252601741.0744849,1969114318.843945
8CLAY_360688,8VOLUNTEER_360097,657.6231682633475,500,1622394536.7239199,8CLAY_360688-8VOLUNTEER_360097,5888,0,1307769697.859375,1478538629.03125,13.05802783558898,0.3500339673913043,0.39656929347826086,0.17340353260869565,0.07999320652173914,170768931.171875,211852730.20848435,1834247266.9324043
8COGEN CALED_360606,8VOLUNTEER_360097,611.0252721985428,500,1516550253.3380315,8COGEN_CALED_360606-8VOLUNTEER_360097,5468,0,1221896132.453125,1345200872.671875,10.091262010233116,0.4237381126554499,0.4127651792245794,0.10808339429407461,0.05541331382589612,123304740.21875,153039059.58119485,1669589312.9192264
8E POINT AL_360058,8VOLUNTEER_360097,464.1357398814135,500,1160415818.7163777,8E_POINT_AL_360058-8VOLUNTEER_360097,4212,0,947579187.578125,990016802.890625,4.478529696390265,0.603988603988604,0.3803418803418803,0.007834757834757835,0.007834757834757835,42437615.3125,51969567.0428232,1212385385.759201
8UNION MS_360033,8VOLUNTEER_360097,611.4243696473543,500,1512867976.5246334,8UNION_MS_360033-8VOLUNTEER_360097,5588,0,1244931507.703125,1417853035.28125,13.89004346891034,0.37294201861130993,0.3758052970651396,0.11184681460272011,0.13940586972083036,172921527.578125,210138019.56649587,1723005996.0911293
8TRICO STEEL_360014,8VOLUNTEER_360097,489.08776582694895,500,1215203908.1392908,8TRICO_STEEL_360014-8VOLUNTEER_360097,4418,0,988603952.125,1054721646.4375,6.687986040353189,0.5004526935264826,0.4257582616568583,0.061792666364870984,0.01199637845178814,66117694.3125,81272667.73818216,1296476575.8774729
6CENTER PNT_360533,8VOLUNTEER_360097,285.36372706169914,500,728921506.5027522,6CENTER_PNT_360533-8VOLUNTEER_360097,2644,0,607724714.984375,643314686.546875,5.856265293310492,0.5491679273827534,0.3888048411497731,0.06202723146747353,0.0,35589971.5625,42687577.20079666,771609083.7035488
8BR FERRY NP_360052,8VOLUNTEER_360097,443.6848113336718,500,1104412633.201257,8BR_FERRY_NP_360052-8VOLUNTEER_360097,4044,0,906378951.359375,956478158.984375,5.527401927180886,0.5113748763600395,0.456973293768546,0.03165182987141444,0.0,50099207.625,61045325.17159545,1165457958.3728523
6LOOPERS FRM_360602,8VOLUNTEER_360097,277.5763049875868,500,708569942.0716269,6LOOPERS_FRM_360602-8VOLUNTEER_360097,2567,0,589603575.4375,622039043.4375,5.5012332609978065,0.5664199454616283,0.3805999220880405,0.052980132450331126,0.0,32435468.0,38980085.330677226,747550027.4023042
8LIMESTONE_360088,8VOLUNTEER_360097,421.0271035525619,500,1050165756.3682969,8LIMESTONE_360088-8VOLUNTEER_360097,3820,0,857480637.59375,893153131.765625,4.160151565868442,0.5890052356020943,0.4109947643979058,0.0,0.0,35672494.171875,43688487.157769874,1093854243.5260668
6COUNTY LINE_360013,8VOLUNTEER_360097,306.3288829134745,500,768426875.1569757,6COUNTY_LINE_360013-8VOLUNTEER_360097,2896,0,653767366.515625,699856846.28125,7.049828750441844,0.5345303867403315,0.3446132596685083,0.12085635359116022,0.0,46089479.765625,54172778.77093834,822599653.9279141
6YOUNG GA_361454,8VOLUNTEER_360097,347.255038739741,500,871677115.1917236,6YOUNG_GA_361454-8VOLUNTEER_360097,3306,0,746808820.140625,805480378.859375,7.856302327508935,0.4942528735632184,0.3641863278886872,0.14156079854809436,0.0,58671558.71875,68481589.48917012,940158704.6808937
8MADISON AL_360060,8VOLUNTEER_360097,379.82674641881516,500,963832378.868043,8MADISON_AL_360060-8VOLUNTEER_360097,3385,0,772947982.734375,821837927.421875,6.325127405669306,0.4963072378138848,0.44963072378138846,0.04697193500738552,0.0070901033973412115,48889944.6875,60963625.94049701,1024796004.80854
6KENSNGTN GA_361503,8VOLUNTEER_360097,343.10618156773086,500,873372853.6178188,6KENSNGTN_GA_361503-8VOLUNTEER_360097,3187,0,729996211.453125,776581646.3125,6.381599538255456,0.4333228741763414,0.5390649513649199,0.019767806714778787,0.007844367743959836,46585434.859375,55735157.99372322,929108011.6115421
6ALPHA GA_361502,8VOLUNTEER_360097,258.07124655911406,500,660353029.1121447,6ALPHA_GA_361502-8VOLUNTEER_360097,2383,0,548643740.875,577823940.375,5.318606105569024,0.5942089802769618,0.3487201007133865,0.0570709190096517,0.0,29180199.5,35121576.52466852,695474605.6368133
6CLOUDLANDGA_361633,8VOLUNTEER_360097,316.8010517125087,500,805622887.143083,6CLOUDLANDGA_361633-8VOLUNTEER_360097,2932,0,670898323.625,712256967.484375,6.164666448397993,0.4276944065484311,0.550818553888131,0.021487039563437928,0.0,41358643.859375,49663963.82432487,855286850.9674078
8MAGNOL CC1_360613,8VOLUNTEER_360097,616.1187917979935,500,1513952350.8055995,8MAGNOL_CC1_360613-8VOLUNTEER_360097,5822,0,1286811462.296875,1507488202.765625,17.149112122055254,0.3431810374441773,0.34730333218825143,0.07402954311233254,0.23548608725523876,220676740.46875,259629386.11414352,1773581736.919743
6ROCK SPG GA_361500,8VOLUNTEER_360097,347.1444867593888,500,882630056.8548265,6ROCK_SPG_GA_361500-8VOLUNTEER_360097,3224,0,737604426.71875,785879640.4375,6.544864966917752,0.4264888337468983,0.5406327543424317,0.02512406947890819,0.007754342431761787,48275213.71875,57766945.37857777,940397002.2334042
6WID CRK FP_360068,8VOLUNTEER_360097,314.8819088335011,500,800606613.4597025,6WID_CRK_FP_360068-8VOLUNTEER_360097,2856,0,653276164.984375,687937270.9375,5.305735584881477,0.5294117647058824,0.44992997198879553,0.011554621848739496,0.009103641456582634,34661105.953125,42478069.98524593,843084683.4449484
6WRINGOLD GA_361504,8VOLUNTEER_360097,289.6638959117511,500,725591354.8976284,6WRINGOLD_GA_361504-8VOLUNTEER_360097,2739,0,617453503.21875,660245940.390625,6.930471193183041,0.5695509309967142,0.2971887550200803,0.13326031398320554,0.0,42792437.171875,50286899.83140666,775878254.7290351
6BATTLFLD GA_361530,8VOLUNTEER_360097,311.60444132919275,500,794691285.5610303,6BATTLFLD_GA_361530-8VOLUNTEER_360097,2890,0,663407547.875,707887088.484375,6.7047082523932655,0.43529411764705883,0.528719723183391,0.021453287197231833,0.01453287197231834,44479540.609375,53281732.204060525,847973017.7650908
6S HAVEN CC_360594,8VOLUNTEER_360097,708.5670709930982,500,1746202441.596274,6S_HAVEN_CC_360594-8VOLUNTEER_360097,6785,0,1504560450.296875,1814754463.546875,20.616919259627853,0.2947678703021371,0.29771554900515845,0.12483419307295505,0.28268238761974945,310194013.25,360013147.493554,2106215589.089828
6CONCORD TN_361509,8VOLUNTEER_360097,296.61948032402273,500,744394553.6032588,6CONCORD_TN_361509-8VOLUNTEER_360097,2808,0,634254202.609375,677786630.3125,6.863561569482535,0.5733618233618234,0.29415954415954415,0.13247863247863248,0.0,43532427.703125,51091978.506434344,795486532.1096932
8BRADLEY TN_360662,8VOLUNTEER_360097,259.58296736400945,500,651289665.5695641,8BRADLEY_TN_360662-8VOLUNTEER_360097,2464,0,556318033.90625,585248461.125,5.200339635875495,0.6254058441558441,0.30113636363636365,0.07345779220779221,0.0,28930427.21875,33869274.622975,685158940.1925391
8RACCOON MTN_360079,8VOLUNTEER_360097,280.89461017924475,500,712162606.0280175,8RACCOON_MTN_360079-8VOLUNTEER_360097,2596,0,592197886.859375,624258964.265625,5.413912835164059,0.45801232665639446,0.5419876733436055,0.0,0.0,32061077.40625,38555862.73498969,750718468.7630072
8BENTON MS_360612,8VOLUNTEER_360097,661.8683892340505,500,1631874129.0484915,8BENTON_MS_360612-8VOLUNTEER_360097,6414,0,1421793063.765625,1686240969.421875,18.5996058354553,0.3118178983473651,0.3149360773308388,0.15029622700343,0.22294979731836606,264447905.65625,303522155.73378855,1935396284.78228
8SEQUOYAH NP_360081,8VOLUNTEER_360097,254.45799979592883,500,656546681.8514678,8SEQUOYAH_NP_360081-8VOLUNTEER_360097,2318,0,538023575.1875,559853473.21875,4.057424068014548,0.5910267471958585,0.4089732528041415,0.0,0.0,21829898.03125,26638883.08719236,683185564.9386603
8FRANKLIN TN_360069,8VOLUNTEER_360097,312.4439607755899,500,786641406.3008192,8FRANKLIN_TN_360069-8VOLUNTEER_360097,2814,0,637487118.71875,670983862.25,5.254497314168982,0.47725657427149965,0.5227434257285004,0.0,0.0,33496743.53125,41334051.56621765,827975457.8670368
8SHELBY TN_360021,8VOLUNTEER_360097,662.8443113464263,500,1626649525.725257,8SHELBY_TN_360021-8VOLUNTEER_360097,6511,0,1437575299.390625,1704693669.078125,18.58117413402478,0.2996467516510521,0.2921210259560743,0.22899708186146522,0.17923514053140838,267118369.6875,302250580.9252982,1928900106.6505551
8HAYWOOD TN_360542,8VOLUNTEER_360097,600.6892074877575,500,1476472883.9420967,8HAYWOOD_TN_360542-8VOLUNTEER_360097,5914,0,1307992126.96875,1532317118.515625,17.150331941733054,0.3298951640175854,0.3216097396009469,0.16553939803855258,0.1829556983429151,224324991.546875,253220000.6257486,1729692884.5678453
8HIWASSEE TN_360110,8VOLUNTEER_360097,190.54793493209004,500,485077224.515591,8HIWASSEE_TN_360110-8VOLUNTEER_360097,1786,0,409313458.484375,424724961.046875,3.7652078726085447,0.6254199328107503,0.37458006718924974,0.0,0.0,15411502.5625,18264165.84569206,503341390.36128306
8LAG CRK CC_360615,8VOLUNTEER_360097,620.6111880030969,500,1528624632.698718,8LAG_CRK_CC_360615-8VOLUNTEER_360097,6125,0,1357456767.890625,1605504430.953125,18.272969639242763,0.33224489795918366,0.2666122448979592,0.2133877551020408,0.18775510204081633,248047663.0625,279325115.03102297,1807949747.729741
8MAURY TN_360050,8VOLUNTEER_360097,390.41995431471486,500,973911095.1952486,8MAURY_TN_360050-8VOLUNTEER_360097,3762,0,845014008.96875,907206495.90625,7.359935607860435,0.4859117490696438,0.4043062200956938,0.10978203083466241,0.0,62192486.9375,71679229.48417863,1045590324.6794273
8JACKSON TN_360019,8VOLUNTEER_360097,563.2101880286058,500,1389097072.3992777,8JACKSON_TN_360019-8VOLUNTEER_360097,5551,0,1232165007.203125,1443137805.09375,17.122122171730012,0.36137632858944335,0.2941812286074581,0.1424968474148802,0.20194559538821835,210972797.890625,237842897.82012925,1626939970.2194068
8RUTHERFORD_360010,8VOLUNTEER_360097,352.1251815932397,500,879128464.7758574,8RUTHERFORD_360010-8VOLUNTEER_360097,3351,0,753545602.578125,805336493.53125,6.872960412207507,0.5019397194867203,0.41539838854073413,0.07251566696508505,0.01014622500746046,51790890.953125,60422151.3564923,939550616.1323497
8ANDERSON TN_360120,8VOLUNTEER_360097,144.95283107342127,500,371052694.6382174,8ANDERSON_TN_360120-8VOLUNTEER_360097,1373,0,316290390.328125,329630396.921875,4.217645240473744,0.5812090313182812,0.4187909686817189,0.0,0.0,13340006.59375,15649686.31505835,386702380.95327574
8BULL RUN FP_360093,8VOLUNTEER_360097,90.70137654188068,500,230685008.69919848,8BULL_RUN_FP_360093-8VOLUNTEER_360097,805,0,184341714.671875,187736576.234375,1.8416133150018776,0.8186335403726708,0.1813664596273292,0.0,0.0,3394861.5625,4248325.835917679,234933334.53511617
8JVILLE FP_360037,8VOLUNTEER_360097,488.7327659544934,500,1202144929.9765775,8JVILLE_FP_360037-8VOLUNTEER_360097,4733,0,1047759306.21875,1185646307.71875,13.160179125262971,0.33382632579759136,0.40460595816606804,0.19226706106063807,0.06930065497570251,137887001.5,158204426.1301847,1360349356.1067622
8PIN HOOK TN_360581,8VOLUNTEER_360097,383.68603871423204,500,965522471.2086253,8PIN_HOOK_TN_360581-8VOLUNTEER_360097,3647,0,826389379.53125,895067934.609375,8.310677360965268,0.48615300246778176,0.39045791061146146,0.09075952837948999,0.03262955854126679,68678555.078125,80241457.42976762,1045763928.6383929
8PLATEAU TN_360077,8VOLUNTEER_360097,190.73304535366938,500,483218032.91574377,8PLATEAU_TN_360077-8VOLUNTEER_360097,1868,0,426233405.59375,446366144.171875,4.723407014539305,0.5342612419700214,0.4657387580299786,0.0,0.0,20132738.578125,22824354.462261084,506042387.37800485
8DAVIDSON TN_360048,8VOLUNTEER_360097,411.77307765804426,500,1035274839.5535126,8DAVIDSON_TN_360048-8VOLUNTEER_360097,3916,0,886265795.828125,979792076.28125,10.552847790513486,0.4476506639427988,0.3628702757916241,0.1391726251276813,0.05030643513789581,93526280.453125,109250978.03156489,1144525817.5850775
8GLEASON CT_360582,8VOLUNTEER_360097,546.5324088207467,500,1342973491.1428595,8GLEASON_CT_360582-8VOLUNTEER_360097,5398,0,1193781071.28125,1368944818.296875,14.6730209775924,0.3067802889959244,0.4021859948128937,0.18914412745461281,0.1018895887365691,175163747.015625,197054782.07889676,1540028273.2217562
8LAG CRK CT_360568,8VOLUNTEER_360097,568.1090192040626,500,1394399499.408346,8LAG_CRK_CT_360568-8VOLUNTEER_360097,5622,0,1241872775.78125,1421845694.34375,14.492057646507384,0.2945570971184632,0.42600498043400925,0.1816079686944148,0.09782995375311278,179972918.5625,202077179.27686787,1596476678.6852138
8CUMBERLAND_360040,8VOLUNTEER_360097,451.9069478283311,500,1112981514.3845224,8CUMBERLAND_360040-8VOLUNTEER_360097,4463,0,989079972.96875,1123009656.53125,13.540834636506327,0.3215326013892001,0.41944880125476136,0.17387407573381133,0.0851445216222272,133929683.5625,150706986.39769208,1263688500.7822146
8PHIPPS B NP_360102,8VOLUNTEER_360097,111.6325453664238,500,288941349.6350915,8PHIPPS_B_NP_360102-8VOLUNTEER_360097,1021,0,237847887.921875,246214533.3125,3.5176454429451054,0.6523016650342801,0.3476983349657199,0.0,0.0,8366645.390625,10163932.218222879,299105281.85331434
8MONTGOMERY_360044,8VOLUNTEER_360097,396.1539933350538,500,976339325.5654979,8MONTGOMERY_360044-8VOLUNTEER_360097,3974,0,880967254.71875,962520293.765625,9.257215703540634,0.36109713135379967,0.4899345747357826,0.14896829391041772,0.0,81553039.046875,90381837.366092,1066721162.9315898
8MARSHALL KY_360015,8VOLUNTEER_360097,516.3156101537359,500,1267586550.2769642,8MARSHALL_KY_360015-8VOLUNTEER_360097,5148,0,1136830524.671875,1250750597.6875,10.0208492421072,0.425019425019425,0.39413364413364416,0.14413364413364413,0.03671328671328671,113920073.015625,127022937.21648197,1394609487.493446
7SHAWNEE FP_360002,8VOLUNTEER_360097,634.8062464315695,500,1550826778.2388067,7SHAWNEE_FP_360002-8VOLUNTEER_360097,6250,0,1374140425.328125,1548898439.0625,12.717624087992707,0.34992,0.36656,0.2504,0.03312,174758013.734375,197228319.91233975,1748055098.1511464
8PARADISE CC_360117,8VOLUNTEER_360097,387.9099088845189,500,954619308.3001201,8PARADISE_CC_360117-8VOLUNTEER_360097,3795,0,840203407.875,885758805.65625,5.421948703643853,0.4880105401844532,0.49696969696969695,0.015019762845849802,0.0,45555397.78125,51758969.21111228,1006378277.5112324
8PARADISE CC_360117,8VOLUNTEER_360097,387.9099088845189,500,954619308.3001201,8PARADISE_CC_360117-8VOLUNTEER_360097,3795,0,840203407.875,885758805.65625,5.421948703643853,0.4880105401844532,0.49696969696969695,0.015019762845849802,0.0,45555397.78125,51758969.21111228,1006378277.5112324
8CHOCTAW MS_360654,8COGEN CALED_360606,121.77540899930897,500,299385453.2611393,8CHOCTAW_MS_360654-8COGEN_CALED_360606,1125,0,248823483.828125,358850809.375,44.21902782410862,0.0,0.0,0.29244444444444445,0.7075555555555556,110027325.546875,132385336.8788769,431770790.1400162
8ACKERMAN CC_360627,8COGEN CALED_360606,99.11550642261165,500,245233100.28834864,8ACKERMAN_CC_360627-8COGEN_CALED_360606,925,0,205828329.90625,295103192.375,43.37345714723169,0.0,0.0,0.3372972972972973,0.6627027027027027,89274862.46875,106366073.6643946,351599173.95274323
8CLAY_360688,8COGEN CALED_360606,49.968922035848955,500,124764975.78648047,8CLAY_360688-8COGEN_CALED_360606,451,0,101183427.84375,138487737.03125,36.86800297486093,0.0,0.0,0.6740576496674058,0.3259423503325942,37304309.1875,45998354.984544136,170763330.7710246
6CENTER PNT_360533,8COGEN CALED_360606,380.1184737866211,500,930950104.8637742,6CENTER_PNT_360533-8COGEN_CALED_360606,3626,0,799491379.5,935978728.6875,17.071772465246447,0.24986210700496414,0.3359073359073359,0.3480419194704909,0.06618863761720904,136487349.1875,158929683.66731673,1089879788.531091
8BR FERRY NP_360052,8COGEN CALED_360606,203.19599984694662,500,489932252.9804983,8BR_FERRY_NP_360052-8COGEN_CALED_360606,1876,0,407221160.0625,479215677.53125,17.679463772879657,0.3997867803837953,0.15778251599147122,0.2979744136460554,0.14445628997867804,71994517.46875,86617395.17734031,576549648.1578386
6LOOPERS FRM_360602,8COGEN CALED_360606,386.86957118441484,500,949089928.3175068,6LOOPERS_FRM_360602-8COGEN_CALED_360606,3689,0,814729154.421875,952239666.078125,16.878064435269447,0.2558959067497967,0.3345079967470859,0.3445378151260504,0.06505828137706696,137510511.65625,160188009.6500814,1109277937.9675882
6COUNTY LINE_360013,8COGEN CALED_360606,373.1681100899637,500,916782041.9007143,6COUNTY_LINE_360013-8COGEN_CALED_360606,3398,0,751943544.6875,865813861.34375,15.143466216413003,0.24396703943496173,0.4564449676280165,0.22012948793407888,0.07945850500294291,113870316.65625,138832578.79337597,1055614620.6940902
6YOUNG GA_361454,8COGEN CALED_360606,339.2709997194021,500,829903304.1864357,6YOUNG_GA_361454-8COGEN_CALED_360606,3069,0,676428963.90625,784042105.984375,15.909008605527376,0.27598566308243727,0.3991528185076572,0.21896383186705767,0.10589768654284783,107613142.078125,132029388.08057609,961932692.2670118
6KENSNGTN GA_361503,8COGEN CALED_360606,339.47018802860583,500,830431985.2175175,6KENSNGTN_GA_361503-8COGEN_CALED_360606,3065,0,675449411.671875,781132118.515625,15.64628009404343,0.2799347471451876,0.40554649265905385,0.20848287112561176,0.10603588907014681,105682706.84375,129931714.39765812,960363699.6151756
6ALPHA GA_361502,8COGEN CALED_360606,405.9400711716604,500,995184722.0429428,6ALPHA_GA_361502-8COGEN_CALED_360606,3869,0,853962167.34375,996372263.546875,16.676394066272483,0.24373223055052987,0.3608167485138279,0.33341948823985523,0.062031532695787026,142410096.203125,165960925.93521962,1161145647.9781623
6CLOUDLANDGA_361633,8COGEN CALED_360606,319.74520102688246,500,779566916.1171362,6CLOUDLANDGA_361633-8COGEN_CALED_360606,2874,0,631123731.515625,726684298.421875,15.14133633935204,0.2814892136395268,0.41718858733472514,0.20737647877522616,0.09394572025052192,95560566.90625,118036848.75960998,897603764.8767462
6ROCK SPG GA_361500,8COGEN CALED_360606,343.5084932202638,500,839644801.4244018,6ROCK_SPG_GA_361500-8COGEN_CALED_360606,3102,0,683011346.0,790482825.03125,15.734947839541459,0.2733720180528691,0.41005802707930367,0.21179883945841393,0.10477111540941328,107471479.03125,132117671.54155107,971762472.9659529
6WID CRK FP_360068,8COGEN CALED_360606,296.652480247496,500,719000798.5093062,6WID_CRK_FP_360068-8COGEN_CALED_360606,2617,0,571111038.953125,658813667.921875,15.356493393913961,0.3141001146350783,0.36950706916316395,0.21322124570118456,0.10317157050057317,87702628.96875,110413310.12527023,829414108.6345764
6WRINGOLD GA_361504,8COGEN CALED_360606,381.3995906180575,500,934036951.9519134,6WRINGOLD_GA_361504-8COGEN_CALED_360606,3511,0,774652863.640625,887106326.234375,14.516626462239369,0.2574765024209627,0.4645400170891484,0.20108231273141555,0.07690116775847337,112453462.59375,135590655.33414546,1069627607.2860588
6BATTLFLD GA_361530,8COGEN CALED_360606,351.0905191657993,500,860619540.5265399,6BATTLFLD_GA_361530-8COGEN_CALED_360606,3115,0,688036919.6875,792568017.953125,15.192658311577523,0.32391653290529693,0.3695024077046549,0.19678972712680579,0.10979133226324238,104531098.265625,130750986.15486565,991370526.6814055
6S HAVEN CC_360594,8COGEN CALED_360606,255.84043486831777,500,623216217.4320049,6S_HAVEN_CC_360594-8COGEN_CALED_360606,2352,0,516656055.171875,711342652.0,37.682050733608264,0.0,0.021258503401360544,0.5735544217687075,0.405187074829932,194686596.828125,234840651.2328025,858056868.6648074
6CONCORD TN_361509,8COGEN CALED_360606,403.1866295618697,500,989608001.0580165,6CONCORD_TN_361509-8COGEN_CALED_360606,3710,0,820403884.453125,941134998.65625,14.716058333098147,0.25121293800539085,0.4587601078167116,0.21725067385444743,0.07277628032345014,120731114.203125,145631290.70470425,1135239291.7627208
8BRADLEY TN_360662,8COGEN CALED_360606,409.17514903377577,500,1002156444.0014579,8BRADLEY_TN_360662-8COGEN_CALED_360606,3755,0,828431285.21875,958598638.8125,15.712510610868446,0.22982689747003995,0.4415446071904128,0.2567243675099867,0.07190412782956059,130167353.59375,157463937.60123098,1159620381.6026888
8BENTON MS_360612,8COGEN CALED_360606,244.56878549017182,500,593985963.4695666,8BENTON_MS_360612-8COGEN_CALED_360606,2158,0,472296353.078125,657423705.265625,39.19728597965209,0.0,0.08016682113067655,0.37720111214087115,0.5426320667284523,185127352.1875,232826376.78015777,826812340.2497244
8ANDERSON TN_360120,8COGEN CALED_360606,485.7835385229153,500,1196064995.187534,8ANDERSON_TN_360120-8COGEN_CALED_360606,4303,0,953758215.25,1061688821.9375,11.316348835769574,0.42110155705321867,0.371136416453637,0.13734603764815245,0.07041598884499187,107930606.6875,135350887.15795192,1331415882.345486
8BULL RUN FP_360093,8COGEN CALED_360606,580.9811683143652,500,1440279589.3383007,8BULL_RUN_FP_360093-8COGEN_CALED_360606,5164,0,1152505071.5,1272616396.859375,10.421761112343608,0.41673121611154146,0.4101471727343145,0.11444616576297444,0.05867544539116964,120111325.359375,150102498.15068126,1590382087.488982
7SHAWNEE FP_360002,8COGEN CALED_360606,441.0816296894142,500,1058565409.8838928,7SHAWNEE_FP_360002-8COGEN_CALED_360606,4450,0,961556562.640625,1329712800.796875,38.28752799993585,0.0,0.08494382022471911,0.41775280898876405,0.4973033707865169,368156238.15625,405298527.70693105,1463863937.590824
8CHOCTAW MS_360654,8TRICO STEEL_360014,281.0500451751071,500,685308377.4621753,8CHOCTAW_MS_360654-8TRICO_STEEL_360014,2425,0,532770594.1875,692798684.625,30.036960031840778,0.1352577319587629,0.17525773195876287,0.31422680412371135,0.3752577319587629,160028090.4375,205845803.43317014,891154180.8953454
8ACKERMAN CC_360627,8TRICO STEEL_360014,259.4445581861382,500,631792169.9498911,8ACKERMAN_CC_360627-8TRICO_STEEL_360014,2245,0,492576085.578125,633911964.65625,28.693207651817353,0.14610244988864143,0.18930957683741648,0.32516703786191536,0.3394209354120267,141335879.078125,181281439.25164506,813073609.2015362
8CLAY_360688,8TRICO STEEL_360014,217.89196082660777,500,535358278.6078358,8CLAY_360688-8TRICO_STEEL_360014,1891,0,418809738.453125,521024516.875,24.4060175867461,0.16816499206768906,0.2316234796404019,0.41353781068217876,0.1866737176097303,102214778.421875,130659635.6291296,666017914.2369654
8COGEN CALED_360606,8TRICO STEEL_360014,176.2317271127169,500,426749416.43162024,8COGEN_CALED_360606-8TRICO_STEEL_360014,1559,0,339902984.703125,411650702.21875,21.108292879007884,0.2283515073765234,0.24951892238614495,0.3713919178960872,0.1507376523412444,71747717.515625,90079516.67984338,516828933.1114636
8E POINT AL_360058,8TRICO STEEL_360014,73.00737008100567,500,180480152.1829149,8E_POINT_AL_360058-8TRICO_STEEL_360014,690,0,153729147.765625,163347268.890625,6.256537074975377,0.518840579710145,0.4434782608695652,0.0,0.03768115942028986,9618121.125,11291807.634296052,191771959.81721097
6CENTER PNT_360533,8TRICO STEEL_360014,277.81943489382667,500,686787457.9244018,6CENTER_PNT_360533-8TRICO_STEEL_360014,2660,0,592411533.359375,653538436.15625,10.318317479446094,0.40977443609022557,0.4030075187969925,0.15526315789473685,0.03195488721804511,61126902.796875,70864910.31765704,757652368.2420588
8BR FERRY NP_360052,8TRICO STEEL_360014,73.72472072836862,500,180915233.13564098,8BR_FERRY_NP_360052-8TRICO_STEEL_360014,693,0,153309356.1875,154047603.515625,0.48154094863075425,0.950937950937951,0.049062049062049064,0.0,0.0,738247.328125,871180.9298589063,181786414.06549987
6LOOPERS FRM_360602,8TRICO STEEL_360014,284.57053229162045,500,704927281.3781346,6LOOPERS_FRM_360602-8TRICO_STEEL_360014,2723,0,607649308.28125,669799373.546875,10.22794964441216,0.41424899008446564,0.3995593095850165,0.15497612926918838,0.031215571061329415,62150065.265625,72099607.36907923,777026888.7472138
8LIMESTONE_360088,8TRICO STEEL_360014,97.47147396518336,500,237872620.461787,8LIMESTONE_360088-8TRICO_STEEL_360014,932,0,204905364.109375,205643611.4375,0.360286970199053,0.9635193133047211,0.03648068669527897,0.0,0.0,738247.328125,857024.0571948648,238729644.51898184
6COUNTY LINE_360013,8TRICO STEEL_360014,252.8499608776255,500,627623463.3632053,6COUNTY_LINE_360013-8TRICO_STEEL_360014,2407,0,537883933.984375,581079790.0,8.030702031877347,0.436643124221022,0.4511840465309514,0.10469464063149149,0.007478188616535106,43195856.015625,50402570.224847905,678026033.5880532
6YOUNG GA_361454,8TRICO STEEL_360014,218.95285050706403,500,540744725.6489267,6YOUNG_GA_361454-8TRICO_STEEL_360014,2078,0,462369353.203125,499308034.640625,7.988998661265589,0.5144369586140519,0.36573628488931664,0.0846968238691049,0.03512993262752647,36938681.4375,43200088.89295704,583944814.5418838
8MADISON AL_360060,8TRICO STEEL_360014,137.02908432299043,500,336734931.9838474,8MADISON_AL_360060-8TRICO_STEEL_360014,1292,0,285960660.359375,293950887.1875,2.7941699456433877,0.7461300309597523,0.23993808049535603,0.01393188854489164,0.0,7990226.828125,9408946.265975367,346143878.24982274
6KENSNGTN GA_361503,8TRICO STEEL_360014,219.1520388162677,500,541273406.6800085,6KENSNGTN_GA_361503-8TRICO_STEEL_360014,2074,0,461389800.96875,496398047.171875,7.5875639490990965,0.5207328833172613,0.3751205400192864,0.06894889103182257,0.0351976856316297,35008246.203125,41069465.871312864,582342872.5513214
6ALPHA GA_361502,8TRICO STEEL_360014,303.64103227886596,500,751022075.0873903,6ALPHA_GA_361502-8TRICO_STEEL_360014,2903,0,646882321.203125,713910626.65625,10.361746372734416,0.38856355494316225,0.43024457457802273,0.15191181536341716,0.029280055115397864,67028305.453125,77819002.62380241,828841077.7111927
6CLOUDLANDGA_361633,8TRICO STEEL_360014,199.42705181454434,500,490408337.57962734,6CLOUDLANDGA_361633-8TRICO_STEEL_360014,1883,0,417064120.8125,441950227.078125,5.966973667536624,0.54753053637812,0.3898035050451407,0.053106744556558685,0.009559214020180564,24886106.265625,29262536.366780475,519670873.9464078
8MAGNOL CC1_360613,8TRICO STEEL_360014,225.68831806239018,500,544511488.2948313,8MAGNOL_CC1_360613-8TRICO_STEEL_360014,2210,0,480194513.109375,631150839.71875,31.436495521761888,0.1497737556561086,0.15565610859728507,0.23755656108597284,0.45701357466063347,150956326.609375,171175329.63328364,715686817.9281149
6ROCK SPG GA_361500,8TRICO STEEL_360014,223.19034400792566,500,550486222.8868929,6ROCK_SPG_GA_361500-8TRICO_STEEL_360014,2111,0,468951735.296875,505748753.6875,7.846653636398271,0.5068687825675036,0.3822832780672667,0.07626717195641876,0.03458076740881099,36797018.390625,43194747.22602588,593680970.1129189
6WID CRK FP_360068,8TRICO STEEL_360014,176.33433103515793,500,429842219.9717972,6WID_CRK_FP_360068-8TRICO_STEEL_360014,1626,0,357051428.25,374079596.578125,4.769108027822311,0.6420664206642066,0.3087330873308733,0.038130381303813035,0.01107011070110701,17028168.328125,20499639.81964462,450341859.79144186
6WRINGOLD GA_361504,8TRICO STEEL_360014,261.08144140571943,500,644878373.4144044,6WRINGOLD_GA_361504-8TRICO_STEEL_360014,2520,0,560593252.9375,602372254.890625,7.452640882530015,0.44682539682539685,0.4626984126984127,0.08333333333333333,0.007142857142857143,41779001.953125,48060469.29967648,692938842.7140808
6BATTLFLD GA_361530,8TRICO STEEL_360014,230.77236995346118,500,571460961.9890308,6BATTLFLD_GA_361530-8TRICO_STEEL_360014,2124,0,473977308.984375,507833946.609375,7.143092503214343,0.5795668549905838,0.3229755178907721,0.05508474576271186,0.0423728813559322,33856637.625,40819985.13463503,612280947.1236658
6S HAVEN CC_360594,8TRICO STEEL_360014,331.72175310927025,500,813120268.3828373,6S_HAVEN_CC_360594-8TRICO_STEEL_360014,3343,0,738193533.84375,995796921.828125,34.89645684689793,0.09901286269817529,0.1058929105593778,0.2952437930002991,0.49985043374214777,257603387.984375,283750163.5695974,1096870431.9524348
6CONCORD TN_361509,8TRICO STEEL_360014,282.86848034953164,500,700449422.5043273,6CONCORD_TN_361509-8TRICO_STEEL_360014,2719,0,606344273.75,656379582.953125,8.251963672993302,0.4247885251930857,0.45457888929753587,0.11401250459727841,0.0066200809121000365,50035309.203125,57800831.89274846,758250254.3970758
8BRADLEY TN_360662,8TRICO STEEL_360014,288.8569998214377,500,712997865.463949,8BRADLEY_TN_360662-8TRICO_STEEL_360014,2764,0,614371674.515625,673864567.46875,9.683534482612611,0.39254703328509405,0.4316208393632417,0.16931982633863965,0.006512301013024602,59492892.953125,69043394.16249338,782041259.6264423
8RACCOON MTN_360079,8TRICO STEEL_360014,217.90127255566742,500,534044324.1385725,8RACCOON_MTN_360079-8TRICO_STEEL_360014,1993,0,439921797.734375,463319596.171875,5.318626755482492,0.6352232814851982,0.30155544405418966,0.04515805318615153,0.01806322127446061,23397798.4375,28403824.30976976,562448148.4483423
8BENTON MS_360612,8TRICO STEEL_360014,286.4422530965158,500,695535259.0561125,8BENTON_MS_360612-8TRICO_STEEL_360014,2808,0,613883789.109375,817069783.390625,33.098445973957546,0.21830484330484332,0.07727920227920228,0.13782051282051283,0.5665954415954416,203185994.28125,230211361.94851306,925746621.0046256
8SEQUOYAH NP_360081,8TRICO STEEL_360014,277.5268764015817,500,691330540.2599666,8SEQUOYAH_NP_360081-8TRICO_STEEL_360014,2530,0,567490308.6875,596387169.015625,5.092044724950129,0.6173913043478261,0.33794466403162055,0.02450592885375494,0.02015810276679842,28896860.328125,35202860.30727685,726533400.5672435
8FRANKLIN TN_360069,8TRICO STEEL_360014,185.75299336056275,500,447678994.1197225,8FRANKLIN_TN_360069-8TRICO_STEEL_360014,1700,0,368894888.375,391117927.765625,6.024219931189223,0.5335294117647059,0.3976470588235294,0.0688235294117647,0.0,22223039.390625,26969167.19150775,474648161.31123024
8SHELBY TN_360021,8TRICO STEEL_360014,291.38695439124166,500,702949812.0819459,8SHELBY_TN_360021-8TRICO_STEEL_360014,2853,0,619386880.484375,805905238.171875,30.11338527894525,0.2148615492464073,0.07606028741675429,0.30108657553452506,0.40799158780231337,186518357.6875,211681985.22985798,914631797.3118038
8HAYWOOD TN_360542,8TRICO STEEL_360014,240.81554528989707,500,580707498.1126403,8HAYWOOD_TN_360542-8TRICO_STEEL_360014,2265,0,491813961.15625,630018095.015625,28.10089683799508,0.2706401766004415,0.09580573951434879,0.21986754966887417,0.41368653421633556,138204133.859375,163184014.97513527,743891513.0877755
8HIWASSEE TN_360110,8TRICO STEEL_360014,321.69677897827904,500,780032530.344825,8HIWASSEE_TN_360110-8TRICO_STEEL_360014,2969,0,648238207.15625,681616737.59375,5.149114950185973,0.5614685079151229,0.39912428427079827,0.03940720781407881,0.0,33378530.4375,40164771.63629933,820197301.9811244
8LAG CRK CC_360615,8TRICO STEEL_360014,264.40368163150305,500,636649373.1529586,8LAG_CRK_CC_360615-8TRICO_STEEL_360014,2472,0,536101068.515625,685231699.453125,27.81763359480294,0.2593042071197411,0.0877831715210356,0.2783171521035599,0.37459546925566345,149130630.9375,177100789.90729973,813750163.0602584
8MAURY TN_360050,8TRICO STEEL_360014,158.61144796863002,500,383768852.6962213,8MAURY_TN_360050-8TRICO_STEEL_360014,1555,0,338873281.03125,371540817.59375,9.640044934521551,0.34726688102893893,0.492604501607717,0.16012861736334405,0.0,32667536.5625,36995489.84461356,420764342.54083484
8JACKSON TN_360019,8TRICO STEEL_360014,223.68969460427084,500,539344751.5125043,8JACKSON_TN_360019-8TRICO_STEEL_360014,1984,0,430853023.671875,567735106.875,31.77001800673689,0.1849798387096774,0.1063508064516129,0.22631048387096775,0.48235887096774194,136882083.203125,171349924.67391297,710694676.1864173
8RUTHERFORD_360010,8TRICO STEEL_360014,188.2463115504974,500,456071939.14828825,8RUTHERFORD_360010-8TRICO_STEEL_360014,1748,0,381315790.03125,427356231.125,12.074097715695654,0.3340961098398169,0.44107551487414187,0.18135011441647597,0.043478260869565216,46040441.09375,55066571.58663235,511138510.7349206
8ANDERSON TN_360120,8TRICO STEEL_360014,371.0129542381883,500,908641673.7296909,8ANDERSON_TN_360120-8TRICO_STEEL_360014,3355,0,739237708.875,776097365.828125,4.986171093628244,0.5645305514157973,0.4005961251862891,0.03487332339791356,0.0,36859656.953125,45306428.48016971,953948102.2098606
8BULL RUN FP_360093,8TRICO STEEL_360014,459.0436619427714,500,1138933244.1395597,8BULL_RUN_FP_360093-8TRICO_STEEL_360014,4114,0,919212891.171875,982137170.625,6.845452240438532,0.49732620320855614,0.42343218279047157,0.06635877491492465,0.012882839086047641,62924279.453125,77965131.27805075,1216898375.4176104
8JVILLE FP_360037,8TRICO STEEL_360014,211.67409075835647,500,508754252.865981,8JVILLE_FP_360037-8TRICO_STEEL_360014,1976,0,427704835.53125,524771804.828125,22.694849632997173,0.2813765182186235,0.23228744939271256,0.19281376518218624,0.2935222672064777,97066969.296875,115461012.6894126,624215265.5553936
8PIN HOOK TN_360581,8TRICO STEEL_360014,217.61409075835653,500,537834878.7679241,8PIN_HOOK_TN_360581-8TRICO_STEEL_360014,2042,0,454326897.984375,511010401.890625,12.47636980282849,0.3305582761998041,0.4040156709108717,0.24240940254652302,0.023016650342801176,56683503.90625,67102268.403680496,604937147.1716045
8PLATEAU TN_360077,8TRICO STEEL_360014,311.26290880799223,500,754957911.7067996,8PLATEAU_TN_360077-8TRICO_STEEL_360014,2752,0,601367247.71875,643890775.828125,7.071141348433163,0.6006540697674418,0.2663517441860465,0.11373546511627906,0.019258720930232558,42523528.109375,53384141.057967044,808342052.7647667
8DAVIDSON TN_360048,8TRICO STEEL_360014,202.56407132471375,500,493273315.8679782,8DAVIDSON_TN_360048-8TRICO_STEEL_360014,1992,0,436766620.21875,509436615.203125,16.638175084895224,0.338855421686747,0.2876506024096386,0.2570281124497992,0.11646586345381527,72669994.984375,82071677.94118246,575344993.8091607
8GLEASON CT_360582,8TRICO STEEL_360014,255.37957118441483,500,615534073.0368705,8GLEASON_CT_360582-8TRICO_STEEL_360014,2228,0,483421187.0,605885645.859375,25.332869587152572,0.16696588868940754,0.24012567324955117,0.3357271095152603,0.25718132854578096,122464458.859375,155932443.98691887,771466517.0237894
8LAG CRK CT_360568,8TRICO STEEL_360014,269.5091166273653,500,649577655.5789413,8LAG_CRK_CT_360568-8TRICO_STEEL_360014,2356,0,511569455.125,652377433.5,27.524704019045497,0.15577249575551783,0.22241086587436332,0.28225806451612906,0.3395585738539898,140807978.375,178794327.0719584,828371982.6508998
8CUMBERLAND_360040,8TRICO STEEL_360014,237.05125312202466,500,572344428.3163164,8CUMBERLAND_360040-8TRICO_STEEL_360014,2323,0,505150176.59375,637163683.421875,26.13351691140602,0.16013775290572535,0.2608695652173913,0.27120103314679295,0.3077916487300904,132013506.828125,149573727.96553463,721918156.281851
8PHIPPS B NP_360102,8TRICO STEEL_360014,548.5342787869623,500,1368429143.217618,8PHIPPS_B_NP_360102-8TRICO_STEEL_360014,5011,0,1126485847.765625,1192347846.375,5.846677855741533,0.5619636799042107,0.37297944522051485,0.05448014368389543,0.010576731191378965,65861998.609375,80007643.68801807,1448436786.905636
8MONTGOMERY_360044,8TRICO STEEL_360014,267.8206557114764,500,653619544.1099107,8MONTGOMERY_360044-8TRICO_STEEL_360014,2645,0,581264038.015625,709998265.53125,22.147289200121566,0.254820415879017,0.22986767485822307,0.30623818525519847,0.20907372400756144,128734227.515625,144759010.70253807,798378554.8124487
8MARSHALL KY_360015,8TRICO STEEL_360014,344.52498674663434,500,829891935.5986664,8MARSHALL_KY_360015-8TRICO_STEEL_360014,3163,0,685764838.703125,869119811.671875,26.737295734715616,0.11760986405311413,0.2118242175150174,0.4457793234271262,0.22478659500474232,183354972.96875,221890661.0995711,1051782596.6982375
7SHAWNEE FP_360002,8TRICO STEEL_360014,376.8567464188152,500,902840044.0950748,7SHAWNEE_FP_360002-8TRICO_STEEL_360014,3352,0,722822501.796875,914005081.1875,26.449450441202572,0.11097852028639618,0.1807875894988067,0.5366945107398569,0.17153937947494033,191182579.390625,238796230.02625823,1141636274.1213331
8PARADISE CC_360117,8TRICO STEEL_360014,343.4063115504974,500,834871714.4189138,8PARADISE_CC_360117-8TRICO_STEEL_360014,3472,0,759900386.28125,917212228.1875,20.70163994468963,0.2390552995391705,0.29377880184331795,0.29089861751152074,0.17626728110599077,157311841.90625,172832136.319061,1007703850.7379749
8PARADISE CC_360117,8TRICO STEEL_360014,343.4063115504974,500,834871714.4189138,8PARADISE_CC_360117-8TRICO_STEEL_360014,3472,0,759900386.28125,917212228.1875,20.70163994468963,0.2390552995391705,0.29377880184331795,0.29089861751152074,0.17626728110599077,157311841.90625,172832136.319061,1007703850.7379749
8CHOCTAW MS_360654,8LIMESTONE_360088,325.34722697241796,500,792697497.6042407,8CHOCTAW_MS_360654-8LIMESTONE_360088,2865,0,628480798.546875,783694657.84375,24.69667484762439,0.26108202443280976,0.1636998254799302,0.2924956369982548,0.28272251308900526,155213859.296875,195769923.50857446,988467421.1128151
8ACKERMAN CC_360627,8LIMESTONE_360088,303.7417399834491,500,739181290.0919564,8ACKERMAN_CC_360627-8LIMESTONE_360088,2685,0,588286289.9375,724807937.875,23.206668296146105,0.278584729981378,0.17467411545623837,0.3001862197392924,0.24655493482309124,136521647.9375,171539350.09881383,910720640.1907701
8CLAY_360688,8LIMESTONE_360088,266.00687640158174,500,645063249.0464162,8CLAY_360688-8LIMESTONE_360088,2402,0,524071109.84375,629460594.03125,20.10976797002253,0.31140716069941715,0.2031640299750208,0.31140716069941715,0.1740216486261449,105389484.1875,129720722.64312287,774783971.6895391
8COGEN CALED_360606,8LIMESTONE_360088,226.94275308376132,500,546889640.3066443,8COGEN_CALED_360606-8LIMESTONE_360088,2115,0,458817167.984375,530811685.453125,15.691330336444986,0.46761229314420805,0.13995271867612294,0.26430260047281323,0.12813238770685578,71994517.46875,85814260.03631134,632703900.3429557
8E POINT AL_360058,8LIMESTONE_360088,171.55664925060148,500,425011244.0693131,8E_POINT_AL_360058-8LIMESTONE_360088,1657,0,369718534.25,379660632.265625,2.689099164528841,0.7724803862401931,0.2051901025950513,0.022329511164755584,0.0,9942098.015625,11428973.81342153,436440217.88273466
6CENTER PNT_360533,8LIMESTONE_360088,247.14423361185519,500,619025985.9467032,6CENTER_PNT_360533-8LIMESTONE_360088,2361,0,532205316.59375,590973672.25,11.042421754142273,0.4608216857263871,0.29013130029648454,0.22066920796272765,0.028377806014400677,58768355.65625,68355460.13597244,687381446.0826757
8BR FERRY NP_360052,8LIMESTONE_360088,26.97770778110976,500,65816537.995169066,8BR_FERRY_NP_360052-8LIMESTONE_360088,273,0,59888183.078125,59888183.078125,0.0,1.0,0.0,0.0,0.0,0.0,0.0,65816537.995169066
6LOOPERS FRM_360602,8LIMESTONE_360088,253.89533100964903,500,637165809.4004359,6LOOPERS_FRM_360602-8LIMESTONE_360088,2424,0,547443091.515625,607234609.640625,10.921960483502314,0.4645214521452145,0.2891914191419142,0.21864686468646866,0.02764026402640264,59791518.125,69590997.91710328,706756807.3175392
6COUNTY LINE_360013,8LIMESTONE_360088,220.38910375663315,500,555183679.316241,6COUNTY_LINE_360013-8LIMESTONE_360088,2101,0,475762935.671875,515473130.921875,8.346634904192584,0.5111851499286054,0.3222275107091861,0.16658733936220846,0.0,39710195.25,46339154.76019,601522834.076431
6YOUNG GA_361454,8LIMESTONE_360088,186.49199338607164,500,468304941.60196245,6YOUNG_GA_361454-8LIMESTONE_360088,1772,0,400248354.890625,433653728.75,8.346161439814948,0.6162528216704289,0.1986455981941309,0.15406320541760724,0.031038374717832957,33405373.859375,39085486.4567309,507390428.05869335
6KENSNGTN GA_361503,8LIMESTONE_360088,186.6911816952753,500,468833622.63304424,6KENSNGTN_GA_361503-8LIMESTONE_360088,1768,0,399268802.65625,430743741.28125,7.88314499294811,0.623868778280543,0.20927601809954752,0.13574660633484162,0.031108597285067874,31474938.625,36958834.24785407,505792456.8808983
6ALPHA GA_361502,8LIMESTONE_360088,272.96583099689457,500,683260603.1258719,6ALPHA_GA_361502-8LIMESTONE_360088,2604,0,586676104.4375,651367207.109375,11.026715112915708,0.43202764976958524,0.3314132104454685,0.2108294930875576,0.02572964669738863,64691102.671875,75341200.18547954,758601803.3113514
6CLOUDLANDGA_361633,8LIMESTONE_360088,160.5940973212671,500,402238302.72525245,6CLOUDLANDGA_361633-8LIMESTONE_360088,1582,0,356875877.234375,380218467.9375,6.5408149421640305,0.6270543615676359,0.24083438685208597,0.13211125158027812,0.0,23342590.703125,26309663.0077603,428547965.73301274
6ROCK SPG GA_361500,8LIMESTONE_360088,190.7294868869333,500,478046438.8399286,6ROCK_SPG_GA_361500-8LIMESTONE_360088,1805,0,406830736.984375,440094447.796875,8.176302277223835,0.6055401662049862,0.22105263157894736,0.14293628808864267,0.030470914127423823,33263710.8125,39086521.86505653,517132960.70498514
6WID CRK FP_360068,8LIMESTONE_360088,135.29925317304247,500,338907630.52708113,6WID_CRK_FP_360068-8LIMESTONE_360088,1320,0,297966765.0,312572741.96875,4.901881244624717,0.7424242424242424,0.14924242424242423,0.10833333333333334,0.0,14605976.96875,16612849.577409022,355520480.10449016
6WRINGOLD GA_361504,8LIMESTONE_360088,228.62058428472707,500,572438589.3674402,6WRINGOLD_GA_361504-8LIMESTONE_360088,2214,0,498472254.625,536765595.8125,7.68214094810713,0.518970189701897,0.34191508581752483,0.13911472448057813,0.0,38293341.1875,43975539.27656296,616414128.6440032
6BATTLFLD GA_361530,8LIMESTONE_360088,177.83481158876072,500,456697329.4990727,6BATTLFLD_GA_361530-8LIMESTONE_360088,1728,0,399746347.40625,436012606.375,9.072317784530926,0.46296296296296297,0.3917824074074074,0.11400462962962964,0.03125,36266258.96875,41433033.04562217,498130362.54469484
6S HAVEN CC_360594,8LIMESTONE_360088,343.9096751706281,500,838440574.2444329,6S_HAVEN_CC_360594-8LIMESTONE_360088,3437,0,754825815.703125,1024448645.015625,35.71987387068163,0.1265638638347396,0.07652022112307244,0.2411987198137911,0.5557171952283969,269622829.3125,299489915.6007302,1137930489.845163
6CONCORD TN_361509,8LIMESTONE_360088,250.40762322853925,500,628009638.4735432,6CONCORD_TN_361509-8LIMESTONE_360088,2413,0,544223275.4375,590794268.234375,8.55733205446545,0.48777455449647744,0.3431413178615831,0.1690841276419395,0.0,46570992.796875,53740870.098229095,681750508.5717722
8BRADLEY TN_360662,8LIMESTONE_360088,256.3961427004453,500,640558081.4169847,8BRADLEY_TN_360662-8LIMESTONE_360088,2458,0,552250676.203125,608257908.390625,10.141632161062276,0.45077298616761596,0.3189585028478438,0.23026851098454026,0.0,56007232.1875,64963044.395268396,705521125.8122531
8BENTON MS_360612,8LIMESTONE_360088,304.1305842847271,500,737573696.5870421,8BENTON_MS_360612-8LIMESTONE_360088,3053,0,666549663.296875,904805925.609375,35.74471272463653,0.14248280379954142,0.08614477563052735,0.17916803144448085,0.5922043891254504,238256262.3125,263643598.97752044,1001217295.5645626
8FRANKLIN TN_360069,8LIMESTONE_360088,116.99197395242889,500,283434011.48690856,8FRANKLIN_TN_360069-8LIMESTONE_360088,1117,0,243587634.921875,247018385.453125,1.4084255682150326,0.8576544315129812,0.1423455684870188,0.0,0.0,3430750.53125,3991957.0867991527,287425968.5737077
8HAYWOOD TN_360542,8LIMESTONE_360088,257.9638764781084,500,620071379.8654369,8HAYWOOD_TN_360542-8LIMESTONE_360088,2504,0,542170871.9375,715796121.734375,32.02408295680075,0.1737220447284345,0.10503194888178914,0.24840255591054314,0.4728434504792332,173625249.796875,198572173.0794866,818643552.9449235
8HIWASSEE TN_360110,8LIMESTONE_360088,241.17683097138567,500,603965872.1504638,8HIWASSEE_TN_360110-8LIMESTONE_360088,2187,0,492356340.25,522863159.15625,6.196085317142419,0.5994513031550068,0.3095564700502972,0.0800182898948331,0.010973936899862825,30506818.90625,37422240.72486604,641388112.8753299
8LAG CRK CC_360615,8LIMESTONE_360088,281.3592206135786,500,675956356.1542915,8LAG_CRK_CC_360615-8LIMESTONE_360088,2713,0,587270605.78125,772283194.796875,31.503805433868347,0.17065978621452266,0.09694065610025801,0.2989310726133432,0.43346848507187613,185012589.015625,212951975.26071414,888908331.4150057
8JACKSON TN_360019,8LIMESTONE_360088,235.81301279420546,500,565990401.1484634,8JACKSON_TN_360019-8LIMESTONE_360088,2139,0,462364624.0,602085389.796875,30.218740479780948,0.20336605890603085,0.12295465170640486,0.2267414679756896,0.4469378214118747,139720765.796875,171035170.46352527,737025571.6119887
8ANDERSON TN_360120,8LIMESTONE_360088,290.4930062312949,500,732575015.5353298,8ANDERSON_TN_360120-8LIMESTONE_360088,2573,0,583355841.96875,617343787.390625,5.826280115267224,0.5977458219976681,0.3249125534395647,0.06801399144966964,0.009327633113097552,33987945.421875,42681872.45955069,775256887.9948806
8BULL RUN FP_360093,8LIMESTONE_360088,390.9829996683843,500,973895092.3685658,8BULL_RUN_FP_360093-8LIMESTONE_360088,3516,0,788089576.640625,820568655.953125,4.12124208658462,0.5930034129692833,0.4069965870307167,0.0,0.0,32479079.3125,40136574.42587549,1014031666.7944413
8JVILLE FP_360037,8LIMESTONE_360088,201.53580500034124,500,488574295.342962,8JVILLE_FP_360037-8LIMESTONE_360088,1754,0,382812856.671875,450501643.3125,17.6819522805745,0.3198403648802737,0.20695553021664767,0.403078677309008,0.0701254275940707,67688786.640625,86389473.75769566,574963769.1006577
8DAVIDSON TN_360048,8LIMESTONE_360088,175.67855833919157,500,430124636.9340714,8DAVIDSON_TN_360048-8LIMESTONE_360088,1697,0,374367204.71875,441641964.09375,17.97025982164793,0.37418974661166765,0.2168532704773129,0.24454920447849146,0.164407778432528,67274759.375,77294514.81397246,507419151.7480439
8GLEASON CT_360582,8LIMESTONE_360088,255.34183740675175,500,614120310.7738831,8GLEASON_CT_360582-8LIMESTONE_360088,2199,0,476051398.4375,595156874.59375,25.019457257594247,0.1882673942701228,0.2291950886766712,0.3219645293315143,0.2605729877216917,119105476.15625,153649568.66427663,767769879.4381597
8LAG CRK CT_360568,8LIMESTONE_360088,275.4166815549763,500,662695325.8992945,8LAG_CRK_CT_360568-8LIMESTONE_360088,2403,0,520530800.8125,645410953.03125,23.990924653031808,0.17228464419475656,0.2975447357469829,0.2767374115688722,0.2534332084893883,124880152.21875,158986736.3156633,821682062.2149578
8CUMBERLAND_360040,8LIMESTONE_360088,223.09678554118963,500,540812053.2344141,8CUMBERLAND_360040-8LIMESTONE_360088,2047,0,446747387.375,550164386.390625,23.14887606243945,0.24865657059110893,0.23790913531998045,0.24816805080605764,0.265266243282853,103416999.015625,125191911.93396859,666003965.1683826
7SHAWNEE FP_360002,8LIMESTONE_360088,376.81901264115214,500,901426281.8320875,7SHAWNEE_FP_360002-8LIMESTONE_360088,3323,0,715452713.234375,903276309.921875,26.252412383538037,0.124586217273548,0.17303641287992777,0.5293409569665964,0.17303641287992777,187823596.6875,236646144.84015343,1138072426.672241
8CHOCTAW MS_360654,8HAYWOOD TN_360542,272.560493424335,500,663343200.3890057,8CHOCTAW_MS_360654-8HAYWOOD_TN_360542,2824,0,618933322.140625,879830568.8125,42.15272265024337,0.0,0.021954674220963172,0.3480878186968839,0.6299575070821529,260897246.671875,279617219.47922564,942960419.8682313
8ACKERMAN CC_360627,8HAYWOOD TN_360542,259.3320453791782,500,631707643.0694557,8ACKERMAN_CC_360627-8HAYWOOD_TN_360542,2694,0,591032994.953125,843557541.1875,42.72596426776525,0.0,0.0,0.36488492947290274,0.6351150705270973,252524546.234375,269903181.8545977,901610824.9240534
8CLAY_360688,8HAYWOOD TN_360542,256.9502985777296,500,621197902.0559767,8CLAY_360688-8HAYWOOD_TN_360542,2547,0,554805031.015625,790890625.9375,42.5528936696369,0.0,0.013349038084020416,0.342363564978406,0.6442873969375736,236085594.921875,264337682.739895,885535584.7958717
8COGEN CALED_360606,8HAYWOOD TN_360542,249.07590242364395,500,610847685.0056615,8COGEN_CALED_360606-8HAYWOOD_TN_360542,2334,0,515410166.609375,731603907.96875,41.94595981325033,0.0,0.0,0.397172236503856,0.602827763496144,216193741.359375,256225924.47264472,867073609.4783062
8E POINT AL_360058,8HAYWOOD TN_360542,305.4976880923781,500,739283057.2329743,8E_POINT_AL_360058-8HAYWOOD_TN_360542,2847,0,620401685.375,783176026.015625,26.23692753868592,0.19107832806462943,0.2328767123287671,0.23779416930101863,0.3382507903055848,162774340.640625,193965160.0319974,933248217.2649717
6CENTER PNT_360533,8HAYWOOD TN_360542,471.0998828879655,500,1153355409.0183425,6CENTER_PNT_360533-8HAYWOOD_TN_360542,4663,0,1026944248.234375,1301507368.6875,26.73593244474384,0.18871970834226892,0.19794123954535706,0.2841518335835299,0.3291872185288441,274563120.453125,308360323.00294304,1461715732.0212855
8BR FERRY NP_360052,8HAYWOOD TN_360542,234.88065571147646,500,564003639.6020424,8BR_FERRY_NP_360052-8HAYWOOD_TN_360542,2279,0,492899944.390625,666525194.1875,35.22525246204458,0.09214567792891619,0.11540149188240456,0.27292672224659936,0.5195261079420799,173625249.796875,198671705.9449395,762675345.5469819
6LOOPERS FRM_360602,8HAYWOOD TN_360542,477.85098028575936,500,1171495232.472075,6LOOPERS_FRM_360602-8HAYWOOD_TN_360542,4726,0,1042182023.15625,1317768306.078125,26.44320059247054,0.19424460431654678,0.19868810833685993,0.2822683030046551,0.3247989843419382,275586282.921875,309780834.2538198,1481276066.725895
6COUNTY LINE_360013,8HAYWOOD TN_360542,443.5021296766598,500,1086483450.5861301,6COUNTY_LINE_360013-8HAYWOOD_TN_360542,4445,0,979680450.21875,1239500247.703125,26.52087192577546,0.16917885264341959,0.237570303712036,0.262992125984252,0.33025871766029247,259819797.484375,288144884.42469347,1374628335.0108237
6YOUNG GA_361454,8HAYWOOD TN_360542,406.420201154427,500,999297972.67716,6YOUNG_GA_361454-8HAYWOOD_TN_360542,4156,0,919833837.515625,1126670835.828125,22.486343715202416,0.1554379210779596,0.3787295476419634,0.22040423484119345,0.24542829643888353,206836998.3125,224705576.87523574,1224003549.5523958
6KENSNGTN GA_361503,8HAYWOOD TN_360542,406.71578556669846,500,999672202.9183663,6KENSNGTN_GA_361503-8HAYWOOD_TN_360542,4151,0,918281162.703125,1120246036.125,21.99379467039868,0.17104312213924355,0.37894483257046496,0.20428812334377258,0.2457239219465189,201964873.421875,219865851.68691674,1219538054.605283
6ALPHA GA_361502,8HAYWOOD TN_360542,488.41523358634635,500,1190558841.7165217,6ALPHA_GA_361502-8HAYWOOD_TN_360542,4978,0,1092138259.828125,1308331675.28125,19.79542548826634,0.2868621936520691,0.29168340699075934,0.2040980313378867,0.21735636801928485,216193415.453125,235676188.40596086,1426235030.1224825
6CLOUDLANDGA_361633,8HAYWOOD TN_360542,380.41065571147647,500,931922236.4436305,6CLOUDLANDGA_361633-8HAYWOOD_TN_360542,3896,0,859183274.875,1055921357.296875,22.89826724693842,0.14964065708418892,0.3773100616016427,0.21765913757700206,0.25539014373716634,196738082.421875,213394044.23450786,1145316280.6781383
6ROCK SPG GA_361500,8HAYWOOD TN_360542,410.75409075835654,500,1008929406.1553739,6ROCK_SPG_GA_361500-8HAYWOOD_TN_360542,4188,0,925889377.96875,1129544030.25,21.99557065100315,0.16809933142311365,0.38156638013371535,0.20678127984718242,0.24355300859598855,203654652.28125,221919780.34965178,1230849186.5050256
6WID CRK FP_360068,8HAYWOOD TN_360542,346.9577920785913,500,843876574.1599351,6WID_CRK_FP_360068-8HAYWOOD_TN_360542,3533,0,773131148.203125,958811723.96875,24.01669835669862,0.14237192187942257,0.35890178318709315,0.21992640815171244,0.27879988678177187,185680575.765625,202671291.31883374,1046547865.4787688
6WRINGOLD GA_361504,8HAYWOOD TN_360542,451.73361020475363,500,1103738360.6373293,6WRINGOLD_GA_361504-8HAYWOOD_TN_360542,4558,0,1002389769.171875,1260792712.59375,25.77868922538533,0.18143922773146118,0.24923211935059236,0.24725756910925845,0.32207108380868804,258402943.421875,284529281.8500599,1388267642.4873893
6BATTLFLD GA_361530,8HAYWOOD TN_360542,389.1666946807976,500,958100498.558604,6BATTLFLD_GA_361530-8HAYWOOD_TN_360542,4014,0,889852961.03125,1096552448.9375,23.228499196845533,0.15695067264573992,0.35276532137518685,0.23193821624314898,0.25834578973592426,206699487.90625,222552366.61265838,1180652865.1712623
6S HAVEN CC_360594,8HAYWOOD TN_360542,154.27135054532735,500,388621660.81051505,6S_HAVEN_CC_360594-8HAYWOOD_TN_360542,1455,0,331103760.046875,454231997.0,37.18720588847844,0.0,0.0,0.6364261168384879,0.363573883161512,123128236.953125,144517537.13283056,533139197.9433456
6CONCORD TN_361509,8HAYWOOD TN_360542,473.52064914856584,500,1159309409.7434325,6CONCORD_TN_361509-8HAYWOOD_TN_360542,4757,0,1048140789.984375,1314821385.015625,25.443203582910414,0.17973512718099643,0.2537313432835821,0.25793567374395626,0.3085978557914652,266680595.03125,294965453.27685857,1454274863.020291
8BRADLEY TN_360662,8HAYWOOD TN_360542,456.88151283246884,500,1112215035.26568,8BRADLEY_TN_360662-8HAYWOOD_TN_360542,4691,0,1027901186.328125,1237722215.46875,20.412568049478462,0.2969516094649329,0.25900660839906203,0.21338733745470048,0.23065444468130464,209821029.140625,227031650.9301378,1339246686.195818
8BENTON MS_360612,8HAYWOOD TN_360542,84.8917596721808,500,212689627.61649477,8BENTON_MS_360612-8HAYWOOD_TN_360542,774,0,175450649.15625,234961646.53125,33.91893826622532,0.0,0.0,0.8023255813953488,0.19767441860465115,59510997.375,72142063.48990338,284831691.10639817
8FRANKLIN TN_360069,8HAYWOOD TN_360542,304.759753160288,500,735991844.7269977,8FRANKLIN_TN_360069-8HAYWOOD_TN_360542,3171,0,689276692.609375,880035333.28125,27.675190923651492,0.08924629454430778,0.3163040050457269,0.2598549353516241,0.33459476505834124,190758640.671875,203687148.21070126,939678992.937699
8ANDERSON TN_360120,8HAYWOOD TN_360542,478.161817973109,500,1171109847.8194034,8ANDERSON_TN_360120-8HAYWOOD_TN_360542,4792,0,1055885084.046875,1254785574.546875,18.83732363541657,0.32867278797996663,0.28025876460767946,0.1652754590984975,0.22579298831385644,198900490.5,220605752.1599755,1391715599.979379
8BULL RUN FP_360093,8HAYWOOD TN_360542,570.6451036035799,500,1400202219.942366,8BULL_RUN_FP_360093-8HAYWOOD_TN_360542,5610,0,1238601066.015625,1459732642.703125,17.853333309234397,0.31836007130124777,0.3142602495543672,0.17450980392156862,0.1928698752228164,221131576.6875,249982769.32960987,1650184989.2719758
8DAVIDSON TN_360048,8HAYWOOD TN_360542,230.51872062633302,500,558634510.7960148,8DAVIDSON_TN_360048-8HAYWOOD_TN_360542,2180,0,475596660.375,688318280.046875,44.727315684712245,0.0,0.012385321100917432,0.2408256880733945,0.7467889908256881,212721619.671875,249862221.16748142,808496731.9634962
8GLEASON CT_360582,8HAYWOOD TN_360542,105.10402589451773,500,250767645.9120061,8GLEASON_CT_360582-8HAYWOOD_TN_360542,970,0,208303493.5,257422216.96875,23.5803647089337,0.0,0.31958762886597936,0.6804123711340206,0.0,49118723.46875,59131925.47805851,309899571.3900646
8CUMBERLAND_360040,8HAYWOOD TN_360542,183.45311021750814,500,444268665.5710186,8CUMBERLAND_360040-8HAYWOOD_TN_360542,1609,0,351347885.140625,452509922.359375,28.792556180681284,0.13113735239279056,0.10254816656308266,0.5239279055313859,0.24238657551274084,101162037.21875,127916305.12769857,572184970.6987171
7SHAWNEE FP_360002,8HAYWOOD TN_360542,212.5629284967239,500,506493784.0301517,7SHAWNEE_FP_360002-8HAYWOOD_TN_360542,2176,0,466537090.234375,595108590.890625,27.558687904462076,0.0055147058823529415,0.11213235294117647,0.8823529411764706,0.0,128571500.65625,139583041.19636968,646076825.2265214
8CHOCTAW MS_360654,8CLAY_360688,79.82882461254628,500,194718920.87022147,8CHOCTAW_MS_360654-8CLAY_360688,731,0,160412697.8125,235894436.5,47.0547155660505,0.0,0.0,0.14774281805745554,0.8522571819425444,75481738.6875,91624434.36876565,286343355.2389871
8ACKERMAN CC_360627,8CLAY_360688,57.16892203584896,500,140566567.89743084,8ACKERMAN_CC_360627-8CLAY_360688,531,0,117417543.890625,172146819.5,46.61081623403363,0.0,0.0,0.1713747645951036,0.8286252354048964,54729275.609375,65519224.649159595,206085792.54659045
6CENTER PNT_360533,8CLAY_360688,427.28725296897125,500,1048270695.5948627,6CENTER_PNT_360533-8CLAY_360688,4054,0,895121821.765625,1071478848.40625,19.702013999922528,0.22348297977306364,0.3004440059200789,0.35619141588554515,0.11988159842131228,176357026.640625,206530439.2031851,1254801134.7980478
8BR FERRY NP_360052,8CLAY_360688,242.26012316476704,500,588105861.7202702,8BR_FERRY_NP_360052-8CLAY_360688,2163,0,472475101.921875,577864586.109375,22.30582812910349,0.2353213129912159,0.22561257512713823,0.34581599630143317,0.19325011558021266,105389484.1875,131181882.73250648,719287744.4527767
6LOOPERS FRM_360602,8CLAY_360688,434.0383503667651,500,1066410519.0485955,6LOOPERS_FRM_360602-8CLAY_360688,4117,0,910359596.6875,1087739785.796875,19.48462890431466,0.2292931746417294,0.2997328151566675,0.35292688851105175,0.11804712169055137,177380189.109375,207786132.23319465,1274196651.2817903
6COUNTY LINE_360013,8CLAY_360688,420.3512334332931,500,1031832828.4015372,6COUNTY_LINE_360013-8CLAY_360688,3839,0,848371890.34375,994903499.15625,17.27209617389931,0.22636103151862463,0.4204219848918989,0.229747330033863,0.12346965355561344,146531608.8125,178219158.47537896,1210051986.8769162
6YOUNG GA_361454,8CLAY_360688,386.4541230627314,500,944954090.6872586,6YOUNG_GA_361454-8CLAY_360688,3510,0,772857309.5625,913131743.796875,18.15010772347896,0.25270655270655273,0.36695156695156694,0.22962962962962963,0.15071225071225072,140274434.234375,171510185.3971585,1116464276.084417
6KENSNGTN GA_361503,8CLAY_360688,386.65331137193516,500,945482771.7183404,6KENSNGTN_GA_361503-8CLAY_360688,3506,0,771877757.328125,910221756.328125,17.9230451566426,0.25613234455219624,0.3725042783799201,0.22047917855105534,0.1508841985168283,138343999.0,169459304.12335423,1114942075.8416946
6ALPHA GA_361502,8CLAY_360688,453.1088503540106,500,1112505312.7740316,6ALPHA_GA_361502-8CLAY_360688,4297,0,949592609.609375,1131872383.265625,19.195576272569426,0.2194554340237375,0.324877821736095,0.3425645799394927,0.11310216430067489,182279773.65625,213551805.8499263,1326057118.6239579
6CLOUDLANDGA_361633,8CLAY_360688,366.9283243702118,500,894617702.617959,6CLOUDLANDGA_361633-8CLAY_360688,3315,0,727552077.171875,855773936.234375,17.623736236300957,0.25610859728506785,0.3806938159879336,0.22021116138763197,0.1429864253393665,128221859.0625,157665064.23264438,1052282766.8506033
6ROCK SPG GA_361500,8CLAY_360688,390.69161656359313,500,954695587.9252248,6ROCK_SPG_GA_361500-8CLAY_360688,3543,0,779439691.65625,919572462.84375,17.978654755152192,0.2506350550381033,0.37679932260795934,0.22325712672876094,0.1493084956251764,140132771.1875,171641423.71574658,1126337011.6409714
6WID CRK FP_360068,8CLAY_360688,343.8356035908253,500,834051585.010129,6WID_CRK_FP_360068-8CLAY_360688,3058,0,667539384.609375,787903305.734375,18.030984223565106,0.2818835840418574,0.3368214519293656,0.2262916939175932,0.15500327011118378,120363921.125,150387709.70957106,984439294.7197001
6WRINGOLD GA_361504,8CLAY_360688,428.58271396138684,500,1049087738.4527361,6WRINGOLD_GA_361504-8CLAY_360688,3952,0,871081209.296875,1016195964.046875,16.65915338331483,0.2388663967611336,0.42864372469635625,0.2125506072874494,0.11993927125506072,145114754.75,174769135.47439003,1223856873.9271262
6BATTLFLD GA_361530,8CLAY_360688,398.27364250912865,500,975670327.0273627,6BATTLFLD_GA_361530-8CLAY_360688,3556,0,784465265.34375,921657655.765625,17.488650738635037,0.2949943757030371,0.34139482564679413,0.21006749156355456,0.15354330708661418,137192390.421875,170631575.85431376,1146301902.8816764
6S HAVEN CC_360594,8CLAY_360688,233.3644673257461,500,574394120.3982632,6S_HAVEN_CC_360594-8CLAY_360688,2077,0,461201855.84375,645830576.4375,40.032085355766675,0.0,0.015888300433317286,0.46461242176215695,0.5194992778045258,184628720.59375,229941944.55633792,804336064.9546012
6CONCORD TN_361509,8CLAY_360688,450.36975290519905,500,1104658787.558839,6CONCORD_TN_361509-8CLAY_360688,4151,0,916832230.109375,1070224636.46875,16.73069524847264,0.23416044326668273,0.42519874728980966,0.22645145748012527,0.11418935196338231,153392406.359375,184817095.28194213,1289475882.8407812
8BRADLEY TN_360662,8CLAY_360688,456.35827237710515,500,1117207230.5022807,8BRADLEY_TN_360662-8CLAY_360688,4196,0,924859630.875,1087688276.625,17.605768520348274,0.2152049571020019,0.4101525262154433,0.2616777883698761,0.11296472831267874,162828645.75,196692918.89482534,1313900149.3971062
8BENTON MS_360612,8CLAY_360688,243.90771408893136,500,591952652.0844955,8BENTON_MS_360612-8CLAY_360688,2219,0,485418637.671875,701956921.625,44.608564061666065,0.0,0.0,0.2658855340243353,0.7341144659756648,216538283.953125,264061578.01984346,856014230.104339
8ANDERSON TN_360120,8CLAY_360688,532.9666618662446,500,1311115781.6883569,8ANDERSON_TN_360120-8CLAY_360688,4744,0,1050186560.90625,1190778459.75,13.3873260311413,0.39038785834738615,0.34991568296795955,0.15282462057335583,0.10687183811129848,140591898.84375,175523344.34036714,1486639126.028724
8BULL RUN FP_360093,8CLAY_360688,627.5790643791697,500,1546123872.7241888,8BULL_RUN_FP_360093-8CLAY_360688,5584,0,1238378636.90625,1405954153.21875,13.531848121277479,0.33954154727793695,0.39326647564469913,0.1828438395415473,0.08434813753581662,167575516.3125,209219134.22385076,1755343006.9480395
7SHAWNEE FP_360002,8CLAY_360688,457.38798036228604,500,1101285590.6349363,7SHAWNEE_FP_360002-8CLAY_360688,4690,0,1016191591.40625,1370783510.59375,34.894199301216446,0.0,0.11748400852878464,0.5272921108742005,0.35522388059701493,354591919.1875,384284788.8717334,1485570379.5066698
8CHOCTAW MS_360654,8RACCOON MTN_360079,453.7182203839985,500,1103992762.5431418,8CHOCTAW_MS_360654-8RACCOON_MTN_360079,4054,0,887819793.328125,1078619552.5,21.490820615367625,0.2819437592501233,0.24420325604341392,0.23828317710902813,0.23556980759743462,190799759.171875,237257104.2047881,1341249866.74793
8ACKERMAN CC_360627,8RACCOON MTN_360079,432.1127333950296,500,1050476555.0308577,8ACKERMAN_CC_360627-8RACCOON_MTN_360079,3874,0,847625284.71875,1019732832.53125,20.304673647106554,0.29504388229220446,0.2555498193082086,0.24109447599380485,0.20831182240578214,172107547.8125,213295836.23838332,1263772391.269241
8CLAY_360688,8RACCOON MTN_360079,385.4025451113348,500,938253689.1769042,8CLAY_360688-8RACCOON_MTN_360079,3425,0,750409754.09375,877143305.328125,16.888579944889948,0.3164963503649635,0.32963503649635034,0.21021897810218979,0.14364963503649636,126733551.234375,158457724.3825207,1096711413.5594249
8COGEN CALED_360606,8RACCOON MTN_360079,338.21942176800553,500,823202902.6760814,8COGEN_CALED_360606-8RACCOON_MTN_360079,2984,0,653981408.4375,748053667.515625,14.384546389917041,0.34986595174262736,0.35723860589812334,0.19638069705093833,0.09651474530831099,94072259.078125,118414003.41858456,941616906.094666
8E POINT AL_360058,8RACCOON MTN_360079,191.3298894508762,500,467068468.0544275,8E_POINT_AL_360058-8RACCOON_MTN_360079,1728,0,379664463.5625,392869597.734375,3.4781064437707565,0.7355324074074074,0.2378472222222222,0.016203703703703703,0.010416666666666666,13205134.171875,16245138.484222401,483313606.5386499
6CENTER PNT_360533,8RACCOON MTN_360079,142.83586355635848,500,371310620.7944863,6CENTER_PNT_360533-8RACCOON_MTN_360079,1388,0,324918021.125,380727288.265625,17.17641482223433,0.12463976945244956,0.47910662824207495,0.3703170028818444,0.025936599423631124,55809267.140625,63777852.50667445,435088473.30116075
8BR FERRY NP_360052,8RACCOON MTN_360079,189.2850972957582,500,479288928.1879753,8BR_FERRY_NP_360052-8RACCOON_MTN_360079,1837,0,418966044.078125,446737583.234375,6.628589488047254,0.5568862275449101,0.3424060968971149,0.10070767555797495,0.0,27771539.15625,31770095.51124248,511059023.6992178
6LOOPERS FRM_360602,8RACCOON MTN_360079,136.0454804260583,500,368464413.6169311,6LOOPERS_FRM_360602-8RACCOON_MTN_360079,1279,0,312865962.03125,335050607.828125,7.090782791724437,0.49648162627052383,0.3666927286942924,0.13682564503518374,0.0,22184645.796875,26127011.234377705,394591424.85130876
8LIMESTONE_360088,8RACCOON MTN_360079,163.9108505580818,500,417352959.05147123,8LIMESTONE_360088-8RACCOON_MTN_360079,1594,0,365608724.921875,393380264.078125,7.595972760820824,0.4893350062735257,0.3946047678795483,0.11606022584692598,0.0,27771539.15625,31702017.086029444,449054976.1375007
6COUNTY LINE_360013,8RACCOON MTN_360079,111.63720123095362,500,291045775.46047896,6COUNTY_LINE_360013-8RACCOON_MTN_360079,1072,0,251543331.15625,287121770.328125,14.144059796113172,0.14832089552238806,0.5932835820895522,0.23507462686567165,0.02332089552238806,35578439.171875,41165688.51519142,332211463.9756704
6YOUNG GA_361454,8RACCOON MTN_360079,62.04326619682802,500,161356710.5208645,6YOUNG_GA_361454-8RACCOON_MTN_360079,598,0,139999577.640625,159460917.75,13.900999158248695,0.2140468227424749,0.5250836120401338,0.21906354515050167,0.04180602006688963,19461340.109375,22430194.971283153,183786905.49214762
8MADISON AL_360060,8RACCOON MTN_360079,126.9266038204054,500,329162084.47424316,8MADISON_AL_360060-8RACCOON_MTN_360079,1222,0,285567830.328125,311406521.921875,9.048180099299241,0.38052373158756136,0.4795417348608838,0.13993453355155483,0.0,25838691.59375,29783178.22183703,358945262.6960802
6KENSNGTN GA_361503,8RACCOON MTN_360079,62.338850609099595,500,161730940.7620708,6KENSNGTN_GA_361503-8RACCOON_MTN_360079,593,0,138446902.828125,153036118.046875,10.537769296913634,0.32377740303541314,0.5278246205733558,0.10623946037099494,0.04215851602023609,14589215.21875,17042833.419235073,178773774.1813059
6ALPHA GA_361502,8RACCOON MTN_360079,116.54042199758561,500,320247500.6574489,6ALPHA_GA_361502-8RACCOON_MTN_360079,1095,0,271906127.46875,290835504.765625,6.9617325189004875,0.5452054794520548,0.29497716894977166,0.1598173515981735,0.0,18929377.296875,22294774.394235674,342542275.05168456
6CLOUDLANDGA_361633,8RACCOON MTN_360079,36.033720753877525,500,93980974.28733489,6CLOUDLANDGA_361633-8RACCOON_MTN_360079,338,0,79349015.0,88711439.21875,11.799042771671452,0.19230769230769232,0.621301775147929,0.1863905325443787,0.0,9362424.21875,11088855.353396194,105069829.64073108
8MAGNOL CC1_360613,8RACCOON MTN_360079,382.8355452898971,500,934929796.2686071,8MAGNOL_CC1_360613-8RACCOON_MTN_360079,3843,0,845783548.125,1075854976.984375,27.20216411981713,0.12568306010928962,0.30288836846213896,0.2047879260994015,0.3666406453291699,230071428.859375,254321137.58605847,1189250933.8546655
6ROCK SPG GA_361500,8RACCOON MTN_360079,66.37715580075758,500,170988143.99907836,6ROCK_SPG_GA_361500-8RACCOON_MTN_360079,630,0,146055118.09375,162334112.171875,11.145788172706016,0.29523809523809524,0.5365079365079365,0.12857142857142856,0.03968253968253968,16278994.078125,19057976.330578808,190046120.32965717
6WID CRK FP_360068,8RACCOON MTN_360079,42.0760584029638,500,107259262.79775232,6WID_CRK_FP_360068-8RACCOON_MTN_360079,372,0,85361440.96875,90745755.03125,6.307665383098615,0.6478494623655914,0.24731182795698925,0.07526881720430108,0.02956989247311828,5384314.0625,6765555.389660594,114024818.18741292
6WRINGOLD GA_361504,8RACCOON MTN_360079,119.86868175904758,500,308300685.5116781,6WRINGOLD_GA_361504-8RACCOON_MTN_360079,1185,0,274252650.109375,308414235.21875,12.45624612770413,0.19746835443037974,0.6042194092827005,0.17721518987341772,0.02109704641350211,34161585.109375,38402692.20073369,346703377.71241176
6BATTLFLD GA_361530,8RACCOON MTN_360079,30.837110370561536,500,83049372.70528215,6BATTLFLD_GA_361530-8RACCOON_MTN_360079,296,0,71858239.25,84385038.671875,17.43265567403254,0.22635135135135134,0.4222972972972973,0.20945945945945946,0.14189189189189189,12526799.421875,14477711.1831558,97527083.88843796
6S HAVEN CC_360594,8RACCOON MTN_360079,475.2838244850018,500,1167179887.0592818,6S_HAVEN_CC_360594-8RACCOON_MTN_360079,4806,0,1063532536.125,1383163736.046875,30.053730287035417,0.10049937578027465,0.2421972534332085,0.25031210986267166,0.4069912609238452,319631199.921875,350781095.22132117,1517960982.280603
6CONCORD TN_361509,8RACCOON MTN_360079,122.04321420372138,500,335008582.24030185,6CONCORD_TN_361509-8RACCOON_MTN_360079,1152,0,285605222.671875,312764214.140625,9.509276901407482,0.5477430555555556,0.14756944444444445,0.3046875,0.0,27158991.46875,31856893.728709713,366865475.96901155
8BRADLEY TN_360662,8RACCOON MTN_360079,85.0067012437081,500,241903694.20660728,8BRADLEY_TN_360662-8RACCOON_MTN_360079,808,0,207669053.96875,220226044.953125,6.0466356177770075,0.6955445544554455,0.10643564356435643,0.19801980198019803,0.0,12556990.984375,14627034.934615092,256530729.1412224
8BENTON MS_360612,8RACCOON MTN_360079,431.431155698722,500,1058626862.3353295,8BENTON_MS_360612-8RACCOON_MTN_360079,4431,0,978915238.75,1252053692.375,27.90215565279961,0.10900473933649289,0.2608891897991424,0.299029564432408,0.3310765064319567,273138453.625,295379714.9111523,1354006577.246482
8FRANKLIN TN_360069,8RACCOON MTN_360079,86.67302592002662,500,219101871.32337523,8FRANKLIN_TN_360069-8RACCOON_MTN_360079,829,0,188616688.625,197901752.671875,4.922716072772948,0.5524728588661038,0.43063932448733416,0.016887816646562123,0.0,9285064.046875,10785763.035382094,229887634.35875732
8HAYWOOD TN_360542,8RACCOON MTN_360079,375.7247141654581,500,918724271.3774561,8HAYWOOD_TN_360542-8RACCOON_MTN_360079,3875,0,853386929.234375,1050016865.3125,23.041123474264324,0.1615483870967742,0.3550967741935484,0.2265806451612903,0.2567741935483871,196629936.078125,211684393.75611493,1130408665.133571
8HIWASSEE TN_360110,8RACCOON MTN_360079,106.3367012437081,500,263068204.4926542,8HIWASSEE_TN_360110-8RACCOON_MTN_360079,1045,0,233060467.9375,246153835.21875,5.618012954801599,0.4421052631578947,0.5578947368421052,0.0,0.0,13093367.28125,14779205.808361275,277847410.3010155
8LAG CRK CC_360615,8RACCOON MTN_360079,398.5981492123382,500,973477550.2671766,8LAG_CRK_CC_360615-8RACCOON_MTN_360079,4084,0,898508629.765625,1102146647.34375,22.664002418234297,0.16013712047012732,0.33692458374143,0.2864838393731636,0.21645445641527913,203638017.578125,220628975.53352088,1194106525.8006976
8MAURY TN_360050,8RACCOON MTN_360079,185.75125312202468,500,463904074.60226953,8MAURY_TN_360050-8RACCOON_MTN_360079,1753,0,395569069.578125,434254995.75,9.779815750795073,0.31602966343411293,0.5607529948659441,0.10724472333143183,0.015972618368511125,38685926.171875,45368963.75653288,509273038.35880244
8JACKSON TN_360019,8RACCOON MTN_360079,346.66175310927025,500,847118238.56789,8JACKSON_TN_360019-8RACCOON_MTN_360079,3509,0,772831709.8125,929949358.46875,20.33012448394087,0.17839840410373325,0.39241949273297233,0.243944143630664,0.1852379595326304,157117648.65625,172220192.42701927,1019338430.9949093
8ANDERSON TN_360120,8RACCOON MTN_360079,155.65287650361734,500,391677347.87752,8ANDERSON_TN_360120-8RACCOON_MTN_360079,1431,0,324059969.65625,340678774.203125,5.128311455593715,0.480083857442348,0.519916142557652,0.0,0.0,16618804.546875,20086434.300168503,411763782.17768854
8BULL RUN FP_360093,8RACCOON MTN_360079,250.8505062950671,500,635891942.0282865,8BULL_RUN_FP_360093-8RACCOON_MTN_360079,2292,0,522806825.90625,551674488.453125,5.521669021217335,0.4467713787085515,0.5532286212914486,0.0,0.0,28867662.546875,35111848.37139318,671003790.3996797
8JVILLE FP_360037,8RACCOON MTN_360079,289.4285257797277,500,711530103.9355884,8JVILLE_FP_360037-8RACCOON_MTN_360079,2731,0,605703555.875,696329694.390625,14.96212753526045,0.23727572317832296,0.4331746612962285,0.2932991578176492,0.03625045770779934,90626138.515625,106460041.60261397,817990145.5382023
8PIN HOOK TN_360581,8RACCOON MTN_360079,191.54872062633302,500,483031461.26162636,8PIN_HOOK_TN_360581-8RACCOON_MTN_360079,1747,0,396338954.984375,444322218.09375,12.106623006882234,0.36519748139668,0.41671436748712076,0.14882655981682885,0.06926159129937035,47983263.109375,58478798.01957951,541510259.2812059
8PLATEAU TN_360077,8RACCOON MTN_360079,125.93531813891684,500,312483809.1552957,8PLATEAU_TN_360077-8RACCOON_MTN_360079,1293,0,288940466.609375,307724190.46875,6.500897600047528,0.41067285382830626,0.5622583139984532,0.027068832173240527,0.0,18783723.859375,20314252.449913718,332798061.60520947
8DAVIDSON TN_360048,8RACCOON MTN_360079,218.89017515787364,500,550916941.7254735,8DAVIDSON_TN_360048-8RACCOON_MTN_360079,2016,0,456157066.1875,527152165.5625,15.563739912738296,0.3288690476190476,0.345734126984127,0.22767857142857142,0.09771825396825397,70995099.375,85743279.9453647,636660221.6708382
8GLEASON CT_360582,8RACCOON MTN_360079,354.1914348428089,500,865468278.7386723,8GLEASON_CT_360582-8RACCOON_MTN_360079,3381,0,744756540.09375,901875543.203125,21.09669330189392,0.16030760130139013,0.3880508725229222,0.2638272700384502,0.1878142561372375,157119003.109375,182585188.3906781,1048053467.1293504
8LAG CRK CT_360568,8RACCOON MTN_360079,375.09701925508045,500,914707559.518404,8LAG_CRK_CT_360568-8RACCOON_MTN_360079,3605,0,792339954.078125,956081311.734375,20.66554347202654,0.15034674063800277,0.4085991678224688,0.27018030513176144,0.170873786407767,163741357.65625,189029288.3541888,1103736847.872593
8CUMBERLAND_360040,8RACCOON MTN_360079,289.51496731299164,500,722559611.1046419,8CUMBERLAND_360040-8RACCOON_MTN_360079,2669,0,599154140.109375,736573340.5625,22.93553382240492,0.2484076433121019,0.2611464968152866,0.215436493068565,0.2750093668040465,137419200.453125,165722903.9919426,888282515.0965846
8PHIPPS B NP_360102,8RACCOON MTN_360079,340.34112313925806,500,865387841.1063448,8PHIPPS_B_NP_360102-8RACCOON_MTN_360079,3189,0,730079782.5,761861403.25,4.353170915262261,0.5628723737848855,0.4371276262151145,0.0,0.0,31781620.75,37671811.80325739,903059652.9096022
8MONTGOMERY_360044,8RACCOON MTN_360079,290.6093114739707,500,728392645.0735482,8MONTGOMERY_360044-8RACCOON_MTN_360079,2694,0,607063844.1875,741665866.125,22.172630313316155,0.24610244988864144,0.25872308834446917,0.26948775055679286,0.2256867112100965,134602021.9375,161503808.42154288,889896453.4950911
8MARSHALL KY_360015,8RACCOON MTN_360079,412.70168799034246,500,1026084071.7878388,8MARSHALL_KY_360015-8RACCOON_MTN_360079,3783,0,846364125.0,1026005136.765625,21.225026730147036,0.29764736981231826,0.2289188474755485,0.24028548770816813,0.2331482950039651,179641011.765625,217786618.5107499,1243870690.2985888
7SHAWNEE FP_360002,8RACCOON MTN_360079,468.72975290519906,500,1138992707.9169297,7SHAWNEE_FP_360002-8RACCOON_MTN_360079,4355,0,954255933.9375,1128491107.5,18.258746670147687,0.19035591274397246,0.3354764638346728,0.4362801377726751,0.03788748564867968,174235173.5625,207965793.13000736,1346958501.046937
8PARADISE CC_360117,8RACCOON MTN_360079,318.67689583522446,500,779021297.218743,8PARADISE_CC_360117-8RACCOON_MTN_360079,2870,0,631907932.5625,694968104.515625,9.979329061023922,0.3191637630662021,0.5449477351916376,0.11463414634146342,0.021254355400696864,63060171.953125,77741098.70491557,856762395.9236585
8PARADISE CC_360117,8RACCOON MTN_360079,318.67689583522446,500,779021297.218743,8PARADISE_CC_360117-8RACCOON_MTN_360079,2870,0,631907932.5625,694968104.515625,9.979329061023922,0.3191637630662021,0.5449477351916376,0.11463414634146342,0.021254355400696864,63060171.953125,77741098.70491557,856762395.9236585
8CHOCTAW MS_360654,8PARADISE CC_360117,544.1865775687631,500,1308485810.9445179,8CHOCTAW_MS_360654-8PARADISE_CC_360117,5164,0,1118385618.25,1539977997.375,37.69651292411012,0.01820294345468629,0.07900852052672347,0.412858249419055,0.48993028659953525,421592379.125,493253522.83284724,1801739333.7773652
8CHOCTAW MS_360654,8PARADISE CC_360117,544.1865775687631,500,1308485810.9445179,8CHOCTAW_MS_360654-8PARADISE_CC_360117,5164,0,1118385618.25,1539977997.375,37.69651292411012,0.01820294345468629,0.07900852052672347,0.412858249419055,0.48993028659953525,421592379.125,493253522.83284724,1801739333.7773652
8ACKERMAN CC_360627,8PARADISE CC_360117,524.8443373429795,500,1264115480.8178566,8ACKERMAN_CC_360627-8PARADISE_CC_360117,5034,0,1091621755.828125,1500282555.640625,37.4361171926701,0.018673023440603894,0.08820023837902265,0.4074294795391339,0.4856972586412396,408660799.8125,473235752.84965795,1737351233.6675146
8ACKERMAN CC_360627,8PARADISE CC_360117,524.8443373429795,500,1264115480.8178566,8ACKERMAN_CC_360627-8PARADISE_CC_360117,5034,0,1091621755.828125,1500282555.640625,37.4361171926701,0.018673023440603894,0.08820023837902265,0.4074294795391339,0.4856972586412396,408660799.8125,473235752.84965795,1737351233.6675146
8CLAY_360688,8PARADISE CC_360117,496.3474932457727,500,1195674472.8611116,8CLAY_360688-8PARADISE_CC_360117,4864,0,1055077490.9375,1439686293.9375,36.45313318723651,0.019325657894736843,0.09806743421052631,0.43462171052631576,0.4479851973684211,384608803.0,435860808.07784915,1631535280.9389608
8CLAY_360688,8PARADISE CC_360117,496.3474932457727,500,1195674472.8611116,8CLAY_360688-8PARADISE_CC_360117,4864,0,1055077490.9375,1439686293.9375,36.45313318723651,0.019325657894736843,0.09806743421052631,0.43462171052631576,0.4479851973684211,384608803.0,435860808.07784915,1631535280.9389608
8COGEN CALED_360606,8PARADISE CC_360117,461.274253045498,500,1110882809.3513947,8COGEN_CALED_360606-8PARADISE_CC_360117,4623,0,1002569502.75,1309989635.6875,30.663224055216265,0.04434349989184512,0.22928834090417477,0.40255245511572574,0.3238157040882544,307420132.9375,340632484.82229906,1451515294.1736937
8COGEN CALED_360606,8PARADISE CC_360117,461.274253045498,500,1110882809.3513947,8COGEN_CALED_360606-8PARADISE_CC_360117,4623,0,1002569502.75,1309989635.6875,30.663224055216265,0.04434349989184512,0.22928834090417477,0.40255245511572574,0.3238157040882544,307420132.9375,340632484.82229906,1451515294.1736937
8E POINT AL_360058,8PARADISE CC_360117,420.090168594963,500,1027877098.3409328,8E_POINT_AL_360058-8PARADISE_CC_360117,4078,0,899007502.09375,989945040.265625,10.115325841006362,0.39627268268759197,0.41245708680725846,0.1834232466895537,0.00784698381559588,90937538.171875,103973117.74226674,1131850216.0831995
8E POINT AL_360058,8PARADISE CC_360117,420.090168594963,500,1027877098.3409328,8E_POINT_AL_360058-8PARADISE_CC_360117,4078,0,899007502.09375,989945040.265625,10.115325841006362,0.39627268268759197,0.41245708680725846,0.1834232466895537,0.00784698381559588,90937538.171875,103973117.74226674,1131850216.0831995
6CENTER PNT_360533,8PARADISE CC_360117,406.2820905542854,500,994104558.4368572,6CENTER_PNT_360533-8PARADISE_CC_360117,3628,0,799391713.21875,886771966.84375,10.930843062303385,0.36879823594266814,0.4280595369349504,0.17833517089305403,0.024807056229327454,87380253.625,108664009.15793692,1102768567.594794
6CENTER PNT_360533,8PARADISE CC_360117,406.2820905542854,500,994104558.4368572,6CENTER_PNT_360533-8PARADISE_CC_360117,3628,0,799391713.21875,886771966.84375,10.930843062303385,0.36879823594266814,0.4280595369349504,0.17833517089305403,0.024807056229327454,87380253.625,108664009.15793692,1102768567.594794
8BR FERRY NP_360052,8PARADISE CC_360117,312.37156482557543,500,760213903.6727314,8BR_FERRY_NP_360052-8PARADISE_CC_360117,3198,0,700619301.5,857898484.28125,22.448594043087454,0.18292682926829268,0.316447779862414,0.29893683552220135,0.20168855534709193,157279182.78125,170657333.09459937,930871236.7673308
8BR FERRY NP_360052,8PARADISE CC_360117,312.37156482557543,500,760213903.6727314,8BR_FERRY_NP_360052-8PARADISE_CC_360117,3198,0,700619301.5,857898484.28125,22.448594043087454,0.18292682926829268,0.316447779862414,0.29893683552220135,0.20168855534709193,157279182.78125,170657333.09459937,930871236.7673308
6LOOPERS FRM_360602,8PARADISE CC_360117,398.494668480173,500,973752994.0057318,6LOOPERS_FRM_360602-8PARADISE_CC_360117,3551,0,781270573.671875,865496323.734375,10.780612108126553,0.37735849056603776,0.42297944241058855,0.174317093776401,0.025344973246972685,84225750.0625,104976533.17502674,1078729527.1807585
6LOOPERS FRM_360602,8PARADISE CC_360117,398.494668480173,500,973752994.0057318,6LOOPERS_FRM_360602-8PARADISE_CC_360117,3551,0,781270573.671875,865496323.734375,10.780612108126553,0.37735849056603776,0.42297944241058855,0.174317093776401,0.025344973246972685,84225750.0625,104976533.17502674,1078729527.1807585
8LIMESTONE_360088,8PARADISE CC_360117,318.06313621406144,500,775359251.0821735,8LIMESTONE_360088-8PARADISE_CC_360117,3161,0,693803082.359375,844680386.921875,21.746416007467207,0.22777602024675736,0.28503638089212274,0.2837709585574185,0.20341664030370135,150877304.5625,168612848.29271162,943972099.3748851
8LIMESTONE_360088,8PARADISE CC_360117,318.06313621406144,500,775359251.0821735,8LIMESTONE_360088-8PARADISE_CC_360117,3161,0,693803082.359375,844680386.921875,21.746416007467207,0.22777602024675736,0.28503638089212274,0.2837709585574185,0.20341664030370135,150877304.5625,168612848.29271162,943972099.3748851
6COUNTY LINE_360013,8PARADISE CC_360117,394.20180484728786,500,964329484.1828195,6COUNTY_LINE_360013-8PARADISE_CC_360117,3512,0,773522998.21875,865280146.015625,11.862239132924435,0.36275626423690205,0.39151480637813213,0.2201025056947608,0.02562642369020501,91757147.796875,114391069.44306277,1078720553.6258821
6COUNTY LINE_360013,8PARADISE CC_360117,394.20180484728786,500,964329484.1828195,6COUNTY_LINE_360013-8PARADISE_CC_360117,3512,0,773522998.21875,865280146.015625,11.862239132924435,0.36275626423690205,0.39151480637813213,0.2201025056947608,0.02562642369020501,91757147.796875,114391069.44306277,1078720553.6258821
6YOUNG GA_361454,8PARADISE CC_360117,365.93768152946745,500,900485413.4440565,6YOUNG_GA_361454-8PARADISE_CC_360117,3345,0,741629392.171875,817551690.765625,10.237228917183305,0.3907324364723468,0.4233183856502242,0.16890881913303438,0.017040358744394617,75922298.59375,92184753.1401126,992670166.5841691
6YOUNG GA_361454,8PARADISE CC_360117,365.93768152946745,500,900485413.4440565,6YOUNG_GA_361454-8PARADISE_CC_360117,3345,0,741629392.171875,817551690.765625,10.237228917183305,0.3907324364723468,0.4233183856502242,0.16890881913303438,0.017040358744394617,75922298.59375,92184753.1401126,992670166.5841691
8MADISON AL_360060,8PARADISE CC_360117,323.2220128197144,500,789025270.8871012,8MADISON_AL_360060-8PARADISE_CC_360117,3174,0,697606938.984375,849032602.875,21.706444622107846,0.22306238185255198,0.29174543163201005,0.2826086956521739,0.20258349086326402,151425663.890625,171269333.47954503,960294604.3666462
8MADISON AL_360060,8PARADISE CC_360117,323.2220128197144,500,789025270.8871012,8MADISON_AL_360060-8PARADISE_CC_360117,3174,0,697606938.984375,849032602.875,21.706444622107846,0.22306238185255198,0.29174543163201005,0.2826086956521739,0.20258349086326402,151425663.890625,171269333.47954503,960294604.3666462
6KENSNGTN GA_361503,8PARADISE CC_360117,366.2332659417391,500,900859643.6852628,6KENSNGTN_GA_361503-8PARADISE_CC_360117,3340,0,740076717.359375,811126891.0625,9.600379533169878,0.4104790419161677,0.4236526946107784,0.14880239520958083,0.017065868263473054,71050173.703125,86485944.85494705,987345588.5402099
6KENSNGTN GA_361503,8PARADISE CC_360117,366.2332659417391,500,900859643.6852628,6KENSNGTN_GA_361503-8PARADISE_CC_360117,3340,0,740076717.359375,811126891.0625,9.600379533169878,0.4104790419161677,0.4236526946107784,0.14880239520958083,0.017065868263473054,71050173.703125,86485944.85494705,987345588.5402099
6ALPHA GA_361502,8PARADISE CC_360117,378.9896100517003,500,925536081.0462497,6ALPHA_GA_361502-8PARADISE_CC_360117,3367,0,740310739.109375,821281220.671875,10.937364174928877,0.3866943866943867,0.40273240273240274,0.18384318384318385,0.02673002673002673,80970481.5625,101229251.75439322,1026765332.800643
6ALPHA GA_361502,8PARADISE CC_360117,378.9896100517003,500,925536081.0462497,6ALPHA_GA_361502-8PARADISE_CC_360117,3367,0,740310739.109375,821281220.671875,10.937364174928877,0.3866943866943867,0.40273240273240274,0.18384318384318385,0.02673002673002673,80970481.5625,101229251.75439322,1026765332.800643
6CLOUDLANDGA_361633,8PARADISE CC_360117,339.92813608651693,500,833109677.210527,6CLOUDLANDGA_361633-8PARADISE_CC_360117,3085,0,680978829.53125,746802212.234375,9.665995453696308,0.4032414910858995,0.4252836304700162,0.16110210696920582,0.010372771474878443,65823382.703125,80528343.52347352,913638020.7340004
6CLOUDLANDGA_361633,8PARADISE CC_360117,339.92813608651693,500,833109677.210527,6CLOUDLANDGA_361633-8PARADISE_CC_360117,3085,0,680978829.53125,746802212.234375,9.665995453696308,0.4032414910858995,0.4252836304700162,0.16110210696920582,0.010372771474878443,65823382.703125,80528343.52347352,913638020.7340004
8MAGNOL CC1_360613,8PARADISE CC_360117,367.86249968113873,500,888904245.3908195,8MAGNOL_CC1_360613-8PARADISE_CC_360117,3291,0,715757404.171875,978369011.703125,36.69003016952222,0.0176238225463385,0.1203281677301732,0.38438164691583104,0.47766636280765723,262611607.53125,326139235.8120555,1215043481.2028751
8MAGNOL CC1_360613,8PARADISE CC_360117,367.86249968113873,500,888904245.3908195,8MAGNOL_CC1_360613-8PARADISE_CC_360117,3291,0,715757404.171875,978369011.703125,36.69003016952222,0.0176238225463385,0.1203281677301732,0.38438164691583104,0.47766636280765723,262611607.53125,326139235.8120555,1215043481.2028751
6ROCK SPG GA_361500,8PARADISE CC_360117,370.27157113339706,500,910116846.9222704,6ROCK_SPG_GA_361500-8PARADISE_CC_360117,3377,0,747684932.625,820424885.1875,9.728690440119191,0.4042049156055671,0.42641397690257626,0.1525022209061297,0.016878886585726977,72739952.5625,88542450.68044113,998659297.6027116
6ROCK SPG GA_361500,8PARADISE CC_360117,370.27157113339706,500,910116846.9222704,6ROCK_SPG_GA_361500-8PARADISE_CC_360117,3377,0,747684932.625,820424885.1875,9.728690440119191,0.4042049156055671,0.42641397690257626,0.1525022209061297,0.016878886585726977,72739952.5625,88542450.68044113,998659297.6027116
6WID CRK FP_360068,8PARADISE CC_360117,320.23914262391867,500,783821272.8079156,6WID_CRK_FP_360068-8PARADISE_CC_360117,2976,0,656688310.8125,717880356.421875,9.318278489480637,0.41196236559139787,0.4280913978494624,0.14919354838709678,0.010752688172043012,61192045.609375,73038649.06003334,856859921.8679489
6WID CRK FP_360068,8PARADISE CC_360117,320.23914262391867,500,783821272.8079156,6WID_CRK_FP_360068-8PARADISE_CC_360117,2976,0,656688310.8125,717880356.421875,9.318278489480637,0.41196236559139787,0.4280913978494624,0.14919354838709678,0.010752688172043012,61192045.609375,73038649.06003334,856859921.8679489
6WRINGOLD GA_361504,8PARADISE CC_360117,377.53681784556454,500,921493963.9234722,6WRINGOLD_GA_361504-8PARADISE_CC_360117,3355,0,737209134.921875,825669240.125,11.999322988923545,0.3833084947839046,0.35499254843517136,0.23487332339791356,0.026825633383010434,88460105.203125,110573037.05461203,1032067000.9780842
6WRINGOLD GA_361504,8PARADISE CC_360117,377.53681784556454,500,921493963.9234722,6WRINGOLD_GA_361504-8PARADISE_CC_360117,3355,0,737209134.921875,825669240.125,11.999322988923545,0.3833084947839046,0.35499254843517136,0.23487332339791356,0.026825633383010434,88460105.203125,110573037.05461203,1032067000.9780842
6BATTLFLD GA_361530,8PARADISE CC_360117,341.6504737356032,500,840539461.7372987,6BATTLFLD_GA_361530-8PARADISE_CC_360117,3071,0,680265717.390625,750933971.703125,10.38833098683416,0.39433409312927387,0.4181048518397916,0.16346466948876587,0.024096385542168676,70668254.3125,87318021.36022486,927857483.0975236
6BATTLFLD GA_361530,8PARADISE CC_360117,341.6504737356032,500,840539461.7372987,6BATTLFLD_GA_361530-8PARADISE_CC_360117,3071,0,680265717.390625,750933971.703125,10.38833098683416,0.39433409312927387,0.4181048518397916,0.16346466948876587,0.024096385542168676,70668254.3125,87318021.36022486,927857483.0975236
6S HAVEN CC_360594,8PARADISE CC_360117,448.04118144018634,500,1091217428.4801903,6S_HAVEN_CC_360594-8PARADISE_CC_360117,4034,0,885938527.0625,1160191648.375,30.95622471931987,0.07238472979672782,0.16757560733763013,0.4414972731779871,0.3185423896876549,274253121.3125,337799719.3367113,1429017147.8169017
6S HAVEN CC_360594,8PARADISE CC_360117,448.04118144018634,500,1091217428.4801903,6S_HAVEN_CC_360594-8PARADISE_CC_360117,4034,0,885938527.0625,1160191648.375,30.95622471931987,0.07238472979672782,0.16757560733763013,0.4414972731779871,0.3185423896876549,274253121.3125,337799719.3367113,1429017147.8169017
6CONCORD TN_361509,8PARADISE CC_360117,384.4924022578361,500,940297162.6291027,6CONCORD_TN_361509-8PARADISE_CC_360117,3424,0,754009834.3125,843209930.046875,11.830097125418382,0.3901869158878505,0.35134345794392524,0.23218457943925233,0.026285046728971962,89200095.734375,111238067.60657609,1051535230.2356788
6CONCORD TN_361509,8PARADISE CC_360117,384.4924022578361,500,940297162.6291027,6CONCORD_TN_361509-8PARADISE_CC_360117,3424,0,754009834.3125,843209930.046875,11.830097125418382,0.3901869158878505,0.35134345794392524,0.23218457943925233,0.026285046728971962,89200095.734375,111238067.60657609,1051535230.2356788
8BRADLEY TN_360662,8PARADISE CC_360117,347.4558892978228,500,847192274.5954081,8BRADLEY_TN_360662-8PARADISE_CC_360117,3080,0,676073665.609375,750671760.859375,11.034018782962285,0.4113636363636364,0.3633116883116883,0.1961038961038961,0.02922077922077922,74598095.25,93479354.70666274,940671629.3020709
8BRADLEY TN_360662,8PARADISE CC_360117,347.4558892978228,500,847192274.5954081,8BRADLEY_TN_360662-8PARADISE_CC_360117,3080,0,676073665.609375,750671760.859375,11.034018782962285,0.4113636363636364,0.3633116883116883,0.1961038961038961,0.02922077922077922,74598095.25,93479354.70666274,940671629.3020709
8BENTON MS_360612,8PARADISE CC_360117,382.9703503157473,500,928740499.240715,8BENTON_MS_360612-8PARADISE_CC_360117,3422,0,747554297.734375,945318898.09375,26.4548810646589,0.09000584453535944,0.17533606078316774,0.6028638223261251,0.13179427235534774,197764600.359375,245697194.47345042,1174437693.7141654
8BENTON MS_360612,8PARADISE CC_360117,382.9703503157473,500,928740499.240715,8BENTON_MS_360612-8PARADISE_CC_360117,3422,0,747554297.734375,945318898.09375,26.4548810646589,0.09000584453535944,0.17533606078316774,0.6028638223261251,0.13179427235534774,197764600.359375,245697194.47345042,1174437693.7141654
8FRANKLIN TN_360069,8PARADISE CC_360117,281.8217465463597,500,681678872.6684508,8FRANKLIN_TN_360069-8PARADISE_CC_360117,2615,0,569525630.578125,620573272.515625,8.96318606164952,0.5017208413001912,0.3162523900573614,0.16978967495219885,0.012237093690248566,51047641.9375,61100145.700228155,742779018.368679
8FRANKLIN TN_360069,8PARADISE CC_360117,281.8217465463597,500,681678872.6684508,8FRANKLIN_TN_360069-8PARADISE_CC_360117,2615,0,569525630.578125,620573272.515625,8.96318606164952,0.5017208413001912,0.3162523900573614,0.16978967495219885,0.012237093690248566,51047641.9375,61100145.700228155,742779018.368679
8HAYWOOD TN_360542,8PARADISE CC_360117,306.96099971940214,500,742225951.0765359,8HAYWOOD_TN_360542-8PARADISE_CC_360117,2710,0,590471294.46875,735356035.1875,24.53713534865458,0.11365313653136531,0.22140221402214022,0.5453874538745388,0.11955719557195572,144884740.71875,182120986.20848835,924346937.2850243
8HAYWOOD TN_360542,8PARADISE CC_360117,306.96099971940214,500,742225951.0765359,8HAYWOOD_TN_360542-8PARADISE_CC_360117,2710,0,590471294.46875,735356035.1875,24.53713534865458,0.11365313653136531,0.22140221402214022,0.5453874538745388,0.11955719557195572,144884740.71875,182120986.20848835,924346937.2850243
8HIWASSEE TN_360110,8PARADISE CC_360117,300.2513828497023,500,731318614.3665638,8HIWASSEE_TN_360110-8PARADISE_CC_360117,2669,0,585533350.296875,648313728.75,10.721913349819335,0.41626077182465343,0.38703634319970026,0.15136755339078306,0.04533533158486325,62780378.453125,78411348.14348239,809729962.5100462
8HIWASSEE TN_360110,8PARADISE CC_360117,300.2513828497023,500,731318614.3665638,8HIWASSEE_TN_360110-8PARADISE_CC_360117,2669,0,585533350.296875,648313728.75,10.721913349819335,0.41626077182465343,0.38703634319970026,0.15136755339078306,0.04533533158486325,62780378.453125,78411348.14348239,809729962.5100462
8LAG CRK CC_360615,8PARADISE CC_360117,316.4370386887232,500,762072145.1217594,8LAG_CRK_CC_360615-8PARADISE_CC_360117,2836,0,615134774.359375,758868350.125,23.36619254135237,0.11777150916784203,0.21156558533145275,0.61212976022567,0.05853314527503526,143733575.765625,178067244.73316455,940139389.854924
8LAG CRK CC_360615,8PARADISE CC_360117,316.4370386887232,500,762072145.1217594,8LAG_CRK_CC_360615-8PARADISE_CC_360117,2836,0,615134774.359375,758868350.125,23.36619254135237,0.11777150916784203,0.21156558533145275,0.61212976022567,0.05853314527503526,143733575.765625,178067244.73316455,940139389.854924
8MAURY TN_360050,8PARADISE CC_360117,196.73197395242894,500,483610961.68496025,8MAURY_TN_360050-8PARADISE_CC_360117,2003,0,443001817.453125,570210003.25,28.715048287659716,0.08487269096355467,0.25062406390414377,0.36794807788317524,0.2965551672491263,127208185.796875,138869121.17225185,622480082.8572121
8MAURY TN_360050,8PARADISE CC_360117,196.73197395242894,500,483610961.68496025,8MAURY_TN_360050-8PARADISE_CC_360117,2003,0,443001817.453125,570210003.25,28.715048287659716,0.08487269096355467,0.25062406390414377,0.36794807788317524,0.2965551672491263,127208185.796875,138869121.17225185,622480082.8572121
8JACKSON TN_360019,8PARADISE CC_360117,262.6375906690754,500,634146292.2869395,8JACKSON_TN_360019-8PARADISE_CC_360117,2319,0,504347756.078125,623650608.75,23.65487924435112,0.1328158689090125,0.258732212160414,0.46614920224234585,0.1423027166882277,119302852.671875,150006539.67300546,784152831.959945
8JACKSON TN_360019,8PARADISE CC_360117,262.6375906690754,500,634146292.2869395,8JACKSON_TN_360019-8PARADISE_CC_360117,2319,0,504347756.078125,623650608.75,23.65487924435112,0.1328158689090125,0.258732212160414,0.46614920224234585,0.1423027166882277,119302852.671875,150006539.67300546,784152831.959945
8ANDERSON TN_360120,8PARADISE CC_360117,310.58136341605945,500,764699494.8469815,8ANDERSON_TN_360120-8PARADISE_CC_360117,2901,0,642528938.515625,692088400.296875,7.713187501833407,0.42537056187521544,0.47466390899689764,0.09996552912788693,0.0,49559461.78125,58982705.86312058,823682200.7101021
8ANDERSON TN_360120,8PARADISE CC_360117,310.58136341605945,500,764699494.8469815,8ANDERSON_TN_360120-8PARADISE_CC_360117,2901,0,642528938.515625,692088400.296875,7.713187501833407,0.42537056187521544,0.47466390899689764,0.09996552912788693,0.0,49559461.78125,58982705.86312058,823682200.7101021
8BULL RUN FP_360093,8PARADISE CC_360117,357.86580500034125,500,878348644.3003893,8BULL_RUN_FP_360093-8PARADISE_CC_360117,3491,0,770812346.921875,813174329.84375,5.495758220666969,0.4832426238900029,0.5004296763105127,0.01632769979948439,0.0,42361982.921875,48271917.82525552,926620562.1256448
8BULL RUN FP_360093,8PARADISE CC_360117,357.86580500034125,500,878348644.3003893,8BULL_RUN_FP_360093-8PARADISE_CC_360117,3491,0,770812346.921875,813174329.84375,5.495758220666969,0.4832426238900029,0.5004296763105127,0.01632769979948439,0.0,42361982.921875,48271917.82525552,926620562.1256448
8JVILLE FP_360037,8PARADISE CC_360117,180.8530647873121,500,437245324.93763995,8JVILLE_FP_360037-8PARADISE_CC_360117,1641,0,357206054.25,457558866.359375,28.093816136481408,0.05240706886045095,0.2675198049969531,0.4308348567946374,0.24923826934795856,100352812.109375,122838897.65334125,560084222.5909812
8JVILLE FP_360037,8PARADISE CC_360117,180.8530647873121,500,437245324.93763995,8JVILLE_FP_360037-8PARADISE_CC_360117,1641,0,357206054.25,457558866.359375,28.093816136481408,0.05240706886045095,0.2675198049969531,0.4308348567946374,0.24923826934795856,100352812.109375,122838897.65334125,560084222.5909812
8DAVIDSON TN_360048,8PARADISE CC_360117,154.27051942088826,500,377491724.1251425,8DAVIDSON_TN_360048-8PARADISE_CC_360117,1566,0,344620802.25,432109872.125,25.38705420676619,0.09961685823754789,0.272669220945083,0.44891443167305234,0.17879948914431673,87489069.875,95834028.6297062,473325752.7548487
8DAVIDSON TN_360048,8PARADISE CC_360117,154.27051942088826,500,377491724.1251425,8DAVIDSON_TN_360048-8PARADISE_CC_360117,1566,0,344620802.25,432109872.125,25.38705420676619,0.09961685823754789,0.272669220945083,0.44891443167305234,0.17879948914431673,87489069.875,95834028.6297062,473325752.7548487
8GLEASON CT_360582,8PARADISE CC_360117,223.32466217235145,500,540189989.0303802,8GLEASON_CT_360582-8PARADISE_CC_360117,2069,0,450772052.15625,539258075.703125,19.629882359300144,0.1459642339294345,0.35041082648622524,0.4528757854035766,0.05074915418076365,88486023.546875,106038659.36338,646228648.3937602
8GLEASON CT_360582,8PARADISE CC_360117,223.32466217235145,500,540189989.0303802,8GLEASON_CT_360582-8PARADISE_CC_360117,2069,0,450772052.15625,539258075.703125,19.629882359300144,0.1459642339294345,0.35041082648622524,0.4528757854035766,0.05074915418076365,88486023.546875,106038659.36338,646228648.3937602
8LAG CRK CT_360568,8PARADISE CC_360117,240.85922061357857,500,580248561.6392677,8LAG_CRK_CT_360568-8PARADISE_CC_360117,2263,0,490909255.140625,614281445.21875,25.131363645361304,0.04197967300044189,0.32081307998232433,0.49845338046840476,0.13875386654882899,123372190.078125,145824376.0725428,726072937.7118105
8LAG CRK CT_360568,8PARADISE CC_360117,240.85922061357857,500,580248561.6392677,8LAG_CRK_CT_360568-8PARADISE_CC_360117,2263,0,490909255.140625,614281445.21875,25.131363645361304,0.04197967300044189,0.32081307998232433,0.49845338046840476,0.13875386654882899,123372190.078125,145824376.0725428,726072937.7118105
8CUMBERLAND_360040,8PARADISE CC_360117,125.38180510237683,500,302795420.1871104,8CUMBERLAND_360040-8PARADISE_CC_360117,1163,0,253026187.109375,326713116.28125,29.122254108829672,0.018916595012897677,0.21582115219260534,0.5683576956147893,0.19690455717970765,73686929.171875,88180851.69678885,390976271.8838993
8CUMBERLAND_360040,8PARADISE CC_360117,125.38180510237683,500,302795420.1871104,8CUMBERLAND_360040-8PARADISE_CC_360117,1163,0,253026187.109375,326713116.28125,29.122254108829672,0.018916595012897677,0.21582115219260534,0.5683576956147893,0.19690455717970765,73686929.171875,88180851.69678885,390976271.8838993
8MONTGOMERY_360044,8PARADISE CC_360117,92.7284220486034,500,222586199.6629209,8MONTGOMERY_360044-8PARADISE_CC_360117,958,0,207092912.828125,241378822.53125,16.555810256809856,0.162839248434238,0.430062630480167,0.407098121085595,0.0,34285909.703125,36850948.874037124,259437148.536958
8MONTGOMERY_360044,8PARADISE CC_360117,92.7284220486034,500,222586199.6629209,8MONTGOMERY_360044-8PARADISE_CC_360117,958,0,207092912.828125,241378822.53125,16.555810256809856,0.162839248434238,0.430062630480167,0.407098121085595,0.0,34285909.703125,36850948.874037124,259437148.536958
8MARSHALL KY_360015,8PARADISE CC_360117,140.26359733402154,500,338710367.8713596,8MARSHALL_KY_360015-8PARADISE_CC_360117,1388,0,301710071.765625,385270559.34375,27.695624176257727,0.023054755043227664,0.30835734870317005,0.44596541786743515,0.22262247838616714,83560487.578125,93807950.53167175,432518318.40303135
8MARSHALL KY_360015,8PARADISE CC_360117,140.26359733402154,500,338710367.8713596,8MARSHALL_KY_360015-8PARADISE_CC_360117,1388,0,301710071.765625,385270559.34375,27.695624176257727,0.023054755043227664,0.30835734870317005,0.44596541786743515,0.22262247838616714,83560487.578125,93807950.53167175,432518318.40303135
7SHAWNEE FP_360002,8PARADISE CC_360117,259.7762141271947,500,623695937.2860234,7SHAWNEE_FP_360002-8PARADISE_CC_360117,2491,0,538641741.578125,678037901.34375,25.87919743412734,0.0381372942593336,0.2621437173825773,0.5897230028101165,0.1099959855479727,139396159.765625,161407502.99888104,785103440.2849045
7SHAWNEE FP_360002,8PARADISE CC_360117,259.7762141271947,500,623695937.2860234,7SHAWNEE_FP_360002-8PARADISE_CC_360117,2491,0,538641741.578125,678037901.34375,25.87919743412734,0.0381372942593336,0.2621437173825773,0.5897230028101165,0.1099959855479727,139396159.765625,161407502.99888104,785103440.2849045
8CHOCTAW MS_360654,8FRANKLIN TN_360069,413.62874636779736,500,1002503871.2621762,8CHOCTAW_MS_360654-8FRANKLIN_TN_360069,3633,0,792470322.8125,969168974.171875,22.297194768413075,0.20836774015964768,0.30580787228186074,0.26286815304156347,0.22295623451692817,176698651.359375,223530240.7362085,1226034111.9983847
8ACKERMAN CC_360627,8FRANKLIN TN_360069,392.02325937882847,500,948987663.749892,8ACKERMAN_CC_360627-8FRANKLIN_TN_360069,3453,0,752275814.203125,910282254.203125,21.00379103206633,0.21922965537214018,0.3217492035910802,0.2673037938024906,0.19171734723428902,158006440.0,199323385.8141156,1148311049.5640075
8CLAY_360688,8FRANKLIN TN_360069,354.2883957969611,500,854869622.7043517,8CLAY_360688-8FRANKLIN_TN_360069,3170,0,688060634.109375,814934910.359375,18.43940344214372,0.238801261829653,0.35646687697160884,0.27287066246056785,0.13186119873817034,126874276.25,157632858.63478726,1012502481.339139
8COGEN CALED_360606,8FRANKLIN TN_360069,315.2242724791407,500,756696013.9645799,8COGEN_CALED_360606-8FRANKLIN_TN_360069,2883,0,622806692.25,716286001.78125,15.00936176416785,0.34616718695802984,0.32535553243149495,0.23447797433229275,0.09399930627818245,93479309.53125,113575242.19098186,870271256.1555618
8E POINT AL_360058,8FRANKLIN TN_360069,170.47600640985718,500,423932453.90137136,8E_POINT_AL_360058-8FRANKLIN_TN_360069,1686,0,377756252.125,404625612.921875,7.112883147724558,0.599644128113879,0.2538552787663108,0.1465005931198102,0.0,26869360.796875,30153820.071285825,454086273.9726572
6CENTER PNT_360533,8FRANKLIN TN_360069,202.29709724474037,500,508969203.6975322,6CENTER_PNT_360533-8FRANKLIN_TN_360069,1854,0,419680724.734375,466750832.3125,11.21569440862853,0.3597626752966559,0.41963322545846815,0.2001078748651564,0.020496224379719527,47070107.578125,57084430.52074527,566053634.2182775
8BR FERRY NP_360052,8FRANKLIN TN_360069,137.27039600103228,500,332340833.13640237,8BR_FERRY_NP_360052-8FRANKLIN_TN_360069,1269,0,276619072.4375,298065889.046875,7.753195186575845,0.5263987391646966,0.322301024428684,0.15130023640661938,0.0,21446816.609375,25767033.47775761,358107866.61416
6LOOPERS FRM_360602,8FRANKLIN TN_360069,209.0481946425342,500,527109027.1512649,6LOOPERS_FRM_360602-8FRANKLIN_TN_360069,1917,0,434918499.65625,483011769.703125,11.05799594289203,0.3677621283255086,0.414188836724048,0.198226395409494,0.0198226395409494,48093270.046875,58287694.83700452,585396721.9882694
6COUNTY LINE_360013,8FRANKLIN TN_360069,172.0760972702493,500,436243497.8262049,6COUNTY_LINE_360013-8FRANKLIN_TN_360069,1582,0,360609874.78125,394051048.609375,9.27350473927282,0.40644753476611883,0.4279393173198483,0.16561314791403287,0.0,33441173.828125,40455061.44568263,476698559.27188754
6YOUNG GA_361454,8FRANKLIN TN_360069,120.25820120544472,500,307228554.49436337,6YOUNG_GA_361454-8FRANKLIN_TN_360069,1104,0,253657889.515625,271548425.984375,7.0530179459085796,0.5163043478260869,0.39945652173913043,0.06159420289855073,0.022644927536231884,17890536.46875,21668885.08344297,328897439.57780635
6KENSNGTN GA_361503,8FRANKLIN TN_360069,120.5537856177163,500,307602784.73556966,6KENSNGTN_GA_361503-8FRANKLIN_TN_360069,1099,0,252105214.703125,265123626.28125,5.163880324115966,0.5768880800727935,0.40036396724294815,0.0,0.022747952684258416,13018411.578125,15884239.677392872,323487024.41296256
6ALPHA GA_361502,8FRANKLIN TN_360069,196.18001287073218,500,485546779.97325397,6ALPHA_GA_361502-8FRANKLIN_TN_360069,1890,0,421140524.09375,456624057.78125,8.425580455325887,0.3962962962962963,0.48518518518518516,0.11851851851851852,0.0,35483533.6875,40910134.59489068,526456914.5681446
6CLOUDLANDGA_361633,8FRANKLIN TN_360069,94.24865576249424,500,239852818.26083377,6CLOUDLANDGA_361633-8FRANKLIN_TN_360069,844,0,193007326.875,200798947.453125,4.036955852547086,0.6007109004739336,0.39928909952606634,0.0,0.0,7791620.578125,9682752.384279855,249535570.64511362
6ROCK SPG GA_361500,8FRANKLIN TN_360069,124.5920908093743,500,316859987.9725772,6ROCK_SPG_GA_361500-8FRANKLIN_TN_360069,1136,0,259713429.96875,274421620.40625,5.663238300487494,0.5528169014084507,0.40933098591549294,0.01584507042253521,0.022007042253521125,14708190.4375,17944536.19778306,334804524.17036027
6WID CRK FP_360068,8FRANKLIN TN_360069,66.91140253843398,500,170601041.29404023,6WID_CRK_FP_360068-8FRANKLIN_TN_360069,597,0,136735761.5,144389774.21875,5.597667087808622,0.5544388609715243,0.3936348408710218,0.051926298157453935,0.0,7654012.71875,9549678.339975286,180150719.63401553
6WRINGOLD GA_361504,8FRANKLIN TN_360069,180.3075777983432,500,453498407.877404,6WRINGOLD_GA_361504-8FRANKLIN_TN_360069,1695,0,383319193.734375,415343513.5,8.354478536187404,0.42359882005899707,0.44660766961651915,0.12979351032448377,0.0,32024319.765625,37887427.14806932,491385835.0254733
6BATTLFLD GA_361530,8FRANKLIN TN_360069,103.00469473181532,500,266031080.37580737,6BATTLFLD_GA_361530-8FRANKLIN_TN_360069,962,0,223677013.03125,241430039.09375,7.9369023315863485,0.5758835758835759,0.29417879417879417,0.08627858627858628,0.04365904365904366,17753026.0625,21114627.021091808,287145707.39689916
6S HAVEN CC_360594,8FRANKLIN TN_360069,408.38869462977965,500,990719455.5707331,6S_HAVEN_CC_360594-8FRANKLIN_TN_360069,4100,0,895657264.875,1193119516.265625,33.211615989308086,0.10146341463414635,0.17170731707317075,0.2424390243902439,0.484390243902439,297462251.390625,329033941.1155156,1319753396.6862488
6CONCORD TN_361509,8FRANKLIN TN_360069,201.68280507686794,500,500307861.556107,6CONCORD_TN_361509-8FRANKLIN_TN_360069,1947,0,434839619.296875,478552767.15625,10.05270585280571,0.40215716486902925,0.3923985618900873,0.2054442732408834,0.0,43713147.859375,50294477.68069785,550602339.2368048
8BRADLEY TN_360662,8FRANKLIN TN_360069,164.64629211685462,500,407202973.5224123,8BRADLEY_TN_360662-8FRANKLIN_TN_360069,1603,0,356903450.59375,386014597.96875,8.156588939269227,0.44541484716157204,0.42420461634435436,0.1303805364940736,0.0,29111147.375,33213872.69870448,440416846.2211168
8BENTON MS_360612,8FRANKLIN TN_360069,363.91772065184193,500,880295362.47248,8BENTON_MS_360612-8FRANKLIN_TN_360069,3726,0,811035166.84375,1051996240.984375,29.710311462615934,0.12533548040794418,0.2122920021470746,0.2785829307568438,0.3837895866881374,240961074.140625,261538493.98153773,1141833856.4540179
8ANDERSON TN_360120,8FRANKLIN TN_360069,190.71268165701196,500,473535317.1110178,8ANDERSON_TN_360120-8FRANKLIN_TN_360069,1717,0,383278987.3125,397891776.296875,3.8125724258556204,0.6115317414094351,0.38846825859056494,0.0,0.0,14612788.984375,18053876.92686264,491589194.0378805
8BULL RUN FP_360093,8FRANKLIN TN_360069,282.3998568914123,500,710370742.3010881,8BULL_RUN_FP_360093-8FRANKLIN_TN_360069,2510,0,568096057.765625,598399386.4375,5.334190980141784,0.4693227091633466,0.5306772908366534,0.0,0.0,30303328.671875,37892532.06139088,748263274.362479
8DAVIDSON TN_360048,8FRANKLIN TN_360069,148.8080323553927,500,371524760.70503104,8DAVIDSON_TN_360048-8FRANKLIN_TN_360069,1374,0,308711073.375,361380680.96875,17.06113325250589,0.4228529839883552,0.21251819505094613,0.20232896652110627,0.16229985443959244,52669607.59375,63386334.48993898,434911095.19497
8CUMBERLAND_360040,8FRANKLIN TN_360069,219.68208424646372,500,540427169.1453544,8CUMBERLAND_360040-8FRANKLIN_TN_360069,2019,0,447131293.09375,551565208.953125,23.356431874133744,0.2842991579990094,0.2535908865775136,0.1178801386825161,0.34422981674096087,104433915.859375,126224503.59074423,666651672.7360986
7SHAWNEE FP_360002,8FRANKLIN TN_360069,394.48422048603413,500,947539032.2290145,7SHAWNEE_FP_360002-8FRANKLIN_TN_360069,3651,0,789574951.0,942120847.0,19.32000195887673,0.1731032593809915,0.30950424541221583,0.4798685291700904,0.03752396603670227,152545896.0,183064559.5877672,1130603591.8167818
8CHOCTAW MS_360654,8GLEASON CT_360582,367.69086999172447,500,887891956.2786036,8CHOCTAW_MS_360654-8GLEASON_CT_360582,3741,0,813461219.484375,1150763642.15625,41.46508949568357,0.0,0.057203956161454156,0.31595829991980756,0.6268377439187383,337302422.671875,368165194.2958986,1256057150.5745022
8ACKERMAN CC_360627,8GLEASON CT_360582,351.31287650361736,500,851517482.8291144,8ACKERMAN_CC_360627-8GLEASON_CT_360582,3605,0,786745874.984375,1117444825.703125,42.03376989111227,0.0,0.062135922330097085,0.2793342579750347,0.6585298196948682,330698950.71875,357924899.3149814,1209442382.144096
8CLAY_360688,8GLEASON CT_360582,335.41796092864337,500,809691357.1907932,8CLAY_360688-8GLEASON_CT_360582,3452,0,750146915.921875,1044573114.234375,39.2491380106085,0.0,0.06402085747392816,0.4159907300115875,0.5199884125144844,294426198.3125,317796878.2437834,1127488235.4345765
8COGEN CALED_360606,8GLEASON CT_360582,314.19075313477913,500,755782273.4816582,8COGEN_CALED_360606-8GLEASON_CT_360582,3212,0,695769557.046875,994425946.90625,42.924613017992975,0.0,0.047322540473225407,0.26089663760896636,0.6917808219178082,298656389.859375,324416616.15059114,1080198889.6322494
8E POINT AL_360058,8GLEASON CT_360582,326.57414905928476,500,787387747.7235212,8E_POINT_AL_360058-8GLEASON_CT_360582,2901,0,629612024.5,765001538.328125,21.503641696748588,0.2302654257152706,0.2867976559806963,0.276456394346777,0.2064805239572561,135389513.828125,169317040.03456467,956704787.758086
6CENTER PNT_360533,8GLEASON CT_360582,455.7106360227447,500,1114253700.5705996,6CENTER_PNT_360533-8GLEASON_CT_360582,4212,0,926918449.109375,1107324642.171875,19.463005967336432,0.21866096866096865,0.3554131054131054,0.26590693257359926,0.1600189933523267,180406193.0625,216867264.23332283,1331120964.8039224
8BR FERRY NP_360052,8GLEASON CT_360582,233.15486988968897,500,560785582.5876939,8BR_FERRY_NP_360052-8GLEASON_CT_360582,1991,0,431046480.359375,550542374.28125,27.72227575602706,0.09442491210447011,0.2621798091411351,0.3556002009040683,0.2877950778503265,119495893.921875,155462525.6050034,716248108.1926973
6LOOPERS FRM_360602,8GLEASON CT_360582,462.46173342053845,500,1132393524.0243325,6LOOPERS_FRM_360602-8GLEASON_CT_360582,4275,0,942156224.03125,1123585579.5625,19.256822902995772,0.22432748538011696,0.35391812865497074,0.264093567251462,0.15766081871345028,181429355.53125,218063015.4863586,1350456539.5106912
6COUNTY LINE_360013,8GLEASON CT_360582,426.4732399451857,500,1043178389.6280344,6COUNTY_LINE_360013-8GLEASON_CT_360582,3953,0,869808182.59375,1031889726.03125,18.634170921935468,0.2119908929926638,0.39944346066278774,0.23501138375917024,0.1535542625853782,162081543.4375,194387644.14398184,1237566033.7720163
6YOUNG GA_361454,8GLEASON CT_360582,384.8869218317777,500,946041980.0383762,6YOUNG_GA_361454-8GLEASON_CT_360582,3662,0,811203448.375,978529513.71875,20.626892757783132,0.15346805024576735,0.4123429819770617,0.2539595849262698,0.18022938285090115,167326065.34375,195139064.66612396,1141181044.7045002
6KENSNGTN GA_361503,8GLEASON CT_360582,385.18250624404936,500,946416210.2795825,6KENSNGTN_GA_361503-8GLEASON_CT_360582,3657,0,809650773.5625,972125831.65625,20.06730103879879,0.17090511348099535,0.41290675417008477,0.2357123325129888,0.1804757998359311,162475058.09375,189920189.9967948,1136336400.2763772
6ALPHA GA_361502,8GLEASON CT_360582,444.7967595446363,500,1094187895.0863116,6ALPHA_GA_361502-8GLEASON_CT_360582,4454,0,986431937.515625,1143375527.1875,15.910229961445154,0.31544678940278403,0.3253255500673552,0.2629097440502919,0.09631791647956893,156943589.671875,174087810.3185284,1268275705.40484
6CLOUDLANDGA_361633,8GLEASON CT_360582,358.87737638882726,500,878666243.8048465,6CLOUDLANDGA_361633-8GLEASON_CT_360582,3402,0,750552885.734375,907780035.1875,20.94817732920804,0.14667842445620224,0.4132863021751911,0.2533803644914756,0.1866549088771311,157227149.453125,184064562.88413072,1062730806.6889772
6ROCK SPG GA_361500,8GLEASON CT_360582,389.22081143570733,500,955673413.5165901,6ROCK_SPG_GA_361500-8GLEASON_CT_360582,3694,0,817258988.828125,981402708.140625,20.084663681444127,0.16783974011911207,0.41526800216567405,0.2382241472658365,0.17866811044937736,164143719.3125,191943790.99778393,1147617204.514374
6WID CRK FP_360068,8GLEASON CT_360582,325.349954314715,500,790870844.313817,6WID_CRK_FP_360068-8GLEASON_CT_360582,3039,0,664866896.9375,809059687.859375,21.68746730902886,0.1372161895360316,0.40901612372490953,0.2504113195129977,0.2033563672260612,144192790.921875,171519855.81719962,962390700.1310166
6WRINGOLD GA_361504,8GLEASON CT_360582,434.7047204732797,500,1060433299.6792336,6WRINGOLD_GA_361504-8GLEASON_CT_360582,4066,0,892517501.546875,1053182190.921875,18.001292870620734,0.22454500737825872,0.40801770782095426,0.21815051647811118,0.14928676832267584,160664689.375,190891703.97284606,1251325003.6520796
6BATTLFLD GA_361530,8GLEASON CT_360582,367.63341535814834,500,904844505.9198202,6BATTLFLD_GA_361530-8GLEASON_CT_360582,3520,0,781222571.890625,948364251.8125,21.394886161235462,0.15511363636363637,0.384375,0.2681818181818182,0.19232954545454545,167141679.921875,193590451.97773898,1098434957.8975592
6S HAVEN CC_360594,8GLEASON CT_360582,250.39876605652904,500,616955743.592418,6S_HAVEN_CC_360594-8GLEASON_CT_360582,2340,0,519777649.140625,682737546.640625,31.351847808275313,0.04871794871794872,0.08846153846153847,0.6418803418803419,0.22094017094017093,162959897.5,193427025.77550817,810382769.3679261
6CONCORD TN_361509,8GLEASON CT_360582,450.2995517507721,500,1108948976.6691647,6CONCORD_TN_361509-8GLEASON_CT_360582,4511,0,1000131032.71875,1165304236.5625,16.515156358536753,0.3189980048769674,0.28729771669252935,0.2986034138771891,0.09510086455331412,165173203.84375,183144657.43330583,1292093634.1024704
8BRADLEY TN_360662,8GLEASON CT_360582,413.26303879075874,500,1015844088.6354702,8BRADLEY_TN_360662-8GLEASON_CT_360582,4167,0,922194864.015625,1072701220.453125,16.32045051542923,0.32901367890568756,0.2908567314614831,0.27717782577393807,0.1029517638588913,150506356.4375,165790331.79966494,1181634420.4351351
8BENTON MS_360612,8GLEASON CT_360582,172.34893490658112,500,416962413.36973953,8BENTON_MS_360612-8GLEASON_CT_360582,1520,0,331494916.875,422323810.40625,27.399784704843523,0.031578947368421054,0.1361842105263158,0.781578947368421,0.0506578947368421,90828893.53125,114246803.56342831,531209216.9331678
8FRANKLIN TN_360069,8GLEASON CT_360582,280.00766865873527,500,675093758.0156989,8FRANKLIN_TN_360069-8GLEASON_CT_360582,2681,0,581897005.046875,721500753.15625,23.991143947910352,0.10667661320402835,0.3662812383439015,0.30063409175680716,0.22640805669526295,139603748.109375,161962715.2689039,837056473.2846029
8ANDERSON TN_360120,8GLEASON CT_360582,433.3413634160596,500,1072588569.9882238,8ANDERSON_TN_360120-8GLEASON_CT_360582,4265,0,950225214.46875,1089896011.359375,14.69870455592066,0.36295427901524036,0.31441969519343493,0.22203985932004688,0.10058616647127784,139670796.890625,157656625.0031433,1230245194.991367
8BULL RUN FP_360093,8GLEASON CT_360582,516.4883049365691,500,1266702827.1431289,8BULL_RUN_FP_360093-8GLEASON_CT_360582,5094,0,1124390010.328125,1296360342.484375,15.29454464879716,0.2926972909305065,0.3989006674519042,0.20043188064389478,0.10797016097369454,171970332.15625,193736429.46498176,1460439256.6081107
8DAVIDSON TN_360048,8GLEASON CT_360582,164.43101940813384,500,403159382.96686393,8DAVIDSON_TN_360048-8GLEASON_CT_360582,1647,0,363719326.1875,469630638.453125,29.118967467521074,0.15361262902246509,0.1845780206435944,0.2975106253794778,0.36429872495446264,105911312.265625,117395849.5683798,520555232.53524375
8CUMBERLAND_360040,8GLEASON CT_360582,99.81677267045744,500,242232703.5248628,8CUMBERLAND_360040-8GLEASON_CT_360582,968,0,211648642.828125,256454099.0625,21.169734724337673,0.21177685950413222,0.29958677685950413,0.3109504132231405,0.17768595041322313,44805456.234375,51280020.7518048,293512724.2766676
7SHAWNEE FP_360002,8GLEASON CT_360582,128.79101940813385,500,306002574.9272279,7SHAWNEE_FP_360002-8GLEASON_CT_360582,1251,0,267571780.96875,339482995.578125,26.87548528062964,0.0,0.18944844124700239,0.7737809752198241,0.03677058353317346,71911214.609375,82239676.98291482,388242251.9101427
8CHOCTAW MS_360654,8MAURY TN_360050,380.95242825438936,500,919155466.3631675,8CHOCTAW_MS_360654-8MAURY_TN_360050,3441,0,747290905.078125,1000864127.78125,33.932330900857856,0.0929962220284801,0.16274338854984016,0.25167102586457424,0.4925893635571055,253573222.703125,311890874.3396732,1231046340.7028408
8ACKERMAN CC_360627,8MAURY TN_360050,359.3469412654205,500,865639258.8508832,8ACKERMAN_CC_360627-8MAURY_TN_360050,3261,0,707096396.46875,942061413.203125,33.229559351142754,0.09812940815700705,0.1714198098742717,0.25574977000919963,0.47470101195952163,234965016.734375,287648111.2866465,1153287370.1375299
8CLAY_360688,8MAURY TN_360050,321.61207768355314,500,772285549.1880109,8CLAY_360688-8MAURY_TN_360050,2978,0,644210279.046875,848511533.453125,31.713442186690767,0.10745466756212223,0.18770987239758227,0.27434519811954333,0.4304902619207522,204301254.40625,244918331.15790713,1017203880.345918
8COGEN CALED_360606,8MAURY TN_360050,283.7914154091661,500,680441292.626596,8COGEN_CALED_360606-8MAURY_TN_360050,2716,0,586612542.90625,750342168.625,27.911033901113935,0.1248159057437408,0.23600883652430044,0.3225331369661267,0.3166421207658321,163729625.71875,189918199.8621871,870359492.4887831
8E POINT AL_360058,8MAURY TN_360050,226.62533100964905,500,557158499.862853,8E_POINT_AL_360058-8MAURY_TN_360050,2121,0,469739838.90625,492872041.109375,4.924471012930565,0.5657708628005658,0.40264026402640263,0.031588873173031586,0.0,23132202.203125,27437108.82182498,584595608.6846781
6CENTER PNT_360533,8MAURY TN_360050,289.1902400217124,500,717828029.8937654,6CENTER_PNT_360533-8MAURY_TN_360050,2619,0,585626484.390625,652144232.265625,11.358391337819217,0.3024054982817869,0.5059182894234441,0.1660939289805269,0.025582283314242078,66517747.875,81533716.7678918,799361746.6616572
8BR FERRY NP_360052,8MAURY TN_360050,125.36178566873411,500,304243636.0816846,8BR_FERRY_NP_360052-8MAURY_TN_360050,1280,0,279788647.703125,311141214.890625,11.205803896935528,0.41484375,0.34296875,0.21484375,0.02734375,31352567.1875,34092945.228219755,338336581.30990434
6LOOPERS FRM_360602,8MAURY TN_360050,295.9413374195062,500,735967853.3474982,6LOOPERS_FRM_360602-8MAURY_TN_360050,2682,0,600864259.3125,668405169.65625,11.240627029643813,0.3094705443698732,0.5,0.16554809843400448,0.024981357196122298,67540910.34375,82727401.45286821,818695254.8003664
8LIMESTONE_360088,8MAURY TN_360050,123.45744150775505,500,299030459.2237053,8LIMESTONE_360088-8MAURY_TN_360050,1246,0,271627468.890625,296882694.859375,9.297743734054897,0.38041733547351525,0.4622792937399679,0.15730337078651685,0.0,25255225.96875,27803085.785387646,326833545.0090929
6COUNTY LINE_360013,8MAURY TN_360050,259.9528439441534,500,646752718.9512002,6COUNTY_LINE_360013-8MAURY_TN_360050,2360,0,528516217.875,576709316.125,9.118565640950349,0.30042372881355933,0.5961864406779661,0.10338983050847457,0.0,48193098.25,58974571.21219632,705727290.1633966
6YOUNG GA_361454,8MAURY TN_360050,216.44674011099363,500,544477775.9019734,6YOUNG_GA_361454-8MAURY_TN_360050,2034,0,462015977.859375,510908966.265625,10.582531935969474,0.28220255653883974,0.5806293018682399,0.1111111111111111,0.026057030481809244,48892988.40625,57619534.519082636,602097310.421056
8MADISON AL_360060,8MAURY TN_360050,126.13159082212876,500,306319245.5778132,8MADISON_AL_360060-8MAURY_TN_360050,1185,0,259147851.1875,278133027.984375,7.326002013861488,0.4084388185654008,0.5181434599156118,0.07341772151898734,0.0,18985176.796875,22440954.099875912,328760199.67768914
6KENSNGTN GA_361503,8MAURY TN_360050,216.74232452326515,500,544852006.1431798,6KENSNGTN_GA_361503-8MAURY_TN_360050,2029,0,460463303.046875,504484166.5625,9.560124167189855,0.31444061113849187,0.5815672745194678,0.07787087235091178,0.026121241991128634,44020863.515625,52088528.31471289,596940534.4578927
6ALPHA GA_361502,8MAURY TN_360050,281.6208959882779,500,696577316.9254651,6ALPHA_GA_361502-8MAURY_TN_360050,2841,0,632635400.40625,694538169.546875,9.784904401630667,0.4005631819781767,0.4104188665962689,0.1890179514255544,0.0,61902769.140625,68159424.54460064,764736741.4700657
6CLOUDLANDGA_361633,8MAURY TN_360050,190.43719466804308,500,477102039.66844386,6CLOUDLANDGA_361633-8MAURY_TN_360050,1774,0,401365415.21875,440159487.734375,9.665524493305355,0.28804960541149943,0.6071025930101466,0.08906426155580609,0.015783540022547914,38794072.515625,46114414.502212875,523216454.17065674
8MAGNOL CC1_360613,8MAURY TN_360050,239.8848504560462,500,574870495.3161254,8MAGNOL_CC1_360613-8MAURY_TN_360050,2183,0,470932949.125,645165098.65625,36.997230679011906,0.09115895556573522,0.06917086578103528,0.28218048557031605,0.5574896930829134,174232149.53125,212686163.25768524,787556658.5738106
6ROCK SPG GA_361500,8MAURY TN_360050,220.78062971492315,500,554109209.3801873,6ROCK_SPG_GA_361500-8MAURY_TN_360050,2066,0,468071518.3125,513782160.6875,9.76573890669461,0.3059051306873185,0.5832526621490803,0.08518877057115198,0.025653436592449178,45710642.375,54112858.64601885,608222068.0262061
6WID CRK FP_360068,8MAURY TN_360050,156.90977259393077,500,389306640.1774143,6WID_CRK_FP_360068-8MAURY_TN_360050,1411,0,315679426.421875,341418022.765625,8.1533968290201,0.30474840538625086,0.6470588235294118,0.040396881644223954,0.007795889440113395,25738596.34375,31741715.255389985,421048355.4328043
6WRINGOLD GA_361504,8MAURY TN_360050,268.18432447224734,500,664007629.0023992,6WRINGOLD_GA_361504-8MAURY_TN_360050,2473,0,551225536.828125,598001781.015625,8.485863056465238,0.31702385766275776,0.6012939749292358,0.08168216740800648,0.0,46776244.1875,56346778.08162535,720354407.0840245
6BATTLFLD GA_361530,8MAURY TN_360050,199.19323363736413,500,503280301.7834175,6BATTLFLD_GA_361530-8MAURY_TN_360050,1892,0,432035101.375,480722586.71875,11.269335567595462,0.29545454545454547,0.5406976744186046,0.12684989429175475,0.03699788583509514,48687485.34375,56716346.05358045,559996647.836998
6S HAVEN CC_360594,8MAURY TN_360050,329.21136341605944,500,800612441.1701449,6S_HAVEN_CC_360594-8MAURY_TN_360050,3108,0,681423796.171875,947801156.265625,39.09129114513075,0.05952380952380952,0.07335907335907337,0.2503217503217503,0.6167953667953668,266377360.09375,312969740.32196,1113582181.492105
6CONCORD TN_361509,8MAURY TN_360050,287.1236881944136,500,711338398.5083181,6CONCORD_TN_361509-8MAURY_TN_360050,2898,0,646334495.609375,716466878.921875,10.850787601298917,0.4044168391994479,0.3495514147688061,0.24603174603174602,0.0,70132383.3125,77185818.74861886,788524217.2569369
8BRADLEY TN_360662,8MAURY TN_360050,250.08717523440032,500,618233510.4746234,8BRADLEY_TN_360662-8MAURY_TN_360050,2554,0,568398326.90625,623928709.734375,9.769624609976034,0.43187157400156617,0.36374314800313234,0.20438527799530148,0.0,55530382.828125,60399093.186447576,678632603.6610711
8BENTON MS_360612,8MAURY TN_360050,276.9064544039961,500,670200031.5029634,8BENTON_MS_360612-8MAURY_TN_360050,2724,0,593090616.0625,808763086.109375,36.36416834221963,0.06791483113069016,0.06791483113069016,0.37958883994126286,0.4845814977973568,215672470.046875,243712667.6853466,913912699.18831
8FRANKLIN TN_360069,8MAURY TN_360050,109.65455187831658,500,265052468.55413014,8FRANKLIN_TN_360069-8MAURY_TN_360050,1045,0,227461960.28125,236514337.234375,3.9797322338785746,0.6162679425837321,0.37799043062200954,0.005741626794258373,0.0,9052376.953125,10548378.52773959,275600847.0818697
8HAYWOOD TN_360542,8MAURY TN_360050,211.92762979144985,500,508707618.63677317,8HAYWOOD_TN_360542-8MAURY_TN_360050,2159,0,466421877.4375,639698573.421875,37.150207648138014,0.0856878184344604,0.0856878184344604,0.26123205187586845,0.5673923112552107,173276695.984375,188985936.64545926,697693555.2822324
8HIWASSEE TN_360110,8MAURY TN_360050,222.97314277697203,500,549036252.2925227,8HIWASSEE_TN_360110-8MAURY_TN_360050,2278,0,505170709.984375,544252941.3125,7.736440485501195,0.5030728709394205,0.3595258999122037,0.13740122914837577,0.0,39082231.328125,42475862.9024372,591512115.1949599
8LAG CRK CC_360615,8MAURY TN_360050,231.7713051151313,500,558796987.3812265,8LAG_CRK_CC_360615-8MAURY_TN_360050,2377,0,515745962.734375,701665985.78125,36.04875975396234,0.09255363904080774,0.04711821623895667,0.37652503155237693,0.4838031131678586,185920023.046875,201439383.4934376,760236370.8746641
8JACKSON TN_360019,8MAURY TN_360050,174.3703051406402,500,419269427.0817863,8JACKSON_TN_360019-8MAURY_TN_360050,1803,0,390454202.046875,539234513.0,38.104420485981485,0.1064891846921797,0.06211869107043816,0.2096505823627288,0.6217415418746534,148780310.953125,159760185.46440938,579029612.5461956
8ANDERSON TN_360120,8MAURY TN_360050,270.1654998597011,500,674977991.8273771,8ANDERSON_TN_360120-8MAURY_TN_360050,2652,0,596428677.359375,641081099.421875,7.486632309531771,0.48265460030165913,0.3993212669683258,0.11802413273001508,0.0,44652422.0625,50533120.41837713,725511112.2457542
8BULL RUN FP_360093,8MAURY TN_360050,360.37585043053735,500,897640431.1955178,8BULL_RUN_FP_360093-8MAURY_TN_360050,3458,0,775622948.015625,834622020.09375,7.606669223631135,0.4809138230190862,0.39965297860034704,0.1194331983805668,0.0,58999072.078125,68280538.41861926,965920969.614137
8JVILLE FP_360037,8MAURY TN_360050,106.15734408445238,500,254045339.57066175,8JVILLE_FP_360037-8MAURY_TN_360050,1002,0,215765521.53125,256535383.453125,18.895447999540636,0.3562874251497006,0.25948103792415167,0.1497005988023952,0.2345309381237525,40769861.921875,48003005.03383082,302048344.60449255
8DAVIDSON TN_360048,8MAURY TN_360050,52.24916231265036,500,132425709.64032373,8DAVIDSON_TN_360048-8MAURY_TN_360050,519,0,118471110.078125,160102948.4375,35.14092029012066,0.02697495183044316,0.17341040462427745,0.34104046242774566,0.45857418111753373,41631838.359375,46535613.0683328,178961322.70865652
8GLEASON CT_360582,8MAURY TN_360050,172.15311678041874,500,413456485.81246775,8GLEASON_CT_360582-8MAURY_TN_360050,1657,0,358291433.625,425361867.6875,18.719519298554644,0.3246831623415812,0.27338563669281835,0.2088111044055522,0.19312009656004828,67070434.0625,77397066.65279074,490853552.4652585
8LAG CRK CT_360568,8MAURY TN_360050,193.7297271637347,500,464882494.07795393,8LAG_CRK_CT_360568-8MAURY_TN_360050,1881,0,406383138.125,478262743.734375,17.687644704211493,0.2860180754917597,0.3599149388623073,0.18394471026049974,0.17012227538543329,71879605.609375,82226763.84458552,547109257.9225395
8CUMBERLAND_360040,8MAURY TN_360050,113.20357133746822,500,278822941.19993275,8CUMBERLAND_360040-8MAURY_TN_360050,1031,0,228659129.84375,320789914.375,40.29175856402753,0.013579049466537343,0.06401551891367604,0.32104752667313285,0.6013579049466538,92130784.53125,112342666.28939736,391165607.4893301
8MARSHALL KY_360015,8MAURY TN_360050,236.390292014819,500,582347401.8831296,8MARSHALL_KY_360015-8MAURY_TN_360050,2145,0,475869114.734375,610221710.578125,28.233098489433207,0.22237762237762237,0.10955710955710955,0.31002331002331,0.35804195804195804,134352595.84375,164414715.52431938,746762117.407449
7SHAWNEE FP_360002,8MAURY TN_360050,285.4585712099237,500,681507943.5520031,7SHAWNEE_FP_360002-8MAURY_TN_360050,2626,0,564317899.59375,688696796.5625,22.04057270880293,0.2048743335872049,0.2048743335872049,0.47562833206397565,0.11462300076161462,124378896.96875,150208253.81484687,831716197.36685
8CHOCTAW MS_360654,8MARSHALL KY_360015,473.8374283819339,500,1142749517.2008698,8CHOCTAW_MS_360654-8MARSHALL_KY_360015,4792,0,1040628734.453125,1458137595.203125,40.120827623447354,0.0,0.04862270450751252,0.40108514190317196,0.5502921535893155,417508860.75,458480563.9639378,1601230081.1648076
8ACKERMAN CC_360627,8MARSHALL KY_360015,457.2320128197144,500,1106352328.0933852,8ACKERMAN_CC_360627-8MARSHALL_KY_360015,4663,0,1015965475.375,1428753829.0,40.63015561356915,0.0,0.05211237400814926,0.36993351919365214,0.5779541067981986,412788353.625,449512672.5386875,1555865000.6320727
8CLAY_360688,8MARSHALL KY_360015,441.3370972447403,500,1064526202.4550639,8CLAY_360688-8MARSHALL_KY_360015,4510,0,979366516.3125,1355882117.53125,38.444810492031365,0.0,0.05321507760532151,0.4776053215077605,0.46917960088691796,376515601.21875,409255081.17186743,1473781283.6269314
8COGEN CALED_360606,8MARSHALL KY_360015,414.9834479176123,500,997596942.9845828,8COGEN_CALED_360606-8MARSHALL_KY_360015,4276,0,925455125.265625,1287845803.0,39.15810370928157,0.0,0.04840972871842844,0.44855004677268473,0.5030402245088869,362390677.734375,390640045.53452545,1388236988.5191083
8E POINT AL_360058,8MARSHALL KY_360015,415.7195646215043,500,1001745610.2853172,8E_POINT_AL_360058-8MARSHALL_KY_360015,3836,0,831955676.203125,1028235704.140625,23.592606379378502,0.17413972888425444,0.25208550573514077,0.3816475495307612,0.19212721584984357,196280027.9375,236337898.75731784,1238083509.042635
6CENTER PNT_360533,8MARSHALL KY_360015,526.3129476752777,500,1284300567.2279158,6CENTER_PNT_360533-8MARSHALL_KY_360015,4907,0,1077572640.140625,1235438345.09375,14.650121863944431,0.28714081923782353,0.39372325249643364,0.2622783778275932,0.05685755043814958,157865704.953125,188151598.1982192,1472452165.426135
8BR FERRY NP_360052,8MARSHALL KY_360015,322.3002854519085,500,775143445.1494899,8BR_FERRY_NP_360052-8MARSHALL_KY_360015,2926,0,633390132.0625,813776540.09375,28.479510320733947,0.06425153793574846,0.22453861927546137,0.46821599453178403,0.24299384825700615,180386408.03125,220757057.46184167,995900502.6113316
6LOOPERS FRM_360602,8MARSHALL KY_360015,518.5255256011653,500,1263949002.7967904,6LOOPERS_FRM_360602-8MARSHALL_KY_360015,4830,0,1059451500.59375,1214162701.984375,14.60295268862426,0.29213250517598344,0.38944099378881986,0.2606625258799172,0.0577639751552795,154711201.390625,184573874.88675344,1448522877.6835437
8LIMESTONE_360088,8MARSHALL KY_360015,344.4872529689713,500,828478173.3356792,8LIMESTONE_360088-8MARSHALL_KY_360015,3134,0,678395050.140625,858391040.40625,26.53262140228079,0.13209955328653478,0.20389278876834716,0.43714103382259095,0.22686662412252712,179995990.265625,219816977.13168734,1048295150.4673665
6COUNTY LINE_360013,8MARSHALL KY_360015,494.8850450475626,500,1227976469.4837928,6COUNTY_LINE_360013-8MARSHALL_KY_360015,4482,0,1001226530.671875,1185539051.515625,18.408673281966138,0.2684069611780455,0.3627844712182062,0.18072289156626506,0.18808567603748327,184312520.84375,226054176.24669403,1454030645.7304869
6YOUNG GA_361454,8MARSHALL KY_360015,451.00989575869784,500,1124869774.6572886,6YOUNG_GA_361454-8MARSHALL_KY_360015,4149,0,933255720.65625,1118316040.15625,19.82954032897528,0.25524222704266086,0.3379127500602555,0.19088937093275488,0.21595565196432875,185060319.5,223056505.6141204,1347926280.271409
8MADISON AL_360060,8MARSHALL KY_360015,347.1442204860341,500,844625655.7350403,8MADISON_AL_360060-8MARSHALL_KY_360015,3125,0,684877305.0625,794835932.328125,16.05523010513401,0.30624,0.31456,0.304,0.0752,109958627.265625,135606592.55525774,980232248.290298
6KENSNGTN GA_361503,8MARSHALL KY_360015,451.3054801709693,500,1125244004.8984947,6KENSNGTN_GA_361503-8MARSHALL_KY_360015,4144,0,931703045.84375,1111891240.453125,19.33965928448764,0.2709942084942085,0.33807915057915056,0.17471042471042472,0.21621621621621623,180188194.609375,217618356.6664923,1342862361.564987
6ALPHA GA_361502,8MARSHALL KY_360015,499.0204671726927,500,1215732089.8373084,6ALPHA_GA_361502-8MARSHALL_KY_360015,4646,0,1018491666.03125,1169947598.921875,14.870610918280992,0.295523030563926,0.37343951786483,0.2709857942315971,0.060051657339647006,151455932.890625,180786788.88839245,1396518878.7257009
6CLOUDLANDGA_361633,8MARSHALL KY_360015,425.00035031574726,500,1057494038.4237589,6CLOUDLANDGA_361633-8MARSHALL_KY_360015,3889,0,872605158.015625,1047566561.625,20.05046635379184,0.2561069683723322,0.33376189251735666,0.18616610953972743,0.2239650295705837,174961403.609375,212032486.36751035,1269526524.7912693
8MAGNOL CC1_360613,8MARSHALL KY_360015,293.182110243017,500,708678345.3599288,8MAGNOL_CC1_360613-8MARSHALL_KY_360015,2892,0,629475499.0,825598662.0,31.156599948936226,0.0,0.19778699861687413,0.5567081604426003,0.24550484094052558,196123163.0,220800076.98853368,929478422.3484626
6ROCK SPG GA_361500,8MARSHALL KY_360015,455.34378536262733,500,1134501208.1355023,6ROCK_SPG_GA_361500-8MARSHALL_KY_360015,4181,0,939311261.109375,1121189234.578125,19.362907802674776,0.26716096627601055,0.34106673044726143,0.17746950490313324,0.21430279837359484,181877973.46875,219672422.9515088,1354173631.087011
6WID CRK FP_360068,8MARSHALL KY_360015,391.472928241635,500,969698638.9327295,6WID_CRK_FP_360068-8MARSHALL_KY_360015,3526,0,786919169.21875,948825096.65625,20.574657953527755,0.2595008508224617,0.3216108905275099,0.1766874645490641,0.24220079410096426,161905927.4375,199512178.1404232,1169210817.0731528
6WRINGOLD GA_361504,8MARSHALL KY_360015,497.56767496655687,500,1211689972.714531,6WRINGOLD_GA_361504-8MARSHALL_KY_360015,4634,0,1015390061.84375,1174335618.375,15.653645087153588,0.29283556322831245,0.33880017263703066,0.3081570996978852,0.06020716443677169,158945556.53125,189673647.88536084,1401363620.5998917
6BATTLFLD GA_361530,8MARSHALL KY_360015,430.29865550740533,500,1075990841.2802465,6BATTLFLD_GA_361530-8MARSHALL_KY_360015,3940,0,886585591.65625,1076524852.5,21.42368008585842,0.28274111675126906,0.24086294416243656,0.24187817258883249,0.23451776649746192,189939260.84375,230516835.58901668,1306507676.8692632
6S HAVEN CC_360594,8MARSHALL KY_360015,382.233512781451,500,914564772.4267181,6S_HAVEN_CC_360594-8MARSHALL_KY_360015,3734,0,803481771.875,949765023.21875,18.20616925787679,0.38082485270487415,0.0886448848419925,0.4740224959828602,0.05650776647027317,146283251.34375,166507210.440924,1081071982.8676422
6CONCORD TN_361509,8MARSHALL KY_360015,504.52325937882847,500,1230493171.4201612,6CONCORD_TN_361509-8MARSHALL_KY_360015,4703,0,1032190761.234375,1191876308.296875,15.47054605212077,0.2991707420795237,0.33638103338294706,0.30512438868807146,0.059323835849457794,159685547.0625,190364012.75275743,1420857184.1729188
8BRADLEY TN_360662,8MARSHALL KY_360015,467.48674641881513,500,1137388283.3864665,8BRADLEY_TN_360662-8MARSHALL_KY_360015,4359,0,954254592.53125,1099338139.109375,15.203861497095584,0.3069511355815554,0.34365680201881166,0.2853865565496674,0.06400550584996559,145083546.578125,172926939.29027137,1310315222.6767378
8BENTON MS_360612,8MARSHALL KY_360015,281.8144413291928,500,679027125.8501843,8BENTON_MS_360612-8MARSHALL_KY_360015,2559,0,555431867.390625,705258851.359375,26.97486276266887,0.028917545916373584,0.18874560375146543,0.7076983196561156,0.07463853067604533,149826983.96875,183166635.31938207,862193761.1695664
8FRANKLIN TN_360069,8MARSHALL KY_360015,342.86880492381454,500,843951629.8285512,8FRANKLIN_TN_360069-8MARSHALL_KY_360015,3133,0,694341277.984375,840997005.15625,21.121562525795156,0.33099265879348866,0.2173635493137568,0.1825726141078838,0.2690711777848707,146655727.171875,178255771.1817047,1022207401.0102558
8HAYWOOD TN_360542,8MARSHALL KY_360015,215.54034400792568,500,514831001.02893996,8HAYWOOD_TN_360542-8MARSHALL_KY_360015,2026,0,435543263.09375,548276407.5625,25.88334019173759,0.01826258637709773,0.23840078973346496,0.6870681145113524,0.0562685093780849,112733144.46875,133255459.40884858,648086460.4377885
8HIWASSEE TN_360110,8MARSHALL KY_360015,420.2822399706946,500,1021514623.1576222,8HIWASSEE_TN_360110-8MARSHALL_KY_360015,3948,0,863714277.21875,996980107.0,15.429388316976755,0.2993920972644377,0.3576494427558257,0.26443768996960487,0.07852077001013172,133265829.78125,157613457.9216913,1179128081.0793135
8LAG CRK CC_360615,8MARSHALL KY_360015,211.37604527714268,500,507106949.77154285,8LAG_CRK_CC_360615-8MARSHALL_KY_360015,1906,0,411660529.578125,515962368.828125,25.336856889556515,0.030954879328436515,0.2534102833158447,0.6547743966421826,0.060860440713536204,104301839.25,128484962.14061105,635591911.912154
8JACKSON TN_360019,8MARSHALL KY_360015,178.27092198483118,500,426793374.9961066,8JACKSON_TN_360019-8MARSHALL_KY_360015,1749,0,376900303.5,487608114.15625,29.373234679883996,0.0,0.18181818181818182,0.6695254431103488,0.14865637507146942,110707810.65625,125363019.63580374,552156394.6319103
8ANDERSON TN_360120,8MARSHALL KY_360015,431.79546730023714,500,1057755920.380635,8ANDERSON_TN_360120-8MARSHALL_KY_360015,4218,0,928873499.84375,1043978654.703125,12.391908572990552,0.3532479848269322,0.3911806543385491,0.2107633949739213,0.04480796586059744,115105154.859375,131076146.57896303,1188832066.959598
8BULL RUN FP_360093,8MARSHALL KY_360015,486.27150626955824,500,1191315886.2772336,8BULL_RUN_FP_360093-8MARSHALL_KY_360015,4844,0,1067439463.71875,1178166121.875,10.373108913408547,0.41763005780346824,0.3901734104046243,0.1531791907514451,0.03901734104046243,110726658.15625,123576494.38627575,1314892380.6635094
8JVILLE FP_360037,8MARSHALL KY_360015,145.3351232923115,500,354955762.7675397,8JVILLE_FP_360037-8MARSHALL_KY_360015,1405,0,309137908.1875,351161622.546875,13.593840563185333,0.31387900355871884,0.43345195729537367,0.17295373665480426,0.0797153024911032,42023714.359375,48252120.46045771,403207883.2279974
8DAVIDSON TN_360048,8MARSHALL KY_360015,203.49688296449227,500,501243877.03368443,8DAVIDSON_TN_360048-8MARSHALL_KY_360015,1881,0,417247000.671875,537777630.046875,28.887117026824562,0.24614566719829878,0.08984582668793195,0.2557150451887294,0.4082934609250399,120530629.375,144794905.34851304,646038782.3821975
8GLEASON CT_360582,8MARSHALL KY_360015,111.428967466045,500,267326963.2762127,8GLEASON_CT_360582-8MARSHALL_KY_360015,1073,0,231626835.859375,291522660.21875,25.85875860936031,0.0,0.3168685927306617,0.5787511649580616,0.1043802423112768,59895824.359375,69127434.13132912,336454397.4075418
8LAG CRK CT_360568,8MARSHALL KY_360015,118.53385704446568,500,286398591.77265763,8LAG_CRK_CT_360568-8MARSHALL_KY_360015,1072,0,233243473.109375,295360137.0,26.63168364908397,0.0,0.31156716417910446,0.5466417910447762,0.1417910447761194,62116663.890625,76272766.93632561,362671358.70898324
8CUMBERLAND_360040,8MARSHALL KY_360015,130.5027596466719,500,320842004.4373987,8CUMBERLAND_360040-8MARSHALL_KY_360015,1217,0,269465538.3125,321635649.484375,19.360587442307065,0.3820870994248151,0.1372226787181594,0.294987674609696,0.18570254724732949,52170111.171875,62116896.82075328,382958901.25815195
7SHAWNEE FP_360002,8MARSHALL KY_360015,137.45085055808178,500,329845967.4194133,7SHAWNEE_FP_360002-8MARSHALL_KY_360015,1301,0,281187096.90625,359348844.21875,27.797060452798704,0.0,0.2013835511145273,0.7125288239815527,0.08608762490392007,78161747.3125,91687482.96469302,421533450.38410634
